/*
 * Open Sans 45px 字体实现
 * 字体: Open Sans 2
 * 字符: ASCII 0-127
 */

#include "ipgui_draw_builtin_font.h"

/* 字符   0: NUL  */
/*
 * ████████████████████████████████████▓▓
 * ████████████████████████████████████▓▓
 * ████▓▓▒▒▒▒▒▒▒▒▒▒▒▒▒▒▒▒▒▒▒▒▒▒▒▒▒▒▓▓██▓▓
 * ████▓▓                          ▓▓██▓▓
 * ████▓▓                          ▓▓██▓▓
 * ████▓▓                          ▓▓██▓▓
 * ████▓▓                          ▓▓██▓▓
 * ████▓▓                          ▓▓██▓▓
 * ████▓▓                          ▓▓██▓▓
 * ████▓▓                          ▓▓██▓▓
 * ████▓▓                          ▓▓██▓▓
 * ████▓▓                          ▓▓██▓▓
 * ████▓▓                          ▓▓██▓▓
 * ████▓▓                          ▓▓██▓▓
 * ████▓▓                          ▓▓██▓▓
 * ████▓▓                          ▓▓██▓▓
 * ████▓▓                          ▓▓██▓▓
 * ████▓▓                          ▓▓██▓▓
 * ████▓▓                          ▓▓██▓▓
 * ████▓▓                          ▓▓██▓▓
 * ████▓▓                          ▓▓██▓▓
 * ████▓▓                          ▓▓██▓▓
 * ████▓▓                          ▓▓██▓▓
 * ████▓▓                          ▓▓██▓▓
 * ████▓▓                          ▓▓██▓▓
 * ████▓▓                          ▓▓██▓▓
 * ████▓▓                          ▓▓██▓▓
 * ████▓▓                          ▓▓██▓▓
 * ████▓▓                          ▓▓██▓▓
 * ████▓▓▒▒▒▒▒▒▒▒▒▒▒▒▒▒▒▒▒▒▒▒▒▒▒▒▒▒▓▓██▓▓
 * ████████████████████████████████████▓▓
 * ████████████████████████████████████▓▓
 */
static const unsigned char open_sans_45px_char_000_bitmap[] = {
    0xc4, 0xff, 0xff, 0xff, 0xff, 0xff, 0xff, 0xff, 0xff, 0xff, 0xff, 0xff, 0xff, 0xff, 0xff, 0xff, 0xff, 0xff, 0xb8, /* 行 0 */
    0xc4, 0xff, 0xff, 0xff, 0xff, 0xff, 0xff, 0xff, 0xff, 0xff, 0xff, 0xff, 0xff, 0xff, 0xff, 0xff, 0xff, 0xff, 0xb8, /* 行 1 */
    0xc4, 0xff, 0xa9, 0x48, 0x48, 0x48, 0x48, 0x48, 0x48, 0x48, 0x48, 0x48, 0x48, 0x48, 0x48, 0x48, 0xaf, 0xff, 0xb8, /* 行 2 */
    0xc4, 0xff, 0x88, 0x00, 0x00, 0x00, 0x00, 0x00, 0x00, 0x00, 0x00, 0x00, 0x00, 0x00, 0x00, 0x00, 0x90, 0xff, 0xb8, /* 行 3 */
    0xc4, 0xff, 0x88, 0x00, 0x00, 0x00, 0x00, 0x00, 0x00, 0x00, 0x00, 0x00, 0x00, 0x00, 0x00, 0x00, 0x90, 0xff, 0xb8, /* 行 4 */
    0xc4, 0xff, 0x88, 0x00, 0x00, 0x00, 0x00, 0x00, 0x00, 0x00, 0x00, 0x00, 0x00, 0x00, 0x00, 0x00, 0x90, 0xff, 0xb8, /* 行 5 */
    0xc4, 0xff, 0x88, 0x00, 0x00, 0x00, 0x00, 0x00, 0x00, 0x00, 0x00, 0x00, 0x00, 0x00, 0x00, 0x00, 0x90, 0xff, 0xb8, /* 行 6 */
    0xc4, 0xff, 0x88, 0x00, 0x00, 0x00, 0x00, 0x00, 0x00, 0x00, 0x00, 0x00, 0x00, 0x00, 0x00, 0x00, 0x90, 0xff, 0xb8, /* 行 7 */
    0xc4, 0xff, 0x88, 0x00, 0x00, 0x00, 0x00, 0x00, 0x00, 0x00, 0x00, 0x00, 0x00, 0x00, 0x00, 0x00, 0x90, 0xff, 0xb8, /* 行 8 */
    0xc4, 0xff, 0x88, 0x00, 0x00, 0x00, 0x00, 0x00, 0x00, 0x00, 0x00, 0x00, 0x00, 0x00, 0x00, 0x00, 0x90, 0xff, 0xb8, /* 行 9 */
    0xc4, 0xff, 0x88, 0x00, 0x00, 0x00, 0x00, 0x00, 0x00, 0x00, 0x00, 0x00, 0x00, 0x00, 0x00, 0x00, 0x90, 0xff, 0xb8, /* 行10 */
    0xc4, 0xff, 0x88, 0x00, 0x00, 0x00, 0x00, 0x00, 0x00, 0x00, 0x00, 0x00, 0x00, 0x00, 0x00, 0x00, 0x90, 0xff, 0xb8, /* 行11 */
    0xc4, 0xff, 0x88, 0x00, 0x00, 0x00, 0x00, 0x00, 0x00, 0x00, 0x00, 0x00, 0x00, 0x00, 0x00, 0x00, 0x90, 0xff, 0xb8, /* 行12 */
    0xc4, 0xff, 0x88, 0x00, 0x00, 0x00, 0x00, 0x00, 0x00, 0x00, 0x00, 0x00, 0x00, 0x00, 0x00, 0x00, 0x90, 0xff, 0xb8, /* 行13 */
    0xc4, 0xff, 0x88, 0x00, 0x00, 0x00, 0x00, 0x00, 0x00, 0x00, 0x00, 0x00, 0x00, 0x00, 0x00, 0x00, 0x90, 0xff, 0xb8, /* 行14 */
    0xc4, 0xff, 0x88, 0x00, 0x00, 0x00, 0x00, 0x00, 0x00, 0x00, 0x00, 0x00, 0x00, 0x00, 0x00, 0x00, 0x90, 0xff, 0xb8, /* 行15 */
    0xc4, 0xff, 0x88, 0x00, 0x00, 0x00, 0x00, 0x00, 0x00, 0x00, 0x00, 0x00, 0x00, 0x00, 0x00, 0x00, 0x90, 0xff, 0xb8, /* 行16 */
    0xc4, 0xff, 0x88, 0x00, 0x00, 0x00, 0x00, 0x00, 0x00, 0x00, 0x00, 0x00, 0x00, 0x00, 0x00, 0x00, 0x90, 0xff, 0xb8, /* 行17 */
    0xc4, 0xff, 0x88, 0x00, 0x00, 0x00, 0x00, 0x00, 0x00, 0x00, 0x00, 0x00, 0x00, 0x00, 0x00, 0x00, 0x90, 0xff, 0xb8, /* 行18 */
    0xc4, 0xff, 0x88, 0x00, 0x00, 0x00, 0x00, 0x00, 0x00, 0x00, 0x00, 0x00, 0x00, 0x00, 0x00, 0x00, 0x90, 0xff, 0xb8, /* 行19 */
    0xc4, 0xff, 0x88, 0x00, 0x00, 0x00, 0x00, 0x00, 0x00, 0x00, 0x00, 0x00, 0x00, 0x00, 0x00, 0x00, 0x90, 0xff, 0xb8, /* 行20 */
    0xc4, 0xff, 0x88, 0x00, 0x00, 0x00, 0x00, 0x00, 0x00, 0x00, 0x00, 0x00, 0x00, 0x00, 0x00, 0x00, 0x90, 0xff, 0xb8, /* 行21 */
    0xc4, 0xff, 0x88, 0x00, 0x00, 0x00, 0x00, 0x00, 0x00, 0x00, 0x00, 0x00, 0x00, 0x00, 0x00, 0x00, 0x90, 0xff, 0xb8, /* 行22 */
    0xc4, 0xff, 0x88, 0x00, 0x00, 0x00, 0x00, 0x00, 0x00, 0x00, 0x00, 0x00, 0x00, 0x00, 0x00, 0x00, 0x90, 0xff, 0xb8, /* 行23 */
    0xc4, 0xff, 0x88, 0x00, 0x00, 0x00, 0x00, 0x00, 0x00, 0x00, 0x00, 0x00, 0x00, 0x00, 0x00, 0x00, 0x90, 0xff, 0xb8, /* 行24 */
    0xc4, 0xff, 0x88, 0x00, 0x00, 0x00, 0x00, 0x00, 0x00, 0x00, 0x00, 0x00, 0x00, 0x00, 0x00, 0x00, 0x90, 0xff, 0xb8, /* 行25 */
    0xc4, 0xff, 0x88, 0x00, 0x00, 0x00, 0x00, 0x00, 0x00, 0x00, 0x00, 0x00, 0x00, 0x00, 0x00, 0x00, 0x90, 0xff, 0xb8, /* 行26 */
    0xc4, 0xff, 0x88, 0x00, 0x00, 0x00, 0x00, 0x00, 0x00, 0x00, 0x00, 0x00, 0x00, 0x00, 0x00, 0x00, 0x90, 0xff, 0xb8, /* 行27 */
    0xc4, 0xff, 0x88, 0x00, 0x00, 0x00, 0x00, 0x00, 0x00, 0x00, 0x00, 0x00, 0x00, 0x00, 0x00, 0x00, 0x90, 0xff, 0xb8, /* 行28 */
    0xc4, 0xff, 0xa9, 0x48, 0x48, 0x48, 0x48, 0x48, 0x48, 0x48, 0x48, 0x48, 0x48, 0x48, 0x48, 0x48, 0xaf, 0xff, 0xb8, /* 行29 */
    0xc4, 0xff, 0xff, 0xff, 0xff, 0xff, 0xff, 0xff, 0xff, 0xff, 0xff, 0xff, 0xff, 0xff, 0xff, 0xff, 0xff, 0xff, 0xb8, /* 行30 */
    0xc4, 0xff, 0xff, 0xff, 0xff, 0xff, 0xff, 0xff, 0xff, 0xff, 0xff, 0xff, 0xff, 0xff, 0xff, 0xff, 0xff, 0xff, 0xb8, /* 行31 */
};

/* 字符   1: SOH  */
/*
 * ████████████████████████████████████▓▓
 * ████████████████████████████████████▓▓
 * ████▓▓▒▒▒▒▒▒▒▒▒▒▒▒▒▒▒▒▒▒▒▒▒▒▒▒▒▒▓▓██▓▓
 * ████▓▓                          ▓▓██▓▓
 * ████▓▓                          ▓▓██▓▓
 * ████▓▓                          ▓▓██▓▓
 * ████▓▓                          ▓▓██▓▓
 * ████▓▓                          ▓▓██▓▓
 * ████▓▓                          ▓▓██▓▓
 * ████▓▓                          ▓▓██▓▓
 * ████▓▓                          ▓▓██▓▓
 * ████▓▓                          ▓▓██▓▓
 * ████▓▓                          ▓▓██▓▓
 * ████▓▓                          ▓▓██▓▓
 * ████▓▓                          ▓▓██▓▓
 * ████▓▓                          ▓▓██▓▓
 * ████▓▓                          ▓▓██▓▓
 * ████▓▓                          ▓▓██▓▓
 * ████▓▓                          ▓▓██▓▓
 * ████▓▓                          ▓▓██▓▓
 * ████▓▓                          ▓▓██▓▓
 * ████▓▓                          ▓▓██▓▓
 * ████▓▓                          ▓▓██▓▓
 * ████▓▓                          ▓▓██▓▓
 * ████▓▓                          ▓▓██▓▓
 * ████▓▓                          ▓▓██▓▓
 * ████▓▓                          ▓▓██▓▓
 * ████▓▓                          ▓▓██▓▓
 * ████▓▓                          ▓▓██▓▓
 * ████▓▓▒▒▒▒▒▒▒▒▒▒▒▒▒▒▒▒▒▒▒▒▒▒▒▒▒▒▓▓██▓▓
 * ████████████████████████████████████▓▓
 * ████████████████████████████████████▓▓
 */
static const unsigned char open_sans_45px_char_001_bitmap[] = {
    0xc4, 0xff, 0xff, 0xff, 0xff, 0xff, 0xff, 0xff, 0xff, 0xff, 0xff, 0xff, 0xff, 0xff, 0xff, 0xff, 0xff, 0xff, 0xb8, /* 行 0 */
    0xc4, 0xff, 0xff, 0xff, 0xff, 0xff, 0xff, 0xff, 0xff, 0xff, 0xff, 0xff, 0xff, 0xff, 0xff, 0xff, 0xff, 0xff, 0xb8, /* 行 1 */
    0xc4, 0xff, 0xa9, 0x48, 0x48, 0x48, 0x48, 0x48, 0x48, 0x48, 0x48, 0x48, 0x48, 0x48, 0x48, 0x48, 0xaf, 0xff, 0xb8, /* 行 2 */
    0xc4, 0xff, 0x88, 0x00, 0x00, 0x00, 0x00, 0x00, 0x00, 0x00, 0x00, 0x00, 0x00, 0x00, 0x00, 0x00, 0x90, 0xff, 0xb8, /* 行 3 */
    0xc4, 0xff, 0x88, 0x00, 0x00, 0x00, 0x00, 0x00, 0x00, 0x00, 0x00, 0x00, 0x00, 0x00, 0x00, 0x00, 0x90, 0xff, 0xb8, /* 行 4 */
    0xc4, 0xff, 0x88, 0x00, 0x00, 0x00, 0x00, 0x00, 0x00, 0x00, 0x00, 0x00, 0x00, 0x00, 0x00, 0x00, 0x90, 0xff, 0xb8, /* 行 5 */
    0xc4, 0xff, 0x88, 0x00, 0x00, 0x00, 0x00, 0x00, 0x00, 0x00, 0x00, 0x00, 0x00, 0x00, 0x00, 0x00, 0x90, 0xff, 0xb8, /* 行 6 */
    0xc4, 0xff, 0x88, 0x00, 0x00, 0x00, 0x00, 0x00, 0x00, 0x00, 0x00, 0x00, 0x00, 0x00, 0x00, 0x00, 0x90, 0xff, 0xb8, /* 行 7 */
    0xc4, 0xff, 0x88, 0x00, 0x00, 0x00, 0x00, 0x00, 0x00, 0x00, 0x00, 0x00, 0x00, 0x00, 0x00, 0x00, 0x90, 0xff, 0xb8, /* 行 8 */
    0xc4, 0xff, 0x88, 0x00, 0x00, 0x00, 0x00, 0x00, 0x00, 0x00, 0x00, 0x00, 0x00, 0x00, 0x00, 0x00, 0x90, 0xff, 0xb8, /* 行 9 */
    0xc4, 0xff, 0x88, 0x00, 0x00, 0x00, 0x00, 0x00, 0x00, 0x00, 0x00, 0x00, 0x00, 0x00, 0x00, 0x00, 0x90, 0xff, 0xb8, /* 行10 */
    0xc4, 0xff, 0x88, 0x00, 0x00, 0x00, 0x00, 0x00, 0x00, 0x00, 0x00, 0x00, 0x00, 0x00, 0x00, 0x00, 0x90, 0xff, 0xb8, /* 行11 */
    0xc4, 0xff, 0x88, 0x00, 0x00, 0x00, 0x00, 0x00, 0x00, 0x00, 0x00, 0x00, 0x00, 0x00, 0x00, 0x00, 0x90, 0xff, 0xb8, /* 行12 */
    0xc4, 0xff, 0x88, 0x00, 0x00, 0x00, 0x00, 0x00, 0x00, 0x00, 0x00, 0x00, 0x00, 0x00, 0x00, 0x00, 0x90, 0xff, 0xb8, /* 行13 */
    0xc4, 0xff, 0x88, 0x00, 0x00, 0x00, 0x00, 0x00, 0x00, 0x00, 0x00, 0x00, 0x00, 0x00, 0x00, 0x00, 0x90, 0xff, 0xb8, /* 行14 */
    0xc4, 0xff, 0x88, 0x00, 0x00, 0x00, 0x00, 0x00, 0x00, 0x00, 0x00, 0x00, 0x00, 0x00, 0x00, 0x00, 0x90, 0xff, 0xb8, /* 行15 */
    0xc4, 0xff, 0x88, 0x00, 0x00, 0x00, 0x00, 0x00, 0x00, 0x00, 0x00, 0x00, 0x00, 0x00, 0x00, 0x00, 0x90, 0xff, 0xb8, /* 行16 */
    0xc4, 0xff, 0x88, 0x00, 0x00, 0x00, 0x00, 0x00, 0x00, 0x00, 0x00, 0x00, 0x00, 0x00, 0x00, 0x00, 0x90, 0xff, 0xb8, /* 行17 */
    0xc4, 0xff, 0x88, 0x00, 0x00, 0x00, 0x00, 0x00, 0x00, 0x00, 0x00, 0x00, 0x00, 0x00, 0x00, 0x00, 0x90, 0xff, 0xb8, /* 行18 */
    0xc4, 0xff, 0x88, 0x00, 0x00, 0x00, 0x00, 0x00, 0x00, 0x00, 0x00, 0x00, 0x00, 0x00, 0x00, 0x00, 0x90, 0xff, 0xb8, /* 行19 */
    0xc4, 0xff, 0x88, 0x00, 0x00, 0x00, 0x00, 0x00, 0x00, 0x00, 0x00, 0x00, 0x00, 0x00, 0x00, 0x00, 0x90, 0xff, 0xb8, /* 行20 */
    0xc4, 0xff, 0x88, 0x00, 0x00, 0x00, 0x00, 0x00, 0x00, 0x00, 0x00, 0x00, 0x00, 0x00, 0x00, 0x00, 0x90, 0xff, 0xb8, /* 行21 */
    0xc4, 0xff, 0x88, 0x00, 0x00, 0x00, 0x00, 0x00, 0x00, 0x00, 0x00, 0x00, 0x00, 0x00, 0x00, 0x00, 0x90, 0xff, 0xb8, /* 行22 */
    0xc4, 0xff, 0x88, 0x00, 0x00, 0x00, 0x00, 0x00, 0x00, 0x00, 0x00, 0x00, 0x00, 0x00, 0x00, 0x00, 0x90, 0xff, 0xb8, /* 行23 */
    0xc4, 0xff, 0x88, 0x00, 0x00, 0x00, 0x00, 0x00, 0x00, 0x00, 0x00, 0x00, 0x00, 0x00, 0x00, 0x00, 0x90, 0xff, 0xb8, /* 行24 */
    0xc4, 0xff, 0x88, 0x00, 0x00, 0x00, 0x00, 0x00, 0x00, 0x00, 0x00, 0x00, 0x00, 0x00, 0x00, 0x00, 0x90, 0xff, 0xb8, /* 行25 */
    0xc4, 0xff, 0x88, 0x00, 0x00, 0x00, 0x00, 0x00, 0x00, 0x00, 0x00, 0x00, 0x00, 0x00, 0x00, 0x00, 0x90, 0xff, 0xb8, /* 行26 */
    0xc4, 0xff, 0x88, 0x00, 0x00, 0x00, 0x00, 0x00, 0x00, 0x00, 0x00, 0x00, 0x00, 0x00, 0x00, 0x00, 0x90, 0xff, 0xb8, /* 行27 */
    0xc4, 0xff, 0x88, 0x00, 0x00, 0x00, 0x00, 0x00, 0x00, 0x00, 0x00, 0x00, 0x00, 0x00, 0x00, 0x00, 0x90, 0xff, 0xb8, /* 行28 */
    0xc4, 0xff, 0xa9, 0x48, 0x48, 0x48, 0x48, 0x48, 0x48, 0x48, 0x48, 0x48, 0x48, 0x48, 0x48, 0x48, 0xaf, 0xff, 0xb8, /* 行29 */
    0xc4, 0xff, 0xff, 0xff, 0xff, 0xff, 0xff, 0xff, 0xff, 0xff, 0xff, 0xff, 0xff, 0xff, 0xff, 0xff, 0xff, 0xff, 0xb8, /* 行30 */
    0xc4, 0xff, 0xff, 0xff, 0xff, 0xff, 0xff, 0xff, 0xff, 0xff, 0xff, 0xff, 0xff, 0xff, 0xff, 0xff, 0xff, 0xff, 0xb8, /* 行31 */
};

/* 字符   2: STX  */
/*
 * ████████████████████████████████████▓▓
 * ████████████████████████████████████▓▓
 * ████▓▓▒▒▒▒▒▒▒▒▒▒▒▒▒▒▒▒▒▒▒▒▒▒▒▒▒▒▓▓██▓▓
 * ████▓▓                          ▓▓██▓▓
 * ████▓▓                          ▓▓██▓▓
 * ████▓▓                          ▓▓██▓▓
 * ████▓▓                          ▓▓██▓▓
 * ████▓▓                          ▓▓██▓▓
 * ████▓▓                          ▓▓██▓▓
 * ████▓▓                          ▓▓██▓▓
 * ████▓▓                          ▓▓██▓▓
 * ████▓▓                          ▓▓██▓▓
 * ████▓▓                          ▓▓██▓▓
 * ████▓▓                          ▓▓██▓▓
 * ████▓▓                          ▓▓██▓▓
 * ████▓▓                          ▓▓██▓▓
 * ████▓▓                          ▓▓██▓▓
 * ████▓▓                          ▓▓██▓▓
 * ████▓▓                          ▓▓██▓▓
 * ████▓▓                          ▓▓██▓▓
 * ████▓▓                          ▓▓██▓▓
 * ████▓▓                          ▓▓██▓▓
 * ████▓▓                          ▓▓██▓▓
 * ████▓▓                          ▓▓██▓▓
 * ████▓▓                          ▓▓██▓▓
 * ████▓▓                          ▓▓██▓▓
 * ████▓▓                          ▓▓██▓▓
 * ████▓▓                          ▓▓██▓▓
 * ████▓▓                          ▓▓██▓▓
 * ████▓▓▒▒▒▒▒▒▒▒▒▒▒▒▒▒▒▒▒▒▒▒▒▒▒▒▒▒▓▓██▓▓
 * ████████████████████████████████████▓▓
 * ████████████████████████████████████▓▓
 */
static const unsigned char open_sans_45px_char_002_bitmap[] = {
    0xc4, 0xff, 0xff, 0xff, 0xff, 0xff, 0xff, 0xff, 0xff, 0xff, 0xff, 0xff, 0xff, 0xff, 0xff, 0xff, 0xff, 0xff, 0xb8, /* 行 0 */
    0xc4, 0xff, 0xff, 0xff, 0xff, 0xff, 0xff, 0xff, 0xff, 0xff, 0xff, 0xff, 0xff, 0xff, 0xff, 0xff, 0xff, 0xff, 0xb8, /* 行 1 */
    0xc4, 0xff, 0xa9, 0x48, 0x48, 0x48, 0x48, 0x48, 0x48, 0x48, 0x48, 0x48, 0x48, 0x48, 0x48, 0x48, 0xaf, 0xff, 0xb8, /* 行 2 */
    0xc4, 0xff, 0x88, 0x00, 0x00, 0x00, 0x00, 0x00, 0x00, 0x00, 0x00, 0x00, 0x00, 0x00, 0x00, 0x00, 0x90, 0xff, 0xb8, /* 行 3 */
    0xc4, 0xff, 0x88, 0x00, 0x00, 0x00, 0x00, 0x00, 0x00, 0x00, 0x00, 0x00, 0x00, 0x00, 0x00, 0x00, 0x90, 0xff, 0xb8, /* 行 4 */
    0xc4, 0xff, 0x88, 0x00, 0x00, 0x00, 0x00, 0x00, 0x00, 0x00, 0x00, 0x00, 0x00, 0x00, 0x00, 0x00, 0x90, 0xff, 0xb8, /* 行 5 */
    0xc4, 0xff, 0x88, 0x00, 0x00, 0x00, 0x00, 0x00, 0x00, 0x00, 0x00, 0x00, 0x00, 0x00, 0x00, 0x00, 0x90, 0xff, 0xb8, /* 行 6 */
    0xc4, 0xff, 0x88, 0x00, 0x00, 0x00, 0x00, 0x00, 0x00, 0x00, 0x00, 0x00, 0x00, 0x00, 0x00, 0x00, 0x90, 0xff, 0xb8, /* 行 7 */
    0xc4, 0xff, 0x88, 0x00, 0x00, 0x00, 0x00, 0x00, 0x00, 0x00, 0x00, 0x00, 0x00, 0x00, 0x00, 0x00, 0x90, 0xff, 0xb8, /* 行 8 */
    0xc4, 0xff, 0x88, 0x00, 0x00, 0x00, 0x00, 0x00, 0x00, 0x00, 0x00, 0x00, 0x00, 0x00, 0x00, 0x00, 0x90, 0xff, 0xb8, /* 行 9 */
    0xc4, 0xff, 0x88, 0x00, 0x00, 0x00, 0x00, 0x00, 0x00, 0x00, 0x00, 0x00, 0x00, 0x00, 0x00, 0x00, 0x90, 0xff, 0xb8, /* 行10 */
    0xc4, 0xff, 0x88, 0x00, 0x00, 0x00, 0x00, 0x00, 0x00, 0x00, 0x00, 0x00, 0x00, 0x00, 0x00, 0x00, 0x90, 0xff, 0xb8, /* 行11 */
    0xc4, 0xff, 0x88, 0x00, 0x00, 0x00, 0x00, 0x00, 0x00, 0x00, 0x00, 0x00, 0x00, 0x00, 0x00, 0x00, 0x90, 0xff, 0xb8, /* 行12 */
    0xc4, 0xff, 0x88, 0x00, 0x00, 0x00, 0x00, 0x00, 0x00, 0x00, 0x00, 0x00, 0x00, 0x00, 0x00, 0x00, 0x90, 0xff, 0xb8, /* 行13 */
    0xc4, 0xff, 0x88, 0x00, 0x00, 0x00, 0x00, 0x00, 0x00, 0x00, 0x00, 0x00, 0x00, 0x00, 0x00, 0x00, 0x90, 0xff, 0xb8, /* 行14 */
    0xc4, 0xff, 0x88, 0x00, 0x00, 0x00, 0x00, 0x00, 0x00, 0x00, 0x00, 0x00, 0x00, 0x00, 0x00, 0x00, 0x90, 0xff, 0xb8, /* 行15 */
    0xc4, 0xff, 0x88, 0x00, 0x00, 0x00, 0x00, 0x00, 0x00, 0x00, 0x00, 0x00, 0x00, 0x00, 0x00, 0x00, 0x90, 0xff, 0xb8, /* 行16 */
    0xc4, 0xff, 0x88, 0x00, 0x00, 0x00, 0x00, 0x00, 0x00, 0x00, 0x00, 0x00, 0x00, 0x00, 0x00, 0x00, 0x90, 0xff, 0xb8, /* 行17 */
    0xc4, 0xff, 0x88, 0x00, 0x00, 0x00, 0x00, 0x00, 0x00, 0x00, 0x00, 0x00, 0x00, 0x00, 0x00, 0x00, 0x90, 0xff, 0xb8, /* 行18 */
    0xc4, 0xff, 0x88, 0x00, 0x00, 0x00, 0x00, 0x00, 0x00, 0x00, 0x00, 0x00, 0x00, 0x00, 0x00, 0x00, 0x90, 0xff, 0xb8, /* 行19 */
    0xc4, 0xff, 0x88, 0x00, 0x00, 0x00, 0x00, 0x00, 0x00, 0x00, 0x00, 0x00, 0x00, 0x00, 0x00, 0x00, 0x90, 0xff, 0xb8, /* 行20 */
    0xc4, 0xff, 0x88, 0x00, 0x00, 0x00, 0x00, 0x00, 0x00, 0x00, 0x00, 0x00, 0x00, 0x00, 0x00, 0x00, 0x90, 0xff, 0xb8, /* 行21 */
    0xc4, 0xff, 0x88, 0x00, 0x00, 0x00, 0x00, 0x00, 0x00, 0x00, 0x00, 0x00, 0x00, 0x00, 0x00, 0x00, 0x90, 0xff, 0xb8, /* 行22 */
    0xc4, 0xff, 0x88, 0x00, 0x00, 0x00, 0x00, 0x00, 0x00, 0x00, 0x00, 0x00, 0x00, 0x00, 0x00, 0x00, 0x90, 0xff, 0xb8, /* 行23 */
    0xc4, 0xff, 0x88, 0x00, 0x00, 0x00, 0x00, 0x00, 0x00, 0x00, 0x00, 0x00, 0x00, 0x00, 0x00, 0x00, 0x90, 0xff, 0xb8, /* 行24 */
    0xc4, 0xff, 0x88, 0x00, 0x00, 0x00, 0x00, 0x00, 0x00, 0x00, 0x00, 0x00, 0x00, 0x00, 0x00, 0x00, 0x90, 0xff, 0xb8, /* 行25 */
    0xc4, 0xff, 0x88, 0x00, 0x00, 0x00, 0x00, 0x00, 0x00, 0x00, 0x00, 0x00, 0x00, 0x00, 0x00, 0x00, 0x90, 0xff, 0xb8, /* 行26 */
    0xc4, 0xff, 0x88, 0x00, 0x00, 0x00, 0x00, 0x00, 0x00, 0x00, 0x00, 0x00, 0x00, 0x00, 0x00, 0x00, 0x90, 0xff, 0xb8, /* 行27 */
    0xc4, 0xff, 0x88, 0x00, 0x00, 0x00, 0x00, 0x00, 0x00, 0x00, 0x00, 0x00, 0x00, 0x00, 0x00, 0x00, 0x90, 0xff, 0xb8, /* 行28 */
    0xc4, 0xff, 0xa9, 0x48, 0x48, 0x48, 0x48, 0x48, 0x48, 0x48, 0x48, 0x48, 0x48, 0x48, 0x48, 0x48, 0xaf, 0xff, 0xb8, /* 行29 */
    0xc4, 0xff, 0xff, 0xff, 0xff, 0xff, 0xff, 0xff, 0xff, 0xff, 0xff, 0xff, 0xff, 0xff, 0xff, 0xff, 0xff, 0xff, 0xb8, /* 行30 */
    0xc4, 0xff, 0xff, 0xff, 0xff, 0xff, 0xff, 0xff, 0xff, 0xff, 0xff, 0xff, 0xff, 0xff, 0xff, 0xff, 0xff, 0xff, 0xb8, /* 行31 */
};

/* 字符   3: ETX  */
/*
 * ████████████████████████████████████▓▓
 * ████████████████████████████████████▓▓
 * ████▓▓▒▒▒▒▒▒▒▒▒▒▒▒▒▒▒▒▒▒▒▒▒▒▒▒▒▒▓▓██▓▓
 * ████▓▓                          ▓▓██▓▓
 * ████▓▓                          ▓▓██▓▓
 * ████▓▓                          ▓▓██▓▓
 * ████▓▓                          ▓▓██▓▓
 * ████▓▓                          ▓▓██▓▓
 * ████▓▓                          ▓▓██▓▓
 * ████▓▓                          ▓▓██▓▓
 * ████▓▓                          ▓▓██▓▓
 * ████▓▓                          ▓▓██▓▓
 * ████▓▓                          ▓▓██▓▓
 * ████▓▓                          ▓▓██▓▓
 * ████▓▓                          ▓▓██▓▓
 * ████▓▓                          ▓▓██▓▓
 * ████▓▓                          ▓▓██▓▓
 * ████▓▓                          ▓▓██▓▓
 * ████▓▓                          ▓▓██▓▓
 * ████▓▓                          ▓▓██▓▓
 * ████▓▓                          ▓▓██▓▓
 * ████▓▓                          ▓▓██▓▓
 * ████▓▓                          ▓▓██▓▓
 * ████▓▓                          ▓▓██▓▓
 * ████▓▓                          ▓▓██▓▓
 * ████▓▓                          ▓▓██▓▓
 * ████▓▓                          ▓▓██▓▓
 * ████▓▓                          ▓▓██▓▓
 * ████▓▓                          ▓▓██▓▓
 * ████▓▓▒▒▒▒▒▒▒▒▒▒▒▒▒▒▒▒▒▒▒▒▒▒▒▒▒▒▓▓██▓▓
 * ████████████████████████████████████▓▓
 * ████████████████████████████████████▓▓
 */
static const unsigned char open_sans_45px_char_003_bitmap[] = {
    0xc4, 0xff, 0xff, 0xff, 0xff, 0xff, 0xff, 0xff, 0xff, 0xff, 0xff, 0xff, 0xff, 0xff, 0xff, 0xff, 0xff, 0xff, 0xb8, /* 行 0 */
    0xc4, 0xff, 0xff, 0xff, 0xff, 0xff, 0xff, 0xff, 0xff, 0xff, 0xff, 0xff, 0xff, 0xff, 0xff, 0xff, 0xff, 0xff, 0xb8, /* 行 1 */
    0xc4, 0xff, 0xa9, 0x48, 0x48, 0x48, 0x48, 0x48, 0x48, 0x48, 0x48, 0x48, 0x48, 0x48, 0x48, 0x48, 0xaf, 0xff, 0xb8, /* 行 2 */
    0xc4, 0xff, 0x88, 0x00, 0x00, 0x00, 0x00, 0x00, 0x00, 0x00, 0x00, 0x00, 0x00, 0x00, 0x00, 0x00, 0x90, 0xff, 0xb8, /* 行 3 */
    0xc4, 0xff, 0x88, 0x00, 0x00, 0x00, 0x00, 0x00, 0x00, 0x00, 0x00, 0x00, 0x00, 0x00, 0x00, 0x00, 0x90, 0xff, 0xb8, /* 行 4 */
    0xc4, 0xff, 0x88, 0x00, 0x00, 0x00, 0x00, 0x00, 0x00, 0x00, 0x00, 0x00, 0x00, 0x00, 0x00, 0x00, 0x90, 0xff, 0xb8, /* 行 5 */
    0xc4, 0xff, 0x88, 0x00, 0x00, 0x00, 0x00, 0x00, 0x00, 0x00, 0x00, 0x00, 0x00, 0x00, 0x00, 0x00, 0x90, 0xff, 0xb8, /* 行 6 */
    0xc4, 0xff, 0x88, 0x00, 0x00, 0x00, 0x00, 0x00, 0x00, 0x00, 0x00, 0x00, 0x00, 0x00, 0x00, 0x00, 0x90, 0xff, 0xb8, /* 行 7 */
    0xc4, 0xff, 0x88, 0x00, 0x00, 0x00, 0x00, 0x00, 0x00, 0x00, 0x00, 0x00, 0x00, 0x00, 0x00, 0x00, 0x90, 0xff, 0xb8, /* 行 8 */
    0xc4, 0xff, 0x88, 0x00, 0x00, 0x00, 0x00, 0x00, 0x00, 0x00, 0x00, 0x00, 0x00, 0x00, 0x00, 0x00, 0x90, 0xff, 0xb8, /* 行 9 */
    0xc4, 0xff, 0x88, 0x00, 0x00, 0x00, 0x00, 0x00, 0x00, 0x00, 0x00, 0x00, 0x00, 0x00, 0x00, 0x00, 0x90, 0xff, 0xb8, /* 行10 */
    0xc4, 0xff, 0x88, 0x00, 0x00, 0x00, 0x00, 0x00, 0x00, 0x00, 0x00, 0x00, 0x00, 0x00, 0x00, 0x00, 0x90, 0xff, 0xb8, /* 行11 */
    0xc4, 0xff, 0x88, 0x00, 0x00, 0x00, 0x00, 0x00, 0x00, 0x00, 0x00, 0x00, 0x00, 0x00, 0x00, 0x00, 0x90, 0xff, 0xb8, /* 行12 */
    0xc4, 0xff, 0x88, 0x00, 0x00, 0x00, 0x00, 0x00, 0x00, 0x00, 0x00, 0x00, 0x00, 0x00, 0x00, 0x00, 0x90, 0xff, 0xb8, /* 行13 */
    0xc4, 0xff, 0x88, 0x00, 0x00, 0x00, 0x00, 0x00, 0x00, 0x00, 0x00, 0x00, 0x00, 0x00, 0x00, 0x00, 0x90, 0xff, 0xb8, /* 行14 */
    0xc4, 0xff, 0x88, 0x00, 0x00, 0x00, 0x00, 0x00, 0x00, 0x00, 0x00, 0x00, 0x00, 0x00, 0x00, 0x00, 0x90, 0xff, 0xb8, /* 行15 */
    0xc4, 0xff, 0x88, 0x00, 0x00, 0x00, 0x00, 0x00, 0x00, 0x00, 0x00, 0x00, 0x00, 0x00, 0x00, 0x00, 0x90, 0xff, 0xb8, /* 行16 */
    0xc4, 0xff, 0x88, 0x00, 0x00, 0x00, 0x00, 0x00, 0x00, 0x00, 0x00, 0x00, 0x00, 0x00, 0x00, 0x00, 0x90, 0xff, 0xb8, /* 行17 */
    0xc4, 0xff, 0x88, 0x00, 0x00, 0x00, 0x00, 0x00, 0x00, 0x00, 0x00, 0x00, 0x00, 0x00, 0x00, 0x00, 0x90, 0xff, 0xb8, /* 行18 */
    0xc4, 0xff, 0x88, 0x00, 0x00, 0x00, 0x00, 0x00, 0x00, 0x00, 0x00, 0x00, 0x00, 0x00, 0x00, 0x00, 0x90, 0xff, 0xb8, /* 行19 */
    0xc4, 0xff, 0x88, 0x00, 0x00, 0x00, 0x00, 0x00, 0x00, 0x00, 0x00, 0x00, 0x00, 0x00, 0x00, 0x00, 0x90, 0xff, 0xb8, /* 行20 */
    0xc4, 0xff, 0x88, 0x00, 0x00, 0x00, 0x00, 0x00, 0x00, 0x00, 0x00, 0x00, 0x00, 0x00, 0x00, 0x00, 0x90, 0xff, 0xb8, /* 行21 */
    0xc4, 0xff, 0x88, 0x00, 0x00, 0x00, 0x00, 0x00, 0x00, 0x00, 0x00, 0x00, 0x00, 0x00, 0x00, 0x00, 0x90, 0xff, 0xb8, /* 行22 */
    0xc4, 0xff, 0x88, 0x00, 0x00, 0x00, 0x00, 0x00, 0x00, 0x00, 0x00, 0x00, 0x00, 0x00, 0x00, 0x00, 0x90, 0xff, 0xb8, /* 行23 */
    0xc4, 0xff, 0x88, 0x00, 0x00, 0x00, 0x00, 0x00, 0x00, 0x00, 0x00, 0x00, 0x00, 0x00, 0x00, 0x00, 0x90, 0xff, 0xb8, /* 行24 */
    0xc4, 0xff, 0x88, 0x00, 0x00, 0x00, 0x00, 0x00, 0x00, 0x00, 0x00, 0x00, 0x00, 0x00, 0x00, 0x00, 0x90, 0xff, 0xb8, /* 行25 */
    0xc4, 0xff, 0x88, 0x00, 0x00, 0x00, 0x00, 0x00, 0x00, 0x00, 0x00, 0x00, 0x00, 0x00, 0x00, 0x00, 0x90, 0xff, 0xb8, /* 行26 */
    0xc4, 0xff, 0x88, 0x00, 0x00, 0x00, 0x00, 0x00, 0x00, 0x00, 0x00, 0x00, 0x00, 0x00, 0x00, 0x00, 0x90, 0xff, 0xb8, /* 行27 */
    0xc4, 0xff, 0x88, 0x00, 0x00, 0x00, 0x00, 0x00, 0x00, 0x00, 0x00, 0x00, 0x00, 0x00, 0x00, 0x00, 0x90, 0xff, 0xb8, /* 行28 */
    0xc4, 0xff, 0xa9, 0x48, 0x48, 0x48, 0x48, 0x48, 0x48, 0x48, 0x48, 0x48, 0x48, 0x48, 0x48, 0x48, 0xaf, 0xff, 0xb8, /* 行29 */
    0xc4, 0xff, 0xff, 0xff, 0xff, 0xff, 0xff, 0xff, 0xff, 0xff, 0xff, 0xff, 0xff, 0xff, 0xff, 0xff, 0xff, 0xff, 0xb8, /* 行30 */
    0xc4, 0xff, 0xff, 0xff, 0xff, 0xff, 0xff, 0xff, 0xff, 0xff, 0xff, 0xff, 0xff, 0xff, 0xff, 0xff, 0xff, 0xff, 0xb8, /* 行31 */
};

/* 字符   4: EOT  */
/*
 * ████████████████████████████████████▓▓
 * ████████████████████████████████████▓▓
 * ████▓▓▒▒▒▒▒▒▒▒▒▒▒▒▒▒▒▒▒▒▒▒▒▒▒▒▒▒▓▓██▓▓
 * ████▓▓                          ▓▓██▓▓
 * ████▓▓                          ▓▓██▓▓
 * ████▓▓                          ▓▓██▓▓
 * ████▓▓                          ▓▓██▓▓
 * ████▓▓                          ▓▓██▓▓
 * ████▓▓                          ▓▓██▓▓
 * ████▓▓                          ▓▓██▓▓
 * ████▓▓                          ▓▓██▓▓
 * ████▓▓                          ▓▓██▓▓
 * ████▓▓                          ▓▓██▓▓
 * ████▓▓                          ▓▓██▓▓
 * ████▓▓                          ▓▓██▓▓
 * ████▓▓                          ▓▓██▓▓
 * ████▓▓                          ▓▓██▓▓
 * ████▓▓                          ▓▓██▓▓
 * ████▓▓                          ▓▓██▓▓
 * ████▓▓                          ▓▓██▓▓
 * ████▓▓                          ▓▓██▓▓
 * ████▓▓                          ▓▓██▓▓
 * ████▓▓                          ▓▓██▓▓
 * ████▓▓                          ▓▓██▓▓
 * ████▓▓                          ▓▓██▓▓
 * ████▓▓                          ▓▓██▓▓
 * ████▓▓                          ▓▓██▓▓
 * ████▓▓                          ▓▓██▓▓
 * ████▓▓                          ▓▓██▓▓
 * ████▓▓▒▒▒▒▒▒▒▒▒▒▒▒▒▒▒▒▒▒▒▒▒▒▒▒▒▒▓▓██▓▓
 * ████████████████████████████████████▓▓
 * ████████████████████████████████████▓▓
 */
static const unsigned char open_sans_45px_char_004_bitmap[] = {
    0xc4, 0xff, 0xff, 0xff, 0xff, 0xff, 0xff, 0xff, 0xff, 0xff, 0xff, 0xff, 0xff, 0xff, 0xff, 0xff, 0xff, 0xff, 0xb8, /* 行 0 */
    0xc4, 0xff, 0xff, 0xff, 0xff, 0xff, 0xff, 0xff, 0xff, 0xff, 0xff, 0xff, 0xff, 0xff, 0xff, 0xff, 0xff, 0xff, 0xb8, /* 行 1 */
    0xc4, 0xff, 0xa9, 0x48, 0x48, 0x48, 0x48, 0x48, 0x48, 0x48, 0x48, 0x48, 0x48, 0x48, 0x48, 0x48, 0xaf, 0xff, 0xb8, /* 行 2 */
    0xc4, 0xff, 0x88, 0x00, 0x00, 0x00, 0x00, 0x00, 0x00, 0x00, 0x00, 0x00, 0x00, 0x00, 0x00, 0x00, 0x90, 0xff, 0xb8, /* 行 3 */
    0xc4, 0xff, 0x88, 0x00, 0x00, 0x00, 0x00, 0x00, 0x00, 0x00, 0x00, 0x00, 0x00, 0x00, 0x00, 0x00, 0x90, 0xff, 0xb8, /* 行 4 */
    0xc4, 0xff, 0x88, 0x00, 0x00, 0x00, 0x00, 0x00, 0x00, 0x00, 0x00, 0x00, 0x00, 0x00, 0x00, 0x00, 0x90, 0xff, 0xb8, /* 行 5 */
    0xc4, 0xff, 0x88, 0x00, 0x00, 0x00, 0x00, 0x00, 0x00, 0x00, 0x00, 0x00, 0x00, 0x00, 0x00, 0x00, 0x90, 0xff, 0xb8, /* 行 6 */
    0xc4, 0xff, 0x88, 0x00, 0x00, 0x00, 0x00, 0x00, 0x00, 0x00, 0x00, 0x00, 0x00, 0x00, 0x00, 0x00, 0x90, 0xff, 0xb8, /* 行 7 */
    0xc4, 0xff, 0x88, 0x00, 0x00, 0x00, 0x00, 0x00, 0x00, 0x00, 0x00, 0x00, 0x00, 0x00, 0x00, 0x00, 0x90, 0xff, 0xb8, /* 行 8 */
    0xc4, 0xff, 0x88, 0x00, 0x00, 0x00, 0x00, 0x00, 0x00, 0x00, 0x00, 0x00, 0x00, 0x00, 0x00, 0x00, 0x90, 0xff, 0xb8, /* 行 9 */
    0xc4, 0xff, 0x88, 0x00, 0x00, 0x00, 0x00, 0x00, 0x00, 0x00, 0x00, 0x00, 0x00, 0x00, 0x00, 0x00, 0x90, 0xff, 0xb8, /* 行10 */
    0xc4, 0xff, 0x88, 0x00, 0x00, 0x00, 0x00, 0x00, 0x00, 0x00, 0x00, 0x00, 0x00, 0x00, 0x00, 0x00, 0x90, 0xff, 0xb8, /* 行11 */
    0xc4, 0xff, 0x88, 0x00, 0x00, 0x00, 0x00, 0x00, 0x00, 0x00, 0x00, 0x00, 0x00, 0x00, 0x00, 0x00, 0x90, 0xff, 0xb8, /* 行12 */
    0xc4, 0xff, 0x88, 0x00, 0x00, 0x00, 0x00, 0x00, 0x00, 0x00, 0x00, 0x00, 0x00, 0x00, 0x00, 0x00, 0x90, 0xff, 0xb8, /* 行13 */
    0xc4, 0xff, 0x88, 0x00, 0x00, 0x00, 0x00, 0x00, 0x00, 0x00, 0x00, 0x00, 0x00, 0x00, 0x00, 0x00, 0x90, 0xff, 0xb8, /* 行14 */
    0xc4, 0xff, 0x88, 0x00, 0x00, 0x00, 0x00, 0x00, 0x00, 0x00, 0x00, 0x00, 0x00, 0x00, 0x00, 0x00, 0x90, 0xff, 0xb8, /* 行15 */
    0xc4, 0xff, 0x88, 0x00, 0x00, 0x00, 0x00, 0x00, 0x00, 0x00, 0x00, 0x00, 0x00, 0x00, 0x00, 0x00, 0x90, 0xff, 0xb8, /* 行16 */
    0xc4, 0xff, 0x88, 0x00, 0x00, 0x00, 0x00, 0x00, 0x00, 0x00, 0x00, 0x00, 0x00, 0x00, 0x00, 0x00, 0x90, 0xff, 0xb8, /* 行17 */
    0xc4, 0xff, 0x88, 0x00, 0x00, 0x00, 0x00, 0x00, 0x00, 0x00, 0x00, 0x00, 0x00, 0x00, 0x00, 0x00, 0x90, 0xff, 0xb8, /* 行18 */
    0xc4, 0xff, 0x88, 0x00, 0x00, 0x00, 0x00, 0x00, 0x00, 0x00, 0x00, 0x00, 0x00, 0x00, 0x00, 0x00, 0x90, 0xff, 0xb8, /* 行19 */
    0xc4, 0xff, 0x88, 0x00, 0x00, 0x00, 0x00, 0x00, 0x00, 0x00, 0x00, 0x00, 0x00, 0x00, 0x00, 0x00, 0x90, 0xff, 0xb8, /* 行20 */
    0xc4, 0xff, 0x88, 0x00, 0x00, 0x00, 0x00, 0x00, 0x00, 0x00, 0x00, 0x00, 0x00, 0x00, 0x00, 0x00, 0x90, 0xff, 0xb8, /* 行21 */
    0xc4, 0xff, 0x88, 0x00, 0x00, 0x00, 0x00, 0x00, 0x00, 0x00, 0x00, 0x00, 0x00, 0x00, 0x00, 0x00, 0x90, 0xff, 0xb8, /* 行22 */
    0xc4, 0xff, 0x88, 0x00, 0x00, 0x00, 0x00, 0x00, 0x00, 0x00, 0x00, 0x00, 0x00, 0x00, 0x00, 0x00, 0x90, 0xff, 0xb8, /* 行23 */
    0xc4, 0xff, 0x88, 0x00, 0x00, 0x00, 0x00, 0x00, 0x00, 0x00, 0x00, 0x00, 0x00, 0x00, 0x00, 0x00, 0x90, 0xff, 0xb8, /* 行24 */
    0xc4, 0xff, 0x88, 0x00, 0x00, 0x00, 0x00, 0x00, 0x00, 0x00, 0x00, 0x00, 0x00, 0x00, 0x00, 0x00, 0x90, 0xff, 0xb8, /* 行25 */
    0xc4, 0xff, 0x88, 0x00, 0x00, 0x00, 0x00, 0x00, 0x00, 0x00, 0x00, 0x00, 0x00, 0x00, 0x00, 0x00, 0x90, 0xff, 0xb8, /* 行26 */
    0xc4, 0xff, 0x88, 0x00, 0x00, 0x00, 0x00, 0x00, 0x00, 0x00, 0x00, 0x00, 0x00, 0x00, 0x00, 0x00, 0x90, 0xff, 0xb8, /* 行27 */
    0xc4, 0xff, 0x88, 0x00, 0x00, 0x00, 0x00, 0x00, 0x00, 0x00, 0x00, 0x00, 0x00, 0x00, 0x00, 0x00, 0x90, 0xff, 0xb8, /* 行28 */
    0xc4, 0xff, 0xa9, 0x48, 0x48, 0x48, 0x48, 0x48, 0x48, 0x48, 0x48, 0x48, 0x48, 0x48, 0x48, 0x48, 0xaf, 0xff, 0xb8, /* 行29 */
    0xc4, 0xff, 0xff, 0xff, 0xff, 0xff, 0xff, 0xff, 0xff, 0xff, 0xff, 0xff, 0xff, 0xff, 0xff, 0xff, 0xff, 0xff, 0xb8, /* 行30 */
    0xc4, 0xff, 0xff, 0xff, 0xff, 0xff, 0xff, 0xff, 0xff, 0xff, 0xff, 0xff, 0xff, 0xff, 0xff, 0xff, 0xff, 0xff, 0xb8, /* 行31 */
};

/* 字符   5: ENQ  */
/*
 * ████████████████████████████████████▓▓
 * ████████████████████████████████████▓▓
 * ████▓▓▒▒▒▒▒▒▒▒▒▒▒▒▒▒▒▒▒▒▒▒▒▒▒▒▒▒▓▓██▓▓
 * ████▓▓                          ▓▓██▓▓
 * ████▓▓                          ▓▓██▓▓
 * ████▓▓                          ▓▓██▓▓
 * ████▓▓                          ▓▓██▓▓
 * ████▓▓                          ▓▓██▓▓
 * ████▓▓                          ▓▓██▓▓
 * ████▓▓                          ▓▓██▓▓
 * ████▓▓                          ▓▓██▓▓
 * ████▓▓                          ▓▓██▓▓
 * ████▓▓                          ▓▓██▓▓
 * ████▓▓                          ▓▓██▓▓
 * ████▓▓                          ▓▓██▓▓
 * ████▓▓                          ▓▓██▓▓
 * ████▓▓                          ▓▓██▓▓
 * ████▓▓                          ▓▓██▓▓
 * ████▓▓                          ▓▓██▓▓
 * ████▓▓                          ▓▓██▓▓
 * ████▓▓                          ▓▓██▓▓
 * ████▓▓                          ▓▓██▓▓
 * ████▓▓                          ▓▓██▓▓
 * ████▓▓                          ▓▓██▓▓
 * ████▓▓                          ▓▓██▓▓
 * ████▓▓                          ▓▓██▓▓
 * ████▓▓                          ▓▓██▓▓
 * ████▓▓                          ▓▓██▓▓
 * ████▓▓                          ▓▓██▓▓
 * ████▓▓▒▒▒▒▒▒▒▒▒▒▒▒▒▒▒▒▒▒▒▒▒▒▒▒▒▒▓▓██▓▓
 * ████████████████████████████████████▓▓
 * ████████████████████████████████████▓▓
 */
static const unsigned char open_sans_45px_char_005_bitmap[] = {
    0xc4, 0xff, 0xff, 0xff, 0xff, 0xff, 0xff, 0xff, 0xff, 0xff, 0xff, 0xff, 0xff, 0xff, 0xff, 0xff, 0xff, 0xff, 0xb8, /* 行 0 */
    0xc4, 0xff, 0xff, 0xff, 0xff, 0xff, 0xff, 0xff, 0xff, 0xff, 0xff, 0xff, 0xff, 0xff, 0xff, 0xff, 0xff, 0xff, 0xb8, /* 行 1 */
    0xc4, 0xff, 0xa9, 0x48, 0x48, 0x48, 0x48, 0x48, 0x48, 0x48, 0x48, 0x48, 0x48, 0x48, 0x48, 0x48, 0xaf, 0xff, 0xb8, /* 行 2 */
    0xc4, 0xff, 0x88, 0x00, 0x00, 0x00, 0x00, 0x00, 0x00, 0x00, 0x00, 0x00, 0x00, 0x00, 0x00, 0x00, 0x90, 0xff, 0xb8, /* 行 3 */
    0xc4, 0xff, 0x88, 0x00, 0x00, 0x00, 0x00, 0x00, 0x00, 0x00, 0x00, 0x00, 0x00, 0x00, 0x00, 0x00, 0x90, 0xff, 0xb8, /* 行 4 */
    0xc4, 0xff, 0x88, 0x00, 0x00, 0x00, 0x00, 0x00, 0x00, 0x00, 0x00, 0x00, 0x00, 0x00, 0x00, 0x00, 0x90, 0xff, 0xb8, /* 行 5 */
    0xc4, 0xff, 0x88, 0x00, 0x00, 0x00, 0x00, 0x00, 0x00, 0x00, 0x00, 0x00, 0x00, 0x00, 0x00, 0x00, 0x90, 0xff, 0xb8, /* 行 6 */
    0xc4, 0xff, 0x88, 0x00, 0x00, 0x00, 0x00, 0x00, 0x00, 0x00, 0x00, 0x00, 0x00, 0x00, 0x00, 0x00, 0x90, 0xff, 0xb8, /* 行 7 */
    0xc4, 0xff, 0x88, 0x00, 0x00, 0x00, 0x00, 0x00, 0x00, 0x00, 0x00, 0x00, 0x00, 0x00, 0x00, 0x00, 0x90, 0xff, 0xb8, /* 行 8 */
    0xc4, 0xff, 0x88, 0x00, 0x00, 0x00, 0x00, 0x00, 0x00, 0x00, 0x00, 0x00, 0x00, 0x00, 0x00, 0x00, 0x90, 0xff, 0xb8, /* 行 9 */
    0xc4, 0xff, 0x88, 0x00, 0x00, 0x00, 0x00, 0x00, 0x00, 0x00, 0x00, 0x00, 0x00, 0x00, 0x00, 0x00, 0x90, 0xff, 0xb8, /* 行10 */
    0xc4, 0xff, 0x88, 0x00, 0x00, 0x00, 0x00, 0x00, 0x00, 0x00, 0x00, 0x00, 0x00, 0x00, 0x00, 0x00, 0x90, 0xff, 0xb8, /* 行11 */
    0xc4, 0xff, 0x88, 0x00, 0x00, 0x00, 0x00, 0x00, 0x00, 0x00, 0x00, 0x00, 0x00, 0x00, 0x00, 0x00, 0x90, 0xff, 0xb8, /* 行12 */
    0xc4, 0xff, 0x88, 0x00, 0x00, 0x00, 0x00, 0x00, 0x00, 0x00, 0x00, 0x00, 0x00, 0x00, 0x00, 0x00, 0x90, 0xff, 0xb8, /* 行13 */
    0xc4, 0xff, 0x88, 0x00, 0x00, 0x00, 0x00, 0x00, 0x00, 0x00, 0x00, 0x00, 0x00, 0x00, 0x00, 0x00, 0x90, 0xff, 0xb8, /* 行14 */
    0xc4, 0xff, 0x88, 0x00, 0x00, 0x00, 0x00, 0x00, 0x00, 0x00, 0x00, 0x00, 0x00, 0x00, 0x00, 0x00, 0x90, 0xff, 0xb8, /* 行15 */
    0xc4, 0xff, 0x88, 0x00, 0x00, 0x00, 0x00, 0x00, 0x00, 0x00, 0x00, 0x00, 0x00, 0x00, 0x00, 0x00, 0x90, 0xff, 0xb8, /* 行16 */
    0xc4, 0xff, 0x88, 0x00, 0x00, 0x00, 0x00, 0x00, 0x00, 0x00, 0x00, 0x00, 0x00, 0x00, 0x00, 0x00, 0x90, 0xff, 0xb8, /* 行17 */
    0xc4, 0xff, 0x88, 0x00, 0x00, 0x00, 0x00, 0x00, 0x00, 0x00, 0x00, 0x00, 0x00, 0x00, 0x00, 0x00, 0x90, 0xff, 0xb8, /* 行18 */
    0xc4, 0xff, 0x88, 0x00, 0x00, 0x00, 0x00, 0x00, 0x00, 0x00, 0x00, 0x00, 0x00, 0x00, 0x00, 0x00, 0x90, 0xff, 0xb8, /* 行19 */
    0xc4, 0xff, 0x88, 0x00, 0x00, 0x00, 0x00, 0x00, 0x00, 0x00, 0x00, 0x00, 0x00, 0x00, 0x00, 0x00, 0x90, 0xff, 0xb8, /* 行20 */
    0xc4, 0xff, 0x88, 0x00, 0x00, 0x00, 0x00, 0x00, 0x00, 0x00, 0x00, 0x00, 0x00, 0x00, 0x00, 0x00, 0x90, 0xff, 0xb8, /* 行21 */
    0xc4, 0xff, 0x88, 0x00, 0x00, 0x00, 0x00, 0x00, 0x00, 0x00, 0x00, 0x00, 0x00, 0x00, 0x00, 0x00, 0x90, 0xff, 0xb8, /* 行22 */
    0xc4, 0xff, 0x88, 0x00, 0x00, 0x00, 0x00, 0x00, 0x00, 0x00, 0x00, 0x00, 0x00, 0x00, 0x00, 0x00, 0x90, 0xff, 0xb8, /* 行23 */
    0xc4, 0xff, 0x88, 0x00, 0x00, 0x00, 0x00, 0x00, 0x00, 0x00, 0x00, 0x00, 0x00, 0x00, 0x00, 0x00, 0x90, 0xff, 0xb8, /* 行24 */
    0xc4, 0xff, 0x88, 0x00, 0x00, 0x00, 0x00, 0x00, 0x00, 0x00, 0x00, 0x00, 0x00, 0x00, 0x00, 0x00, 0x90, 0xff, 0xb8, /* 行25 */
    0xc4, 0xff, 0x88, 0x00, 0x00, 0x00, 0x00, 0x00, 0x00, 0x00, 0x00, 0x00, 0x00, 0x00, 0x00, 0x00, 0x90, 0xff, 0xb8, /* 行26 */
    0xc4, 0xff, 0x88, 0x00, 0x00, 0x00, 0x00, 0x00, 0x00, 0x00, 0x00, 0x00, 0x00, 0x00, 0x00, 0x00, 0x90, 0xff, 0xb8, /* 行27 */
    0xc4, 0xff, 0x88, 0x00, 0x00, 0x00, 0x00, 0x00, 0x00, 0x00, 0x00, 0x00, 0x00, 0x00, 0x00, 0x00, 0x90, 0xff, 0xb8, /* 行28 */
    0xc4, 0xff, 0xa9, 0x48, 0x48, 0x48, 0x48, 0x48, 0x48, 0x48, 0x48, 0x48, 0x48, 0x48, 0x48, 0x48, 0xaf, 0xff, 0xb8, /* 行29 */
    0xc4, 0xff, 0xff, 0xff, 0xff, 0xff, 0xff, 0xff, 0xff, 0xff, 0xff, 0xff, 0xff, 0xff, 0xff, 0xff, 0xff, 0xff, 0xb8, /* 行30 */
    0xc4, 0xff, 0xff, 0xff, 0xff, 0xff, 0xff, 0xff, 0xff, 0xff, 0xff, 0xff, 0xff, 0xff, 0xff, 0xff, 0xff, 0xff, 0xb8, /* 行31 */
};

/* 字符   6: ACK  */
/*
 * ████████████████████████████████████▓▓
 * ████████████████████████████████████▓▓
 * ████▓▓▒▒▒▒▒▒▒▒▒▒▒▒▒▒▒▒▒▒▒▒▒▒▒▒▒▒▓▓██▓▓
 * ████▓▓                          ▓▓██▓▓
 * ████▓▓                          ▓▓██▓▓
 * ████▓▓                          ▓▓██▓▓
 * ████▓▓                          ▓▓██▓▓
 * ████▓▓                          ▓▓██▓▓
 * ████▓▓                          ▓▓██▓▓
 * ████▓▓                          ▓▓██▓▓
 * ████▓▓                          ▓▓██▓▓
 * ████▓▓                          ▓▓██▓▓
 * ████▓▓                          ▓▓██▓▓
 * ████▓▓                          ▓▓██▓▓
 * ████▓▓                          ▓▓██▓▓
 * ████▓▓                          ▓▓██▓▓
 * ████▓▓                          ▓▓██▓▓
 * ████▓▓                          ▓▓██▓▓
 * ████▓▓                          ▓▓██▓▓
 * ████▓▓                          ▓▓██▓▓
 * ████▓▓                          ▓▓██▓▓
 * ████▓▓                          ▓▓██▓▓
 * ████▓▓                          ▓▓██▓▓
 * ████▓▓                          ▓▓██▓▓
 * ████▓▓                          ▓▓██▓▓
 * ████▓▓                          ▓▓██▓▓
 * ████▓▓                          ▓▓██▓▓
 * ████▓▓                          ▓▓██▓▓
 * ████▓▓                          ▓▓██▓▓
 * ████▓▓▒▒▒▒▒▒▒▒▒▒▒▒▒▒▒▒▒▒▒▒▒▒▒▒▒▒▓▓██▓▓
 * ████████████████████████████████████▓▓
 * ████████████████████████████████████▓▓
 */
static const unsigned char open_sans_45px_char_006_bitmap[] = {
    0xc4, 0xff, 0xff, 0xff, 0xff, 0xff, 0xff, 0xff, 0xff, 0xff, 0xff, 0xff, 0xff, 0xff, 0xff, 0xff, 0xff, 0xff, 0xb8, /* 行 0 */
    0xc4, 0xff, 0xff, 0xff, 0xff, 0xff, 0xff, 0xff, 0xff, 0xff, 0xff, 0xff, 0xff, 0xff, 0xff, 0xff, 0xff, 0xff, 0xb8, /* 行 1 */
    0xc4, 0xff, 0xa9, 0x48, 0x48, 0x48, 0x48, 0x48, 0x48, 0x48, 0x48, 0x48, 0x48, 0x48, 0x48, 0x48, 0xaf, 0xff, 0xb8, /* 行 2 */
    0xc4, 0xff, 0x88, 0x00, 0x00, 0x00, 0x00, 0x00, 0x00, 0x00, 0x00, 0x00, 0x00, 0x00, 0x00, 0x00, 0x90, 0xff, 0xb8, /* 行 3 */
    0xc4, 0xff, 0x88, 0x00, 0x00, 0x00, 0x00, 0x00, 0x00, 0x00, 0x00, 0x00, 0x00, 0x00, 0x00, 0x00, 0x90, 0xff, 0xb8, /* 行 4 */
    0xc4, 0xff, 0x88, 0x00, 0x00, 0x00, 0x00, 0x00, 0x00, 0x00, 0x00, 0x00, 0x00, 0x00, 0x00, 0x00, 0x90, 0xff, 0xb8, /* 行 5 */
    0xc4, 0xff, 0x88, 0x00, 0x00, 0x00, 0x00, 0x00, 0x00, 0x00, 0x00, 0x00, 0x00, 0x00, 0x00, 0x00, 0x90, 0xff, 0xb8, /* 行 6 */
    0xc4, 0xff, 0x88, 0x00, 0x00, 0x00, 0x00, 0x00, 0x00, 0x00, 0x00, 0x00, 0x00, 0x00, 0x00, 0x00, 0x90, 0xff, 0xb8, /* 行 7 */
    0xc4, 0xff, 0x88, 0x00, 0x00, 0x00, 0x00, 0x00, 0x00, 0x00, 0x00, 0x00, 0x00, 0x00, 0x00, 0x00, 0x90, 0xff, 0xb8, /* 行 8 */
    0xc4, 0xff, 0x88, 0x00, 0x00, 0x00, 0x00, 0x00, 0x00, 0x00, 0x00, 0x00, 0x00, 0x00, 0x00, 0x00, 0x90, 0xff, 0xb8, /* 行 9 */
    0xc4, 0xff, 0x88, 0x00, 0x00, 0x00, 0x00, 0x00, 0x00, 0x00, 0x00, 0x00, 0x00, 0x00, 0x00, 0x00, 0x90, 0xff, 0xb8, /* 行10 */
    0xc4, 0xff, 0x88, 0x00, 0x00, 0x00, 0x00, 0x00, 0x00, 0x00, 0x00, 0x00, 0x00, 0x00, 0x00, 0x00, 0x90, 0xff, 0xb8, /* 行11 */
    0xc4, 0xff, 0x88, 0x00, 0x00, 0x00, 0x00, 0x00, 0x00, 0x00, 0x00, 0x00, 0x00, 0x00, 0x00, 0x00, 0x90, 0xff, 0xb8, /* 行12 */
    0xc4, 0xff, 0x88, 0x00, 0x00, 0x00, 0x00, 0x00, 0x00, 0x00, 0x00, 0x00, 0x00, 0x00, 0x00, 0x00, 0x90, 0xff, 0xb8, /* 行13 */
    0xc4, 0xff, 0x88, 0x00, 0x00, 0x00, 0x00, 0x00, 0x00, 0x00, 0x00, 0x00, 0x00, 0x00, 0x00, 0x00, 0x90, 0xff, 0xb8, /* 行14 */
    0xc4, 0xff, 0x88, 0x00, 0x00, 0x00, 0x00, 0x00, 0x00, 0x00, 0x00, 0x00, 0x00, 0x00, 0x00, 0x00, 0x90, 0xff, 0xb8, /* 行15 */
    0xc4, 0xff, 0x88, 0x00, 0x00, 0x00, 0x00, 0x00, 0x00, 0x00, 0x00, 0x00, 0x00, 0x00, 0x00, 0x00, 0x90, 0xff, 0xb8, /* 行16 */
    0xc4, 0xff, 0x88, 0x00, 0x00, 0x00, 0x00, 0x00, 0x00, 0x00, 0x00, 0x00, 0x00, 0x00, 0x00, 0x00, 0x90, 0xff, 0xb8, /* 行17 */
    0xc4, 0xff, 0x88, 0x00, 0x00, 0x00, 0x00, 0x00, 0x00, 0x00, 0x00, 0x00, 0x00, 0x00, 0x00, 0x00, 0x90, 0xff, 0xb8, /* 行18 */
    0xc4, 0xff, 0x88, 0x00, 0x00, 0x00, 0x00, 0x00, 0x00, 0x00, 0x00, 0x00, 0x00, 0x00, 0x00, 0x00, 0x90, 0xff, 0xb8, /* 行19 */
    0xc4, 0xff, 0x88, 0x00, 0x00, 0x00, 0x00, 0x00, 0x00, 0x00, 0x00, 0x00, 0x00, 0x00, 0x00, 0x00, 0x90, 0xff, 0xb8, /* 行20 */
    0xc4, 0xff, 0x88, 0x00, 0x00, 0x00, 0x00, 0x00, 0x00, 0x00, 0x00, 0x00, 0x00, 0x00, 0x00, 0x00, 0x90, 0xff, 0xb8, /* 行21 */
    0xc4, 0xff, 0x88, 0x00, 0x00, 0x00, 0x00, 0x00, 0x00, 0x00, 0x00, 0x00, 0x00, 0x00, 0x00, 0x00, 0x90, 0xff, 0xb8, /* 行22 */
    0xc4, 0xff, 0x88, 0x00, 0x00, 0x00, 0x00, 0x00, 0x00, 0x00, 0x00, 0x00, 0x00, 0x00, 0x00, 0x00, 0x90, 0xff, 0xb8, /* 行23 */
    0xc4, 0xff, 0x88, 0x00, 0x00, 0x00, 0x00, 0x00, 0x00, 0x00, 0x00, 0x00, 0x00, 0x00, 0x00, 0x00, 0x90, 0xff, 0xb8, /* 行24 */
    0xc4, 0xff, 0x88, 0x00, 0x00, 0x00, 0x00, 0x00, 0x00, 0x00, 0x00, 0x00, 0x00, 0x00, 0x00, 0x00, 0x90, 0xff, 0xb8, /* 行25 */
    0xc4, 0xff, 0x88, 0x00, 0x00, 0x00, 0x00, 0x00, 0x00, 0x00, 0x00, 0x00, 0x00, 0x00, 0x00, 0x00, 0x90, 0xff, 0xb8, /* 行26 */
    0xc4, 0xff, 0x88, 0x00, 0x00, 0x00, 0x00, 0x00, 0x00, 0x00, 0x00, 0x00, 0x00, 0x00, 0x00, 0x00, 0x90, 0xff, 0xb8, /* 行27 */
    0xc4, 0xff, 0x88, 0x00, 0x00, 0x00, 0x00, 0x00, 0x00, 0x00, 0x00, 0x00, 0x00, 0x00, 0x00, 0x00, 0x90, 0xff, 0xb8, /* 行28 */
    0xc4, 0xff, 0xa9, 0x48, 0x48, 0x48, 0x48, 0x48, 0x48, 0x48, 0x48, 0x48, 0x48, 0x48, 0x48, 0x48, 0xaf, 0xff, 0xb8, /* 行29 */
    0xc4, 0xff, 0xff, 0xff, 0xff, 0xff, 0xff, 0xff, 0xff, 0xff, 0xff, 0xff, 0xff, 0xff, 0xff, 0xff, 0xff, 0xff, 0xb8, /* 行30 */
    0xc4, 0xff, 0xff, 0xff, 0xff, 0xff, 0xff, 0xff, 0xff, 0xff, 0xff, 0xff, 0xff, 0xff, 0xff, 0xff, 0xff, 0xff, 0xb8, /* 行31 */
};

/* 字符   7: BEL  */
/*
 * ████████████████████████████████████▓▓
 * ████████████████████████████████████▓▓
 * ████▓▓▒▒▒▒▒▒▒▒▒▒▒▒▒▒▒▒▒▒▒▒▒▒▒▒▒▒▓▓██▓▓
 * ████▓▓                          ▓▓██▓▓
 * ████▓▓                          ▓▓██▓▓
 * ████▓▓                          ▓▓██▓▓
 * ████▓▓                          ▓▓██▓▓
 * ████▓▓                          ▓▓██▓▓
 * ████▓▓                          ▓▓██▓▓
 * ████▓▓                          ▓▓██▓▓
 * ████▓▓                          ▓▓██▓▓
 * ████▓▓                          ▓▓██▓▓
 * ████▓▓                          ▓▓██▓▓
 * ████▓▓                          ▓▓██▓▓
 * ████▓▓                          ▓▓██▓▓
 * ████▓▓                          ▓▓██▓▓
 * ████▓▓                          ▓▓██▓▓
 * ████▓▓                          ▓▓██▓▓
 * ████▓▓                          ▓▓██▓▓
 * ████▓▓                          ▓▓██▓▓
 * ████▓▓                          ▓▓██▓▓
 * ████▓▓                          ▓▓██▓▓
 * ████▓▓                          ▓▓██▓▓
 * ████▓▓                          ▓▓██▓▓
 * ████▓▓                          ▓▓██▓▓
 * ████▓▓                          ▓▓██▓▓
 * ████▓▓                          ▓▓██▓▓
 * ████▓▓                          ▓▓██▓▓
 * ████▓▓                          ▓▓██▓▓
 * ████▓▓▒▒▒▒▒▒▒▒▒▒▒▒▒▒▒▒▒▒▒▒▒▒▒▒▒▒▓▓██▓▓
 * ████████████████████████████████████▓▓
 * ████████████████████████████████████▓▓
 */
static const unsigned char open_sans_45px_char_007_bitmap[] = {
    0xc4, 0xff, 0xff, 0xff, 0xff, 0xff, 0xff, 0xff, 0xff, 0xff, 0xff, 0xff, 0xff, 0xff, 0xff, 0xff, 0xff, 0xff, 0xb8, /* 行 0 */
    0xc4, 0xff, 0xff, 0xff, 0xff, 0xff, 0xff, 0xff, 0xff, 0xff, 0xff, 0xff, 0xff, 0xff, 0xff, 0xff, 0xff, 0xff, 0xb8, /* 行 1 */
    0xc4, 0xff, 0xa9, 0x48, 0x48, 0x48, 0x48, 0x48, 0x48, 0x48, 0x48, 0x48, 0x48, 0x48, 0x48, 0x48, 0xaf, 0xff, 0xb8, /* 行 2 */
    0xc4, 0xff, 0x88, 0x00, 0x00, 0x00, 0x00, 0x00, 0x00, 0x00, 0x00, 0x00, 0x00, 0x00, 0x00, 0x00, 0x90, 0xff, 0xb8, /* 行 3 */
    0xc4, 0xff, 0x88, 0x00, 0x00, 0x00, 0x00, 0x00, 0x00, 0x00, 0x00, 0x00, 0x00, 0x00, 0x00, 0x00, 0x90, 0xff, 0xb8, /* 行 4 */
    0xc4, 0xff, 0x88, 0x00, 0x00, 0x00, 0x00, 0x00, 0x00, 0x00, 0x00, 0x00, 0x00, 0x00, 0x00, 0x00, 0x90, 0xff, 0xb8, /* 行 5 */
    0xc4, 0xff, 0x88, 0x00, 0x00, 0x00, 0x00, 0x00, 0x00, 0x00, 0x00, 0x00, 0x00, 0x00, 0x00, 0x00, 0x90, 0xff, 0xb8, /* 行 6 */
    0xc4, 0xff, 0x88, 0x00, 0x00, 0x00, 0x00, 0x00, 0x00, 0x00, 0x00, 0x00, 0x00, 0x00, 0x00, 0x00, 0x90, 0xff, 0xb8, /* 行 7 */
    0xc4, 0xff, 0x88, 0x00, 0x00, 0x00, 0x00, 0x00, 0x00, 0x00, 0x00, 0x00, 0x00, 0x00, 0x00, 0x00, 0x90, 0xff, 0xb8, /* 行 8 */
    0xc4, 0xff, 0x88, 0x00, 0x00, 0x00, 0x00, 0x00, 0x00, 0x00, 0x00, 0x00, 0x00, 0x00, 0x00, 0x00, 0x90, 0xff, 0xb8, /* 行 9 */
    0xc4, 0xff, 0x88, 0x00, 0x00, 0x00, 0x00, 0x00, 0x00, 0x00, 0x00, 0x00, 0x00, 0x00, 0x00, 0x00, 0x90, 0xff, 0xb8, /* 行10 */
    0xc4, 0xff, 0x88, 0x00, 0x00, 0x00, 0x00, 0x00, 0x00, 0x00, 0x00, 0x00, 0x00, 0x00, 0x00, 0x00, 0x90, 0xff, 0xb8, /* 行11 */
    0xc4, 0xff, 0x88, 0x00, 0x00, 0x00, 0x00, 0x00, 0x00, 0x00, 0x00, 0x00, 0x00, 0x00, 0x00, 0x00, 0x90, 0xff, 0xb8, /* 行12 */
    0xc4, 0xff, 0x88, 0x00, 0x00, 0x00, 0x00, 0x00, 0x00, 0x00, 0x00, 0x00, 0x00, 0x00, 0x00, 0x00, 0x90, 0xff, 0xb8, /* 行13 */
    0xc4, 0xff, 0x88, 0x00, 0x00, 0x00, 0x00, 0x00, 0x00, 0x00, 0x00, 0x00, 0x00, 0x00, 0x00, 0x00, 0x90, 0xff, 0xb8, /* 行14 */
    0xc4, 0xff, 0x88, 0x00, 0x00, 0x00, 0x00, 0x00, 0x00, 0x00, 0x00, 0x00, 0x00, 0x00, 0x00, 0x00, 0x90, 0xff, 0xb8, /* 行15 */
    0xc4, 0xff, 0x88, 0x00, 0x00, 0x00, 0x00, 0x00, 0x00, 0x00, 0x00, 0x00, 0x00, 0x00, 0x00, 0x00, 0x90, 0xff, 0xb8, /* 行16 */
    0xc4, 0xff, 0x88, 0x00, 0x00, 0x00, 0x00, 0x00, 0x00, 0x00, 0x00, 0x00, 0x00, 0x00, 0x00, 0x00, 0x90, 0xff, 0xb8, /* 行17 */
    0xc4, 0xff, 0x88, 0x00, 0x00, 0x00, 0x00, 0x00, 0x00, 0x00, 0x00, 0x00, 0x00, 0x00, 0x00, 0x00, 0x90, 0xff, 0xb8, /* 行18 */
    0xc4, 0xff, 0x88, 0x00, 0x00, 0x00, 0x00, 0x00, 0x00, 0x00, 0x00, 0x00, 0x00, 0x00, 0x00, 0x00, 0x90, 0xff, 0xb8, /* 行19 */
    0xc4, 0xff, 0x88, 0x00, 0x00, 0x00, 0x00, 0x00, 0x00, 0x00, 0x00, 0x00, 0x00, 0x00, 0x00, 0x00, 0x90, 0xff, 0xb8, /* 行20 */
    0xc4, 0xff, 0x88, 0x00, 0x00, 0x00, 0x00, 0x00, 0x00, 0x00, 0x00, 0x00, 0x00, 0x00, 0x00, 0x00, 0x90, 0xff, 0xb8, /* 行21 */
    0xc4, 0xff, 0x88, 0x00, 0x00, 0x00, 0x00, 0x00, 0x00, 0x00, 0x00, 0x00, 0x00, 0x00, 0x00, 0x00, 0x90, 0xff, 0xb8, /* 行22 */
    0xc4, 0xff, 0x88, 0x00, 0x00, 0x00, 0x00, 0x00, 0x00, 0x00, 0x00, 0x00, 0x00, 0x00, 0x00, 0x00, 0x90, 0xff, 0xb8, /* 行23 */
    0xc4, 0xff, 0x88, 0x00, 0x00, 0x00, 0x00, 0x00, 0x00, 0x00, 0x00, 0x00, 0x00, 0x00, 0x00, 0x00, 0x90, 0xff, 0xb8, /* 行24 */
    0xc4, 0xff, 0x88, 0x00, 0x00, 0x00, 0x00, 0x00, 0x00, 0x00, 0x00, 0x00, 0x00, 0x00, 0x00, 0x00, 0x90, 0xff, 0xb8, /* 行25 */
    0xc4, 0xff, 0x88, 0x00, 0x00, 0x00, 0x00, 0x00, 0x00, 0x00, 0x00, 0x00, 0x00, 0x00, 0x00, 0x00, 0x90, 0xff, 0xb8, /* 行26 */
    0xc4, 0xff, 0x88, 0x00, 0x00, 0x00, 0x00, 0x00, 0x00, 0x00, 0x00, 0x00, 0x00, 0x00, 0x00, 0x00, 0x90, 0xff, 0xb8, /* 行27 */
    0xc4, 0xff, 0x88, 0x00, 0x00, 0x00, 0x00, 0x00, 0x00, 0x00, 0x00, 0x00, 0x00, 0x00, 0x00, 0x00, 0x90, 0xff, 0xb8, /* 行28 */
    0xc4, 0xff, 0xa9, 0x48, 0x48, 0x48, 0x48, 0x48, 0x48, 0x48, 0x48, 0x48, 0x48, 0x48, 0x48, 0x48, 0xaf, 0xff, 0xb8, /* 行29 */
    0xc4, 0xff, 0xff, 0xff, 0xff, 0xff, 0xff, 0xff, 0xff, 0xff, 0xff, 0xff, 0xff, 0xff, 0xff, 0xff, 0xff, 0xff, 0xb8, /* 行30 */
    0xc4, 0xff, 0xff, 0xff, 0xff, 0xff, 0xff, 0xff, 0xff, 0xff, 0xff, 0xff, 0xff, 0xff, 0xff, 0xff, 0xff, 0xff, 0xb8, /* 行31 */
};

/* 字符   8: BS   */
/*
 * ████████████████████████████████████▓▓
 * ████████████████████████████████████▓▓
 * ████▓▓▒▒▒▒▒▒▒▒▒▒▒▒▒▒▒▒▒▒▒▒▒▒▒▒▒▒▓▓██▓▓
 * ████▓▓                          ▓▓██▓▓
 * ████▓▓                          ▓▓██▓▓
 * ████▓▓                          ▓▓██▓▓
 * ████▓▓                          ▓▓██▓▓
 * ████▓▓                          ▓▓██▓▓
 * ████▓▓                          ▓▓██▓▓
 * ████▓▓                          ▓▓██▓▓
 * ████▓▓                          ▓▓██▓▓
 * ████▓▓                          ▓▓██▓▓
 * ████▓▓                          ▓▓██▓▓
 * ████▓▓                          ▓▓██▓▓
 * ████▓▓                          ▓▓██▓▓
 * ████▓▓                          ▓▓██▓▓
 * ████▓▓                          ▓▓██▓▓
 * ████▓▓                          ▓▓██▓▓
 * ████▓▓                          ▓▓██▓▓
 * ████▓▓                          ▓▓██▓▓
 * ████▓▓                          ▓▓██▓▓
 * ████▓▓                          ▓▓██▓▓
 * ████▓▓                          ▓▓██▓▓
 * ████▓▓                          ▓▓██▓▓
 * ████▓▓                          ▓▓██▓▓
 * ████▓▓                          ▓▓██▓▓
 * ████▓▓                          ▓▓██▓▓
 * ████▓▓                          ▓▓██▓▓
 * ████▓▓                          ▓▓██▓▓
 * ████▓▓▒▒▒▒▒▒▒▒▒▒▒▒▒▒▒▒▒▒▒▒▒▒▒▒▒▒▓▓██▓▓
 * ████████████████████████████████████▓▓
 * ████████████████████████████████████▓▓
 */
static const unsigned char open_sans_45px_char_008_bitmap[] = {
    0xc4, 0xff, 0xff, 0xff, 0xff, 0xff, 0xff, 0xff, 0xff, 0xff, 0xff, 0xff, 0xff, 0xff, 0xff, 0xff, 0xff, 0xff, 0xb8, /* 行 0 */
    0xc4, 0xff, 0xff, 0xff, 0xff, 0xff, 0xff, 0xff, 0xff, 0xff, 0xff, 0xff, 0xff, 0xff, 0xff, 0xff, 0xff, 0xff, 0xb8, /* 行 1 */
    0xc4, 0xff, 0xa9, 0x48, 0x48, 0x48, 0x48, 0x48, 0x48, 0x48, 0x48, 0x48, 0x48, 0x48, 0x48, 0x48, 0xaf, 0xff, 0xb8, /* 行 2 */
    0xc4, 0xff, 0x88, 0x00, 0x00, 0x00, 0x00, 0x00, 0x00, 0x00, 0x00, 0x00, 0x00, 0x00, 0x00, 0x00, 0x90, 0xff, 0xb8, /* 行 3 */
    0xc4, 0xff, 0x88, 0x00, 0x00, 0x00, 0x00, 0x00, 0x00, 0x00, 0x00, 0x00, 0x00, 0x00, 0x00, 0x00, 0x90, 0xff, 0xb8, /* 行 4 */
    0xc4, 0xff, 0x88, 0x00, 0x00, 0x00, 0x00, 0x00, 0x00, 0x00, 0x00, 0x00, 0x00, 0x00, 0x00, 0x00, 0x90, 0xff, 0xb8, /* 行 5 */
    0xc4, 0xff, 0x88, 0x00, 0x00, 0x00, 0x00, 0x00, 0x00, 0x00, 0x00, 0x00, 0x00, 0x00, 0x00, 0x00, 0x90, 0xff, 0xb8, /* 行 6 */
    0xc4, 0xff, 0x88, 0x00, 0x00, 0x00, 0x00, 0x00, 0x00, 0x00, 0x00, 0x00, 0x00, 0x00, 0x00, 0x00, 0x90, 0xff, 0xb8, /* 行 7 */
    0xc4, 0xff, 0x88, 0x00, 0x00, 0x00, 0x00, 0x00, 0x00, 0x00, 0x00, 0x00, 0x00, 0x00, 0x00, 0x00, 0x90, 0xff, 0xb8, /* 行 8 */
    0xc4, 0xff, 0x88, 0x00, 0x00, 0x00, 0x00, 0x00, 0x00, 0x00, 0x00, 0x00, 0x00, 0x00, 0x00, 0x00, 0x90, 0xff, 0xb8, /* 行 9 */
    0xc4, 0xff, 0x88, 0x00, 0x00, 0x00, 0x00, 0x00, 0x00, 0x00, 0x00, 0x00, 0x00, 0x00, 0x00, 0x00, 0x90, 0xff, 0xb8, /* 行10 */
    0xc4, 0xff, 0x88, 0x00, 0x00, 0x00, 0x00, 0x00, 0x00, 0x00, 0x00, 0x00, 0x00, 0x00, 0x00, 0x00, 0x90, 0xff, 0xb8, /* 行11 */
    0xc4, 0xff, 0x88, 0x00, 0x00, 0x00, 0x00, 0x00, 0x00, 0x00, 0x00, 0x00, 0x00, 0x00, 0x00, 0x00, 0x90, 0xff, 0xb8, /* 行12 */
    0xc4, 0xff, 0x88, 0x00, 0x00, 0x00, 0x00, 0x00, 0x00, 0x00, 0x00, 0x00, 0x00, 0x00, 0x00, 0x00, 0x90, 0xff, 0xb8, /* 行13 */
    0xc4, 0xff, 0x88, 0x00, 0x00, 0x00, 0x00, 0x00, 0x00, 0x00, 0x00, 0x00, 0x00, 0x00, 0x00, 0x00, 0x90, 0xff, 0xb8, /* 行14 */
    0xc4, 0xff, 0x88, 0x00, 0x00, 0x00, 0x00, 0x00, 0x00, 0x00, 0x00, 0x00, 0x00, 0x00, 0x00, 0x00, 0x90, 0xff, 0xb8, /* 行15 */
    0xc4, 0xff, 0x88, 0x00, 0x00, 0x00, 0x00, 0x00, 0x00, 0x00, 0x00, 0x00, 0x00, 0x00, 0x00, 0x00, 0x90, 0xff, 0xb8, /* 行16 */
    0xc4, 0xff, 0x88, 0x00, 0x00, 0x00, 0x00, 0x00, 0x00, 0x00, 0x00, 0x00, 0x00, 0x00, 0x00, 0x00, 0x90, 0xff, 0xb8, /* 行17 */
    0xc4, 0xff, 0x88, 0x00, 0x00, 0x00, 0x00, 0x00, 0x00, 0x00, 0x00, 0x00, 0x00, 0x00, 0x00, 0x00, 0x90, 0xff, 0xb8, /* 行18 */
    0xc4, 0xff, 0x88, 0x00, 0x00, 0x00, 0x00, 0x00, 0x00, 0x00, 0x00, 0x00, 0x00, 0x00, 0x00, 0x00, 0x90, 0xff, 0xb8, /* 行19 */
    0xc4, 0xff, 0x88, 0x00, 0x00, 0x00, 0x00, 0x00, 0x00, 0x00, 0x00, 0x00, 0x00, 0x00, 0x00, 0x00, 0x90, 0xff, 0xb8, /* 行20 */
    0xc4, 0xff, 0x88, 0x00, 0x00, 0x00, 0x00, 0x00, 0x00, 0x00, 0x00, 0x00, 0x00, 0x00, 0x00, 0x00, 0x90, 0xff, 0xb8, /* 行21 */
    0xc4, 0xff, 0x88, 0x00, 0x00, 0x00, 0x00, 0x00, 0x00, 0x00, 0x00, 0x00, 0x00, 0x00, 0x00, 0x00, 0x90, 0xff, 0xb8, /* 行22 */
    0xc4, 0xff, 0x88, 0x00, 0x00, 0x00, 0x00, 0x00, 0x00, 0x00, 0x00, 0x00, 0x00, 0x00, 0x00, 0x00, 0x90, 0xff, 0xb8, /* 行23 */
    0xc4, 0xff, 0x88, 0x00, 0x00, 0x00, 0x00, 0x00, 0x00, 0x00, 0x00, 0x00, 0x00, 0x00, 0x00, 0x00, 0x90, 0xff, 0xb8, /* 行24 */
    0xc4, 0xff, 0x88, 0x00, 0x00, 0x00, 0x00, 0x00, 0x00, 0x00, 0x00, 0x00, 0x00, 0x00, 0x00, 0x00, 0x90, 0xff, 0xb8, /* 行25 */
    0xc4, 0xff, 0x88, 0x00, 0x00, 0x00, 0x00, 0x00, 0x00, 0x00, 0x00, 0x00, 0x00, 0x00, 0x00, 0x00, 0x90, 0xff, 0xb8, /* 行26 */
    0xc4, 0xff, 0x88, 0x00, 0x00, 0x00, 0x00, 0x00, 0x00, 0x00, 0x00, 0x00, 0x00, 0x00, 0x00, 0x00, 0x90, 0xff, 0xb8, /* 行27 */
    0xc4, 0xff, 0x88, 0x00, 0x00, 0x00, 0x00, 0x00, 0x00, 0x00, 0x00, 0x00, 0x00, 0x00, 0x00, 0x00, 0x90, 0xff, 0xb8, /* 行28 */
    0xc4, 0xff, 0xa9, 0x48, 0x48, 0x48, 0x48, 0x48, 0x48, 0x48, 0x48, 0x48, 0x48, 0x48, 0x48, 0x48, 0xaf, 0xff, 0xb8, /* 行29 */
    0xc4, 0xff, 0xff, 0xff, 0xff, 0xff, 0xff, 0xff, 0xff, 0xff, 0xff, 0xff, 0xff, 0xff, 0xff, 0xff, 0xff, 0xff, 0xb8, /* 行30 */
    0xc4, 0xff, 0xff, 0xff, 0xff, 0xff, 0xff, 0xff, 0xff, 0xff, 0xff, 0xff, 0xff, 0xff, 0xff, 0xff, 0xff, 0xff, 0xb8, /* 行31 */
};

/* 字符   9: HT   */
/*
 * ████████████████████████████████████▓▓
 * ████████████████████████████████████▓▓
 * ████▓▓▒▒▒▒▒▒▒▒▒▒▒▒▒▒▒▒▒▒▒▒▒▒▒▒▒▒▓▓██▓▓
 * ████▓▓                          ▓▓██▓▓
 * ████▓▓                          ▓▓██▓▓
 * ████▓▓                          ▓▓██▓▓
 * ████▓▓                          ▓▓██▓▓
 * ████▓▓                          ▓▓██▓▓
 * ████▓▓                          ▓▓██▓▓
 * ████▓▓                          ▓▓██▓▓
 * ████▓▓                          ▓▓██▓▓
 * ████▓▓                          ▓▓██▓▓
 * ████▓▓                          ▓▓██▓▓
 * ████▓▓                          ▓▓██▓▓
 * ████▓▓                          ▓▓██▓▓
 * ████▓▓                          ▓▓██▓▓
 * ████▓▓                          ▓▓██▓▓
 * ████▓▓                          ▓▓██▓▓
 * ████▓▓                          ▓▓██▓▓
 * ████▓▓                          ▓▓██▓▓
 * ████▓▓                          ▓▓██▓▓
 * ████▓▓                          ▓▓██▓▓
 * ████▓▓                          ▓▓██▓▓
 * ████▓▓                          ▓▓██▓▓
 * ████▓▓                          ▓▓██▓▓
 * ████▓▓                          ▓▓██▓▓
 * ████▓▓                          ▓▓██▓▓
 * ████▓▓                          ▓▓██▓▓
 * ████▓▓                          ▓▓██▓▓
 * ████▓▓▒▒▒▒▒▒▒▒▒▒▒▒▒▒▒▒▒▒▒▒▒▒▒▒▒▒▓▓██▓▓
 * ████████████████████████████████████▓▓
 * ████████████████████████████████████▓▓
 */
static const unsigned char open_sans_45px_char_009_bitmap[] = {
    0xc4, 0xff, 0xff, 0xff, 0xff, 0xff, 0xff, 0xff, 0xff, 0xff, 0xff, 0xff, 0xff, 0xff, 0xff, 0xff, 0xff, 0xff, 0xb8, /* 行 0 */
    0xc4, 0xff, 0xff, 0xff, 0xff, 0xff, 0xff, 0xff, 0xff, 0xff, 0xff, 0xff, 0xff, 0xff, 0xff, 0xff, 0xff, 0xff, 0xb8, /* 行 1 */
    0xc4, 0xff, 0xa9, 0x48, 0x48, 0x48, 0x48, 0x48, 0x48, 0x48, 0x48, 0x48, 0x48, 0x48, 0x48, 0x48, 0xaf, 0xff, 0xb8, /* 行 2 */
    0xc4, 0xff, 0x88, 0x00, 0x00, 0x00, 0x00, 0x00, 0x00, 0x00, 0x00, 0x00, 0x00, 0x00, 0x00, 0x00, 0x90, 0xff, 0xb8, /* 行 3 */
    0xc4, 0xff, 0x88, 0x00, 0x00, 0x00, 0x00, 0x00, 0x00, 0x00, 0x00, 0x00, 0x00, 0x00, 0x00, 0x00, 0x90, 0xff, 0xb8, /* 行 4 */
    0xc4, 0xff, 0x88, 0x00, 0x00, 0x00, 0x00, 0x00, 0x00, 0x00, 0x00, 0x00, 0x00, 0x00, 0x00, 0x00, 0x90, 0xff, 0xb8, /* 行 5 */
    0xc4, 0xff, 0x88, 0x00, 0x00, 0x00, 0x00, 0x00, 0x00, 0x00, 0x00, 0x00, 0x00, 0x00, 0x00, 0x00, 0x90, 0xff, 0xb8, /* 行 6 */
    0xc4, 0xff, 0x88, 0x00, 0x00, 0x00, 0x00, 0x00, 0x00, 0x00, 0x00, 0x00, 0x00, 0x00, 0x00, 0x00, 0x90, 0xff, 0xb8, /* 行 7 */
    0xc4, 0xff, 0x88, 0x00, 0x00, 0x00, 0x00, 0x00, 0x00, 0x00, 0x00, 0x00, 0x00, 0x00, 0x00, 0x00, 0x90, 0xff, 0xb8, /* 行 8 */
    0xc4, 0xff, 0x88, 0x00, 0x00, 0x00, 0x00, 0x00, 0x00, 0x00, 0x00, 0x00, 0x00, 0x00, 0x00, 0x00, 0x90, 0xff, 0xb8, /* 行 9 */
    0xc4, 0xff, 0x88, 0x00, 0x00, 0x00, 0x00, 0x00, 0x00, 0x00, 0x00, 0x00, 0x00, 0x00, 0x00, 0x00, 0x90, 0xff, 0xb8, /* 行10 */
    0xc4, 0xff, 0x88, 0x00, 0x00, 0x00, 0x00, 0x00, 0x00, 0x00, 0x00, 0x00, 0x00, 0x00, 0x00, 0x00, 0x90, 0xff, 0xb8, /* 行11 */
    0xc4, 0xff, 0x88, 0x00, 0x00, 0x00, 0x00, 0x00, 0x00, 0x00, 0x00, 0x00, 0x00, 0x00, 0x00, 0x00, 0x90, 0xff, 0xb8, /* 行12 */
    0xc4, 0xff, 0x88, 0x00, 0x00, 0x00, 0x00, 0x00, 0x00, 0x00, 0x00, 0x00, 0x00, 0x00, 0x00, 0x00, 0x90, 0xff, 0xb8, /* 行13 */
    0xc4, 0xff, 0x88, 0x00, 0x00, 0x00, 0x00, 0x00, 0x00, 0x00, 0x00, 0x00, 0x00, 0x00, 0x00, 0x00, 0x90, 0xff, 0xb8, /* 行14 */
    0xc4, 0xff, 0x88, 0x00, 0x00, 0x00, 0x00, 0x00, 0x00, 0x00, 0x00, 0x00, 0x00, 0x00, 0x00, 0x00, 0x90, 0xff, 0xb8, /* 行15 */
    0xc4, 0xff, 0x88, 0x00, 0x00, 0x00, 0x00, 0x00, 0x00, 0x00, 0x00, 0x00, 0x00, 0x00, 0x00, 0x00, 0x90, 0xff, 0xb8, /* 行16 */
    0xc4, 0xff, 0x88, 0x00, 0x00, 0x00, 0x00, 0x00, 0x00, 0x00, 0x00, 0x00, 0x00, 0x00, 0x00, 0x00, 0x90, 0xff, 0xb8, /* 行17 */
    0xc4, 0xff, 0x88, 0x00, 0x00, 0x00, 0x00, 0x00, 0x00, 0x00, 0x00, 0x00, 0x00, 0x00, 0x00, 0x00, 0x90, 0xff, 0xb8, /* 行18 */
    0xc4, 0xff, 0x88, 0x00, 0x00, 0x00, 0x00, 0x00, 0x00, 0x00, 0x00, 0x00, 0x00, 0x00, 0x00, 0x00, 0x90, 0xff, 0xb8, /* 行19 */
    0xc4, 0xff, 0x88, 0x00, 0x00, 0x00, 0x00, 0x00, 0x00, 0x00, 0x00, 0x00, 0x00, 0x00, 0x00, 0x00, 0x90, 0xff, 0xb8, /* 行20 */
    0xc4, 0xff, 0x88, 0x00, 0x00, 0x00, 0x00, 0x00, 0x00, 0x00, 0x00, 0x00, 0x00, 0x00, 0x00, 0x00, 0x90, 0xff, 0xb8, /* 行21 */
    0xc4, 0xff, 0x88, 0x00, 0x00, 0x00, 0x00, 0x00, 0x00, 0x00, 0x00, 0x00, 0x00, 0x00, 0x00, 0x00, 0x90, 0xff, 0xb8, /* 行22 */
    0xc4, 0xff, 0x88, 0x00, 0x00, 0x00, 0x00, 0x00, 0x00, 0x00, 0x00, 0x00, 0x00, 0x00, 0x00, 0x00, 0x90, 0xff, 0xb8, /* 行23 */
    0xc4, 0xff, 0x88, 0x00, 0x00, 0x00, 0x00, 0x00, 0x00, 0x00, 0x00, 0x00, 0x00, 0x00, 0x00, 0x00, 0x90, 0xff, 0xb8, /* 行24 */
    0xc4, 0xff, 0x88, 0x00, 0x00, 0x00, 0x00, 0x00, 0x00, 0x00, 0x00, 0x00, 0x00, 0x00, 0x00, 0x00, 0x90, 0xff, 0xb8, /* 行25 */
    0xc4, 0xff, 0x88, 0x00, 0x00, 0x00, 0x00, 0x00, 0x00, 0x00, 0x00, 0x00, 0x00, 0x00, 0x00, 0x00, 0x90, 0xff, 0xb8, /* 行26 */
    0xc4, 0xff, 0x88, 0x00, 0x00, 0x00, 0x00, 0x00, 0x00, 0x00, 0x00, 0x00, 0x00, 0x00, 0x00, 0x00, 0x90, 0xff, 0xb8, /* 行27 */
    0xc4, 0xff, 0x88, 0x00, 0x00, 0x00, 0x00, 0x00, 0x00, 0x00, 0x00, 0x00, 0x00, 0x00, 0x00, 0x00, 0x90, 0xff, 0xb8, /* 行28 */
    0xc4, 0xff, 0xa9, 0x48, 0x48, 0x48, 0x48, 0x48, 0x48, 0x48, 0x48, 0x48, 0x48, 0x48, 0x48, 0x48, 0xaf, 0xff, 0xb8, /* 行29 */
    0xc4, 0xff, 0xff, 0xff, 0xff, 0xff, 0xff, 0xff, 0xff, 0xff, 0xff, 0xff, 0xff, 0xff, 0xff, 0xff, 0xff, 0xff, 0xb8, /* 行30 */
    0xc4, 0xff, 0xff, 0xff, 0xff, 0xff, 0xff, 0xff, 0xff, 0xff, 0xff, 0xff, 0xff, 0xff, 0xff, 0xff, 0xff, 0xff, 0xb8, /* 行31 */
};

/* 字符  10: LF   */
/*
 * ████████████████████████████████████▓▓
 * ████████████████████████████████████▓▓
 * ████▓▓▒▒▒▒▒▒▒▒▒▒▒▒▒▒▒▒▒▒▒▒▒▒▒▒▒▒▓▓██▓▓
 * ████▓▓                          ▓▓██▓▓
 * ████▓▓                          ▓▓██▓▓
 * ████▓▓                          ▓▓██▓▓
 * ████▓▓                          ▓▓██▓▓
 * ████▓▓                          ▓▓██▓▓
 * ████▓▓                          ▓▓██▓▓
 * ████▓▓                          ▓▓██▓▓
 * ████▓▓                          ▓▓██▓▓
 * ████▓▓                          ▓▓██▓▓
 * ████▓▓                          ▓▓██▓▓
 * ████▓▓                          ▓▓██▓▓
 * ████▓▓                          ▓▓██▓▓
 * ████▓▓                          ▓▓██▓▓
 * ████▓▓                          ▓▓██▓▓
 * ████▓▓                          ▓▓██▓▓
 * ████▓▓                          ▓▓██▓▓
 * ████▓▓                          ▓▓██▓▓
 * ████▓▓                          ▓▓██▓▓
 * ████▓▓                          ▓▓██▓▓
 * ████▓▓                          ▓▓██▓▓
 * ████▓▓                          ▓▓██▓▓
 * ████▓▓                          ▓▓██▓▓
 * ████▓▓                          ▓▓██▓▓
 * ████▓▓                          ▓▓██▓▓
 * ████▓▓                          ▓▓██▓▓
 * ████▓▓                          ▓▓██▓▓
 * ████▓▓▒▒▒▒▒▒▒▒▒▒▒▒▒▒▒▒▒▒▒▒▒▒▒▒▒▒▓▓██▓▓
 * ████████████████████████████████████▓▓
 * ████████████████████████████████████▓▓
 */
static const unsigned char open_sans_45px_char_010_bitmap[] = {
    0xc4, 0xff, 0xff, 0xff, 0xff, 0xff, 0xff, 0xff, 0xff, 0xff, 0xff, 0xff, 0xff, 0xff, 0xff, 0xff, 0xff, 0xff, 0xb8, /* 行 0 */
    0xc4, 0xff, 0xff, 0xff, 0xff, 0xff, 0xff, 0xff, 0xff, 0xff, 0xff, 0xff, 0xff, 0xff, 0xff, 0xff, 0xff, 0xff, 0xb8, /* 行 1 */
    0xc4, 0xff, 0xa9, 0x48, 0x48, 0x48, 0x48, 0x48, 0x48, 0x48, 0x48, 0x48, 0x48, 0x48, 0x48, 0x48, 0xaf, 0xff, 0xb8, /* 行 2 */
    0xc4, 0xff, 0x88, 0x00, 0x00, 0x00, 0x00, 0x00, 0x00, 0x00, 0x00, 0x00, 0x00, 0x00, 0x00, 0x00, 0x90, 0xff, 0xb8, /* 行 3 */
    0xc4, 0xff, 0x88, 0x00, 0x00, 0x00, 0x00, 0x00, 0x00, 0x00, 0x00, 0x00, 0x00, 0x00, 0x00, 0x00, 0x90, 0xff, 0xb8, /* 行 4 */
    0xc4, 0xff, 0x88, 0x00, 0x00, 0x00, 0x00, 0x00, 0x00, 0x00, 0x00, 0x00, 0x00, 0x00, 0x00, 0x00, 0x90, 0xff, 0xb8, /* 行 5 */
    0xc4, 0xff, 0x88, 0x00, 0x00, 0x00, 0x00, 0x00, 0x00, 0x00, 0x00, 0x00, 0x00, 0x00, 0x00, 0x00, 0x90, 0xff, 0xb8, /* 行 6 */
    0xc4, 0xff, 0x88, 0x00, 0x00, 0x00, 0x00, 0x00, 0x00, 0x00, 0x00, 0x00, 0x00, 0x00, 0x00, 0x00, 0x90, 0xff, 0xb8, /* 行 7 */
    0xc4, 0xff, 0x88, 0x00, 0x00, 0x00, 0x00, 0x00, 0x00, 0x00, 0x00, 0x00, 0x00, 0x00, 0x00, 0x00, 0x90, 0xff, 0xb8, /* 行 8 */
    0xc4, 0xff, 0x88, 0x00, 0x00, 0x00, 0x00, 0x00, 0x00, 0x00, 0x00, 0x00, 0x00, 0x00, 0x00, 0x00, 0x90, 0xff, 0xb8, /* 行 9 */
    0xc4, 0xff, 0x88, 0x00, 0x00, 0x00, 0x00, 0x00, 0x00, 0x00, 0x00, 0x00, 0x00, 0x00, 0x00, 0x00, 0x90, 0xff, 0xb8, /* 行10 */
    0xc4, 0xff, 0x88, 0x00, 0x00, 0x00, 0x00, 0x00, 0x00, 0x00, 0x00, 0x00, 0x00, 0x00, 0x00, 0x00, 0x90, 0xff, 0xb8, /* 行11 */
    0xc4, 0xff, 0x88, 0x00, 0x00, 0x00, 0x00, 0x00, 0x00, 0x00, 0x00, 0x00, 0x00, 0x00, 0x00, 0x00, 0x90, 0xff, 0xb8, /* 行12 */
    0xc4, 0xff, 0x88, 0x00, 0x00, 0x00, 0x00, 0x00, 0x00, 0x00, 0x00, 0x00, 0x00, 0x00, 0x00, 0x00, 0x90, 0xff, 0xb8, /* 行13 */
    0xc4, 0xff, 0x88, 0x00, 0x00, 0x00, 0x00, 0x00, 0x00, 0x00, 0x00, 0x00, 0x00, 0x00, 0x00, 0x00, 0x90, 0xff, 0xb8, /* 行14 */
    0xc4, 0xff, 0x88, 0x00, 0x00, 0x00, 0x00, 0x00, 0x00, 0x00, 0x00, 0x00, 0x00, 0x00, 0x00, 0x00, 0x90, 0xff, 0xb8, /* 行15 */
    0xc4, 0xff, 0x88, 0x00, 0x00, 0x00, 0x00, 0x00, 0x00, 0x00, 0x00, 0x00, 0x00, 0x00, 0x00, 0x00, 0x90, 0xff, 0xb8, /* 行16 */
    0xc4, 0xff, 0x88, 0x00, 0x00, 0x00, 0x00, 0x00, 0x00, 0x00, 0x00, 0x00, 0x00, 0x00, 0x00, 0x00, 0x90, 0xff, 0xb8, /* 行17 */
    0xc4, 0xff, 0x88, 0x00, 0x00, 0x00, 0x00, 0x00, 0x00, 0x00, 0x00, 0x00, 0x00, 0x00, 0x00, 0x00, 0x90, 0xff, 0xb8, /* 行18 */
    0xc4, 0xff, 0x88, 0x00, 0x00, 0x00, 0x00, 0x00, 0x00, 0x00, 0x00, 0x00, 0x00, 0x00, 0x00, 0x00, 0x90, 0xff, 0xb8, /* 行19 */
    0xc4, 0xff, 0x88, 0x00, 0x00, 0x00, 0x00, 0x00, 0x00, 0x00, 0x00, 0x00, 0x00, 0x00, 0x00, 0x00, 0x90, 0xff, 0xb8, /* 行20 */
    0xc4, 0xff, 0x88, 0x00, 0x00, 0x00, 0x00, 0x00, 0x00, 0x00, 0x00, 0x00, 0x00, 0x00, 0x00, 0x00, 0x90, 0xff, 0xb8, /* 行21 */
    0xc4, 0xff, 0x88, 0x00, 0x00, 0x00, 0x00, 0x00, 0x00, 0x00, 0x00, 0x00, 0x00, 0x00, 0x00, 0x00, 0x90, 0xff, 0xb8, /* 行22 */
    0xc4, 0xff, 0x88, 0x00, 0x00, 0x00, 0x00, 0x00, 0x00, 0x00, 0x00, 0x00, 0x00, 0x00, 0x00, 0x00, 0x90, 0xff, 0xb8, /* 行23 */
    0xc4, 0xff, 0x88, 0x00, 0x00, 0x00, 0x00, 0x00, 0x00, 0x00, 0x00, 0x00, 0x00, 0x00, 0x00, 0x00, 0x90, 0xff, 0xb8, /* 行24 */
    0xc4, 0xff, 0x88, 0x00, 0x00, 0x00, 0x00, 0x00, 0x00, 0x00, 0x00, 0x00, 0x00, 0x00, 0x00, 0x00, 0x90, 0xff, 0xb8, /* 行25 */
    0xc4, 0xff, 0x88, 0x00, 0x00, 0x00, 0x00, 0x00, 0x00, 0x00, 0x00, 0x00, 0x00, 0x00, 0x00, 0x00, 0x90, 0xff, 0xb8, /* 行26 */
    0xc4, 0xff, 0x88, 0x00, 0x00, 0x00, 0x00, 0x00, 0x00, 0x00, 0x00, 0x00, 0x00, 0x00, 0x00, 0x00, 0x90, 0xff, 0xb8, /* 行27 */
    0xc4, 0xff, 0x88, 0x00, 0x00, 0x00, 0x00, 0x00, 0x00, 0x00, 0x00, 0x00, 0x00, 0x00, 0x00, 0x00, 0x90, 0xff, 0xb8, /* 行28 */
    0xc4, 0xff, 0xa9, 0x48, 0x48, 0x48, 0x48, 0x48, 0x48, 0x48, 0x48, 0x48, 0x48, 0x48, 0x48, 0x48, 0xaf, 0xff, 0xb8, /* 行29 */
    0xc4, 0xff, 0xff, 0xff, 0xff, 0xff, 0xff, 0xff, 0xff, 0xff, 0xff, 0xff, 0xff, 0xff, 0xff, 0xff, 0xff, 0xff, 0xb8, /* 行30 */
    0xc4, 0xff, 0xff, 0xff, 0xff, 0xff, 0xff, 0xff, 0xff, 0xff, 0xff, 0xff, 0xff, 0xff, 0xff, 0xff, 0xff, 0xff, 0xb8, /* 行31 */
};

/* 字符  11: VT   */
/*
 * ████████████████████████████████████▓▓
 * ████████████████████████████████████▓▓
 * ████▓▓▒▒▒▒▒▒▒▒▒▒▒▒▒▒▒▒▒▒▒▒▒▒▒▒▒▒▓▓██▓▓
 * ████▓▓                          ▓▓██▓▓
 * ████▓▓                          ▓▓██▓▓
 * ████▓▓                          ▓▓██▓▓
 * ████▓▓                          ▓▓██▓▓
 * ████▓▓                          ▓▓██▓▓
 * ████▓▓                          ▓▓██▓▓
 * ████▓▓                          ▓▓██▓▓
 * ████▓▓                          ▓▓██▓▓
 * ████▓▓                          ▓▓██▓▓
 * ████▓▓                          ▓▓██▓▓
 * ████▓▓                          ▓▓██▓▓
 * ████▓▓                          ▓▓██▓▓
 * ████▓▓                          ▓▓██▓▓
 * ████▓▓                          ▓▓██▓▓
 * ████▓▓                          ▓▓██▓▓
 * ████▓▓                          ▓▓██▓▓
 * ████▓▓                          ▓▓██▓▓
 * ████▓▓                          ▓▓██▓▓
 * ████▓▓                          ▓▓██▓▓
 * ████▓▓                          ▓▓██▓▓
 * ████▓▓                          ▓▓██▓▓
 * ████▓▓                          ▓▓██▓▓
 * ████▓▓                          ▓▓██▓▓
 * ████▓▓                          ▓▓██▓▓
 * ████▓▓                          ▓▓██▓▓
 * ████▓▓                          ▓▓██▓▓
 * ████▓▓▒▒▒▒▒▒▒▒▒▒▒▒▒▒▒▒▒▒▒▒▒▒▒▒▒▒▓▓██▓▓
 * ████████████████████████████████████▓▓
 * ████████████████████████████████████▓▓
 */
static const unsigned char open_sans_45px_char_011_bitmap[] = {
    0xc4, 0xff, 0xff, 0xff, 0xff, 0xff, 0xff, 0xff, 0xff, 0xff, 0xff, 0xff, 0xff, 0xff, 0xff, 0xff, 0xff, 0xff, 0xb8, /* 行 0 */
    0xc4, 0xff, 0xff, 0xff, 0xff, 0xff, 0xff, 0xff, 0xff, 0xff, 0xff, 0xff, 0xff, 0xff, 0xff, 0xff, 0xff, 0xff, 0xb8, /* 行 1 */
    0xc4, 0xff, 0xa9, 0x48, 0x48, 0x48, 0x48, 0x48, 0x48, 0x48, 0x48, 0x48, 0x48, 0x48, 0x48, 0x48, 0xaf, 0xff, 0xb8, /* 行 2 */
    0xc4, 0xff, 0x88, 0x00, 0x00, 0x00, 0x00, 0x00, 0x00, 0x00, 0x00, 0x00, 0x00, 0x00, 0x00, 0x00, 0x90, 0xff, 0xb8, /* 行 3 */
    0xc4, 0xff, 0x88, 0x00, 0x00, 0x00, 0x00, 0x00, 0x00, 0x00, 0x00, 0x00, 0x00, 0x00, 0x00, 0x00, 0x90, 0xff, 0xb8, /* 行 4 */
    0xc4, 0xff, 0x88, 0x00, 0x00, 0x00, 0x00, 0x00, 0x00, 0x00, 0x00, 0x00, 0x00, 0x00, 0x00, 0x00, 0x90, 0xff, 0xb8, /* 行 5 */
    0xc4, 0xff, 0x88, 0x00, 0x00, 0x00, 0x00, 0x00, 0x00, 0x00, 0x00, 0x00, 0x00, 0x00, 0x00, 0x00, 0x90, 0xff, 0xb8, /* 行 6 */
    0xc4, 0xff, 0x88, 0x00, 0x00, 0x00, 0x00, 0x00, 0x00, 0x00, 0x00, 0x00, 0x00, 0x00, 0x00, 0x00, 0x90, 0xff, 0xb8, /* 行 7 */
    0xc4, 0xff, 0x88, 0x00, 0x00, 0x00, 0x00, 0x00, 0x00, 0x00, 0x00, 0x00, 0x00, 0x00, 0x00, 0x00, 0x90, 0xff, 0xb8, /* 行 8 */
    0xc4, 0xff, 0x88, 0x00, 0x00, 0x00, 0x00, 0x00, 0x00, 0x00, 0x00, 0x00, 0x00, 0x00, 0x00, 0x00, 0x90, 0xff, 0xb8, /* 行 9 */
    0xc4, 0xff, 0x88, 0x00, 0x00, 0x00, 0x00, 0x00, 0x00, 0x00, 0x00, 0x00, 0x00, 0x00, 0x00, 0x00, 0x90, 0xff, 0xb8, /* 行10 */
    0xc4, 0xff, 0x88, 0x00, 0x00, 0x00, 0x00, 0x00, 0x00, 0x00, 0x00, 0x00, 0x00, 0x00, 0x00, 0x00, 0x90, 0xff, 0xb8, /* 行11 */
    0xc4, 0xff, 0x88, 0x00, 0x00, 0x00, 0x00, 0x00, 0x00, 0x00, 0x00, 0x00, 0x00, 0x00, 0x00, 0x00, 0x90, 0xff, 0xb8, /* 行12 */
    0xc4, 0xff, 0x88, 0x00, 0x00, 0x00, 0x00, 0x00, 0x00, 0x00, 0x00, 0x00, 0x00, 0x00, 0x00, 0x00, 0x90, 0xff, 0xb8, /* 行13 */
    0xc4, 0xff, 0x88, 0x00, 0x00, 0x00, 0x00, 0x00, 0x00, 0x00, 0x00, 0x00, 0x00, 0x00, 0x00, 0x00, 0x90, 0xff, 0xb8, /* 行14 */
    0xc4, 0xff, 0x88, 0x00, 0x00, 0x00, 0x00, 0x00, 0x00, 0x00, 0x00, 0x00, 0x00, 0x00, 0x00, 0x00, 0x90, 0xff, 0xb8, /* 行15 */
    0xc4, 0xff, 0x88, 0x00, 0x00, 0x00, 0x00, 0x00, 0x00, 0x00, 0x00, 0x00, 0x00, 0x00, 0x00, 0x00, 0x90, 0xff, 0xb8, /* 行16 */
    0xc4, 0xff, 0x88, 0x00, 0x00, 0x00, 0x00, 0x00, 0x00, 0x00, 0x00, 0x00, 0x00, 0x00, 0x00, 0x00, 0x90, 0xff, 0xb8, /* 行17 */
    0xc4, 0xff, 0x88, 0x00, 0x00, 0x00, 0x00, 0x00, 0x00, 0x00, 0x00, 0x00, 0x00, 0x00, 0x00, 0x00, 0x90, 0xff, 0xb8, /* 行18 */
    0xc4, 0xff, 0x88, 0x00, 0x00, 0x00, 0x00, 0x00, 0x00, 0x00, 0x00, 0x00, 0x00, 0x00, 0x00, 0x00, 0x90, 0xff, 0xb8, /* 行19 */
    0xc4, 0xff, 0x88, 0x00, 0x00, 0x00, 0x00, 0x00, 0x00, 0x00, 0x00, 0x00, 0x00, 0x00, 0x00, 0x00, 0x90, 0xff, 0xb8, /* 行20 */
    0xc4, 0xff, 0x88, 0x00, 0x00, 0x00, 0x00, 0x00, 0x00, 0x00, 0x00, 0x00, 0x00, 0x00, 0x00, 0x00, 0x90, 0xff, 0xb8, /* 行21 */
    0xc4, 0xff, 0x88, 0x00, 0x00, 0x00, 0x00, 0x00, 0x00, 0x00, 0x00, 0x00, 0x00, 0x00, 0x00, 0x00, 0x90, 0xff, 0xb8, /* 行22 */
    0xc4, 0xff, 0x88, 0x00, 0x00, 0x00, 0x00, 0x00, 0x00, 0x00, 0x00, 0x00, 0x00, 0x00, 0x00, 0x00, 0x90, 0xff, 0xb8, /* 行23 */
    0xc4, 0xff, 0x88, 0x00, 0x00, 0x00, 0x00, 0x00, 0x00, 0x00, 0x00, 0x00, 0x00, 0x00, 0x00, 0x00, 0x90, 0xff, 0xb8, /* 行24 */
    0xc4, 0xff, 0x88, 0x00, 0x00, 0x00, 0x00, 0x00, 0x00, 0x00, 0x00, 0x00, 0x00, 0x00, 0x00, 0x00, 0x90, 0xff, 0xb8, /* 行25 */
    0xc4, 0xff, 0x88, 0x00, 0x00, 0x00, 0x00, 0x00, 0x00, 0x00, 0x00, 0x00, 0x00, 0x00, 0x00, 0x00, 0x90, 0xff, 0xb8, /* 行26 */
    0xc4, 0xff, 0x88, 0x00, 0x00, 0x00, 0x00, 0x00, 0x00, 0x00, 0x00, 0x00, 0x00, 0x00, 0x00, 0x00, 0x90, 0xff, 0xb8, /* 行27 */
    0xc4, 0xff, 0x88, 0x00, 0x00, 0x00, 0x00, 0x00, 0x00, 0x00, 0x00, 0x00, 0x00, 0x00, 0x00, 0x00, 0x90, 0xff, 0xb8, /* 行28 */
    0xc4, 0xff, 0xa9, 0x48, 0x48, 0x48, 0x48, 0x48, 0x48, 0x48, 0x48, 0x48, 0x48, 0x48, 0x48, 0x48, 0xaf, 0xff, 0xb8, /* 行29 */
    0xc4, 0xff, 0xff, 0xff, 0xff, 0xff, 0xff, 0xff, 0xff, 0xff, 0xff, 0xff, 0xff, 0xff, 0xff, 0xff, 0xff, 0xff, 0xb8, /* 行30 */
    0xc4, 0xff, 0xff, 0xff, 0xff, 0xff, 0xff, 0xff, 0xff, 0xff, 0xff, 0xff, 0xff, 0xff, 0xff, 0xff, 0xff, 0xff, 0xb8, /* 行31 */
};

/* 字符  12: FF   */
/*
 * ████████████████████████████████████▓▓
 * ████████████████████████████████████▓▓
 * ████▓▓▒▒▒▒▒▒▒▒▒▒▒▒▒▒▒▒▒▒▒▒▒▒▒▒▒▒▓▓██▓▓
 * ████▓▓                          ▓▓██▓▓
 * ████▓▓                          ▓▓██▓▓
 * ████▓▓                          ▓▓██▓▓
 * ████▓▓                          ▓▓██▓▓
 * ████▓▓                          ▓▓██▓▓
 * ████▓▓                          ▓▓██▓▓
 * ████▓▓                          ▓▓██▓▓
 * ████▓▓                          ▓▓██▓▓
 * ████▓▓                          ▓▓██▓▓
 * ████▓▓                          ▓▓██▓▓
 * ████▓▓                          ▓▓██▓▓
 * ████▓▓                          ▓▓██▓▓
 * ████▓▓                          ▓▓██▓▓
 * ████▓▓                          ▓▓██▓▓
 * ████▓▓                          ▓▓██▓▓
 * ████▓▓                          ▓▓██▓▓
 * ████▓▓                          ▓▓██▓▓
 * ████▓▓                          ▓▓██▓▓
 * ████▓▓                          ▓▓██▓▓
 * ████▓▓                          ▓▓██▓▓
 * ████▓▓                          ▓▓██▓▓
 * ████▓▓                          ▓▓██▓▓
 * ████▓▓                          ▓▓██▓▓
 * ████▓▓                          ▓▓██▓▓
 * ████▓▓                          ▓▓██▓▓
 * ████▓▓                          ▓▓██▓▓
 * ████▓▓▒▒▒▒▒▒▒▒▒▒▒▒▒▒▒▒▒▒▒▒▒▒▒▒▒▒▓▓██▓▓
 * ████████████████████████████████████▓▓
 * ████████████████████████████████████▓▓
 */
static const unsigned char open_sans_45px_char_012_bitmap[] = {
    0xc4, 0xff, 0xff, 0xff, 0xff, 0xff, 0xff, 0xff, 0xff, 0xff, 0xff, 0xff, 0xff, 0xff, 0xff, 0xff, 0xff, 0xff, 0xb8, /* 行 0 */
    0xc4, 0xff, 0xff, 0xff, 0xff, 0xff, 0xff, 0xff, 0xff, 0xff, 0xff, 0xff, 0xff, 0xff, 0xff, 0xff, 0xff, 0xff, 0xb8, /* 行 1 */
    0xc4, 0xff, 0xa9, 0x48, 0x48, 0x48, 0x48, 0x48, 0x48, 0x48, 0x48, 0x48, 0x48, 0x48, 0x48, 0x48, 0xaf, 0xff, 0xb8, /* 行 2 */
    0xc4, 0xff, 0x88, 0x00, 0x00, 0x00, 0x00, 0x00, 0x00, 0x00, 0x00, 0x00, 0x00, 0x00, 0x00, 0x00, 0x90, 0xff, 0xb8, /* 行 3 */
    0xc4, 0xff, 0x88, 0x00, 0x00, 0x00, 0x00, 0x00, 0x00, 0x00, 0x00, 0x00, 0x00, 0x00, 0x00, 0x00, 0x90, 0xff, 0xb8, /* 行 4 */
    0xc4, 0xff, 0x88, 0x00, 0x00, 0x00, 0x00, 0x00, 0x00, 0x00, 0x00, 0x00, 0x00, 0x00, 0x00, 0x00, 0x90, 0xff, 0xb8, /* 行 5 */
    0xc4, 0xff, 0x88, 0x00, 0x00, 0x00, 0x00, 0x00, 0x00, 0x00, 0x00, 0x00, 0x00, 0x00, 0x00, 0x00, 0x90, 0xff, 0xb8, /* 行 6 */
    0xc4, 0xff, 0x88, 0x00, 0x00, 0x00, 0x00, 0x00, 0x00, 0x00, 0x00, 0x00, 0x00, 0x00, 0x00, 0x00, 0x90, 0xff, 0xb8, /* 行 7 */
    0xc4, 0xff, 0x88, 0x00, 0x00, 0x00, 0x00, 0x00, 0x00, 0x00, 0x00, 0x00, 0x00, 0x00, 0x00, 0x00, 0x90, 0xff, 0xb8, /* 行 8 */
    0xc4, 0xff, 0x88, 0x00, 0x00, 0x00, 0x00, 0x00, 0x00, 0x00, 0x00, 0x00, 0x00, 0x00, 0x00, 0x00, 0x90, 0xff, 0xb8, /* 行 9 */
    0xc4, 0xff, 0x88, 0x00, 0x00, 0x00, 0x00, 0x00, 0x00, 0x00, 0x00, 0x00, 0x00, 0x00, 0x00, 0x00, 0x90, 0xff, 0xb8, /* 行10 */
    0xc4, 0xff, 0x88, 0x00, 0x00, 0x00, 0x00, 0x00, 0x00, 0x00, 0x00, 0x00, 0x00, 0x00, 0x00, 0x00, 0x90, 0xff, 0xb8, /* 行11 */
    0xc4, 0xff, 0x88, 0x00, 0x00, 0x00, 0x00, 0x00, 0x00, 0x00, 0x00, 0x00, 0x00, 0x00, 0x00, 0x00, 0x90, 0xff, 0xb8, /* 行12 */
    0xc4, 0xff, 0x88, 0x00, 0x00, 0x00, 0x00, 0x00, 0x00, 0x00, 0x00, 0x00, 0x00, 0x00, 0x00, 0x00, 0x90, 0xff, 0xb8, /* 行13 */
    0xc4, 0xff, 0x88, 0x00, 0x00, 0x00, 0x00, 0x00, 0x00, 0x00, 0x00, 0x00, 0x00, 0x00, 0x00, 0x00, 0x90, 0xff, 0xb8, /* 行14 */
    0xc4, 0xff, 0x88, 0x00, 0x00, 0x00, 0x00, 0x00, 0x00, 0x00, 0x00, 0x00, 0x00, 0x00, 0x00, 0x00, 0x90, 0xff, 0xb8, /* 行15 */
    0xc4, 0xff, 0x88, 0x00, 0x00, 0x00, 0x00, 0x00, 0x00, 0x00, 0x00, 0x00, 0x00, 0x00, 0x00, 0x00, 0x90, 0xff, 0xb8, /* 行16 */
    0xc4, 0xff, 0x88, 0x00, 0x00, 0x00, 0x00, 0x00, 0x00, 0x00, 0x00, 0x00, 0x00, 0x00, 0x00, 0x00, 0x90, 0xff, 0xb8, /* 行17 */
    0xc4, 0xff, 0x88, 0x00, 0x00, 0x00, 0x00, 0x00, 0x00, 0x00, 0x00, 0x00, 0x00, 0x00, 0x00, 0x00, 0x90, 0xff, 0xb8, /* 行18 */
    0xc4, 0xff, 0x88, 0x00, 0x00, 0x00, 0x00, 0x00, 0x00, 0x00, 0x00, 0x00, 0x00, 0x00, 0x00, 0x00, 0x90, 0xff, 0xb8, /* 行19 */
    0xc4, 0xff, 0x88, 0x00, 0x00, 0x00, 0x00, 0x00, 0x00, 0x00, 0x00, 0x00, 0x00, 0x00, 0x00, 0x00, 0x90, 0xff, 0xb8, /* 行20 */
    0xc4, 0xff, 0x88, 0x00, 0x00, 0x00, 0x00, 0x00, 0x00, 0x00, 0x00, 0x00, 0x00, 0x00, 0x00, 0x00, 0x90, 0xff, 0xb8, /* 行21 */
    0xc4, 0xff, 0x88, 0x00, 0x00, 0x00, 0x00, 0x00, 0x00, 0x00, 0x00, 0x00, 0x00, 0x00, 0x00, 0x00, 0x90, 0xff, 0xb8, /* 行22 */
    0xc4, 0xff, 0x88, 0x00, 0x00, 0x00, 0x00, 0x00, 0x00, 0x00, 0x00, 0x00, 0x00, 0x00, 0x00, 0x00, 0x90, 0xff, 0xb8, /* 行23 */
    0xc4, 0xff, 0x88, 0x00, 0x00, 0x00, 0x00, 0x00, 0x00, 0x00, 0x00, 0x00, 0x00, 0x00, 0x00, 0x00, 0x90, 0xff, 0xb8, /* 行24 */
    0xc4, 0xff, 0x88, 0x00, 0x00, 0x00, 0x00, 0x00, 0x00, 0x00, 0x00, 0x00, 0x00, 0x00, 0x00, 0x00, 0x90, 0xff, 0xb8, /* 行25 */
    0xc4, 0xff, 0x88, 0x00, 0x00, 0x00, 0x00, 0x00, 0x00, 0x00, 0x00, 0x00, 0x00, 0x00, 0x00, 0x00, 0x90, 0xff, 0xb8, /* 行26 */
    0xc4, 0xff, 0x88, 0x00, 0x00, 0x00, 0x00, 0x00, 0x00, 0x00, 0x00, 0x00, 0x00, 0x00, 0x00, 0x00, 0x90, 0xff, 0xb8, /* 行27 */
    0xc4, 0xff, 0x88, 0x00, 0x00, 0x00, 0x00, 0x00, 0x00, 0x00, 0x00, 0x00, 0x00, 0x00, 0x00, 0x00, 0x90, 0xff, 0xb8, /* 行28 */
    0xc4, 0xff, 0xa9, 0x48, 0x48, 0x48, 0x48, 0x48, 0x48, 0x48, 0x48, 0x48, 0x48, 0x48, 0x48, 0x48, 0xaf, 0xff, 0xb8, /* 行29 */
    0xc4, 0xff, 0xff, 0xff, 0xff, 0xff, 0xff, 0xff, 0xff, 0xff, 0xff, 0xff, 0xff, 0xff, 0xff, 0xff, 0xff, 0xff, 0xb8, /* 行30 */
    0xc4, 0xff, 0xff, 0xff, 0xff, 0xff, 0xff, 0xff, 0xff, 0xff, 0xff, 0xff, 0xff, 0xff, 0xff, 0xff, 0xff, 0xff, 0xb8, /* 行31 */
};

/* 字符  13: CR   */
/*
 * ████████████████████████████████████▓▓
 * ████████████████████████████████████▓▓
 * ████▓▓▒▒▒▒▒▒▒▒▒▒▒▒▒▒▒▒▒▒▒▒▒▒▒▒▒▒▓▓██▓▓
 * ████▓▓                          ▓▓██▓▓
 * ████▓▓                          ▓▓██▓▓
 * ████▓▓                          ▓▓██▓▓
 * ████▓▓                          ▓▓██▓▓
 * ████▓▓                          ▓▓██▓▓
 * ████▓▓                          ▓▓██▓▓
 * ████▓▓                          ▓▓██▓▓
 * ████▓▓                          ▓▓██▓▓
 * ████▓▓                          ▓▓██▓▓
 * ████▓▓                          ▓▓██▓▓
 * ████▓▓                          ▓▓██▓▓
 * ████▓▓                          ▓▓██▓▓
 * ████▓▓                          ▓▓██▓▓
 * ████▓▓                          ▓▓██▓▓
 * ████▓▓                          ▓▓██▓▓
 * ████▓▓                          ▓▓██▓▓
 * ████▓▓                          ▓▓██▓▓
 * ████▓▓                          ▓▓██▓▓
 * ████▓▓                          ▓▓██▓▓
 * ████▓▓                          ▓▓██▓▓
 * ████▓▓                          ▓▓██▓▓
 * ████▓▓                          ▓▓██▓▓
 * ████▓▓                          ▓▓██▓▓
 * ████▓▓                          ▓▓██▓▓
 * ████▓▓                          ▓▓██▓▓
 * ████▓▓                          ▓▓██▓▓
 * ████▓▓▒▒▒▒▒▒▒▒▒▒▒▒▒▒▒▒▒▒▒▒▒▒▒▒▒▒▓▓██▓▓
 * ████████████████████████████████████▓▓
 * ████████████████████████████████████▓▓
 */
static const unsigned char open_sans_45px_char_013_bitmap[] = {
    0xc4, 0xff, 0xff, 0xff, 0xff, 0xff, 0xff, 0xff, 0xff, 0xff, 0xff, 0xff, 0xff, 0xff, 0xff, 0xff, 0xff, 0xff, 0xb8, /* 行 0 */
    0xc4, 0xff, 0xff, 0xff, 0xff, 0xff, 0xff, 0xff, 0xff, 0xff, 0xff, 0xff, 0xff, 0xff, 0xff, 0xff, 0xff, 0xff, 0xb8, /* 行 1 */
    0xc4, 0xff, 0xa9, 0x48, 0x48, 0x48, 0x48, 0x48, 0x48, 0x48, 0x48, 0x48, 0x48, 0x48, 0x48, 0x48, 0xaf, 0xff, 0xb8, /* 行 2 */
    0xc4, 0xff, 0x88, 0x00, 0x00, 0x00, 0x00, 0x00, 0x00, 0x00, 0x00, 0x00, 0x00, 0x00, 0x00, 0x00, 0x90, 0xff, 0xb8, /* 行 3 */
    0xc4, 0xff, 0x88, 0x00, 0x00, 0x00, 0x00, 0x00, 0x00, 0x00, 0x00, 0x00, 0x00, 0x00, 0x00, 0x00, 0x90, 0xff, 0xb8, /* 行 4 */
    0xc4, 0xff, 0x88, 0x00, 0x00, 0x00, 0x00, 0x00, 0x00, 0x00, 0x00, 0x00, 0x00, 0x00, 0x00, 0x00, 0x90, 0xff, 0xb8, /* 行 5 */
    0xc4, 0xff, 0x88, 0x00, 0x00, 0x00, 0x00, 0x00, 0x00, 0x00, 0x00, 0x00, 0x00, 0x00, 0x00, 0x00, 0x90, 0xff, 0xb8, /* 行 6 */
    0xc4, 0xff, 0x88, 0x00, 0x00, 0x00, 0x00, 0x00, 0x00, 0x00, 0x00, 0x00, 0x00, 0x00, 0x00, 0x00, 0x90, 0xff, 0xb8, /* 行 7 */
    0xc4, 0xff, 0x88, 0x00, 0x00, 0x00, 0x00, 0x00, 0x00, 0x00, 0x00, 0x00, 0x00, 0x00, 0x00, 0x00, 0x90, 0xff, 0xb8, /* 行 8 */
    0xc4, 0xff, 0x88, 0x00, 0x00, 0x00, 0x00, 0x00, 0x00, 0x00, 0x00, 0x00, 0x00, 0x00, 0x00, 0x00, 0x90, 0xff, 0xb8, /* 行 9 */
    0xc4, 0xff, 0x88, 0x00, 0x00, 0x00, 0x00, 0x00, 0x00, 0x00, 0x00, 0x00, 0x00, 0x00, 0x00, 0x00, 0x90, 0xff, 0xb8, /* 行10 */
    0xc4, 0xff, 0x88, 0x00, 0x00, 0x00, 0x00, 0x00, 0x00, 0x00, 0x00, 0x00, 0x00, 0x00, 0x00, 0x00, 0x90, 0xff, 0xb8, /* 行11 */
    0xc4, 0xff, 0x88, 0x00, 0x00, 0x00, 0x00, 0x00, 0x00, 0x00, 0x00, 0x00, 0x00, 0x00, 0x00, 0x00, 0x90, 0xff, 0xb8, /* 行12 */
    0xc4, 0xff, 0x88, 0x00, 0x00, 0x00, 0x00, 0x00, 0x00, 0x00, 0x00, 0x00, 0x00, 0x00, 0x00, 0x00, 0x90, 0xff, 0xb8, /* 行13 */
    0xc4, 0xff, 0x88, 0x00, 0x00, 0x00, 0x00, 0x00, 0x00, 0x00, 0x00, 0x00, 0x00, 0x00, 0x00, 0x00, 0x90, 0xff, 0xb8, /* 行14 */
    0xc4, 0xff, 0x88, 0x00, 0x00, 0x00, 0x00, 0x00, 0x00, 0x00, 0x00, 0x00, 0x00, 0x00, 0x00, 0x00, 0x90, 0xff, 0xb8, /* 行15 */
    0xc4, 0xff, 0x88, 0x00, 0x00, 0x00, 0x00, 0x00, 0x00, 0x00, 0x00, 0x00, 0x00, 0x00, 0x00, 0x00, 0x90, 0xff, 0xb8, /* 行16 */
    0xc4, 0xff, 0x88, 0x00, 0x00, 0x00, 0x00, 0x00, 0x00, 0x00, 0x00, 0x00, 0x00, 0x00, 0x00, 0x00, 0x90, 0xff, 0xb8, /* 行17 */
    0xc4, 0xff, 0x88, 0x00, 0x00, 0x00, 0x00, 0x00, 0x00, 0x00, 0x00, 0x00, 0x00, 0x00, 0x00, 0x00, 0x90, 0xff, 0xb8, /* 行18 */
    0xc4, 0xff, 0x88, 0x00, 0x00, 0x00, 0x00, 0x00, 0x00, 0x00, 0x00, 0x00, 0x00, 0x00, 0x00, 0x00, 0x90, 0xff, 0xb8, /* 行19 */
    0xc4, 0xff, 0x88, 0x00, 0x00, 0x00, 0x00, 0x00, 0x00, 0x00, 0x00, 0x00, 0x00, 0x00, 0x00, 0x00, 0x90, 0xff, 0xb8, /* 行20 */
    0xc4, 0xff, 0x88, 0x00, 0x00, 0x00, 0x00, 0x00, 0x00, 0x00, 0x00, 0x00, 0x00, 0x00, 0x00, 0x00, 0x90, 0xff, 0xb8, /* 行21 */
    0xc4, 0xff, 0x88, 0x00, 0x00, 0x00, 0x00, 0x00, 0x00, 0x00, 0x00, 0x00, 0x00, 0x00, 0x00, 0x00, 0x90, 0xff, 0xb8, /* 行22 */
    0xc4, 0xff, 0x88, 0x00, 0x00, 0x00, 0x00, 0x00, 0x00, 0x00, 0x00, 0x00, 0x00, 0x00, 0x00, 0x00, 0x90, 0xff, 0xb8, /* 行23 */
    0xc4, 0xff, 0x88, 0x00, 0x00, 0x00, 0x00, 0x00, 0x00, 0x00, 0x00, 0x00, 0x00, 0x00, 0x00, 0x00, 0x90, 0xff, 0xb8, /* 行24 */
    0xc4, 0xff, 0x88, 0x00, 0x00, 0x00, 0x00, 0x00, 0x00, 0x00, 0x00, 0x00, 0x00, 0x00, 0x00, 0x00, 0x90, 0xff, 0xb8, /* 行25 */
    0xc4, 0xff, 0x88, 0x00, 0x00, 0x00, 0x00, 0x00, 0x00, 0x00, 0x00, 0x00, 0x00, 0x00, 0x00, 0x00, 0x90, 0xff, 0xb8, /* 行26 */
    0xc4, 0xff, 0x88, 0x00, 0x00, 0x00, 0x00, 0x00, 0x00, 0x00, 0x00, 0x00, 0x00, 0x00, 0x00, 0x00, 0x90, 0xff, 0xb8, /* 行27 */
    0xc4, 0xff, 0x88, 0x00, 0x00, 0x00, 0x00, 0x00, 0x00, 0x00, 0x00, 0x00, 0x00, 0x00, 0x00, 0x00, 0x90, 0xff, 0xb8, /* 行28 */
    0xc4, 0xff, 0xa9, 0x48, 0x48, 0x48, 0x48, 0x48, 0x48, 0x48, 0x48, 0x48, 0x48, 0x48, 0x48, 0x48, 0xaf, 0xff, 0xb8, /* 行29 */
    0xc4, 0xff, 0xff, 0xff, 0xff, 0xff, 0xff, 0xff, 0xff, 0xff, 0xff, 0xff, 0xff, 0xff, 0xff, 0xff, 0xff, 0xff, 0xb8, /* 行30 */
    0xc4, 0xff, 0xff, 0xff, 0xff, 0xff, 0xff, 0xff, 0xff, 0xff, 0xff, 0xff, 0xff, 0xff, 0xff, 0xff, 0xff, 0xff, 0xb8, /* 行31 */
};

/* 字符  14: SO   */
/*
 * ████████████████████████████████████▓▓
 * ████████████████████████████████████▓▓
 * ████▓▓▒▒▒▒▒▒▒▒▒▒▒▒▒▒▒▒▒▒▒▒▒▒▒▒▒▒▓▓██▓▓
 * ████▓▓                          ▓▓██▓▓
 * ████▓▓                          ▓▓██▓▓
 * ████▓▓                          ▓▓██▓▓
 * ████▓▓                          ▓▓██▓▓
 * ████▓▓                          ▓▓██▓▓
 * ████▓▓                          ▓▓██▓▓
 * ████▓▓                          ▓▓██▓▓
 * ████▓▓                          ▓▓██▓▓
 * ████▓▓                          ▓▓██▓▓
 * ████▓▓                          ▓▓██▓▓
 * ████▓▓                          ▓▓██▓▓
 * ████▓▓                          ▓▓██▓▓
 * ████▓▓                          ▓▓██▓▓
 * ████▓▓                          ▓▓██▓▓
 * ████▓▓                          ▓▓██▓▓
 * ████▓▓                          ▓▓██▓▓
 * ████▓▓                          ▓▓██▓▓
 * ████▓▓                          ▓▓██▓▓
 * ████▓▓                          ▓▓██▓▓
 * ████▓▓                          ▓▓██▓▓
 * ████▓▓                          ▓▓██▓▓
 * ████▓▓                          ▓▓██▓▓
 * ████▓▓                          ▓▓██▓▓
 * ████▓▓                          ▓▓██▓▓
 * ████▓▓                          ▓▓██▓▓
 * ████▓▓                          ▓▓██▓▓
 * ████▓▓▒▒▒▒▒▒▒▒▒▒▒▒▒▒▒▒▒▒▒▒▒▒▒▒▒▒▓▓██▓▓
 * ████████████████████████████████████▓▓
 * ████████████████████████████████████▓▓
 */
static const unsigned char open_sans_45px_char_014_bitmap[] = {
    0xc4, 0xff, 0xff, 0xff, 0xff, 0xff, 0xff, 0xff, 0xff, 0xff, 0xff, 0xff, 0xff, 0xff, 0xff, 0xff, 0xff, 0xff, 0xb8, /* 行 0 */
    0xc4, 0xff, 0xff, 0xff, 0xff, 0xff, 0xff, 0xff, 0xff, 0xff, 0xff, 0xff, 0xff, 0xff, 0xff, 0xff, 0xff, 0xff, 0xb8, /* 行 1 */
    0xc4, 0xff, 0xa9, 0x48, 0x48, 0x48, 0x48, 0x48, 0x48, 0x48, 0x48, 0x48, 0x48, 0x48, 0x48, 0x48, 0xaf, 0xff, 0xb8, /* 行 2 */
    0xc4, 0xff, 0x88, 0x00, 0x00, 0x00, 0x00, 0x00, 0x00, 0x00, 0x00, 0x00, 0x00, 0x00, 0x00, 0x00, 0x90, 0xff, 0xb8, /* 行 3 */
    0xc4, 0xff, 0x88, 0x00, 0x00, 0x00, 0x00, 0x00, 0x00, 0x00, 0x00, 0x00, 0x00, 0x00, 0x00, 0x00, 0x90, 0xff, 0xb8, /* 行 4 */
    0xc4, 0xff, 0x88, 0x00, 0x00, 0x00, 0x00, 0x00, 0x00, 0x00, 0x00, 0x00, 0x00, 0x00, 0x00, 0x00, 0x90, 0xff, 0xb8, /* 行 5 */
    0xc4, 0xff, 0x88, 0x00, 0x00, 0x00, 0x00, 0x00, 0x00, 0x00, 0x00, 0x00, 0x00, 0x00, 0x00, 0x00, 0x90, 0xff, 0xb8, /* 行 6 */
    0xc4, 0xff, 0x88, 0x00, 0x00, 0x00, 0x00, 0x00, 0x00, 0x00, 0x00, 0x00, 0x00, 0x00, 0x00, 0x00, 0x90, 0xff, 0xb8, /* 行 7 */
    0xc4, 0xff, 0x88, 0x00, 0x00, 0x00, 0x00, 0x00, 0x00, 0x00, 0x00, 0x00, 0x00, 0x00, 0x00, 0x00, 0x90, 0xff, 0xb8, /* 行 8 */
    0xc4, 0xff, 0x88, 0x00, 0x00, 0x00, 0x00, 0x00, 0x00, 0x00, 0x00, 0x00, 0x00, 0x00, 0x00, 0x00, 0x90, 0xff, 0xb8, /* 行 9 */
    0xc4, 0xff, 0x88, 0x00, 0x00, 0x00, 0x00, 0x00, 0x00, 0x00, 0x00, 0x00, 0x00, 0x00, 0x00, 0x00, 0x90, 0xff, 0xb8, /* 行10 */
    0xc4, 0xff, 0x88, 0x00, 0x00, 0x00, 0x00, 0x00, 0x00, 0x00, 0x00, 0x00, 0x00, 0x00, 0x00, 0x00, 0x90, 0xff, 0xb8, /* 行11 */
    0xc4, 0xff, 0x88, 0x00, 0x00, 0x00, 0x00, 0x00, 0x00, 0x00, 0x00, 0x00, 0x00, 0x00, 0x00, 0x00, 0x90, 0xff, 0xb8, /* 行12 */
    0xc4, 0xff, 0x88, 0x00, 0x00, 0x00, 0x00, 0x00, 0x00, 0x00, 0x00, 0x00, 0x00, 0x00, 0x00, 0x00, 0x90, 0xff, 0xb8, /* 行13 */
    0xc4, 0xff, 0x88, 0x00, 0x00, 0x00, 0x00, 0x00, 0x00, 0x00, 0x00, 0x00, 0x00, 0x00, 0x00, 0x00, 0x90, 0xff, 0xb8, /* 行14 */
    0xc4, 0xff, 0x88, 0x00, 0x00, 0x00, 0x00, 0x00, 0x00, 0x00, 0x00, 0x00, 0x00, 0x00, 0x00, 0x00, 0x90, 0xff, 0xb8, /* 行15 */
    0xc4, 0xff, 0x88, 0x00, 0x00, 0x00, 0x00, 0x00, 0x00, 0x00, 0x00, 0x00, 0x00, 0x00, 0x00, 0x00, 0x90, 0xff, 0xb8, /* 行16 */
    0xc4, 0xff, 0x88, 0x00, 0x00, 0x00, 0x00, 0x00, 0x00, 0x00, 0x00, 0x00, 0x00, 0x00, 0x00, 0x00, 0x90, 0xff, 0xb8, /* 行17 */
    0xc4, 0xff, 0x88, 0x00, 0x00, 0x00, 0x00, 0x00, 0x00, 0x00, 0x00, 0x00, 0x00, 0x00, 0x00, 0x00, 0x90, 0xff, 0xb8, /* 行18 */
    0xc4, 0xff, 0x88, 0x00, 0x00, 0x00, 0x00, 0x00, 0x00, 0x00, 0x00, 0x00, 0x00, 0x00, 0x00, 0x00, 0x90, 0xff, 0xb8, /* 行19 */
    0xc4, 0xff, 0x88, 0x00, 0x00, 0x00, 0x00, 0x00, 0x00, 0x00, 0x00, 0x00, 0x00, 0x00, 0x00, 0x00, 0x90, 0xff, 0xb8, /* 行20 */
    0xc4, 0xff, 0x88, 0x00, 0x00, 0x00, 0x00, 0x00, 0x00, 0x00, 0x00, 0x00, 0x00, 0x00, 0x00, 0x00, 0x90, 0xff, 0xb8, /* 行21 */
    0xc4, 0xff, 0x88, 0x00, 0x00, 0x00, 0x00, 0x00, 0x00, 0x00, 0x00, 0x00, 0x00, 0x00, 0x00, 0x00, 0x90, 0xff, 0xb8, /* 行22 */
    0xc4, 0xff, 0x88, 0x00, 0x00, 0x00, 0x00, 0x00, 0x00, 0x00, 0x00, 0x00, 0x00, 0x00, 0x00, 0x00, 0x90, 0xff, 0xb8, /* 行23 */
    0xc4, 0xff, 0x88, 0x00, 0x00, 0x00, 0x00, 0x00, 0x00, 0x00, 0x00, 0x00, 0x00, 0x00, 0x00, 0x00, 0x90, 0xff, 0xb8, /* 行24 */
    0xc4, 0xff, 0x88, 0x00, 0x00, 0x00, 0x00, 0x00, 0x00, 0x00, 0x00, 0x00, 0x00, 0x00, 0x00, 0x00, 0x90, 0xff, 0xb8, /* 行25 */
    0xc4, 0xff, 0x88, 0x00, 0x00, 0x00, 0x00, 0x00, 0x00, 0x00, 0x00, 0x00, 0x00, 0x00, 0x00, 0x00, 0x90, 0xff, 0xb8, /* 行26 */
    0xc4, 0xff, 0x88, 0x00, 0x00, 0x00, 0x00, 0x00, 0x00, 0x00, 0x00, 0x00, 0x00, 0x00, 0x00, 0x00, 0x90, 0xff, 0xb8, /* 行27 */
    0xc4, 0xff, 0x88, 0x00, 0x00, 0x00, 0x00, 0x00, 0x00, 0x00, 0x00, 0x00, 0x00, 0x00, 0x00, 0x00, 0x90, 0xff, 0xb8, /* 行28 */
    0xc4, 0xff, 0xa9, 0x48, 0x48, 0x48, 0x48, 0x48, 0x48, 0x48, 0x48, 0x48, 0x48, 0x48, 0x48, 0x48, 0xaf, 0xff, 0xb8, /* 行29 */
    0xc4, 0xff, 0xff, 0xff, 0xff, 0xff, 0xff, 0xff, 0xff, 0xff, 0xff, 0xff, 0xff, 0xff, 0xff, 0xff, 0xff, 0xff, 0xb8, /* 行30 */
    0xc4, 0xff, 0xff, 0xff, 0xff, 0xff, 0xff, 0xff, 0xff, 0xff, 0xff, 0xff, 0xff, 0xff, 0xff, 0xff, 0xff, 0xff, 0xb8, /* 行31 */
};

/* 字符  15: SI   */
/*
 * ████████████████████████████████████▓▓
 * ████████████████████████████████████▓▓
 * ████▓▓▒▒▒▒▒▒▒▒▒▒▒▒▒▒▒▒▒▒▒▒▒▒▒▒▒▒▓▓██▓▓
 * ████▓▓                          ▓▓██▓▓
 * ████▓▓                          ▓▓██▓▓
 * ████▓▓                          ▓▓██▓▓
 * ████▓▓                          ▓▓██▓▓
 * ████▓▓                          ▓▓██▓▓
 * ████▓▓                          ▓▓██▓▓
 * ████▓▓                          ▓▓██▓▓
 * ████▓▓                          ▓▓██▓▓
 * ████▓▓                          ▓▓██▓▓
 * ████▓▓                          ▓▓██▓▓
 * ████▓▓                          ▓▓██▓▓
 * ████▓▓                          ▓▓██▓▓
 * ████▓▓                          ▓▓██▓▓
 * ████▓▓                          ▓▓██▓▓
 * ████▓▓                          ▓▓██▓▓
 * ████▓▓                          ▓▓██▓▓
 * ████▓▓                          ▓▓██▓▓
 * ████▓▓                          ▓▓██▓▓
 * ████▓▓                          ▓▓██▓▓
 * ████▓▓                          ▓▓██▓▓
 * ████▓▓                          ▓▓██▓▓
 * ████▓▓                          ▓▓██▓▓
 * ████▓▓                          ▓▓██▓▓
 * ████▓▓                          ▓▓██▓▓
 * ████▓▓                          ▓▓██▓▓
 * ████▓▓                          ▓▓██▓▓
 * ████▓▓▒▒▒▒▒▒▒▒▒▒▒▒▒▒▒▒▒▒▒▒▒▒▒▒▒▒▓▓██▓▓
 * ████████████████████████████████████▓▓
 * ████████████████████████████████████▓▓
 */
static const unsigned char open_sans_45px_char_015_bitmap[] = {
    0xc4, 0xff, 0xff, 0xff, 0xff, 0xff, 0xff, 0xff, 0xff, 0xff, 0xff, 0xff, 0xff, 0xff, 0xff, 0xff, 0xff, 0xff, 0xb8, /* 行 0 */
    0xc4, 0xff, 0xff, 0xff, 0xff, 0xff, 0xff, 0xff, 0xff, 0xff, 0xff, 0xff, 0xff, 0xff, 0xff, 0xff, 0xff, 0xff, 0xb8, /* 行 1 */
    0xc4, 0xff, 0xa9, 0x48, 0x48, 0x48, 0x48, 0x48, 0x48, 0x48, 0x48, 0x48, 0x48, 0x48, 0x48, 0x48, 0xaf, 0xff, 0xb8, /* 行 2 */
    0xc4, 0xff, 0x88, 0x00, 0x00, 0x00, 0x00, 0x00, 0x00, 0x00, 0x00, 0x00, 0x00, 0x00, 0x00, 0x00, 0x90, 0xff, 0xb8, /* 行 3 */
    0xc4, 0xff, 0x88, 0x00, 0x00, 0x00, 0x00, 0x00, 0x00, 0x00, 0x00, 0x00, 0x00, 0x00, 0x00, 0x00, 0x90, 0xff, 0xb8, /* 行 4 */
    0xc4, 0xff, 0x88, 0x00, 0x00, 0x00, 0x00, 0x00, 0x00, 0x00, 0x00, 0x00, 0x00, 0x00, 0x00, 0x00, 0x90, 0xff, 0xb8, /* 行 5 */
    0xc4, 0xff, 0x88, 0x00, 0x00, 0x00, 0x00, 0x00, 0x00, 0x00, 0x00, 0x00, 0x00, 0x00, 0x00, 0x00, 0x90, 0xff, 0xb8, /* 行 6 */
    0xc4, 0xff, 0x88, 0x00, 0x00, 0x00, 0x00, 0x00, 0x00, 0x00, 0x00, 0x00, 0x00, 0x00, 0x00, 0x00, 0x90, 0xff, 0xb8, /* 行 7 */
    0xc4, 0xff, 0x88, 0x00, 0x00, 0x00, 0x00, 0x00, 0x00, 0x00, 0x00, 0x00, 0x00, 0x00, 0x00, 0x00, 0x90, 0xff, 0xb8, /* 行 8 */
    0xc4, 0xff, 0x88, 0x00, 0x00, 0x00, 0x00, 0x00, 0x00, 0x00, 0x00, 0x00, 0x00, 0x00, 0x00, 0x00, 0x90, 0xff, 0xb8, /* 行 9 */
    0xc4, 0xff, 0x88, 0x00, 0x00, 0x00, 0x00, 0x00, 0x00, 0x00, 0x00, 0x00, 0x00, 0x00, 0x00, 0x00, 0x90, 0xff, 0xb8, /* 行10 */
    0xc4, 0xff, 0x88, 0x00, 0x00, 0x00, 0x00, 0x00, 0x00, 0x00, 0x00, 0x00, 0x00, 0x00, 0x00, 0x00, 0x90, 0xff, 0xb8, /* 行11 */
    0xc4, 0xff, 0x88, 0x00, 0x00, 0x00, 0x00, 0x00, 0x00, 0x00, 0x00, 0x00, 0x00, 0x00, 0x00, 0x00, 0x90, 0xff, 0xb8, /* 行12 */
    0xc4, 0xff, 0x88, 0x00, 0x00, 0x00, 0x00, 0x00, 0x00, 0x00, 0x00, 0x00, 0x00, 0x00, 0x00, 0x00, 0x90, 0xff, 0xb8, /* 行13 */
    0xc4, 0xff, 0x88, 0x00, 0x00, 0x00, 0x00, 0x00, 0x00, 0x00, 0x00, 0x00, 0x00, 0x00, 0x00, 0x00, 0x90, 0xff, 0xb8, /* 行14 */
    0xc4, 0xff, 0x88, 0x00, 0x00, 0x00, 0x00, 0x00, 0x00, 0x00, 0x00, 0x00, 0x00, 0x00, 0x00, 0x00, 0x90, 0xff, 0xb8, /* 行15 */
    0xc4, 0xff, 0x88, 0x00, 0x00, 0x00, 0x00, 0x00, 0x00, 0x00, 0x00, 0x00, 0x00, 0x00, 0x00, 0x00, 0x90, 0xff, 0xb8, /* 行16 */
    0xc4, 0xff, 0x88, 0x00, 0x00, 0x00, 0x00, 0x00, 0x00, 0x00, 0x00, 0x00, 0x00, 0x00, 0x00, 0x00, 0x90, 0xff, 0xb8, /* 行17 */
    0xc4, 0xff, 0x88, 0x00, 0x00, 0x00, 0x00, 0x00, 0x00, 0x00, 0x00, 0x00, 0x00, 0x00, 0x00, 0x00, 0x90, 0xff, 0xb8, /* 行18 */
    0xc4, 0xff, 0x88, 0x00, 0x00, 0x00, 0x00, 0x00, 0x00, 0x00, 0x00, 0x00, 0x00, 0x00, 0x00, 0x00, 0x90, 0xff, 0xb8, /* 行19 */
    0xc4, 0xff, 0x88, 0x00, 0x00, 0x00, 0x00, 0x00, 0x00, 0x00, 0x00, 0x00, 0x00, 0x00, 0x00, 0x00, 0x90, 0xff, 0xb8, /* 行20 */
    0xc4, 0xff, 0x88, 0x00, 0x00, 0x00, 0x00, 0x00, 0x00, 0x00, 0x00, 0x00, 0x00, 0x00, 0x00, 0x00, 0x90, 0xff, 0xb8, /* 行21 */
    0xc4, 0xff, 0x88, 0x00, 0x00, 0x00, 0x00, 0x00, 0x00, 0x00, 0x00, 0x00, 0x00, 0x00, 0x00, 0x00, 0x90, 0xff, 0xb8, /* 行22 */
    0xc4, 0xff, 0x88, 0x00, 0x00, 0x00, 0x00, 0x00, 0x00, 0x00, 0x00, 0x00, 0x00, 0x00, 0x00, 0x00, 0x90, 0xff, 0xb8, /* 行23 */
    0xc4, 0xff, 0x88, 0x00, 0x00, 0x00, 0x00, 0x00, 0x00, 0x00, 0x00, 0x00, 0x00, 0x00, 0x00, 0x00, 0x90, 0xff, 0xb8, /* 行24 */
    0xc4, 0xff, 0x88, 0x00, 0x00, 0x00, 0x00, 0x00, 0x00, 0x00, 0x00, 0x00, 0x00, 0x00, 0x00, 0x00, 0x90, 0xff, 0xb8, /* 行25 */
    0xc4, 0xff, 0x88, 0x00, 0x00, 0x00, 0x00, 0x00, 0x00, 0x00, 0x00, 0x00, 0x00, 0x00, 0x00, 0x00, 0x90, 0xff, 0xb8, /* 行26 */
    0xc4, 0xff, 0x88, 0x00, 0x00, 0x00, 0x00, 0x00, 0x00, 0x00, 0x00, 0x00, 0x00, 0x00, 0x00, 0x00, 0x90, 0xff, 0xb8, /* 行27 */
    0xc4, 0xff, 0x88, 0x00, 0x00, 0x00, 0x00, 0x00, 0x00, 0x00, 0x00, 0x00, 0x00, 0x00, 0x00, 0x00, 0x90, 0xff, 0xb8, /* 行28 */
    0xc4, 0xff, 0xa9, 0x48, 0x48, 0x48, 0x48, 0x48, 0x48, 0x48, 0x48, 0x48, 0x48, 0x48, 0x48, 0x48, 0xaf, 0xff, 0xb8, /* 行29 */
    0xc4, 0xff, 0xff, 0xff, 0xff, 0xff, 0xff, 0xff, 0xff, 0xff, 0xff, 0xff, 0xff, 0xff, 0xff, 0xff, 0xff, 0xff, 0xb8, /* 行30 */
    0xc4, 0xff, 0xff, 0xff, 0xff, 0xff, 0xff, 0xff, 0xff, 0xff, 0xff, 0xff, 0xff, 0xff, 0xff, 0xff, 0xff, 0xff, 0xb8, /* 行31 */
};

/* 字符  16: DLE  */
/*
 * ████████████████████████████████████▓▓
 * ████████████████████████████████████▓▓
 * ████▓▓▒▒▒▒▒▒▒▒▒▒▒▒▒▒▒▒▒▒▒▒▒▒▒▒▒▒▓▓██▓▓
 * ████▓▓                          ▓▓██▓▓
 * ████▓▓                          ▓▓██▓▓
 * ████▓▓                          ▓▓██▓▓
 * ████▓▓                          ▓▓██▓▓
 * ████▓▓                          ▓▓██▓▓
 * ████▓▓                          ▓▓██▓▓
 * ████▓▓                          ▓▓██▓▓
 * ████▓▓                          ▓▓██▓▓
 * ████▓▓                          ▓▓██▓▓
 * ████▓▓                          ▓▓██▓▓
 * ████▓▓                          ▓▓██▓▓
 * ████▓▓                          ▓▓██▓▓
 * ████▓▓                          ▓▓██▓▓
 * ████▓▓                          ▓▓██▓▓
 * ████▓▓                          ▓▓██▓▓
 * ████▓▓                          ▓▓██▓▓
 * ████▓▓                          ▓▓██▓▓
 * ████▓▓                          ▓▓██▓▓
 * ████▓▓                          ▓▓██▓▓
 * ████▓▓                          ▓▓██▓▓
 * ████▓▓                          ▓▓██▓▓
 * ████▓▓                          ▓▓██▓▓
 * ████▓▓                          ▓▓██▓▓
 * ████▓▓                          ▓▓██▓▓
 * ████▓▓                          ▓▓██▓▓
 * ████▓▓                          ▓▓██▓▓
 * ████▓▓▒▒▒▒▒▒▒▒▒▒▒▒▒▒▒▒▒▒▒▒▒▒▒▒▒▒▓▓██▓▓
 * ████████████████████████████████████▓▓
 * ████████████████████████████████████▓▓
 */
static const unsigned char open_sans_45px_char_016_bitmap[] = {
    0xc4, 0xff, 0xff, 0xff, 0xff, 0xff, 0xff, 0xff, 0xff, 0xff, 0xff, 0xff, 0xff, 0xff, 0xff, 0xff, 0xff, 0xff, 0xb8, /* 行 0 */
    0xc4, 0xff, 0xff, 0xff, 0xff, 0xff, 0xff, 0xff, 0xff, 0xff, 0xff, 0xff, 0xff, 0xff, 0xff, 0xff, 0xff, 0xff, 0xb8, /* 行 1 */
    0xc4, 0xff, 0xa9, 0x48, 0x48, 0x48, 0x48, 0x48, 0x48, 0x48, 0x48, 0x48, 0x48, 0x48, 0x48, 0x48, 0xaf, 0xff, 0xb8, /* 行 2 */
    0xc4, 0xff, 0x88, 0x00, 0x00, 0x00, 0x00, 0x00, 0x00, 0x00, 0x00, 0x00, 0x00, 0x00, 0x00, 0x00, 0x90, 0xff, 0xb8, /* 行 3 */
    0xc4, 0xff, 0x88, 0x00, 0x00, 0x00, 0x00, 0x00, 0x00, 0x00, 0x00, 0x00, 0x00, 0x00, 0x00, 0x00, 0x90, 0xff, 0xb8, /* 行 4 */
    0xc4, 0xff, 0x88, 0x00, 0x00, 0x00, 0x00, 0x00, 0x00, 0x00, 0x00, 0x00, 0x00, 0x00, 0x00, 0x00, 0x90, 0xff, 0xb8, /* 行 5 */
    0xc4, 0xff, 0x88, 0x00, 0x00, 0x00, 0x00, 0x00, 0x00, 0x00, 0x00, 0x00, 0x00, 0x00, 0x00, 0x00, 0x90, 0xff, 0xb8, /* 行 6 */
    0xc4, 0xff, 0x88, 0x00, 0x00, 0x00, 0x00, 0x00, 0x00, 0x00, 0x00, 0x00, 0x00, 0x00, 0x00, 0x00, 0x90, 0xff, 0xb8, /* 行 7 */
    0xc4, 0xff, 0x88, 0x00, 0x00, 0x00, 0x00, 0x00, 0x00, 0x00, 0x00, 0x00, 0x00, 0x00, 0x00, 0x00, 0x90, 0xff, 0xb8, /* 行 8 */
    0xc4, 0xff, 0x88, 0x00, 0x00, 0x00, 0x00, 0x00, 0x00, 0x00, 0x00, 0x00, 0x00, 0x00, 0x00, 0x00, 0x90, 0xff, 0xb8, /* 行 9 */
    0xc4, 0xff, 0x88, 0x00, 0x00, 0x00, 0x00, 0x00, 0x00, 0x00, 0x00, 0x00, 0x00, 0x00, 0x00, 0x00, 0x90, 0xff, 0xb8, /* 行10 */
    0xc4, 0xff, 0x88, 0x00, 0x00, 0x00, 0x00, 0x00, 0x00, 0x00, 0x00, 0x00, 0x00, 0x00, 0x00, 0x00, 0x90, 0xff, 0xb8, /* 行11 */
    0xc4, 0xff, 0x88, 0x00, 0x00, 0x00, 0x00, 0x00, 0x00, 0x00, 0x00, 0x00, 0x00, 0x00, 0x00, 0x00, 0x90, 0xff, 0xb8, /* 行12 */
    0xc4, 0xff, 0x88, 0x00, 0x00, 0x00, 0x00, 0x00, 0x00, 0x00, 0x00, 0x00, 0x00, 0x00, 0x00, 0x00, 0x90, 0xff, 0xb8, /* 行13 */
    0xc4, 0xff, 0x88, 0x00, 0x00, 0x00, 0x00, 0x00, 0x00, 0x00, 0x00, 0x00, 0x00, 0x00, 0x00, 0x00, 0x90, 0xff, 0xb8, /* 行14 */
    0xc4, 0xff, 0x88, 0x00, 0x00, 0x00, 0x00, 0x00, 0x00, 0x00, 0x00, 0x00, 0x00, 0x00, 0x00, 0x00, 0x90, 0xff, 0xb8, /* 行15 */
    0xc4, 0xff, 0x88, 0x00, 0x00, 0x00, 0x00, 0x00, 0x00, 0x00, 0x00, 0x00, 0x00, 0x00, 0x00, 0x00, 0x90, 0xff, 0xb8, /* 行16 */
    0xc4, 0xff, 0x88, 0x00, 0x00, 0x00, 0x00, 0x00, 0x00, 0x00, 0x00, 0x00, 0x00, 0x00, 0x00, 0x00, 0x90, 0xff, 0xb8, /* 行17 */
    0xc4, 0xff, 0x88, 0x00, 0x00, 0x00, 0x00, 0x00, 0x00, 0x00, 0x00, 0x00, 0x00, 0x00, 0x00, 0x00, 0x90, 0xff, 0xb8, /* 行18 */
    0xc4, 0xff, 0x88, 0x00, 0x00, 0x00, 0x00, 0x00, 0x00, 0x00, 0x00, 0x00, 0x00, 0x00, 0x00, 0x00, 0x90, 0xff, 0xb8, /* 行19 */
    0xc4, 0xff, 0x88, 0x00, 0x00, 0x00, 0x00, 0x00, 0x00, 0x00, 0x00, 0x00, 0x00, 0x00, 0x00, 0x00, 0x90, 0xff, 0xb8, /* 行20 */
    0xc4, 0xff, 0x88, 0x00, 0x00, 0x00, 0x00, 0x00, 0x00, 0x00, 0x00, 0x00, 0x00, 0x00, 0x00, 0x00, 0x90, 0xff, 0xb8, /* 行21 */
    0xc4, 0xff, 0x88, 0x00, 0x00, 0x00, 0x00, 0x00, 0x00, 0x00, 0x00, 0x00, 0x00, 0x00, 0x00, 0x00, 0x90, 0xff, 0xb8, /* 行22 */
    0xc4, 0xff, 0x88, 0x00, 0x00, 0x00, 0x00, 0x00, 0x00, 0x00, 0x00, 0x00, 0x00, 0x00, 0x00, 0x00, 0x90, 0xff, 0xb8, /* 行23 */
    0xc4, 0xff, 0x88, 0x00, 0x00, 0x00, 0x00, 0x00, 0x00, 0x00, 0x00, 0x00, 0x00, 0x00, 0x00, 0x00, 0x90, 0xff, 0xb8, /* 行24 */
    0xc4, 0xff, 0x88, 0x00, 0x00, 0x00, 0x00, 0x00, 0x00, 0x00, 0x00, 0x00, 0x00, 0x00, 0x00, 0x00, 0x90, 0xff, 0xb8, /* 行25 */
    0xc4, 0xff, 0x88, 0x00, 0x00, 0x00, 0x00, 0x00, 0x00, 0x00, 0x00, 0x00, 0x00, 0x00, 0x00, 0x00, 0x90, 0xff, 0xb8, /* 行26 */
    0xc4, 0xff, 0x88, 0x00, 0x00, 0x00, 0x00, 0x00, 0x00, 0x00, 0x00, 0x00, 0x00, 0x00, 0x00, 0x00, 0x90, 0xff, 0xb8, /* 行27 */
    0xc4, 0xff, 0x88, 0x00, 0x00, 0x00, 0x00, 0x00, 0x00, 0x00, 0x00, 0x00, 0x00, 0x00, 0x00, 0x00, 0x90, 0xff, 0xb8, /* 行28 */
    0xc4, 0xff, 0xa9, 0x48, 0x48, 0x48, 0x48, 0x48, 0x48, 0x48, 0x48, 0x48, 0x48, 0x48, 0x48, 0x48, 0xaf, 0xff, 0xb8, /* 行29 */
    0xc4, 0xff, 0xff, 0xff, 0xff, 0xff, 0xff, 0xff, 0xff, 0xff, 0xff, 0xff, 0xff, 0xff, 0xff, 0xff, 0xff, 0xff, 0xb8, /* 行30 */
    0xc4, 0xff, 0xff, 0xff, 0xff, 0xff, 0xff, 0xff, 0xff, 0xff, 0xff, 0xff, 0xff, 0xff, 0xff, 0xff, 0xff, 0xff, 0xb8, /* 行31 */
};

/* 字符  17: DC1  */
/*
 * ████████████████████████████████████▓▓
 * ████████████████████████████████████▓▓
 * ████▓▓▒▒▒▒▒▒▒▒▒▒▒▒▒▒▒▒▒▒▒▒▒▒▒▒▒▒▓▓██▓▓
 * ████▓▓                          ▓▓██▓▓
 * ████▓▓                          ▓▓██▓▓
 * ████▓▓                          ▓▓██▓▓
 * ████▓▓                          ▓▓██▓▓
 * ████▓▓                          ▓▓██▓▓
 * ████▓▓                          ▓▓██▓▓
 * ████▓▓                          ▓▓██▓▓
 * ████▓▓                          ▓▓██▓▓
 * ████▓▓                          ▓▓██▓▓
 * ████▓▓                          ▓▓██▓▓
 * ████▓▓                          ▓▓██▓▓
 * ████▓▓                          ▓▓██▓▓
 * ████▓▓                          ▓▓██▓▓
 * ████▓▓                          ▓▓██▓▓
 * ████▓▓                          ▓▓██▓▓
 * ████▓▓                          ▓▓██▓▓
 * ████▓▓                          ▓▓██▓▓
 * ████▓▓                          ▓▓██▓▓
 * ████▓▓                          ▓▓██▓▓
 * ████▓▓                          ▓▓██▓▓
 * ████▓▓                          ▓▓██▓▓
 * ████▓▓                          ▓▓██▓▓
 * ████▓▓                          ▓▓██▓▓
 * ████▓▓                          ▓▓██▓▓
 * ████▓▓                          ▓▓██▓▓
 * ████▓▓                          ▓▓██▓▓
 * ████▓▓▒▒▒▒▒▒▒▒▒▒▒▒▒▒▒▒▒▒▒▒▒▒▒▒▒▒▓▓██▓▓
 * ████████████████████████████████████▓▓
 * ████████████████████████████████████▓▓
 */
static const unsigned char open_sans_45px_char_017_bitmap[] = {
    0xc4, 0xff, 0xff, 0xff, 0xff, 0xff, 0xff, 0xff, 0xff, 0xff, 0xff, 0xff, 0xff, 0xff, 0xff, 0xff, 0xff, 0xff, 0xb8, /* 行 0 */
    0xc4, 0xff, 0xff, 0xff, 0xff, 0xff, 0xff, 0xff, 0xff, 0xff, 0xff, 0xff, 0xff, 0xff, 0xff, 0xff, 0xff, 0xff, 0xb8, /* 行 1 */
    0xc4, 0xff, 0xa9, 0x48, 0x48, 0x48, 0x48, 0x48, 0x48, 0x48, 0x48, 0x48, 0x48, 0x48, 0x48, 0x48, 0xaf, 0xff, 0xb8, /* 行 2 */
    0xc4, 0xff, 0x88, 0x00, 0x00, 0x00, 0x00, 0x00, 0x00, 0x00, 0x00, 0x00, 0x00, 0x00, 0x00, 0x00, 0x90, 0xff, 0xb8, /* 行 3 */
    0xc4, 0xff, 0x88, 0x00, 0x00, 0x00, 0x00, 0x00, 0x00, 0x00, 0x00, 0x00, 0x00, 0x00, 0x00, 0x00, 0x90, 0xff, 0xb8, /* 行 4 */
    0xc4, 0xff, 0x88, 0x00, 0x00, 0x00, 0x00, 0x00, 0x00, 0x00, 0x00, 0x00, 0x00, 0x00, 0x00, 0x00, 0x90, 0xff, 0xb8, /* 行 5 */
    0xc4, 0xff, 0x88, 0x00, 0x00, 0x00, 0x00, 0x00, 0x00, 0x00, 0x00, 0x00, 0x00, 0x00, 0x00, 0x00, 0x90, 0xff, 0xb8, /* 行 6 */
    0xc4, 0xff, 0x88, 0x00, 0x00, 0x00, 0x00, 0x00, 0x00, 0x00, 0x00, 0x00, 0x00, 0x00, 0x00, 0x00, 0x90, 0xff, 0xb8, /* 行 7 */
    0xc4, 0xff, 0x88, 0x00, 0x00, 0x00, 0x00, 0x00, 0x00, 0x00, 0x00, 0x00, 0x00, 0x00, 0x00, 0x00, 0x90, 0xff, 0xb8, /* 行 8 */
    0xc4, 0xff, 0x88, 0x00, 0x00, 0x00, 0x00, 0x00, 0x00, 0x00, 0x00, 0x00, 0x00, 0x00, 0x00, 0x00, 0x90, 0xff, 0xb8, /* 行 9 */
    0xc4, 0xff, 0x88, 0x00, 0x00, 0x00, 0x00, 0x00, 0x00, 0x00, 0x00, 0x00, 0x00, 0x00, 0x00, 0x00, 0x90, 0xff, 0xb8, /* 行10 */
    0xc4, 0xff, 0x88, 0x00, 0x00, 0x00, 0x00, 0x00, 0x00, 0x00, 0x00, 0x00, 0x00, 0x00, 0x00, 0x00, 0x90, 0xff, 0xb8, /* 行11 */
    0xc4, 0xff, 0x88, 0x00, 0x00, 0x00, 0x00, 0x00, 0x00, 0x00, 0x00, 0x00, 0x00, 0x00, 0x00, 0x00, 0x90, 0xff, 0xb8, /* 行12 */
    0xc4, 0xff, 0x88, 0x00, 0x00, 0x00, 0x00, 0x00, 0x00, 0x00, 0x00, 0x00, 0x00, 0x00, 0x00, 0x00, 0x90, 0xff, 0xb8, /* 行13 */
    0xc4, 0xff, 0x88, 0x00, 0x00, 0x00, 0x00, 0x00, 0x00, 0x00, 0x00, 0x00, 0x00, 0x00, 0x00, 0x00, 0x90, 0xff, 0xb8, /* 行14 */
    0xc4, 0xff, 0x88, 0x00, 0x00, 0x00, 0x00, 0x00, 0x00, 0x00, 0x00, 0x00, 0x00, 0x00, 0x00, 0x00, 0x90, 0xff, 0xb8, /* 行15 */
    0xc4, 0xff, 0x88, 0x00, 0x00, 0x00, 0x00, 0x00, 0x00, 0x00, 0x00, 0x00, 0x00, 0x00, 0x00, 0x00, 0x90, 0xff, 0xb8, /* 行16 */
    0xc4, 0xff, 0x88, 0x00, 0x00, 0x00, 0x00, 0x00, 0x00, 0x00, 0x00, 0x00, 0x00, 0x00, 0x00, 0x00, 0x90, 0xff, 0xb8, /* 行17 */
    0xc4, 0xff, 0x88, 0x00, 0x00, 0x00, 0x00, 0x00, 0x00, 0x00, 0x00, 0x00, 0x00, 0x00, 0x00, 0x00, 0x90, 0xff, 0xb8, /* 行18 */
    0xc4, 0xff, 0x88, 0x00, 0x00, 0x00, 0x00, 0x00, 0x00, 0x00, 0x00, 0x00, 0x00, 0x00, 0x00, 0x00, 0x90, 0xff, 0xb8, /* 行19 */
    0xc4, 0xff, 0x88, 0x00, 0x00, 0x00, 0x00, 0x00, 0x00, 0x00, 0x00, 0x00, 0x00, 0x00, 0x00, 0x00, 0x90, 0xff, 0xb8, /* 行20 */
    0xc4, 0xff, 0x88, 0x00, 0x00, 0x00, 0x00, 0x00, 0x00, 0x00, 0x00, 0x00, 0x00, 0x00, 0x00, 0x00, 0x90, 0xff, 0xb8, /* 行21 */
    0xc4, 0xff, 0x88, 0x00, 0x00, 0x00, 0x00, 0x00, 0x00, 0x00, 0x00, 0x00, 0x00, 0x00, 0x00, 0x00, 0x90, 0xff, 0xb8, /* 行22 */
    0xc4, 0xff, 0x88, 0x00, 0x00, 0x00, 0x00, 0x00, 0x00, 0x00, 0x00, 0x00, 0x00, 0x00, 0x00, 0x00, 0x90, 0xff, 0xb8, /* 行23 */
    0xc4, 0xff, 0x88, 0x00, 0x00, 0x00, 0x00, 0x00, 0x00, 0x00, 0x00, 0x00, 0x00, 0x00, 0x00, 0x00, 0x90, 0xff, 0xb8, /* 行24 */
    0xc4, 0xff, 0x88, 0x00, 0x00, 0x00, 0x00, 0x00, 0x00, 0x00, 0x00, 0x00, 0x00, 0x00, 0x00, 0x00, 0x90, 0xff, 0xb8, /* 行25 */
    0xc4, 0xff, 0x88, 0x00, 0x00, 0x00, 0x00, 0x00, 0x00, 0x00, 0x00, 0x00, 0x00, 0x00, 0x00, 0x00, 0x90, 0xff, 0xb8, /* 行26 */
    0xc4, 0xff, 0x88, 0x00, 0x00, 0x00, 0x00, 0x00, 0x00, 0x00, 0x00, 0x00, 0x00, 0x00, 0x00, 0x00, 0x90, 0xff, 0xb8, /* 行27 */
    0xc4, 0xff, 0x88, 0x00, 0x00, 0x00, 0x00, 0x00, 0x00, 0x00, 0x00, 0x00, 0x00, 0x00, 0x00, 0x00, 0x90, 0xff, 0xb8, /* 行28 */
    0xc4, 0xff, 0xa9, 0x48, 0x48, 0x48, 0x48, 0x48, 0x48, 0x48, 0x48, 0x48, 0x48, 0x48, 0x48, 0x48, 0xaf, 0xff, 0xb8, /* 行29 */
    0xc4, 0xff, 0xff, 0xff, 0xff, 0xff, 0xff, 0xff, 0xff, 0xff, 0xff, 0xff, 0xff, 0xff, 0xff, 0xff, 0xff, 0xff, 0xb8, /* 行30 */
    0xc4, 0xff, 0xff, 0xff, 0xff, 0xff, 0xff, 0xff, 0xff, 0xff, 0xff, 0xff, 0xff, 0xff, 0xff, 0xff, 0xff, 0xff, 0xb8, /* 行31 */
};

/* 字符  18: DC2  */
/*
 * ████████████████████████████████████▓▓
 * ████████████████████████████████████▓▓
 * ████▓▓▒▒▒▒▒▒▒▒▒▒▒▒▒▒▒▒▒▒▒▒▒▒▒▒▒▒▓▓██▓▓
 * ████▓▓                          ▓▓██▓▓
 * ████▓▓                          ▓▓██▓▓
 * ████▓▓                          ▓▓██▓▓
 * ████▓▓                          ▓▓██▓▓
 * ████▓▓                          ▓▓██▓▓
 * ████▓▓                          ▓▓██▓▓
 * ████▓▓                          ▓▓██▓▓
 * ████▓▓                          ▓▓██▓▓
 * ████▓▓                          ▓▓██▓▓
 * ████▓▓                          ▓▓██▓▓
 * ████▓▓                          ▓▓██▓▓
 * ████▓▓                          ▓▓██▓▓
 * ████▓▓                          ▓▓██▓▓
 * ████▓▓                          ▓▓██▓▓
 * ████▓▓                          ▓▓██▓▓
 * ████▓▓                          ▓▓██▓▓
 * ████▓▓                          ▓▓██▓▓
 * ████▓▓                          ▓▓██▓▓
 * ████▓▓                          ▓▓██▓▓
 * ████▓▓                          ▓▓██▓▓
 * ████▓▓                          ▓▓██▓▓
 * ████▓▓                          ▓▓██▓▓
 * ████▓▓                          ▓▓██▓▓
 * ████▓▓                          ▓▓██▓▓
 * ████▓▓                          ▓▓██▓▓
 * ████▓▓                          ▓▓██▓▓
 * ████▓▓▒▒▒▒▒▒▒▒▒▒▒▒▒▒▒▒▒▒▒▒▒▒▒▒▒▒▓▓██▓▓
 * ████████████████████████████████████▓▓
 * ████████████████████████████████████▓▓
 */
static const unsigned char open_sans_45px_char_018_bitmap[] = {
    0xc4, 0xff, 0xff, 0xff, 0xff, 0xff, 0xff, 0xff, 0xff, 0xff, 0xff, 0xff, 0xff, 0xff, 0xff, 0xff, 0xff, 0xff, 0xb8, /* 行 0 */
    0xc4, 0xff, 0xff, 0xff, 0xff, 0xff, 0xff, 0xff, 0xff, 0xff, 0xff, 0xff, 0xff, 0xff, 0xff, 0xff, 0xff, 0xff, 0xb8, /* 行 1 */
    0xc4, 0xff, 0xa9, 0x48, 0x48, 0x48, 0x48, 0x48, 0x48, 0x48, 0x48, 0x48, 0x48, 0x48, 0x48, 0x48, 0xaf, 0xff, 0xb8, /* 行 2 */
    0xc4, 0xff, 0x88, 0x00, 0x00, 0x00, 0x00, 0x00, 0x00, 0x00, 0x00, 0x00, 0x00, 0x00, 0x00, 0x00, 0x90, 0xff, 0xb8, /* 行 3 */
    0xc4, 0xff, 0x88, 0x00, 0x00, 0x00, 0x00, 0x00, 0x00, 0x00, 0x00, 0x00, 0x00, 0x00, 0x00, 0x00, 0x90, 0xff, 0xb8, /* 行 4 */
    0xc4, 0xff, 0x88, 0x00, 0x00, 0x00, 0x00, 0x00, 0x00, 0x00, 0x00, 0x00, 0x00, 0x00, 0x00, 0x00, 0x90, 0xff, 0xb8, /* 行 5 */
    0xc4, 0xff, 0x88, 0x00, 0x00, 0x00, 0x00, 0x00, 0x00, 0x00, 0x00, 0x00, 0x00, 0x00, 0x00, 0x00, 0x90, 0xff, 0xb8, /* 行 6 */
    0xc4, 0xff, 0x88, 0x00, 0x00, 0x00, 0x00, 0x00, 0x00, 0x00, 0x00, 0x00, 0x00, 0x00, 0x00, 0x00, 0x90, 0xff, 0xb8, /* 行 7 */
    0xc4, 0xff, 0x88, 0x00, 0x00, 0x00, 0x00, 0x00, 0x00, 0x00, 0x00, 0x00, 0x00, 0x00, 0x00, 0x00, 0x90, 0xff, 0xb8, /* 行 8 */
    0xc4, 0xff, 0x88, 0x00, 0x00, 0x00, 0x00, 0x00, 0x00, 0x00, 0x00, 0x00, 0x00, 0x00, 0x00, 0x00, 0x90, 0xff, 0xb8, /* 行 9 */
    0xc4, 0xff, 0x88, 0x00, 0x00, 0x00, 0x00, 0x00, 0x00, 0x00, 0x00, 0x00, 0x00, 0x00, 0x00, 0x00, 0x90, 0xff, 0xb8, /* 行10 */
    0xc4, 0xff, 0x88, 0x00, 0x00, 0x00, 0x00, 0x00, 0x00, 0x00, 0x00, 0x00, 0x00, 0x00, 0x00, 0x00, 0x90, 0xff, 0xb8, /* 行11 */
    0xc4, 0xff, 0x88, 0x00, 0x00, 0x00, 0x00, 0x00, 0x00, 0x00, 0x00, 0x00, 0x00, 0x00, 0x00, 0x00, 0x90, 0xff, 0xb8, /* 行12 */
    0xc4, 0xff, 0x88, 0x00, 0x00, 0x00, 0x00, 0x00, 0x00, 0x00, 0x00, 0x00, 0x00, 0x00, 0x00, 0x00, 0x90, 0xff, 0xb8, /* 行13 */
    0xc4, 0xff, 0x88, 0x00, 0x00, 0x00, 0x00, 0x00, 0x00, 0x00, 0x00, 0x00, 0x00, 0x00, 0x00, 0x00, 0x90, 0xff, 0xb8, /* 行14 */
    0xc4, 0xff, 0x88, 0x00, 0x00, 0x00, 0x00, 0x00, 0x00, 0x00, 0x00, 0x00, 0x00, 0x00, 0x00, 0x00, 0x90, 0xff, 0xb8, /* 行15 */
    0xc4, 0xff, 0x88, 0x00, 0x00, 0x00, 0x00, 0x00, 0x00, 0x00, 0x00, 0x00, 0x00, 0x00, 0x00, 0x00, 0x90, 0xff, 0xb8, /* 行16 */
    0xc4, 0xff, 0x88, 0x00, 0x00, 0x00, 0x00, 0x00, 0x00, 0x00, 0x00, 0x00, 0x00, 0x00, 0x00, 0x00, 0x90, 0xff, 0xb8, /* 行17 */
    0xc4, 0xff, 0x88, 0x00, 0x00, 0x00, 0x00, 0x00, 0x00, 0x00, 0x00, 0x00, 0x00, 0x00, 0x00, 0x00, 0x90, 0xff, 0xb8, /* 行18 */
    0xc4, 0xff, 0x88, 0x00, 0x00, 0x00, 0x00, 0x00, 0x00, 0x00, 0x00, 0x00, 0x00, 0x00, 0x00, 0x00, 0x90, 0xff, 0xb8, /* 行19 */
    0xc4, 0xff, 0x88, 0x00, 0x00, 0x00, 0x00, 0x00, 0x00, 0x00, 0x00, 0x00, 0x00, 0x00, 0x00, 0x00, 0x90, 0xff, 0xb8, /* 行20 */
    0xc4, 0xff, 0x88, 0x00, 0x00, 0x00, 0x00, 0x00, 0x00, 0x00, 0x00, 0x00, 0x00, 0x00, 0x00, 0x00, 0x90, 0xff, 0xb8, /* 行21 */
    0xc4, 0xff, 0x88, 0x00, 0x00, 0x00, 0x00, 0x00, 0x00, 0x00, 0x00, 0x00, 0x00, 0x00, 0x00, 0x00, 0x90, 0xff, 0xb8, /* 行22 */
    0xc4, 0xff, 0x88, 0x00, 0x00, 0x00, 0x00, 0x00, 0x00, 0x00, 0x00, 0x00, 0x00, 0x00, 0x00, 0x00, 0x90, 0xff, 0xb8, /* 行23 */
    0xc4, 0xff, 0x88, 0x00, 0x00, 0x00, 0x00, 0x00, 0x00, 0x00, 0x00, 0x00, 0x00, 0x00, 0x00, 0x00, 0x90, 0xff, 0xb8, /* 行24 */
    0xc4, 0xff, 0x88, 0x00, 0x00, 0x00, 0x00, 0x00, 0x00, 0x00, 0x00, 0x00, 0x00, 0x00, 0x00, 0x00, 0x90, 0xff, 0xb8, /* 行25 */
    0xc4, 0xff, 0x88, 0x00, 0x00, 0x00, 0x00, 0x00, 0x00, 0x00, 0x00, 0x00, 0x00, 0x00, 0x00, 0x00, 0x90, 0xff, 0xb8, /* 行26 */
    0xc4, 0xff, 0x88, 0x00, 0x00, 0x00, 0x00, 0x00, 0x00, 0x00, 0x00, 0x00, 0x00, 0x00, 0x00, 0x00, 0x90, 0xff, 0xb8, /* 行27 */
    0xc4, 0xff, 0x88, 0x00, 0x00, 0x00, 0x00, 0x00, 0x00, 0x00, 0x00, 0x00, 0x00, 0x00, 0x00, 0x00, 0x90, 0xff, 0xb8, /* 行28 */
    0xc4, 0xff, 0xa9, 0x48, 0x48, 0x48, 0x48, 0x48, 0x48, 0x48, 0x48, 0x48, 0x48, 0x48, 0x48, 0x48, 0xaf, 0xff, 0xb8, /* 行29 */
    0xc4, 0xff, 0xff, 0xff, 0xff, 0xff, 0xff, 0xff, 0xff, 0xff, 0xff, 0xff, 0xff, 0xff, 0xff, 0xff, 0xff, 0xff, 0xb8, /* 行30 */
    0xc4, 0xff, 0xff, 0xff, 0xff, 0xff, 0xff, 0xff, 0xff, 0xff, 0xff, 0xff, 0xff, 0xff, 0xff, 0xff, 0xff, 0xff, 0xb8, /* 行31 */
};

/* 字符  19: DC3  */
/*
 * ████████████████████████████████████▓▓
 * ████████████████████████████████████▓▓
 * ████▓▓▒▒▒▒▒▒▒▒▒▒▒▒▒▒▒▒▒▒▒▒▒▒▒▒▒▒▓▓██▓▓
 * ████▓▓                          ▓▓██▓▓
 * ████▓▓                          ▓▓██▓▓
 * ████▓▓                          ▓▓██▓▓
 * ████▓▓                          ▓▓██▓▓
 * ████▓▓                          ▓▓██▓▓
 * ████▓▓                          ▓▓██▓▓
 * ████▓▓                          ▓▓██▓▓
 * ████▓▓                          ▓▓██▓▓
 * ████▓▓                          ▓▓██▓▓
 * ████▓▓                          ▓▓██▓▓
 * ████▓▓                          ▓▓██▓▓
 * ████▓▓                          ▓▓██▓▓
 * ████▓▓                          ▓▓██▓▓
 * ████▓▓                          ▓▓██▓▓
 * ████▓▓                          ▓▓██▓▓
 * ████▓▓                          ▓▓██▓▓
 * ████▓▓                          ▓▓██▓▓
 * ████▓▓                          ▓▓██▓▓
 * ████▓▓                          ▓▓██▓▓
 * ████▓▓                          ▓▓██▓▓
 * ████▓▓                          ▓▓██▓▓
 * ████▓▓                          ▓▓██▓▓
 * ████▓▓                          ▓▓██▓▓
 * ████▓▓                          ▓▓██▓▓
 * ████▓▓                          ▓▓██▓▓
 * ████▓▓                          ▓▓██▓▓
 * ████▓▓▒▒▒▒▒▒▒▒▒▒▒▒▒▒▒▒▒▒▒▒▒▒▒▒▒▒▓▓██▓▓
 * ████████████████████████████████████▓▓
 * ████████████████████████████████████▓▓
 */
static const unsigned char open_sans_45px_char_019_bitmap[] = {
    0xc4, 0xff, 0xff, 0xff, 0xff, 0xff, 0xff, 0xff, 0xff, 0xff, 0xff, 0xff, 0xff, 0xff, 0xff, 0xff, 0xff, 0xff, 0xb8, /* 行 0 */
    0xc4, 0xff, 0xff, 0xff, 0xff, 0xff, 0xff, 0xff, 0xff, 0xff, 0xff, 0xff, 0xff, 0xff, 0xff, 0xff, 0xff, 0xff, 0xb8, /* 行 1 */
    0xc4, 0xff, 0xa9, 0x48, 0x48, 0x48, 0x48, 0x48, 0x48, 0x48, 0x48, 0x48, 0x48, 0x48, 0x48, 0x48, 0xaf, 0xff, 0xb8, /* 行 2 */
    0xc4, 0xff, 0x88, 0x00, 0x00, 0x00, 0x00, 0x00, 0x00, 0x00, 0x00, 0x00, 0x00, 0x00, 0x00, 0x00, 0x90, 0xff, 0xb8, /* 行 3 */
    0xc4, 0xff, 0x88, 0x00, 0x00, 0x00, 0x00, 0x00, 0x00, 0x00, 0x00, 0x00, 0x00, 0x00, 0x00, 0x00, 0x90, 0xff, 0xb8, /* 行 4 */
    0xc4, 0xff, 0x88, 0x00, 0x00, 0x00, 0x00, 0x00, 0x00, 0x00, 0x00, 0x00, 0x00, 0x00, 0x00, 0x00, 0x90, 0xff, 0xb8, /* 行 5 */
    0xc4, 0xff, 0x88, 0x00, 0x00, 0x00, 0x00, 0x00, 0x00, 0x00, 0x00, 0x00, 0x00, 0x00, 0x00, 0x00, 0x90, 0xff, 0xb8, /* 行 6 */
    0xc4, 0xff, 0x88, 0x00, 0x00, 0x00, 0x00, 0x00, 0x00, 0x00, 0x00, 0x00, 0x00, 0x00, 0x00, 0x00, 0x90, 0xff, 0xb8, /* 行 7 */
    0xc4, 0xff, 0x88, 0x00, 0x00, 0x00, 0x00, 0x00, 0x00, 0x00, 0x00, 0x00, 0x00, 0x00, 0x00, 0x00, 0x90, 0xff, 0xb8, /* 行 8 */
    0xc4, 0xff, 0x88, 0x00, 0x00, 0x00, 0x00, 0x00, 0x00, 0x00, 0x00, 0x00, 0x00, 0x00, 0x00, 0x00, 0x90, 0xff, 0xb8, /* 行 9 */
    0xc4, 0xff, 0x88, 0x00, 0x00, 0x00, 0x00, 0x00, 0x00, 0x00, 0x00, 0x00, 0x00, 0x00, 0x00, 0x00, 0x90, 0xff, 0xb8, /* 行10 */
    0xc4, 0xff, 0x88, 0x00, 0x00, 0x00, 0x00, 0x00, 0x00, 0x00, 0x00, 0x00, 0x00, 0x00, 0x00, 0x00, 0x90, 0xff, 0xb8, /* 行11 */
    0xc4, 0xff, 0x88, 0x00, 0x00, 0x00, 0x00, 0x00, 0x00, 0x00, 0x00, 0x00, 0x00, 0x00, 0x00, 0x00, 0x90, 0xff, 0xb8, /* 行12 */
    0xc4, 0xff, 0x88, 0x00, 0x00, 0x00, 0x00, 0x00, 0x00, 0x00, 0x00, 0x00, 0x00, 0x00, 0x00, 0x00, 0x90, 0xff, 0xb8, /* 行13 */
    0xc4, 0xff, 0x88, 0x00, 0x00, 0x00, 0x00, 0x00, 0x00, 0x00, 0x00, 0x00, 0x00, 0x00, 0x00, 0x00, 0x90, 0xff, 0xb8, /* 行14 */
    0xc4, 0xff, 0x88, 0x00, 0x00, 0x00, 0x00, 0x00, 0x00, 0x00, 0x00, 0x00, 0x00, 0x00, 0x00, 0x00, 0x90, 0xff, 0xb8, /* 行15 */
    0xc4, 0xff, 0x88, 0x00, 0x00, 0x00, 0x00, 0x00, 0x00, 0x00, 0x00, 0x00, 0x00, 0x00, 0x00, 0x00, 0x90, 0xff, 0xb8, /* 行16 */
    0xc4, 0xff, 0x88, 0x00, 0x00, 0x00, 0x00, 0x00, 0x00, 0x00, 0x00, 0x00, 0x00, 0x00, 0x00, 0x00, 0x90, 0xff, 0xb8, /* 行17 */
    0xc4, 0xff, 0x88, 0x00, 0x00, 0x00, 0x00, 0x00, 0x00, 0x00, 0x00, 0x00, 0x00, 0x00, 0x00, 0x00, 0x90, 0xff, 0xb8, /* 行18 */
    0xc4, 0xff, 0x88, 0x00, 0x00, 0x00, 0x00, 0x00, 0x00, 0x00, 0x00, 0x00, 0x00, 0x00, 0x00, 0x00, 0x90, 0xff, 0xb8, /* 行19 */
    0xc4, 0xff, 0x88, 0x00, 0x00, 0x00, 0x00, 0x00, 0x00, 0x00, 0x00, 0x00, 0x00, 0x00, 0x00, 0x00, 0x90, 0xff, 0xb8, /* 行20 */
    0xc4, 0xff, 0x88, 0x00, 0x00, 0x00, 0x00, 0x00, 0x00, 0x00, 0x00, 0x00, 0x00, 0x00, 0x00, 0x00, 0x90, 0xff, 0xb8, /* 行21 */
    0xc4, 0xff, 0x88, 0x00, 0x00, 0x00, 0x00, 0x00, 0x00, 0x00, 0x00, 0x00, 0x00, 0x00, 0x00, 0x00, 0x90, 0xff, 0xb8, /* 行22 */
    0xc4, 0xff, 0x88, 0x00, 0x00, 0x00, 0x00, 0x00, 0x00, 0x00, 0x00, 0x00, 0x00, 0x00, 0x00, 0x00, 0x90, 0xff, 0xb8, /* 行23 */
    0xc4, 0xff, 0x88, 0x00, 0x00, 0x00, 0x00, 0x00, 0x00, 0x00, 0x00, 0x00, 0x00, 0x00, 0x00, 0x00, 0x90, 0xff, 0xb8, /* 行24 */
    0xc4, 0xff, 0x88, 0x00, 0x00, 0x00, 0x00, 0x00, 0x00, 0x00, 0x00, 0x00, 0x00, 0x00, 0x00, 0x00, 0x90, 0xff, 0xb8, /* 行25 */
    0xc4, 0xff, 0x88, 0x00, 0x00, 0x00, 0x00, 0x00, 0x00, 0x00, 0x00, 0x00, 0x00, 0x00, 0x00, 0x00, 0x90, 0xff, 0xb8, /* 行26 */
    0xc4, 0xff, 0x88, 0x00, 0x00, 0x00, 0x00, 0x00, 0x00, 0x00, 0x00, 0x00, 0x00, 0x00, 0x00, 0x00, 0x90, 0xff, 0xb8, /* 行27 */
    0xc4, 0xff, 0x88, 0x00, 0x00, 0x00, 0x00, 0x00, 0x00, 0x00, 0x00, 0x00, 0x00, 0x00, 0x00, 0x00, 0x90, 0xff, 0xb8, /* 行28 */
    0xc4, 0xff, 0xa9, 0x48, 0x48, 0x48, 0x48, 0x48, 0x48, 0x48, 0x48, 0x48, 0x48, 0x48, 0x48, 0x48, 0xaf, 0xff, 0xb8, /* 行29 */
    0xc4, 0xff, 0xff, 0xff, 0xff, 0xff, 0xff, 0xff, 0xff, 0xff, 0xff, 0xff, 0xff, 0xff, 0xff, 0xff, 0xff, 0xff, 0xb8, /* 行30 */
    0xc4, 0xff, 0xff, 0xff, 0xff, 0xff, 0xff, 0xff, 0xff, 0xff, 0xff, 0xff, 0xff, 0xff, 0xff, 0xff, 0xff, 0xff, 0xb8, /* 行31 */
};

/* 字符  20: DC4  */
/*
 * ████████████████████████████████████▓▓
 * ████████████████████████████████████▓▓
 * ████▓▓▒▒▒▒▒▒▒▒▒▒▒▒▒▒▒▒▒▒▒▒▒▒▒▒▒▒▓▓██▓▓
 * ████▓▓                          ▓▓██▓▓
 * ████▓▓                          ▓▓██▓▓
 * ████▓▓                          ▓▓██▓▓
 * ████▓▓                          ▓▓██▓▓
 * ████▓▓                          ▓▓██▓▓
 * ████▓▓                          ▓▓██▓▓
 * ████▓▓                          ▓▓██▓▓
 * ████▓▓                          ▓▓██▓▓
 * ████▓▓                          ▓▓██▓▓
 * ████▓▓                          ▓▓██▓▓
 * ████▓▓                          ▓▓██▓▓
 * ████▓▓                          ▓▓██▓▓
 * ████▓▓                          ▓▓██▓▓
 * ████▓▓                          ▓▓██▓▓
 * ████▓▓                          ▓▓██▓▓
 * ████▓▓                          ▓▓██▓▓
 * ████▓▓                          ▓▓██▓▓
 * ████▓▓                          ▓▓██▓▓
 * ████▓▓                          ▓▓██▓▓
 * ████▓▓                          ▓▓██▓▓
 * ████▓▓                          ▓▓██▓▓
 * ████▓▓                          ▓▓██▓▓
 * ████▓▓                          ▓▓██▓▓
 * ████▓▓                          ▓▓██▓▓
 * ████▓▓                          ▓▓██▓▓
 * ████▓▓                          ▓▓██▓▓
 * ████▓▓▒▒▒▒▒▒▒▒▒▒▒▒▒▒▒▒▒▒▒▒▒▒▒▒▒▒▓▓██▓▓
 * ████████████████████████████████████▓▓
 * ████████████████████████████████████▓▓
 */
static const unsigned char open_sans_45px_char_020_bitmap[] = {
    0xc4, 0xff, 0xff, 0xff, 0xff, 0xff, 0xff, 0xff, 0xff, 0xff, 0xff, 0xff, 0xff, 0xff, 0xff, 0xff, 0xff, 0xff, 0xb8, /* 行 0 */
    0xc4, 0xff, 0xff, 0xff, 0xff, 0xff, 0xff, 0xff, 0xff, 0xff, 0xff, 0xff, 0xff, 0xff, 0xff, 0xff, 0xff, 0xff, 0xb8, /* 行 1 */
    0xc4, 0xff, 0xa9, 0x48, 0x48, 0x48, 0x48, 0x48, 0x48, 0x48, 0x48, 0x48, 0x48, 0x48, 0x48, 0x48, 0xaf, 0xff, 0xb8, /* 行 2 */
    0xc4, 0xff, 0x88, 0x00, 0x00, 0x00, 0x00, 0x00, 0x00, 0x00, 0x00, 0x00, 0x00, 0x00, 0x00, 0x00, 0x90, 0xff, 0xb8, /* 行 3 */
    0xc4, 0xff, 0x88, 0x00, 0x00, 0x00, 0x00, 0x00, 0x00, 0x00, 0x00, 0x00, 0x00, 0x00, 0x00, 0x00, 0x90, 0xff, 0xb8, /* 行 4 */
    0xc4, 0xff, 0x88, 0x00, 0x00, 0x00, 0x00, 0x00, 0x00, 0x00, 0x00, 0x00, 0x00, 0x00, 0x00, 0x00, 0x90, 0xff, 0xb8, /* 行 5 */
    0xc4, 0xff, 0x88, 0x00, 0x00, 0x00, 0x00, 0x00, 0x00, 0x00, 0x00, 0x00, 0x00, 0x00, 0x00, 0x00, 0x90, 0xff, 0xb8, /* 行 6 */
    0xc4, 0xff, 0x88, 0x00, 0x00, 0x00, 0x00, 0x00, 0x00, 0x00, 0x00, 0x00, 0x00, 0x00, 0x00, 0x00, 0x90, 0xff, 0xb8, /* 行 7 */
    0xc4, 0xff, 0x88, 0x00, 0x00, 0x00, 0x00, 0x00, 0x00, 0x00, 0x00, 0x00, 0x00, 0x00, 0x00, 0x00, 0x90, 0xff, 0xb8, /* 行 8 */
    0xc4, 0xff, 0x88, 0x00, 0x00, 0x00, 0x00, 0x00, 0x00, 0x00, 0x00, 0x00, 0x00, 0x00, 0x00, 0x00, 0x90, 0xff, 0xb8, /* 行 9 */
    0xc4, 0xff, 0x88, 0x00, 0x00, 0x00, 0x00, 0x00, 0x00, 0x00, 0x00, 0x00, 0x00, 0x00, 0x00, 0x00, 0x90, 0xff, 0xb8, /* 行10 */
    0xc4, 0xff, 0x88, 0x00, 0x00, 0x00, 0x00, 0x00, 0x00, 0x00, 0x00, 0x00, 0x00, 0x00, 0x00, 0x00, 0x90, 0xff, 0xb8, /* 行11 */
    0xc4, 0xff, 0x88, 0x00, 0x00, 0x00, 0x00, 0x00, 0x00, 0x00, 0x00, 0x00, 0x00, 0x00, 0x00, 0x00, 0x90, 0xff, 0xb8, /* 行12 */
    0xc4, 0xff, 0x88, 0x00, 0x00, 0x00, 0x00, 0x00, 0x00, 0x00, 0x00, 0x00, 0x00, 0x00, 0x00, 0x00, 0x90, 0xff, 0xb8, /* 行13 */
    0xc4, 0xff, 0x88, 0x00, 0x00, 0x00, 0x00, 0x00, 0x00, 0x00, 0x00, 0x00, 0x00, 0x00, 0x00, 0x00, 0x90, 0xff, 0xb8, /* 行14 */
    0xc4, 0xff, 0x88, 0x00, 0x00, 0x00, 0x00, 0x00, 0x00, 0x00, 0x00, 0x00, 0x00, 0x00, 0x00, 0x00, 0x90, 0xff, 0xb8, /* 行15 */
    0xc4, 0xff, 0x88, 0x00, 0x00, 0x00, 0x00, 0x00, 0x00, 0x00, 0x00, 0x00, 0x00, 0x00, 0x00, 0x00, 0x90, 0xff, 0xb8, /* 行16 */
    0xc4, 0xff, 0x88, 0x00, 0x00, 0x00, 0x00, 0x00, 0x00, 0x00, 0x00, 0x00, 0x00, 0x00, 0x00, 0x00, 0x90, 0xff, 0xb8, /* 行17 */
    0xc4, 0xff, 0x88, 0x00, 0x00, 0x00, 0x00, 0x00, 0x00, 0x00, 0x00, 0x00, 0x00, 0x00, 0x00, 0x00, 0x90, 0xff, 0xb8, /* 行18 */
    0xc4, 0xff, 0x88, 0x00, 0x00, 0x00, 0x00, 0x00, 0x00, 0x00, 0x00, 0x00, 0x00, 0x00, 0x00, 0x00, 0x90, 0xff, 0xb8, /* 行19 */
    0xc4, 0xff, 0x88, 0x00, 0x00, 0x00, 0x00, 0x00, 0x00, 0x00, 0x00, 0x00, 0x00, 0x00, 0x00, 0x00, 0x90, 0xff, 0xb8, /* 行20 */
    0xc4, 0xff, 0x88, 0x00, 0x00, 0x00, 0x00, 0x00, 0x00, 0x00, 0x00, 0x00, 0x00, 0x00, 0x00, 0x00, 0x90, 0xff, 0xb8, /* 行21 */
    0xc4, 0xff, 0x88, 0x00, 0x00, 0x00, 0x00, 0x00, 0x00, 0x00, 0x00, 0x00, 0x00, 0x00, 0x00, 0x00, 0x90, 0xff, 0xb8, /* 行22 */
    0xc4, 0xff, 0x88, 0x00, 0x00, 0x00, 0x00, 0x00, 0x00, 0x00, 0x00, 0x00, 0x00, 0x00, 0x00, 0x00, 0x90, 0xff, 0xb8, /* 行23 */
    0xc4, 0xff, 0x88, 0x00, 0x00, 0x00, 0x00, 0x00, 0x00, 0x00, 0x00, 0x00, 0x00, 0x00, 0x00, 0x00, 0x90, 0xff, 0xb8, /* 行24 */
    0xc4, 0xff, 0x88, 0x00, 0x00, 0x00, 0x00, 0x00, 0x00, 0x00, 0x00, 0x00, 0x00, 0x00, 0x00, 0x00, 0x90, 0xff, 0xb8, /* 行25 */
    0xc4, 0xff, 0x88, 0x00, 0x00, 0x00, 0x00, 0x00, 0x00, 0x00, 0x00, 0x00, 0x00, 0x00, 0x00, 0x00, 0x90, 0xff, 0xb8, /* 行26 */
    0xc4, 0xff, 0x88, 0x00, 0x00, 0x00, 0x00, 0x00, 0x00, 0x00, 0x00, 0x00, 0x00, 0x00, 0x00, 0x00, 0x90, 0xff, 0xb8, /* 行27 */
    0xc4, 0xff, 0x88, 0x00, 0x00, 0x00, 0x00, 0x00, 0x00, 0x00, 0x00, 0x00, 0x00, 0x00, 0x00, 0x00, 0x90, 0xff, 0xb8, /* 行28 */
    0xc4, 0xff, 0xa9, 0x48, 0x48, 0x48, 0x48, 0x48, 0x48, 0x48, 0x48, 0x48, 0x48, 0x48, 0x48, 0x48, 0xaf, 0xff, 0xb8, /* 行29 */
    0xc4, 0xff, 0xff, 0xff, 0xff, 0xff, 0xff, 0xff, 0xff, 0xff, 0xff, 0xff, 0xff, 0xff, 0xff, 0xff, 0xff, 0xff, 0xb8, /* 行30 */
    0xc4, 0xff, 0xff, 0xff, 0xff, 0xff, 0xff, 0xff, 0xff, 0xff, 0xff, 0xff, 0xff, 0xff, 0xff, 0xff, 0xff, 0xff, 0xb8, /* 行31 */
};

/* 字符  21: NAK  */
/*
 * ████████████████████████████████████▓▓
 * ████████████████████████████████████▓▓
 * ████▓▓▒▒▒▒▒▒▒▒▒▒▒▒▒▒▒▒▒▒▒▒▒▒▒▒▒▒▓▓██▓▓
 * ████▓▓                          ▓▓██▓▓
 * ████▓▓                          ▓▓██▓▓
 * ████▓▓                          ▓▓██▓▓
 * ████▓▓                          ▓▓██▓▓
 * ████▓▓                          ▓▓██▓▓
 * ████▓▓                          ▓▓██▓▓
 * ████▓▓                          ▓▓██▓▓
 * ████▓▓                          ▓▓██▓▓
 * ████▓▓                          ▓▓██▓▓
 * ████▓▓                          ▓▓██▓▓
 * ████▓▓                          ▓▓██▓▓
 * ████▓▓                          ▓▓██▓▓
 * ████▓▓                          ▓▓██▓▓
 * ████▓▓                          ▓▓██▓▓
 * ████▓▓                          ▓▓██▓▓
 * ████▓▓                          ▓▓██▓▓
 * ████▓▓                          ▓▓██▓▓
 * ████▓▓                          ▓▓██▓▓
 * ████▓▓                          ▓▓██▓▓
 * ████▓▓                          ▓▓██▓▓
 * ████▓▓                          ▓▓██▓▓
 * ████▓▓                          ▓▓██▓▓
 * ████▓▓                          ▓▓██▓▓
 * ████▓▓                          ▓▓██▓▓
 * ████▓▓                          ▓▓██▓▓
 * ████▓▓                          ▓▓██▓▓
 * ████▓▓▒▒▒▒▒▒▒▒▒▒▒▒▒▒▒▒▒▒▒▒▒▒▒▒▒▒▓▓██▓▓
 * ████████████████████████████████████▓▓
 * ████████████████████████████████████▓▓
 */
static const unsigned char open_sans_45px_char_021_bitmap[] = {
    0xc4, 0xff, 0xff, 0xff, 0xff, 0xff, 0xff, 0xff, 0xff, 0xff, 0xff, 0xff, 0xff, 0xff, 0xff, 0xff, 0xff, 0xff, 0xb8, /* 行 0 */
    0xc4, 0xff, 0xff, 0xff, 0xff, 0xff, 0xff, 0xff, 0xff, 0xff, 0xff, 0xff, 0xff, 0xff, 0xff, 0xff, 0xff, 0xff, 0xb8, /* 行 1 */
    0xc4, 0xff, 0xa9, 0x48, 0x48, 0x48, 0x48, 0x48, 0x48, 0x48, 0x48, 0x48, 0x48, 0x48, 0x48, 0x48, 0xaf, 0xff, 0xb8, /* 行 2 */
    0xc4, 0xff, 0x88, 0x00, 0x00, 0x00, 0x00, 0x00, 0x00, 0x00, 0x00, 0x00, 0x00, 0x00, 0x00, 0x00, 0x90, 0xff, 0xb8, /* 行 3 */
    0xc4, 0xff, 0x88, 0x00, 0x00, 0x00, 0x00, 0x00, 0x00, 0x00, 0x00, 0x00, 0x00, 0x00, 0x00, 0x00, 0x90, 0xff, 0xb8, /* 行 4 */
    0xc4, 0xff, 0x88, 0x00, 0x00, 0x00, 0x00, 0x00, 0x00, 0x00, 0x00, 0x00, 0x00, 0x00, 0x00, 0x00, 0x90, 0xff, 0xb8, /* 行 5 */
    0xc4, 0xff, 0x88, 0x00, 0x00, 0x00, 0x00, 0x00, 0x00, 0x00, 0x00, 0x00, 0x00, 0x00, 0x00, 0x00, 0x90, 0xff, 0xb8, /* 行 6 */
    0xc4, 0xff, 0x88, 0x00, 0x00, 0x00, 0x00, 0x00, 0x00, 0x00, 0x00, 0x00, 0x00, 0x00, 0x00, 0x00, 0x90, 0xff, 0xb8, /* 行 7 */
    0xc4, 0xff, 0x88, 0x00, 0x00, 0x00, 0x00, 0x00, 0x00, 0x00, 0x00, 0x00, 0x00, 0x00, 0x00, 0x00, 0x90, 0xff, 0xb8, /* 行 8 */
    0xc4, 0xff, 0x88, 0x00, 0x00, 0x00, 0x00, 0x00, 0x00, 0x00, 0x00, 0x00, 0x00, 0x00, 0x00, 0x00, 0x90, 0xff, 0xb8, /* 行 9 */
    0xc4, 0xff, 0x88, 0x00, 0x00, 0x00, 0x00, 0x00, 0x00, 0x00, 0x00, 0x00, 0x00, 0x00, 0x00, 0x00, 0x90, 0xff, 0xb8, /* 行10 */
    0xc4, 0xff, 0x88, 0x00, 0x00, 0x00, 0x00, 0x00, 0x00, 0x00, 0x00, 0x00, 0x00, 0x00, 0x00, 0x00, 0x90, 0xff, 0xb8, /* 行11 */
    0xc4, 0xff, 0x88, 0x00, 0x00, 0x00, 0x00, 0x00, 0x00, 0x00, 0x00, 0x00, 0x00, 0x00, 0x00, 0x00, 0x90, 0xff, 0xb8, /* 行12 */
    0xc4, 0xff, 0x88, 0x00, 0x00, 0x00, 0x00, 0x00, 0x00, 0x00, 0x00, 0x00, 0x00, 0x00, 0x00, 0x00, 0x90, 0xff, 0xb8, /* 行13 */
    0xc4, 0xff, 0x88, 0x00, 0x00, 0x00, 0x00, 0x00, 0x00, 0x00, 0x00, 0x00, 0x00, 0x00, 0x00, 0x00, 0x90, 0xff, 0xb8, /* 行14 */
    0xc4, 0xff, 0x88, 0x00, 0x00, 0x00, 0x00, 0x00, 0x00, 0x00, 0x00, 0x00, 0x00, 0x00, 0x00, 0x00, 0x90, 0xff, 0xb8, /* 行15 */
    0xc4, 0xff, 0x88, 0x00, 0x00, 0x00, 0x00, 0x00, 0x00, 0x00, 0x00, 0x00, 0x00, 0x00, 0x00, 0x00, 0x90, 0xff, 0xb8, /* 行16 */
    0xc4, 0xff, 0x88, 0x00, 0x00, 0x00, 0x00, 0x00, 0x00, 0x00, 0x00, 0x00, 0x00, 0x00, 0x00, 0x00, 0x90, 0xff, 0xb8, /* 行17 */
    0xc4, 0xff, 0x88, 0x00, 0x00, 0x00, 0x00, 0x00, 0x00, 0x00, 0x00, 0x00, 0x00, 0x00, 0x00, 0x00, 0x90, 0xff, 0xb8, /* 行18 */
    0xc4, 0xff, 0x88, 0x00, 0x00, 0x00, 0x00, 0x00, 0x00, 0x00, 0x00, 0x00, 0x00, 0x00, 0x00, 0x00, 0x90, 0xff, 0xb8, /* 行19 */
    0xc4, 0xff, 0x88, 0x00, 0x00, 0x00, 0x00, 0x00, 0x00, 0x00, 0x00, 0x00, 0x00, 0x00, 0x00, 0x00, 0x90, 0xff, 0xb8, /* 行20 */
    0xc4, 0xff, 0x88, 0x00, 0x00, 0x00, 0x00, 0x00, 0x00, 0x00, 0x00, 0x00, 0x00, 0x00, 0x00, 0x00, 0x90, 0xff, 0xb8, /* 行21 */
    0xc4, 0xff, 0x88, 0x00, 0x00, 0x00, 0x00, 0x00, 0x00, 0x00, 0x00, 0x00, 0x00, 0x00, 0x00, 0x00, 0x90, 0xff, 0xb8, /* 行22 */
    0xc4, 0xff, 0x88, 0x00, 0x00, 0x00, 0x00, 0x00, 0x00, 0x00, 0x00, 0x00, 0x00, 0x00, 0x00, 0x00, 0x90, 0xff, 0xb8, /* 行23 */
    0xc4, 0xff, 0x88, 0x00, 0x00, 0x00, 0x00, 0x00, 0x00, 0x00, 0x00, 0x00, 0x00, 0x00, 0x00, 0x00, 0x90, 0xff, 0xb8, /* 行24 */
    0xc4, 0xff, 0x88, 0x00, 0x00, 0x00, 0x00, 0x00, 0x00, 0x00, 0x00, 0x00, 0x00, 0x00, 0x00, 0x00, 0x90, 0xff, 0xb8, /* 行25 */
    0xc4, 0xff, 0x88, 0x00, 0x00, 0x00, 0x00, 0x00, 0x00, 0x00, 0x00, 0x00, 0x00, 0x00, 0x00, 0x00, 0x90, 0xff, 0xb8, /* 行26 */
    0xc4, 0xff, 0x88, 0x00, 0x00, 0x00, 0x00, 0x00, 0x00, 0x00, 0x00, 0x00, 0x00, 0x00, 0x00, 0x00, 0x90, 0xff, 0xb8, /* 行27 */
    0xc4, 0xff, 0x88, 0x00, 0x00, 0x00, 0x00, 0x00, 0x00, 0x00, 0x00, 0x00, 0x00, 0x00, 0x00, 0x00, 0x90, 0xff, 0xb8, /* 行28 */
    0xc4, 0xff, 0xa9, 0x48, 0x48, 0x48, 0x48, 0x48, 0x48, 0x48, 0x48, 0x48, 0x48, 0x48, 0x48, 0x48, 0xaf, 0xff, 0xb8, /* 行29 */
    0xc4, 0xff, 0xff, 0xff, 0xff, 0xff, 0xff, 0xff, 0xff, 0xff, 0xff, 0xff, 0xff, 0xff, 0xff, 0xff, 0xff, 0xff, 0xb8, /* 行30 */
    0xc4, 0xff, 0xff, 0xff, 0xff, 0xff, 0xff, 0xff, 0xff, 0xff, 0xff, 0xff, 0xff, 0xff, 0xff, 0xff, 0xff, 0xff, 0xb8, /* 行31 */
};

/* 字符  22: SYN  */
/*
 * ████████████████████████████████████▓▓
 * ████████████████████████████████████▓▓
 * ████▓▓▒▒▒▒▒▒▒▒▒▒▒▒▒▒▒▒▒▒▒▒▒▒▒▒▒▒▓▓██▓▓
 * ████▓▓                          ▓▓██▓▓
 * ████▓▓                          ▓▓██▓▓
 * ████▓▓                          ▓▓██▓▓
 * ████▓▓                          ▓▓██▓▓
 * ████▓▓                          ▓▓██▓▓
 * ████▓▓                          ▓▓██▓▓
 * ████▓▓                          ▓▓██▓▓
 * ████▓▓                          ▓▓██▓▓
 * ████▓▓                          ▓▓██▓▓
 * ████▓▓                          ▓▓██▓▓
 * ████▓▓                          ▓▓██▓▓
 * ████▓▓                          ▓▓██▓▓
 * ████▓▓                          ▓▓██▓▓
 * ████▓▓                          ▓▓██▓▓
 * ████▓▓                          ▓▓██▓▓
 * ████▓▓                          ▓▓██▓▓
 * ████▓▓                          ▓▓██▓▓
 * ████▓▓                          ▓▓██▓▓
 * ████▓▓                          ▓▓██▓▓
 * ████▓▓                          ▓▓██▓▓
 * ████▓▓                          ▓▓██▓▓
 * ████▓▓                          ▓▓██▓▓
 * ████▓▓                          ▓▓██▓▓
 * ████▓▓                          ▓▓██▓▓
 * ████▓▓                          ▓▓██▓▓
 * ████▓▓                          ▓▓██▓▓
 * ████▓▓▒▒▒▒▒▒▒▒▒▒▒▒▒▒▒▒▒▒▒▒▒▒▒▒▒▒▓▓██▓▓
 * ████████████████████████████████████▓▓
 * ████████████████████████████████████▓▓
 */
static const unsigned char open_sans_45px_char_022_bitmap[] = {
    0xc4, 0xff, 0xff, 0xff, 0xff, 0xff, 0xff, 0xff, 0xff, 0xff, 0xff, 0xff, 0xff, 0xff, 0xff, 0xff, 0xff, 0xff, 0xb8, /* 行 0 */
    0xc4, 0xff, 0xff, 0xff, 0xff, 0xff, 0xff, 0xff, 0xff, 0xff, 0xff, 0xff, 0xff, 0xff, 0xff, 0xff, 0xff, 0xff, 0xb8, /* 行 1 */
    0xc4, 0xff, 0xa9, 0x48, 0x48, 0x48, 0x48, 0x48, 0x48, 0x48, 0x48, 0x48, 0x48, 0x48, 0x48, 0x48, 0xaf, 0xff, 0xb8, /* 行 2 */
    0xc4, 0xff, 0x88, 0x00, 0x00, 0x00, 0x00, 0x00, 0x00, 0x00, 0x00, 0x00, 0x00, 0x00, 0x00, 0x00, 0x90, 0xff, 0xb8, /* 行 3 */
    0xc4, 0xff, 0x88, 0x00, 0x00, 0x00, 0x00, 0x00, 0x00, 0x00, 0x00, 0x00, 0x00, 0x00, 0x00, 0x00, 0x90, 0xff, 0xb8, /* 行 4 */
    0xc4, 0xff, 0x88, 0x00, 0x00, 0x00, 0x00, 0x00, 0x00, 0x00, 0x00, 0x00, 0x00, 0x00, 0x00, 0x00, 0x90, 0xff, 0xb8, /* 行 5 */
    0xc4, 0xff, 0x88, 0x00, 0x00, 0x00, 0x00, 0x00, 0x00, 0x00, 0x00, 0x00, 0x00, 0x00, 0x00, 0x00, 0x90, 0xff, 0xb8, /* 行 6 */
    0xc4, 0xff, 0x88, 0x00, 0x00, 0x00, 0x00, 0x00, 0x00, 0x00, 0x00, 0x00, 0x00, 0x00, 0x00, 0x00, 0x90, 0xff, 0xb8, /* 行 7 */
    0xc4, 0xff, 0x88, 0x00, 0x00, 0x00, 0x00, 0x00, 0x00, 0x00, 0x00, 0x00, 0x00, 0x00, 0x00, 0x00, 0x90, 0xff, 0xb8, /* 行 8 */
    0xc4, 0xff, 0x88, 0x00, 0x00, 0x00, 0x00, 0x00, 0x00, 0x00, 0x00, 0x00, 0x00, 0x00, 0x00, 0x00, 0x90, 0xff, 0xb8, /* 行 9 */
    0xc4, 0xff, 0x88, 0x00, 0x00, 0x00, 0x00, 0x00, 0x00, 0x00, 0x00, 0x00, 0x00, 0x00, 0x00, 0x00, 0x90, 0xff, 0xb8, /* 行10 */
    0xc4, 0xff, 0x88, 0x00, 0x00, 0x00, 0x00, 0x00, 0x00, 0x00, 0x00, 0x00, 0x00, 0x00, 0x00, 0x00, 0x90, 0xff, 0xb8, /* 行11 */
    0xc4, 0xff, 0x88, 0x00, 0x00, 0x00, 0x00, 0x00, 0x00, 0x00, 0x00, 0x00, 0x00, 0x00, 0x00, 0x00, 0x90, 0xff, 0xb8, /* 行12 */
    0xc4, 0xff, 0x88, 0x00, 0x00, 0x00, 0x00, 0x00, 0x00, 0x00, 0x00, 0x00, 0x00, 0x00, 0x00, 0x00, 0x90, 0xff, 0xb8, /* 行13 */
    0xc4, 0xff, 0x88, 0x00, 0x00, 0x00, 0x00, 0x00, 0x00, 0x00, 0x00, 0x00, 0x00, 0x00, 0x00, 0x00, 0x90, 0xff, 0xb8, /* 行14 */
    0xc4, 0xff, 0x88, 0x00, 0x00, 0x00, 0x00, 0x00, 0x00, 0x00, 0x00, 0x00, 0x00, 0x00, 0x00, 0x00, 0x90, 0xff, 0xb8, /* 行15 */
    0xc4, 0xff, 0x88, 0x00, 0x00, 0x00, 0x00, 0x00, 0x00, 0x00, 0x00, 0x00, 0x00, 0x00, 0x00, 0x00, 0x90, 0xff, 0xb8, /* 行16 */
    0xc4, 0xff, 0x88, 0x00, 0x00, 0x00, 0x00, 0x00, 0x00, 0x00, 0x00, 0x00, 0x00, 0x00, 0x00, 0x00, 0x90, 0xff, 0xb8, /* 行17 */
    0xc4, 0xff, 0x88, 0x00, 0x00, 0x00, 0x00, 0x00, 0x00, 0x00, 0x00, 0x00, 0x00, 0x00, 0x00, 0x00, 0x90, 0xff, 0xb8, /* 行18 */
    0xc4, 0xff, 0x88, 0x00, 0x00, 0x00, 0x00, 0x00, 0x00, 0x00, 0x00, 0x00, 0x00, 0x00, 0x00, 0x00, 0x90, 0xff, 0xb8, /* 行19 */
    0xc4, 0xff, 0x88, 0x00, 0x00, 0x00, 0x00, 0x00, 0x00, 0x00, 0x00, 0x00, 0x00, 0x00, 0x00, 0x00, 0x90, 0xff, 0xb8, /* 行20 */
    0xc4, 0xff, 0x88, 0x00, 0x00, 0x00, 0x00, 0x00, 0x00, 0x00, 0x00, 0x00, 0x00, 0x00, 0x00, 0x00, 0x90, 0xff, 0xb8, /* 行21 */
    0xc4, 0xff, 0x88, 0x00, 0x00, 0x00, 0x00, 0x00, 0x00, 0x00, 0x00, 0x00, 0x00, 0x00, 0x00, 0x00, 0x90, 0xff, 0xb8, /* 行22 */
    0xc4, 0xff, 0x88, 0x00, 0x00, 0x00, 0x00, 0x00, 0x00, 0x00, 0x00, 0x00, 0x00, 0x00, 0x00, 0x00, 0x90, 0xff, 0xb8, /* 行23 */
    0xc4, 0xff, 0x88, 0x00, 0x00, 0x00, 0x00, 0x00, 0x00, 0x00, 0x00, 0x00, 0x00, 0x00, 0x00, 0x00, 0x90, 0xff, 0xb8, /* 行24 */
    0xc4, 0xff, 0x88, 0x00, 0x00, 0x00, 0x00, 0x00, 0x00, 0x00, 0x00, 0x00, 0x00, 0x00, 0x00, 0x00, 0x90, 0xff, 0xb8, /* 行25 */
    0xc4, 0xff, 0x88, 0x00, 0x00, 0x00, 0x00, 0x00, 0x00, 0x00, 0x00, 0x00, 0x00, 0x00, 0x00, 0x00, 0x90, 0xff, 0xb8, /* 行26 */
    0xc4, 0xff, 0x88, 0x00, 0x00, 0x00, 0x00, 0x00, 0x00, 0x00, 0x00, 0x00, 0x00, 0x00, 0x00, 0x00, 0x90, 0xff, 0xb8, /* 行27 */
    0xc4, 0xff, 0x88, 0x00, 0x00, 0x00, 0x00, 0x00, 0x00, 0x00, 0x00, 0x00, 0x00, 0x00, 0x00, 0x00, 0x90, 0xff, 0xb8, /* 行28 */
    0xc4, 0xff, 0xa9, 0x48, 0x48, 0x48, 0x48, 0x48, 0x48, 0x48, 0x48, 0x48, 0x48, 0x48, 0x48, 0x48, 0xaf, 0xff, 0xb8, /* 行29 */
    0xc4, 0xff, 0xff, 0xff, 0xff, 0xff, 0xff, 0xff, 0xff, 0xff, 0xff, 0xff, 0xff, 0xff, 0xff, 0xff, 0xff, 0xff, 0xb8, /* 行30 */
    0xc4, 0xff, 0xff, 0xff, 0xff, 0xff, 0xff, 0xff, 0xff, 0xff, 0xff, 0xff, 0xff, 0xff, 0xff, 0xff, 0xff, 0xff, 0xb8, /* 行31 */
};

/* 字符  23: ETB  */
/*
 * ████████████████████████████████████▓▓
 * ████████████████████████████████████▓▓
 * ████▓▓▒▒▒▒▒▒▒▒▒▒▒▒▒▒▒▒▒▒▒▒▒▒▒▒▒▒▓▓██▓▓
 * ████▓▓                          ▓▓██▓▓
 * ████▓▓                          ▓▓██▓▓
 * ████▓▓                          ▓▓██▓▓
 * ████▓▓                          ▓▓██▓▓
 * ████▓▓                          ▓▓██▓▓
 * ████▓▓                          ▓▓██▓▓
 * ████▓▓                          ▓▓██▓▓
 * ████▓▓                          ▓▓██▓▓
 * ████▓▓                          ▓▓██▓▓
 * ████▓▓                          ▓▓██▓▓
 * ████▓▓                          ▓▓██▓▓
 * ████▓▓                          ▓▓██▓▓
 * ████▓▓                          ▓▓██▓▓
 * ████▓▓                          ▓▓██▓▓
 * ████▓▓                          ▓▓██▓▓
 * ████▓▓                          ▓▓██▓▓
 * ████▓▓                          ▓▓██▓▓
 * ████▓▓                          ▓▓██▓▓
 * ████▓▓                          ▓▓██▓▓
 * ████▓▓                          ▓▓██▓▓
 * ████▓▓                          ▓▓██▓▓
 * ████▓▓                          ▓▓██▓▓
 * ████▓▓                          ▓▓██▓▓
 * ████▓▓                          ▓▓██▓▓
 * ████▓▓                          ▓▓██▓▓
 * ████▓▓                          ▓▓██▓▓
 * ████▓▓▒▒▒▒▒▒▒▒▒▒▒▒▒▒▒▒▒▒▒▒▒▒▒▒▒▒▓▓██▓▓
 * ████████████████████████████████████▓▓
 * ████████████████████████████████████▓▓
 */
static const unsigned char open_sans_45px_char_023_bitmap[] = {
    0xc4, 0xff, 0xff, 0xff, 0xff, 0xff, 0xff, 0xff, 0xff, 0xff, 0xff, 0xff, 0xff, 0xff, 0xff, 0xff, 0xff, 0xff, 0xb8, /* 行 0 */
    0xc4, 0xff, 0xff, 0xff, 0xff, 0xff, 0xff, 0xff, 0xff, 0xff, 0xff, 0xff, 0xff, 0xff, 0xff, 0xff, 0xff, 0xff, 0xb8, /* 行 1 */
    0xc4, 0xff, 0xa9, 0x48, 0x48, 0x48, 0x48, 0x48, 0x48, 0x48, 0x48, 0x48, 0x48, 0x48, 0x48, 0x48, 0xaf, 0xff, 0xb8, /* 行 2 */
    0xc4, 0xff, 0x88, 0x00, 0x00, 0x00, 0x00, 0x00, 0x00, 0x00, 0x00, 0x00, 0x00, 0x00, 0x00, 0x00, 0x90, 0xff, 0xb8, /* 行 3 */
    0xc4, 0xff, 0x88, 0x00, 0x00, 0x00, 0x00, 0x00, 0x00, 0x00, 0x00, 0x00, 0x00, 0x00, 0x00, 0x00, 0x90, 0xff, 0xb8, /* 行 4 */
    0xc4, 0xff, 0x88, 0x00, 0x00, 0x00, 0x00, 0x00, 0x00, 0x00, 0x00, 0x00, 0x00, 0x00, 0x00, 0x00, 0x90, 0xff, 0xb8, /* 行 5 */
    0xc4, 0xff, 0x88, 0x00, 0x00, 0x00, 0x00, 0x00, 0x00, 0x00, 0x00, 0x00, 0x00, 0x00, 0x00, 0x00, 0x90, 0xff, 0xb8, /* 行 6 */
    0xc4, 0xff, 0x88, 0x00, 0x00, 0x00, 0x00, 0x00, 0x00, 0x00, 0x00, 0x00, 0x00, 0x00, 0x00, 0x00, 0x90, 0xff, 0xb8, /* 行 7 */
    0xc4, 0xff, 0x88, 0x00, 0x00, 0x00, 0x00, 0x00, 0x00, 0x00, 0x00, 0x00, 0x00, 0x00, 0x00, 0x00, 0x90, 0xff, 0xb8, /* 行 8 */
    0xc4, 0xff, 0x88, 0x00, 0x00, 0x00, 0x00, 0x00, 0x00, 0x00, 0x00, 0x00, 0x00, 0x00, 0x00, 0x00, 0x90, 0xff, 0xb8, /* 行 9 */
    0xc4, 0xff, 0x88, 0x00, 0x00, 0x00, 0x00, 0x00, 0x00, 0x00, 0x00, 0x00, 0x00, 0x00, 0x00, 0x00, 0x90, 0xff, 0xb8, /* 行10 */
    0xc4, 0xff, 0x88, 0x00, 0x00, 0x00, 0x00, 0x00, 0x00, 0x00, 0x00, 0x00, 0x00, 0x00, 0x00, 0x00, 0x90, 0xff, 0xb8, /* 行11 */
    0xc4, 0xff, 0x88, 0x00, 0x00, 0x00, 0x00, 0x00, 0x00, 0x00, 0x00, 0x00, 0x00, 0x00, 0x00, 0x00, 0x90, 0xff, 0xb8, /* 行12 */
    0xc4, 0xff, 0x88, 0x00, 0x00, 0x00, 0x00, 0x00, 0x00, 0x00, 0x00, 0x00, 0x00, 0x00, 0x00, 0x00, 0x90, 0xff, 0xb8, /* 行13 */
    0xc4, 0xff, 0x88, 0x00, 0x00, 0x00, 0x00, 0x00, 0x00, 0x00, 0x00, 0x00, 0x00, 0x00, 0x00, 0x00, 0x90, 0xff, 0xb8, /* 行14 */
    0xc4, 0xff, 0x88, 0x00, 0x00, 0x00, 0x00, 0x00, 0x00, 0x00, 0x00, 0x00, 0x00, 0x00, 0x00, 0x00, 0x90, 0xff, 0xb8, /* 行15 */
    0xc4, 0xff, 0x88, 0x00, 0x00, 0x00, 0x00, 0x00, 0x00, 0x00, 0x00, 0x00, 0x00, 0x00, 0x00, 0x00, 0x90, 0xff, 0xb8, /* 行16 */
    0xc4, 0xff, 0x88, 0x00, 0x00, 0x00, 0x00, 0x00, 0x00, 0x00, 0x00, 0x00, 0x00, 0x00, 0x00, 0x00, 0x90, 0xff, 0xb8, /* 行17 */
    0xc4, 0xff, 0x88, 0x00, 0x00, 0x00, 0x00, 0x00, 0x00, 0x00, 0x00, 0x00, 0x00, 0x00, 0x00, 0x00, 0x90, 0xff, 0xb8, /* 行18 */
    0xc4, 0xff, 0x88, 0x00, 0x00, 0x00, 0x00, 0x00, 0x00, 0x00, 0x00, 0x00, 0x00, 0x00, 0x00, 0x00, 0x90, 0xff, 0xb8, /* 行19 */
    0xc4, 0xff, 0x88, 0x00, 0x00, 0x00, 0x00, 0x00, 0x00, 0x00, 0x00, 0x00, 0x00, 0x00, 0x00, 0x00, 0x90, 0xff, 0xb8, /* 行20 */
    0xc4, 0xff, 0x88, 0x00, 0x00, 0x00, 0x00, 0x00, 0x00, 0x00, 0x00, 0x00, 0x00, 0x00, 0x00, 0x00, 0x90, 0xff, 0xb8, /* 行21 */
    0xc4, 0xff, 0x88, 0x00, 0x00, 0x00, 0x00, 0x00, 0x00, 0x00, 0x00, 0x00, 0x00, 0x00, 0x00, 0x00, 0x90, 0xff, 0xb8, /* 行22 */
    0xc4, 0xff, 0x88, 0x00, 0x00, 0x00, 0x00, 0x00, 0x00, 0x00, 0x00, 0x00, 0x00, 0x00, 0x00, 0x00, 0x90, 0xff, 0xb8, /* 行23 */
    0xc4, 0xff, 0x88, 0x00, 0x00, 0x00, 0x00, 0x00, 0x00, 0x00, 0x00, 0x00, 0x00, 0x00, 0x00, 0x00, 0x90, 0xff, 0xb8, /* 行24 */
    0xc4, 0xff, 0x88, 0x00, 0x00, 0x00, 0x00, 0x00, 0x00, 0x00, 0x00, 0x00, 0x00, 0x00, 0x00, 0x00, 0x90, 0xff, 0xb8, /* 行25 */
    0xc4, 0xff, 0x88, 0x00, 0x00, 0x00, 0x00, 0x00, 0x00, 0x00, 0x00, 0x00, 0x00, 0x00, 0x00, 0x00, 0x90, 0xff, 0xb8, /* 行26 */
    0xc4, 0xff, 0x88, 0x00, 0x00, 0x00, 0x00, 0x00, 0x00, 0x00, 0x00, 0x00, 0x00, 0x00, 0x00, 0x00, 0x90, 0xff, 0xb8, /* 行27 */
    0xc4, 0xff, 0x88, 0x00, 0x00, 0x00, 0x00, 0x00, 0x00, 0x00, 0x00, 0x00, 0x00, 0x00, 0x00, 0x00, 0x90, 0xff, 0xb8, /* 行28 */
    0xc4, 0xff, 0xa9, 0x48, 0x48, 0x48, 0x48, 0x48, 0x48, 0x48, 0x48, 0x48, 0x48, 0x48, 0x48, 0x48, 0xaf, 0xff, 0xb8, /* 行29 */
    0xc4, 0xff, 0xff, 0xff, 0xff, 0xff, 0xff, 0xff, 0xff, 0xff, 0xff, 0xff, 0xff, 0xff, 0xff, 0xff, 0xff, 0xff, 0xb8, /* 行30 */
    0xc4, 0xff, 0xff, 0xff, 0xff, 0xff, 0xff, 0xff, 0xff, 0xff, 0xff, 0xff, 0xff, 0xff, 0xff, 0xff, 0xff, 0xff, 0xb8, /* 行31 */
};

/* 字符  24: CAN  */
/*
 * ████████████████████████████████████▓▓
 * ████████████████████████████████████▓▓
 * ████▓▓▒▒▒▒▒▒▒▒▒▒▒▒▒▒▒▒▒▒▒▒▒▒▒▒▒▒▓▓██▓▓
 * ████▓▓                          ▓▓██▓▓
 * ████▓▓                          ▓▓██▓▓
 * ████▓▓                          ▓▓██▓▓
 * ████▓▓                          ▓▓██▓▓
 * ████▓▓                          ▓▓██▓▓
 * ████▓▓                          ▓▓██▓▓
 * ████▓▓                          ▓▓██▓▓
 * ████▓▓                          ▓▓██▓▓
 * ████▓▓                          ▓▓██▓▓
 * ████▓▓                          ▓▓██▓▓
 * ████▓▓                          ▓▓██▓▓
 * ████▓▓                          ▓▓██▓▓
 * ████▓▓                          ▓▓██▓▓
 * ████▓▓                          ▓▓██▓▓
 * ████▓▓                          ▓▓██▓▓
 * ████▓▓                          ▓▓██▓▓
 * ████▓▓                          ▓▓██▓▓
 * ████▓▓                          ▓▓██▓▓
 * ████▓▓                          ▓▓██▓▓
 * ████▓▓                          ▓▓██▓▓
 * ████▓▓                          ▓▓██▓▓
 * ████▓▓                          ▓▓██▓▓
 * ████▓▓                          ▓▓██▓▓
 * ████▓▓                          ▓▓██▓▓
 * ████▓▓                          ▓▓██▓▓
 * ████▓▓                          ▓▓██▓▓
 * ████▓▓▒▒▒▒▒▒▒▒▒▒▒▒▒▒▒▒▒▒▒▒▒▒▒▒▒▒▓▓██▓▓
 * ████████████████████████████████████▓▓
 * ████████████████████████████████████▓▓
 */
static const unsigned char open_sans_45px_char_024_bitmap[] = {
    0xc4, 0xff, 0xff, 0xff, 0xff, 0xff, 0xff, 0xff, 0xff, 0xff, 0xff, 0xff, 0xff, 0xff, 0xff, 0xff, 0xff, 0xff, 0xb8, /* 行 0 */
    0xc4, 0xff, 0xff, 0xff, 0xff, 0xff, 0xff, 0xff, 0xff, 0xff, 0xff, 0xff, 0xff, 0xff, 0xff, 0xff, 0xff, 0xff, 0xb8, /* 行 1 */
    0xc4, 0xff, 0xa9, 0x48, 0x48, 0x48, 0x48, 0x48, 0x48, 0x48, 0x48, 0x48, 0x48, 0x48, 0x48, 0x48, 0xaf, 0xff, 0xb8, /* 行 2 */
    0xc4, 0xff, 0x88, 0x00, 0x00, 0x00, 0x00, 0x00, 0x00, 0x00, 0x00, 0x00, 0x00, 0x00, 0x00, 0x00, 0x90, 0xff, 0xb8, /* 行 3 */
    0xc4, 0xff, 0x88, 0x00, 0x00, 0x00, 0x00, 0x00, 0x00, 0x00, 0x00, 0x00, 0x00, 0x00, 0x00, 0x00, 0x90, 0xff, 0xb8, /* 行 4 */
    0xc4, 0xff, 0x88, 0x00, 0x00, 0x00, 0x00, 0x00, 0x00, 0x00, 0x00, 0x00, 0x00, 0x00, 0x00, 0x00, 0x90, 0xff, 0xb8, /* 行 5 */
    0xc4, 0xff, 0x88, 0x00, 0x00, 0x00, 0x00, 0x00, 0x00, 0x00, 0x00, 0x00, 0x00, 0x00, 0x00, 0x00, 0x90, 0xff, 0xb8, /* 行 6 */
    0xc4, 0xff, 0x88, 0x00, 0x00, 0x00, 0x00, 0x00, 0x00, 0x00, 0x00, 0x00, 0x00, 0x00, 0x00, 0x00, 0x90, 0xff, 0xb8, /* 行 7 */
    0xc4, 0xff, 0x88, 0x00, 0x00, 0x00, 0x00, 0x00, 0x00, 0x00, 0x00, 0x00, 0x00, 0x00, 0x00, 0x00, 0x90, 0xff, 0xb8, /* 行 8 */
    0xc4, 0xff, 0x88, 0x00, 0x00, 0x00, 0x00, 0x00, 0x00, 0x00, 0x00, 0x00, 0x00, 0x00, 0x00, 0x00, 0x90, 0xff, 0xb8, /* 行 9 */
    0xc4, 0xff, 0x88, 0x00, 0x00, 0x00, 0x00, 0x00, 0x00, 0x00, 0x00, 0x00, 0x00, 0x00, 0x00, 0x00, 0x90, 0xff, 0xb8, /* 行10 */
    0xc4, 0xff, 0x88, 0x00, 0x00, 0x00, 0x00, 0x00, 0x00, 0x00, 0x00, 0x00, 0x00, 0x00, 0x00, 0x00, 0x90, 0xff, 0xb8, /* 行11 */
    0xc4, 0xff, 0x88, 0x00, 0x00, 0x00, 0x00, 0x00, 0x00, 0x00, 0x00, 0x00, 0x00, 0x00, 0x00, 0x00, 0x90, 0xff, 0xb8, /* 行12 */
    0xc4, 0xff, 0x88, 0x00, 0x00, 0x00, 0x00, 0x00, 0x00, 0x00, 0x00, 0x00, 0x00, 0x00, 0x00, 0x00, 0x90, 0xff, 0xb8, /* 行13 */
    0xc4, 0xff, 0x88, 0x00, 0x00, 0x00, 0x00, 0x00, 0x00, 0x00, 0x00, 0x00, 0x00, 0x00, 0x00, 0x00, 0x90, 0xff, 0xb8, /* 行14 */
    0xc4, 0xff, 0x88, 0x00, 0x00, 0x00, 0x00, 0x00, 0x00, 0x00, 0x00, 0x00, 0x00, 0x00, 0x00, 0x00, 0x90, 0xff, 0xb8, /* 行15 */
    0xc4, 0xff, 0x88, 0x00, 0x00, 0x00, 0x00, 0x00, 0x00, 0x00, 0x00, 0x00, 0x00, 0x00, 0x00, 0x00, 0x90, 0xff, 0xb8, /* 行16 */
    0xc4, 0xff, 0x88, 0x00, 0x00, 0x00, 0x00, 0x00, 0x00, 0x00, 0x00, 0x00, 0x00, 0x00, 0x00, 0x00, 0x90, 0xff, 0xb8, /* 行17 */
    0xc4, 0xff, 0x88, 0x00, 0x00, 0x00, 0x00, 0x00, 0x00, 0x00, 0x00, 0x00, 0x00, 0x00, 0x00, 0x00, 0x90, 0xff, 0xb8, /* 行18 */
    0xc4, 0xff, 0x88, 0x00, 0x00, 0x00, 0x00, 0x00, 0x00, 0x00, 0x00, 0x00, 0x00, 0x00, 0x00, 0x00, 0x90, 0xff, 0xb8, /* 行19 */
    0xc4, 0xff, 0x88, 0x00, 0x00, 0x00, 0x00, 0x00, 0x00, 0x00, 0x00, 0x00, 0x00, 0x00, 0x00, 0x00, 0x90, 0xff, 0xb8, /* 行20 */
    0xc4, 0xff, 0x88, 0x00, 0x00, 0x00, 0x00, 0x00, 0x00, 0x00, 0x00, 0x00, 0x00, 0x00, 0x00, 0x00, 0x90, 0xff, 0xb8, /* 行21 */
    0xc4, 0xff, 0x88, 0x00, 0x00, 0x00, 0x00, 0x00, 0x00, 0x00, 0x00, 0x00, 0x00, 0x00, 0x00, 0x00, 0x90, 0xff, 0xb8, /* 行22 */
    0xc4, 0xff, 0x88, 0x00, 0x00, 0x00, 0x00, 0x00, 0x00, 0x00, 0x00, 0x00, 0x00, 0x00, 0x00, 0x00, 0x90, 0xff, 0xb8, /* 行23 */
    0xc4, 0xff, 0x88, 0x00, 0x00, 0x00, 0x00, 0x00, 0x00, 0x00, 0x00, 0x00, 0x00, 0x00, 0x00, 0x00, 0x90, 0xff, 0xb8, /* 行24 */
    0xc4, 0xff, 0x88, 0x00, 0x00, 0x00, 0x00, 0x00, 0x00, 0x00, 0x00, 0x00, 0x00, 0x00, 0x00, 0x00, 0x90, 0xff, 0xb8, /* 行25 */
    0xc4, 0xff, 0x88, 0x00, 0x00, 0x00, 0x00, 0x00, 0x00, 0x00, 0x00, 0x00, 0x00, 0x00, 0x00, 0x00, 0x90, 0xff, 0xb8, /* 行26 */
    0xc4, 0xff, 0x88, 0x00, 0x00, 0x00, 0x00, 0x00, 0x00, 0x00, 0x00, 0x00, 0x00, 0x00, 0x00, 0x00, 0x90, 0xff, 0xb8, /* 行27 */
    0xc4, 0xff, 0x88, 0x00, 0x00, 0x00, 0x00, 0x00, 0x00, 0x00, 0x00, 0x00, 0x00, 0x00, 0x00, 0x00, 0x90, 0xff, 0xb8, /* 行28 */
    0xc4, 0xff, 0xa9, 0x48, 0x48, 0x48, 0x48, 0x48, 0x48, 0x48, 0x48, 0x48, 0x48, 0x48, 0x48, 0x48, 0xaf, 0xff, 0xb8, /* 行29 */
    0xc4, 0xff, 0xff, 0xff, 0xff, 0xff, 0xff, 0xff, 0xff, 0xff, 0xff, 0xff, 0xff, 0xff, 0xff, 0xff, 0xff, 0xff, 0xb8, /* 行30 */
    0xc4, 0xff, 0xff, 0xff, 0xff, 0xff, 0xff, 0xff, 0xff, 0xff, 0xff, 0xff, 0xff, 0xff, 0xff, 0xff, 0xff, 0xff, 0xb8, /* 行31 */
};

/* 字符  25: EM   */
/*
 * ████████████████████████████████████▓▓
 * ████████████████████████████████████▓▓
 * ████▓▓▒▒▒▒▒▒▒▒▒▒▒▒▒▒▒▒▒▒▒▒▒▒▒▒▒▒▓▓██▓▓
 * ████▓▓                          ▓▓██▓▓
 * ████▓▓                          ▓▓██▓▓
 * ████▓▓                          ▓▓██▓▓
 * ████▓▓                          ▓▓██▓▓
 * ████▓▓                          ▓▓██▓▓
 * ████▓▓                          ▓▓██▓▓
 * ████▓▓                          ▓▓██▓▓
 * ████▓▓                          ▓▓██▓▓
 * ████▓▓                          ▓▓██▓▓
 * ████▓▓                          ▓▓██▓▓
 * ████▓▓                          ▓▓██▓▓
 * ████▓▓                          ▓▓██▓▓
 * ████▓▓                          ▓▓██▓▓
 * ████▓▓                          ▓▓██▓▓
 * ████▓▓                          ▓▓██▓▓
 * ████▓▓                          ▓▓██▓▓
 * ████▓▓                          ▓▓██▓▓
 * ████▓▓                          ▓▓██▓▓
 * ████▓▓                          ▓▓██▓▓
 * ████▓▓                          ▓▓██▓▓
 * ████▓▓                          ▓▓██▓▓
 * ████▓▓                          ▓▓██▓▓
 * ████▓▓                          ▓▓██▓▓
 * ████▓▓                          ▓▓██▓▓
 * ████▓▓                          ▓▓██▓▓
 * ████▓▓                          ▓▓██▓▓
 * ████▓▓▒▒▒▒▒▒▒▒▒▒▒▒▒▒▒▒▒▒▒▒▒▒▒▒▒▒▓▓██▓▓
 * ████████████████████████████████████▓▓
 * ████████████████████████████████████▓▓
 */
static const unsigned char open_sans_45px_char_025_bitmap[] = {
    0xc4, 0xff, 0xff, 0xff, 0xff, 0xff, 0xff, 0xff, 0xff, 0xff, 0xff, 0xff, 0xff, 0xff, 0xff, 0xff, 0xff, 0xff, 0xb8, /* 行 0 */
    0xc4, 0xff, 0xff, 0xff, 0xff, 0xff, 0xff, 0xff, 0xff, 0xff, 0xff, 0xff, 0xff, 0xff, 0xff, 0xff, 0xff, 0xff, 0xb8, /* 行 1 */
    0xc4, 0xff, 0xa9, 0x48, 0x48, 0x48, 0x48, 0x48, 0x48, 0x48, 0x48, 0x48, 0x48, 0x48, 0x48, 0x48, 0xaf, 0xff, 0xb8, /* 行 2 */
    0xc4, 0xff, 0x88, 0x00, 0x00, 0x00, 0x00, 0x00, 0x00, 0x00, 0x00, 0x00, 0x00, 0x00, 0x00, 0x00, 0x90, 0xff, 0xb8, /* 行 3 */
    0xc4, 0xff, 0x88, 0x00, 0x00, 0x00, 0x00, 0x00, 0x00, 0x00, 0x00, 0x00, 0x00, 0x00, 0x00, 0x00, 0x90, 0xff, 0xb8, /* 行 4 */
    0xc4, 0xff, 0x88, 0x00, 0x00, 0x00, 0x00, 0x00, 0x00, 0x00, 0x00, 0x00, 0x00, 0x00, 0x00, 0x00, 0x90, 0xff, 0xb8, /* 行 5 */
    0xc4, 0xff, 0x88, 0x00, 0x00, 0x00, 0x00, 0x00, 0x00, 0x00, 0x00, 0x00, 0x00, 0x00, 0x00, 0x00, 0x90, 0xff, 0xb8, /* 行 6 */
    0xc4, 0xff, 0x88, 0x00, 0x00, 0x00, 0x00, 0x00, 0x00, 0x00, 0x00, 0x00, 0x00, 0x00, 0x00, 0x00, 0x90, 0xff, 0xb8, /* 行 7 */
    0xc4, 0xff, 0x88, 0x00, 0x00, 0x00, 0x00, 0x00, 0x00, 0x00, 0x00, 0x00, 0x00, 0x00, 0x00, 0x00, 0x90, 0xff, 0xb8, /* 行 8 */
    0xc4, 0xff, 0x88, 0x00, 0x00, 0x00, 0x00, 0x00, 0x00, 0x00, 0x00, 0x00, 0x00, 0x00, 0x00, 0x00, 0x90, 0xff, 0xb8, /* 行 9 */
    0xc4, 0xff, 0x88, 0x00, 0x00, 0x00, 0x00, 0x00, 0x00, 0x00, 0x00, 0x00, 0x00, 0x00, 0x00, 0x00, 0x90, 0xff, 0xb8, /* 行10 */
    0xc4, 0xff, 0x88, 0x00, 0x00, 0x00, 0x00, 0x00, 0x00, 0x00, 0x00, 0x00, 0x00, 0x00, 0x00, 0x00, 0x90, 0xff, 0xb8, /* 行11 */
    0xc4, 0xff, 0x88, 0x00, 0x00, 0x00, 0x00, 0x00, 0x00, 0x00, 0x00, 0x00, 0x00, 0x00, 0x00, 0x00, 0x90, 0xff, 0xb8, /* 行12 */
    0xc4, 0xff, 0x88, 0x00, 0x00, 0x00, 0x00, 0x00, 0x00, 0x00, 0x00, 0x00, 0x00, 0x00, 0x00, 0x00, 0x90, 0xff, 0xb8, /* 行13 */
    0xc4, 0xff, 0x88, 0x00, 0x00, 0x00, 0x00, 0x00, 0x00, 0x00, 0x00, 0x00, 0x00, 0x00, 0x00, 0x00, 0x90, 0xff, 0xb8, /* 行14 */
    0xc4, 0xff, 0x88, 0x00, 0x00, 0x00, 0x00, 0x00, 0x00, 0x00, 0x00, 0x00, 0x00, 0x00, 0x00, 0x00, 0x90, 0xff, 0xb8, /* 行15 */
    0xc4, 0xff, 0x88, 0x00, 0x00, 0x00, 0x00, 0x00, 0x00, 0x00, 0x00, 0x00, 0x00, 0x00, 0x00, 0x00, 0x90, 0xff, 0xb8, /* 行16 */
    0xc4, 0xff, 0x88, 0x00, 0x00, 0x00, 0x00, 0x00, 0x00, 0x00, 0x00, 0x00, 0x00, 0x00, 0x00, 0x00, 0x90, 0xff, 0xb8, /* 行17 */
    0xc4, 0xff, 0x88, 0x00, 0x00, 0x00, 0x00, 0x00, 0x00, 0x00, 0x00, 0x00, 0x00, 0x00, 0x00, 0x00, 0x90, 0xff, 0xb8, /* 行18 */
    0xc4, 0xff, 0x88, 0x00, 0x00, 0x00, 0x00, 0x00, 0x00, 0x00, 0x00, 0x00, 0x00, 0x00, 0x00, 0x00, 0x90, 0xff, 0xb8, /* 行19 */
    0xc4, 0xff, 0x88, 0x00, 0x00, 0x00, 0x00, 0x00, 0x00, 0x00, 0x00, 0x00, 0x00, 0x00, 0x00, 0x00, 0x90, 0xff, 0xb8, /* 行20 */
    0xc4, 0xff, 0x88, 0x00, 0x00, 0x00, 0x00, 0x00, 0x00, 0x00, 0x00, 0x00, 0x00, 0x00, 0x00, 0x00, 0x90, 0xff, 0xb8, /* 行21 */
    0xc4, 0xff, 0x88, 0x00, 0x00, 0x00, 0x00, 0x00, 0x00, 0x00, 0x00, 0x00, 0x00, 0x00, 0x00, 0x00, 0x90, 0xff, 0xb8, /* 行22 */
    0xc4, 0xff, 0x88, 0x00, 0x00, 0x00, 0x00, 0x00, 0x00, 0x00, 0x00, 0x00, 0x00, 0x00, 0x00, 0x00, 0x90, 0xff, 0xb8, /* 行23 */
    0xc4, 0xff, 0x88, 0x00, 0x00, 0x00, 0x00, 0x00, 0x00, 0x00, 0x00, 0x00, 0x00, 0x00, 0x00, 0x00, 0x90, 0xff, 0xb8, /* 行24 */
    0xc4, 0xff, 0x88, 0x00, 0x00, 0x00, 0x00, 0x00, 0x00, 0x00, 0x00, 0x00, 0x00, 0x00, 0x00, 0x00, 0x90, 0xff, 0xb8, /* 行25 */
    0xc4, 0xff, 0x88, 0x00, 0x00, 0x00, 0x00, 0x00, 0x00, 0x00, 0x00, 0x00, 0x00, 0x00, 0x00, 0x00, 0x90, 0xff, 0xb8, /* 行26 */
    0xc4, 0xff, 0x88, 0x00, 0x00, 0x00, 0x00, 0x00, 0x00, 0x00, 0x00, 0x00, 0x00, 0x00, 0x00, 0x00, 0x90, 0xff, 0xb8, /* 行27 */
    0xc4, 0xff, 0x88, 0x00, 0x00, 0x00, 0x00, 0x00, 0x00, 0x00, 0x00, 0x00, 0x00, 0x00, 0x00, 0x00, 0x90, 0xff, 0xb8, /* 行28 */
    0xc4, 0xff, 0xa9, 0x48, 0x48, 0x48, 0x48, 0x48, 0x48, 0x48, 0x48, 0x48, 0x48, 0x48, 0x48, 0x48, 0xaf, 0xff, 0xb8, /* 行29 */
    0xc4, 0xff, 0xff, 0xff, 0xff, 0xff, 0xff, 0xff, 0xff, 0xff, 0xff, 0xff, 0xff, 0xff, 0xff, 0xff, 0xff, 0xff, 0xb8, /* 行30 */
    0xc4, 0xff, 0xff, 0xff, 0xff, 0xff, 0xff, 0xff, 0xff, 0xff, 0xff, 0xff, 0xff, 0xff, 0xff, 0xff, 0xff, 0xff, 0xb8, /* 行31 */
};

/* 字符  26: SUB  */
/*
 * ████████████████████████████████████▓▓
 * ████████████████████████████████████▓▓
 * ████▓▓▒▒▒▒▒▒▒▒▒▒▒▒▒▒▒▒▒▒▒▒▒▒▒▒▒▒▓▓██▓▓
 * ████▓▓                          ▓▓██▓▓
 * ████▓▓                          ▓▓██▓▓
 * ████▓▓                          ▓▓██▓▓
 * ████▓▓                          ▓▓██▓▓
 * ████▓▓                          ▓▓██▓▓
 * ████▓▓                          ▓▓██▓▓
 * ████▓▓                          ▓▓██▓▓
 * ████▓▓                          ▓▓██▓▓
 * ████▓▓                          ▓▓██▓▓
 * ████▓▓                          ▓▓██▓▓
 * ████▓▓                          ▓▓██▓▓
 * ████▓▓                          ▓▓██▓▓
 * ████▓▓                          ▓▓██▓▓
 * ████▓▓                          ▓▓██▓▓
 * ████▓▓                          ▓▓██▓▓
 * ████▓▓                          ▓▓██▓▓
 * ████▓▓                          ▓▓██▓▓
 * ████▓▓                          ▓▓██▓▓
 * ████▓▓                          ▓▓██▓▓
 * ████▓▓                          ▓▓██▓▓
 * ████▓▓                          ▓▓██▓▓
 * ████▓▓                          ▓▓██▓▓
 * ████▓▓                          ▓▓██▓▓
 * ████▓▓                          ▓▓██▓▓
 * ████▓▓                          ▓▓██▓▓
 * ████▓▓                          ▓▓██▓▓
 * ████▓▓▒▒▒▒▒▒▒▒▒▒▒▒▒▒▒▒▒▒▒▒▒▒▒▒▒▒▓▓██▓▓
 * ████████████████████████████████████▓▓
 * ████████████████████████████████████▓▓
 */
static const unsigned char open_sans_45px_char_026_bitmap[] = {
    0xc4, 0xff, 0xff, 0xff, 0xff, 0xff, 0xff, 0xff, 0xff, 0xff, 0xff, 0xff, 0xff, 0xff, 0xff, 0xff, 0xff, 0xff, 0xb8, /* 行 0 */
    0xc4, 0xff, 0xff, 0xff, 0xff, 0xff, 0xff, 0xff, 0xff, 0xff, 0xff, 0xff, 0xff, 0xff, 0xff, 0xff, 0xff, 0xff, 0xb8, /* 行 1 */
    0xc4, 0xff, 0xa9, 0x48, 0x48, 0x48, 0x48, 0x48, 0x48, 0x48, 0x48, 0x48, 0x48, 0x48, 0x48, 0x48, 0xaf, 0xff, 0xb8, /* 行 2 */
    0xc4, 0xff, 0x88, 0x00, 0x00, 0x00, 0x00, 0x00, 0x00, 0x00, 0x00, 0x00, 0x00, 0x00, 0x00, 0x00, 0x90, 0xff, 0xb8, /* 行 3 */
    0xc4, 0xff, 0x88, 0x00, 0x00, 0x00, 0x00, 0x00, 0x00, 0x00, 0x00, 0x00, 0x00, 0x00, 0x00, 0x00, 0x90, 0xff, 0xb8, /* 行 4 */
    0xc4, 0xff, 0x88, 0x00, 0x00, 0x00, 0x00, 0x00, 0x00, 0x00, 0x00, 0x00, 0x00, 0x00, 0x00, 0x00, 0x90, 0xff, 0xb8, /* 行 5 */
    0xc4, 0xff, 0x88, 0x00, 0x00, 0x00, 0x00, 0x00, 0x00, 0x00, 0x00, 0x00, 0x00, 0x00, 0x00, 0x00, 0x90, 0xff, 0xb8, /* 行 6 */
    0xc4, 0xff, 0x88, 0x00, 0x00, 0x00, 0x00, 0x00, 0x00, 0x00, 0x00, 0x00, 0x00, 0x00, 0x00, 0x00, 0x90, 0xff, 0xb8, /* 行 7 */
    0xc4, 0xff, 0x88, 0x00, 0x00, 0x00, 0x00, 0x00, 0x00, 0x00, 0x00, 0x00, 0x00, 0x00, 0x00, 0x00, 0x90, 0xff, 0xb8, /* 行 8 */
    0xc4, 0xff, 0x88, 0x00, 0x00, 0x00, 0x00, 0x00, 0x00, 0x00, 0x00, 0x00, 0x00, 0x00, 0x00, 0x00, 0x90, 0xff, 0xb8, /* 行 9 */
    0xc4, 0xff, 0x88, 0x00, 0x00, 0x00, 0x00, 0x00, 0x00, 0x00, 0x00, 0x00, 0x00, 0x00, 0x00, 0x00, 0x90, 0xff, 0xb8, /* 行10 */
    0xc4, 0xff, 0x88, 0x00, 0x00, 0x00, 0x00, 0x00, 0x00, 0x00, 0x00, 0x00, 0x00, 0x00, 0x00, 0x00, 0x90, 0xff, 0xb8, /* 行11 */
    0xc4, 0xff, 0x88, 0x00, 0x00, 0x00, 0x00, 0x00, 0x00, 0x00, 0x00, 0x00, 0x00, 0x00, 0x00, 0x00, 0x90, 0xff, 0xb8, /* 行12 */
    0xc4, 0xff, 0x88, 0x00, 0x00, 0x00, 0x00, 0x00, 0x00, 0x00, 0x00, 0x00, 0x00, 0x00, 0x00, 0x00, 0x90, 0xff, 0xb8, /* 行13 */
    0xc4, 0xff, 0x88, 0x00, 0x00, 0x00, 0x00, 0x00, 0x00, 0x00, 0x00, 0x00, 0x00, 0x00, 0x00, 0x00, 0x90, 0xff, 0xb8, /* 行14 */
    0xc4, 0xff, 0x88, 0x00, 0x00, 0x00, 0x00, 0x00, 0x00, 0x00, 0x00, 0x00, 0x00, 0x00, 0x00, 0x00, 0x90, 0xff, 0xb8, /* 行15 */
    0xc4, 0xff, 0x88, 0x00, 0x00, 0x00, 0x00, 0x00, 0x00, 0x00, 0x00, 0x00, 0x00, 0x00, 0x00, 0x00, 0x90, 0xff, 0xb8, /* 行16 */
    0xc4, 0xff, 0x88, 0x00, 0x00, 0x00, 0x00, 0x00, 0x00, 0x00, 0x00, 0x00, 0x00, 0x00, 0x00, 0x00, 0x90, 0xff, 0xb8, /* 行17 */
    0xc4, 0xff, 0x88, 0x00, 0x00, 0x00, 0x00, 0x00, 0x00, 0x00, 0x00, 0x00, 0x00, 0x00, 0x00, 0x00, 0x90, 0xff, 0xb8, /* 行18 */
    0xc4, 0xff, 0x88, 0x00, 0x00, 0x00, 0x00, 0x00, 0x00, 0x00, 0x00, 0x00, 0x00, 0x00, 0x00, 0x00, 0x90, 0xff, 0xb8, /* 行19 */
    0xc4, 0xff, 0x88, 0x00, 0x00, 0x00, 0x00, 0x00, 0x00, 0x00, 0x00, 0x00, 0x00, 0x00, 0x00, 0x00, 0x90, 0xff, 0xb8, /* 行20 */
    0xc4, 0xff, 0x88, 0x00, 0x00, 0x00, 0x00, 0x00, 0x00, 0x00, 0x00, 0x00, 0x00, 0x00, 0x00, 0x00, 0x90, 0xff, 0xb8, /* 行21 */
    0xc4, 0xff, 0x88, 0x00, 0x00, 0x00, 0x00, 0x00, 0x00, 0x00, 0x00, 0x00, 0x00, 0x00, 0x00, 0x00, 0x90, 0xff, 0xb8, /* 行22 */
    0xc4, 0xff, 0x88, 0x00, 0x00, 0x00, 0x00, 0x00, 0x00, 0x00, 0x00, 0x00, 0x00, 0x00, 0x00, 0x00, 0x90, 0xff, 0xb8, /* 行23 */
    0xc4, 0xff, 0x88, 0x00, 0x00, 0x00, 0x00, 0x00, 0x00, 0x00, 0x00, 0x00, 0x00, 0x00, 0x00, 0x00, 0x90, 0xff, 0xb8, /* 行24 */
    0xc4, 0xff, 0x88, 0x00, 0x00, 0x00, 0x00, 0x00, 0x00, 0x00, 0x00, 0x00, 0x00, 0x00, 0x00, 0x00, 0x90, 0xff, 0xb8, /* 行25 */
    0xc4, 0xff, 0x88, 0x00, 0x00, 0x00, 0x00, 0x00, 0x00, 0x00, 0x00, 0x00, 0x00, 0x00, 0x00, 0x00, 0x90, 0xff, 0xb8, /* 行26 */
    0xc4, 0xff, 0x88, 0x00, 0x00, 0x00, 0x00, 0x00, 0x00, 0x00, 0x00, 0x00, 0x00, 0x00, 0x00, 0x00, 0x90, 0xff, 0xb8, /* 行27 */
    0xc4, 0xff, 0x88, 0x00, 0x00, 0x00, 0x00, 0x00, 0x00, 0x00, 0x00, 0x00, 0x00, 0x00, 0x00, 0x00, 0x90, 0xff, 0xb8, /* 行28 */
    0xc4, 0xff, 0xa9, 0x48, 0x48, 0x48, 0x48, 0x48, 0x48, 0x48, 0x48, 0x48, 0x48, 0x48, 0x48, 0x48, 0xaf, 0xff, 0xb8, /* 行29 */
    0xc4, 0xff, 0xff, 0xff, 0xff, 0xff, 0xff, 0xff, 0xff, 0xff, 0xff, 0xff, 0xff, 0xff, 0xff, 0xff, 0xff, 0xff, 0xb8, /* 行30 */
    0xc4, 0xff, 0xff, 0xff, 0xff, 0xff, 0xff, 0xff, 0xff, 0xff, 0xff, 0xff, 0xff, 0xff, 0xff, 0xff, 0xff, 0xff, 0xb8, /* 行31 */
};

/* 字符  27: ESC  */
/*
 * ████████████████████████████████████▓▓
 * ████████████████████████████████████▓▓
 * ████▓▓▒▒▒▒▒▒▒▒▒▒▒▒▒▒▒▒▒▒▒▒▒▒▒▒▒▒▓▓██▓▓
 * ████▓▓                          ▓▓██▓▓
 * ████▓▓                          ▓▓██▓▓
 * ████▓▓                          ▓▓██▓▓
 * ████▓▓                          ▓▓██▓▓
 * ████▓▓                          ▓▓██▓▓
 * ████▓▓                          ▓▓██▓▓
 * ████▓▓                          ▓▓██▓▓
 * ████▓▓                          ▓▓██▓▓
 * ████▓▓                          ▓▓██▓▓
 * ████▓▓                          ▓▓██▓▓
 * ████▓▓                          ▓▓██▓▓
 * ████▓▓                          ▓▓██▓▓
 * ████▓▓                          ▓▓██▓▓
 * ████▓▓                          ▓▓██▓▓
 * ████▓▓                          ▓▓██▓▓
 * ████▓▓                          ▓▓██▓▓
 * ████▓▓                          ▓▓██▓▓
 * ████▓▓                          ▓▓██▓▓
 * ████▓▓                          ▓▓██▓▓
 * ████▓▓                          ▓▓██▓▓
 * ████▓▓                          ▓▓██▓▓
 * ████▓▓                          ▓▓██▓▓
 * ████▓▓                          ▓▓██▓▓
 * ████▓▓                          ▓▓██▓▓
 * ████▓▓                          ▓▓██▓▓
 * ████▓▓                          ▓▓██▓▓
 * ████▓▓▒▒▒▒▒▒▒▒▒▒▒▒▒▒▒▒▒▒▒▒▒▒▒▒▒▒▓▓██▓▓
 * ████████████████████████████████████▓▓
 * ████████████████████████████████████▓▓
 */
static const unsigned char open_sans_45px_char_027_bitmap[] = {
    0xc4, 0xff, 0xff, 0xff, 0xff, 0xff, 0xff, 0xff, 0xff, 0xff, 0xff, 0xff, 0xff, 0xff, 0xff, 0xff, 0xff, 0xff, 0xb8, /* 行 0 */
    0xc4, 0xff, 0xff, 0xff, 0xff, 0xff, 0xff, 0xff, 0xff, 0xff, 0xff, 0xff, 0xff, 0xff, 0xff, 0xff, 0xff, 0xff, 0xb8, /* 行 1 */
    0xc4, 0xff, 0xa9, 0x48, 0x48, 0x48, 0x48, 0x48, 0x48, 0x48, 0x48, 0x48, 0x48, 0x48, 0x48, 0x48, 0xaf, 0xff, 0xb8, /* 行 2 */
    0xc4, 0xff, 0x88, 0x00, 0x00, 0x00, 0x00, 0x00, 0x00, 0x00, 0x00, 0x00, 0x00, 0x00, 0x00, 0x00, 0x90, 0xff, 0xb8, /* 行 3 */
    0xc4, 0xff, 0x88, 0x00, 0x00, 0x00, 0x00, 0x00, 0x00, 0x00, 0x00, 0x00, 0x00, 0x00, 0x00, 0x00, 0x90, 0xff, 0xb8, /* 行 4 */
    0xc4, 0xff, 0x88, 0x00, 0x00, 0x00, 0x00, 0x00, 0x00, 0x00, 0x00, 0x00, 0x00, 0x00, 0x00, 0x00, 0x90, 0xff, 0xb8, /* 行 5 */
    0xc4, 0xff, 0x88, 0x00, 0x00, 0x00, 0x00, 0x00, 0x00, 0x00, 0x00, 0x00, 0x00, 0x00, 0x00, 0x00, 0x90, 0xff, 0xb8, /* 行 6 */
    0xc4, 0xff, 0x88, 0x00, 0x00, 0x00, 0x00, 0x00, 0x00, 0x00, 0x00, 0x00, 0x00, 0x00, 0x00, 0x00, 0x90, 0xff, 0xb8, /* 行 7 */
    0xc4, 0xff, 0x88, 0x00, 0x00, 0x00, 0x00, 0x00, 0x00, 0x00, 0x00, 0x00, 0x00, 0x00, 0x00, 0x00, 0x90, 0xff, 0xb8, /* 行 8 */
    0xc4, 0xff, 0x88, 0x00, 0x00, 0x00, 0x00, 0x00, 0x00, 0x00, 0x00, 0x00, 0x00, 0x00, 0x00, 0x00, 0x90, 0xff, 0xb8, /* 行 9 */
    0xc4, 0xff, 0x88, 0x00, 0x00, 0x00, 0x00, 0x00, 0x00, 0x00, 0x00, 0x00, 0x00, 0x00, 0x00, 0x00, 0x90, 0xff, 0xb8, /* 行10 */
    0xc4, 0xff, 0x88, 0x00, 0x00, 0x00, 0x00, 0x00, 0x00, 0x00, 0x00, 0x00, 0x00, 0x00, 0x00, 0x00, 0x90, 0xff, 0xb8, /* 行11 */
    0xc4, 0xff, 0x88, 0x00, 0x00, 0x00, 0x00, 0x00, 0x00, 0x00, 0x00, 0x00, 0x00, 0x00, 0x00, 0x00, 0x90, 0xff, 0xb8, /* 行12 */
    0xc4, 0xff, 0x88, 0x00, 0x00, 0x00, 0x00, 0x00, 0x00, 0x00, 0x00, 0x00, 0x00, 0x00, 0x00, 0x00, 0x90, 0xff, 0xb8, /* 行13 */
    0xc4, 0xff, 0x88, 0x00, 0x00, 0x00, 0x00, 0x00, 0x00, 0x00, 0x00, 0x00, 0x00, 0x00, 0x00, 0x00, 0x90, 0xff, 0xb8, /* 行14 */
    0xc4, 0xff, 0x88, 0x00, 0x00, 0x00, 0x00, 0x00, 0x00, 0x00, 0x00, 0x00, 0x00, 0x00, 0x00, 0x00, 0x90, 0xff, 0xb8, /* 行15 */
    0xc4, 0xff, 0x88, 0x00, 0x00, 0x00, 0x00, 0x00, 0x00, 0x00, 0x00, 0x00, 0x00, 0x00, 0x00, 0x00, 0x90, 0xff, 0xb8, /* 行16 */
    0xc4, 0xff, 0x88, 0x00, 0x00, 0x00, 0x00, 0x00, 0x00, 0x00, 0x00, 0x00, 0x00, 0x00, 0x00, 0x00, 0x90, 0xff, 0xb8, /* 行17 */
    0xc4, 0xff, 0x88, 0x00, 0x00, 0x00, 0x00, 0x00, 0x00, 0x00, 0x00, 0x00, 0x00, 0x00, 0x00, 0x00, 0x90, 0xff, 0xb8, /* 行18 */
    0xc4, 0xff, 0x88, 0x00, 0x00, 0x00, 0x00, 0x00, 0x00, 0x00, 0x00, 0x00, 0x00, 0x00, 0x00, 0x00, 0x90, 0xff, 0xb8, /* 行19 */
    0xc4, 0xff, 0x88, 0x00, 0x00, 0x00, 0x00, 0x00, 0x00, 0x00, 0x00, 0x00, 0x00, 0x00, 0x00, 0x00, 0x90, 0xff, 0xb8, /* 行20 */
    0xc4, 0xff, 0x88, 0x00, 0x00, 0x00, 0x00, 0x00, 0x00, 0x00, 0x00, 0x00, 0x00, 0x00, 0x00, 0x00, 0x90, 0xff, 0xb8, /* 行21 */
    0xc4, 0xff, 0x88, 0x00, 0x00, 0x00, 0x00, 0x00, 0x00, 0x00, 0x00, 0x00, 0x00, 0x00, 0x00, 0x00, 0x90, 0xff, 0xb8, /* 行22 */
    0xc4, 0xff, 0x88, 0x00, 0x00, 0x00, 0x00, 0x00, 0x00, 0x00, 0x00, 0x00, 0x00, 0x00, 0x00, 0x00, 0x90, 0xff, 0xb8, /* 行23 */
    0xc4, 0xff, 0x88, 0x00, 0x00, 0x00, 0x00, 0x00, 0x00, 0x00, 0x00, 0x00, 0x00, 0x00, 0x00, 0x00, 0x90, 0xff, 0xb8, /* 行24 */
    0xc4, 0xff, 0x88, 0x00, 0x00, 0x00, 0x00, 0x00, 0x00, 0x00, 0x00, 0x00, 0x00, 0x00, 0x00, 0x00, 0x90, 0xff, 0xb8, /* 行25 */
    0xc4, 0xff, 0x88, 0x00, 0x00, 0x00, 0x00, 0x00, 0x00, 0x00, 0x00, 0x00, 0x00, 0x00, 0x00, 0x00, 0x90, 0xff, 0xb8, /* 行26 */
    0xc4, 0xff, 0x88, 0x00, 0x00, 0x00, 0x00, 0x00, 0x00, 0x00, 0x00, 0x00, 0x00, 0x00, 0x00, 0x00, 0x90, 0xff, 0xb8, /* 行27 */
    0xc4, 0xff, 0x88, 0x00, 0x00, 0x00, 0x00, 0x00, 0x00, 0x00, 0x00, 0x00, 0x00, 0x00, 0x00, 0x00, 0x90, 0xff, 0xb8, /* 行28 */
    0xc4, 0xff, 0xa9, 0x48, 0x48, 0x48, 0x48, 0x48, 0x48, 0x48, 0x48, 0x48, 0x48, 0x48, 0x48, 0x48, 0xaf, 0xff, 0xb8, /* 行29 */
    0xc4, 0xff, 0xff, 0xff, 0xff, 0xff, 0xff, 0xff, 0xff, 0xff, 0xff, 0xff, 0xff, 0xff, 0xff, 0xff, 0xff, 0xff, 0xb8, /* 行30 */
    0xc4, 0xff, 0xff, 0xff, 0xff, 0xff, 0xff, 0xff, 0xff, 0xff, 0xff, 0xff, 0xff, 0xff, 0xff, 0xff, 0xff, 0xff, 0xb8, /* 行31 */
};

/* 字符  28: FS   */
/*
 * ████████████████████████████████████▓▓
 * ████████████████████████████████████▓▓
 * ████▓▓▒▒▒▒▒▒▒▒▒▒▒▒▒▒▒▒▒▒▒▒▒▒▒▒▒▒▓▓██▓▓
 * ████▓▓                          ▓▓██▓▓
 * ████▓▓                          ▓▓██▓▓
 * ████▓▓                          ▓▓██▓▓
 * ████▓▓                          ▓▓██▓▓
 * ████▓▓                          ▓▓██▓▓
 * ████▓▓                          ▓▓██▓▓
 * ████▓▓                          ▓▓██▓▓
 * ████▓▓                          ▓▓██▓▓
 * ████▓▓                          ▓▓██▓▓
 * ████▓▓                          ▓▓██▓▓
 * ████▓▓                          ▓▓██▓▓
 * ████▓▓                          ▓▓██▓▓
 * ████▓▓                          ▓▓██▓▓
 * ████▓▓                          ▓▓██▓▓
 * ████▓▓                          ▓▓██▓▓
 * ████▓▓                          ▓▓██▓▓
 * ████▓▓                          ▓▓██▓▓
 * ████▓▓                          ▓▓██▓▓
 * ████▓▓                          ▓▓██▓▓
 * ████▓▓                          ▓▓██▓▓
 * ████▓▓                          ▓▓██▓▓
 * ████▓▓                          ▓▓██▓▓
 * ████▓▓                          ▓▓██▓▓
 * ████▓▓                          ▓▓██▓▓
 * ████▓▓                          ▓▓██▓▓
 * ████▓▓                          ▓▓██▓▓
 * ████▓▓▒▒▒▒▒▒▒▒▒▒▒▒▒▒▒▒▒▒▒▒▒▒▒▒▒▒▓▓██▓▓
 * ████████████████████████████████████▓▓
 * ████████████████████████████████████▓▓
 */
static const unsigned char open_sans_45px_char_028_bitmap[] = {
    0xc4, 0xff, 0xff, 0xff, 0xff, 0xff, 0xff, 0xff, 0xff, 0xff, 0xff, 0xff, 0xff, 0xff, 0xff, 0xff, 0xff, 0xff, 0xb8, /* 行 0 */
    0xc4, 0xff, 0xff, 0xff, 0xff, 0xff, 0xff, 0xff, 0xff, 0xff, 0xff, 0xff, 0xff, 0xff, 0xff, 0xff, 0xff, 0xff, 0xb8, /* 行 1 */
    0xc4, 0xff, 0xa9, 0x48, 0x48, 0x48, 0x48, 0x48, 0x48, 0x48, 0x48, 0x48, 0x48, 0x48, 0x48, 0x48, 0xaf, 0xff, 0xb8, /* 行 2 */
    0xc4, 0xff, 0x88, 0x00, 0x00, 0x00, 0x00, 0x00, 0x00, 0x00, 0x00, 0x00, 0x00, 0x00, 0x00, 0x00, 0x90, 0xff, 0xb8, /* 行 3 */
    0xc4, 0xff, 0x88, 0x00, 0x00, 0x00, 0x00, 0x00, 0x00, 0x00, 0x00, 0x00, 0x00, 0x00, 0x00, 0x00, 0x90, 0xff, 0xb8, /* 行 4 */
    0xc4, 0xff, 0x88, 0x00, 0x00, 0x00, 0x00, 0x00, 0x00, 0x00, 0x00, 0x00, 0x00, 0x00, 0x00, 0x00, 0x90, 0xff, 0xb8, /* 行 5 */
    0xc4, 0xff, 0x88, 0x00, 0x00, 0x00, 0x00, 0x00, 0x00, 0x00, 0x00, 0x00, 0x00, 0x00, 0x00, 0x00, 0x90, 0xff, 0xb8, /* 行 6 */
    0xc4, 0xff, 0x88, 0x00, 0x00, 0x00, 0x00, 0x00, 0x00, 0x00, 0x00, 0x00, 0x00, 0x00, 0x00, 0x00, 0x90, 0xff, 0xb8, /* 行 7 */
    0xc4, 0xff, 0x88, 0x00, 0x00, 0x00, 0x00, 0x00, 0x00, 0x00, 0x00, 0x00, 0x00, 0x00, 0x00, 0x00, 0x90, 0xff, 0xb8, /* 行 8 */
    0xc4, 0xff, 0x88, 0x00, 0x00, 0x00, 0x00, 0x00, 0x00, 0x00, 0x00, 0x00, 0x00, 0x00, 0x00, 0x00, 0x90, 0xff, 0xb8, /* 行 9 */
    0xc4, 0xff, 0x88, 0x00, 0x00, 0x00, 0x00, 0x00, 0x00, 0x00, 0x00, 0x00, 0x00, 0x00, 0x00, 0x00, 0x90, 0xff, 0xb8, /* 行10 */
    0xc4, 0xff, 0x88, 0x00, 0x00, 0x00, 0x00, 0x00, 0x00, 0x00, 0x00, 0x00, 0x00, 0x00, 0x00, 0x00, 0x90, 0xff, 0xb8, /* 行11 */
    0xc4, 0xff, 0x88, 0x00, 0x00, 0x00, 0x00, 0x00, 0x00, 0x00, 0x00, 0x00, 0x00, 0x00, 0x00, 0x00, 0x90, 0xff, 0xb8, /* 行12 */
    0xc4, 0xff, 0x88, 0x00, 0x00, 0x00, 0x00, 0x00, 0x00, 0x00, 0x00, 0x00, 0x00, 0x00, 0x00, 0x00, 0x90, 0xff, 0xb8, /* 行13 */
    0xc4, 0xff, 0x88, 0x00, 0x00, 0x00, 0x00, 0x00, 0x00, 0x00, 0x00, 0x00, 0x00, 0x00, 0x00, 0x00, 0x90, 0xff, 0xb8, /* 行14 */
    0xc4, 0xff, 0x88, 0x00, 0x00, 0x00, 0x00, 0x00, 0x00, 0x00, 0x00, 0x00, 0x00, 0x00, 0x00, 0x00, 0x90, 0xff, 0xb8, /* 行15 */
    0xc4, 0xff, 0x88, 0x00, 0x00, 0x00, 0x00, 0x00, 0x00, 0x00, 0x00, 0x00, 0x00, 0x00, 0x00, 0x00, 0x90, 0xff, 0xb8, /* 行16 */
    0xc4, 0xff, 0x88, 0x00, 0x00, 0x00, 0x00, 0x00, 0x00, 0x00, 0x00, 0x00, 0x00, 0x00, 0x00, 0x00, 0x90, 0xff, 0xb8, /* 行17 */
    0xc4, 0xff, 0x88, 0x00, 0x00, 0x00, 0x00, 0x00, 0x00, 0x00, 0x00, 0x00, 0x00, 0x00, 0x00, 0x00, 0x90, 0xff, 0xb8, /* 行18 */
    0xc4, 0xff, 0x88, 0x00, 0x00, 0x00, 0x00, 0x00, 0x00, 0x00, 0x00, 0x00, 0x00, 0x00, 0x00, 0x00, 0x90, 0xff, 0xb8, /* 行19 */
    0xc4, 0xff, 0x88, 0x00, 0x00, 0x00, 0x00, 0x00, 0x00, 0x00, 0x00, 0x00, 0x00, 0x00, 0x00, 0x00, 0x90, 0xff, 0xb8, /* 行20 */
    0xc4, 0xff, 0x88, 0x00, 0x00, 0x00, 0x00, 0x00, 0x00, 0x00, 0x00, 0x00, 0x00, 0x00, 0x00, 0x00, 0x90, 0xff, 0xb8, /* 行21 */
    0xc4, 0xff, 0x88, 0x00, 0x00, 0x00, 0x00, 0x00, 0x00, 0x00, 0x00, 0x00, 0x00, 0x00, 0x00, 0x00, 0x90, 0xff, 0xb8, /* 行22 */
    0xc4, 0xff, 0x88, 0x00, 0x00, 0x00, 0x00, 0x00, 0x00, 0x00, 0x00, 0x00, 0x00, 0x00, 0x00, 0x00, 0x90, 0xff, 0xb8, /* 行23 */
    0xc4, 0xff, 0x88, 0x00, 0x00, 0x00, 0x00, 0x00, 0x00, 0x00, 0x00, 0x00, 0x00, 0x00, 0x00, 0x00, 0x90, 0xff, 0xb8, /* 行24 */
    0xc4, 0xff, 0x88, 0x00, 0x00, 0x00, 0x00, 0x00, 0x00, 0x00, 0x00, 0x00, 0x00, 0x00, 0x00, 0x00, 0x90, 0xff, 0xb8, /* 行25 */
    0xc4, 0xff, 0x88, 0x00, 0x00, 0x00, 0x00, 0x00, 0x00, 0x00, 0x00, 0x00, 0x00, 0x00, 0x00, 0x00, 0x90, 0xff, 0xb8, /* 行26 */
    0xc4, 0xff, 0x88, 0x00, 0x00, 0x00, 0x00, 0x00, 0x00, 0x00, 0x00, 0x00, 0x00, 0x00, 0x00, 0x00, 0x90, 0xff, 0xb8, /* 行27 */
    0xc4, 0xff, 0x88, 0x00, 0x00, 0x00, 0x00, 0x00, 0x00, 0x00, 0x00, 0x00, 0x00, 0x00, 0x00, 0x00, 0x90, 0xff, 0xb8, /* 行28 */
    0xc4, 0xff, 0xa9, 0x48, 0x48, 0x48, 0x48, 0x48, 0x48, 0x48, 0x48, 0x48, 0x48, 0x48, 0x48, 0x48, 0xaf, 0xff, 0xb8, /* 行29 */
    0xc4, 0xff, 0xff, 0xff, 0xff, 0xff, 0xff, 0xff, 0xff, 0xff, 0xff, 0xff, 0xff, 0xff, 0xff, 0xff, 0xff, 0xff, 0xb8, /* 行30 */
    0xc4, 0xff, 0xff, 0xff, 0xff, 0xff, 0xff, 0xff, 0xff, 0xff, 0xff, 0xff, 0xff, 0xff, 0xff, 0xff, 0xff, 0xff, 0xb8, /* 行31 */
};

/* 字符  29: GS   */
/*
 * ████████████████████████████████████▓▓
 * ████████████████████████████████████▓▓
 * ████▓▓▒▒▒▒▒▒▒▒▒▒▒▒▒▒▒▒▒▒▒▒▒▒▒▒▒▒▓▓██▓▓
 * ████▓▓                          ▓▓██▓▓
 * ████▓▓                          ▓▓██▓▓
 * ████▓▓                          ▓▓██▓▓
 * ████▓▓                          ▓▓██▓▓
 * ████▓▓                          ▓▓██▓▓
 * ████▓▓                          ▓▓██▓▓
 * ████▓▓                          ▓▓██▓▓
 * ████▓▓                          ▓▓██▓▓
 * ████▓▓                          ▓▓██▓▓
 * ████▓▓                          ▓▓██▓▓
 * ████▓▓                          ▓▓██▓▓
 * ████▓▓                          ▓▓██▓▓
 * ████▓▓                          ▓▓██▓▓
 * ████▓▓                          ▓▓██▓▓
 * ████▓▓                          ▓▓██▓▓
 * ████▓▓                          ▓▓██▓▓
 * ████▓▓                          ▓▓██▓▓
 * ████▓▓                          ▓▓██▓▓
 * ████▓▓                          ▓▓██▓▓
 * ████▓▓                          ▓▓██▓▓
 * ████▓▓                          ▓▓██▓▓
 * ████▓▓                          ▓▓██▓▓
 * ████▓▓                          ▓▓██▓▓
 * ████▓▓                          ▓▓██▓▓
 * ████▓▓                          ▓▓██▓▓
 * ████▓▓                          ▓▓██▓▓
 * ████▓▓▒▒▒▒▒▒▒▒▒▒▒▒▒▒▒▒▒▒▒▒▒▒▒▒▒▒▓▓██▓▓
 * ████████████████████████████████████▓▓
 * ████████████████████████████████████▓▓
 */
static const unsigned char open_sans_45px_char_029_bitmap[] = {
    0xc4, 0xff, 0xff, 0xff, 0xff, 0xff, 0xff, 0xff, 0xff, 0xff, 0xff, 0xff, 0xff, 0xff, 0xff, 0xff, 0xff, 0xff, 0xb8, /* 行 0 */
    0xc4, 0xff, 0xff, 0xff, 0xff, 0xff, 0xff, 0xff, 0xff, 0xff, 0xff, 0xff, 0xff, 0xff, 0xff, 0xff, 0xff, 0xff, 0xb8, /* 行 1 */
    0xc4, 0xff, 0xa9, 0x48, 0x48, 0x48, 0x48, 0x48, 0x48, 0x48, 0x48, 0x48, 0x48, 0x48, 0x48, 0x48, 0xaf, 0xff, 0xb8, /* 行 2 */
    0xc4, 0xff, 0x88, 0x00, 0x00, 0x00, 0x00, 0x00, 0x00, 0x00, 0x00, 0x00, 0x00, 0x00, 0x00, 0x00, 0x90, 0xff, 0xb8, /* 行 3 */
    0xc4, 0xff, 0x88, 0x00, 0x00, 0x00, 0x00, 0x00, 0x00, 0x00, 0x00, 0x00, 0x00, 0x00, 0x00, 0x00, 0x90, 0xff, 0xb8, /* 行 4 */
    0xc4, 0xff, 0x88, 0x00, 0x00, 0x00, 0x00, 0x00, 0x00, 0x00, 0x00, 0x00, 0x00, 0x00, 0x00, 0x00, 0x90, 0xff, 0xb8, /* 行 5 */
    0xc4, 0xff, 0x88, 0x00, 0x00, 0x00, 0x00, 0x00, 0x00, 0x00, 0x00, 0x00, 0x00, 0x00, 0x00, 0x00, 0x90, 0xff, 0xb8, /* 行 6 */
    0xc4, 0xff, 0x88, 0x00, 0x00, 0x00, 0x00, 0x00, 0x00, 0x00, 0x00, 0x00, 0x00, 0x00, 0x00, 0x00, 0x90, 0xff, 0xb8, /* 行 7 */
    0xc4, 0xff, 0x88, 0x00, 0x00, 0x00, 0x00, 0x00, 0x00, 0x00, 0x00, 0x00, 0x00, 0x00, 0x00, 0x00, 0x90, 0xff, 0xb8, /* 行 8 */
    0xc4, 0xff, 0x88, 0x00, 0x00, 0x00, 0x00, 0x00, 0x00, 0x00, 0x00, 0x00, 0x00, 0x00, 0x00, 0x00, 0x90, 0xff, 0xb8, /* 行 9 */
    0xc4, 0xff, 0x88, 0x00, 0x00, 0x00, 0x00, 0x00, 0x00, 0x00, 0x00, 0x00, 0x00, 0x00, 0x00, 0x00, 0x90, 0xff, 0xb8, /* 行10 */
    0xc4, 0xff, 0x88, 0x00, 0x00, 0x00, 0x00, 0x00, 0x00, 0x00, 0x00, 0x00, 0x00, 0x00, 0x00, 0x00, 0x90, 0xff, 0xb8, /* 行11 */
    0xc4, 0xff, 0x88, 0x00, 0x00, 0x00, 0x00, 0x00, 0x00, 0x00, 0x00, 0x00, 0x00, 0x00, 0x00, 0x00, 0x90, 0xff, 0xb8, /* 行12 */
    0xc4, 0xff, 0x88, 0x00, 0x00, 0x00, 0x00, 0x00, 0x00, 0x00, 0x00, 0x00, 0x00, 0x00, 0x00, 0x00, 0x90, 0xff, 0xb8, /* 行13 */
    0xc4, 0xff, 0x88, 0x00, 0x00, 0x00, 0x00, 0x00, 0x00, 0x00, 0x00, 0x00, 0x00, 0x00, 0x00, 0x00, 0x90, 0xff, 0xb8, /* 行14 */
    0xc4, 0xff, 0x88, 0x00, 0x00, 0x00, 0x00, 0x00, 0x00, 0x00, 0x00, 0x00, 0x00, 0x00, 0x00, 0x00, 0x90, 0xff, 0xb8, /* 行15 */
    0xc4, 0xff, 0x88, 0x00, 0x00, 0x00, 0x00, 0x00, 0x00, 0x00, 0x00, 0x00, 0x00, 0x00, 0x00, 0x00, 0x90, 0xff, 0xb8, /* 行16 */
    0xc4, 0xff, 0x88, 0x00, 0x00, 0x00, 0x00, 0x00, 0x00, 0x00, 0x00, 0x00, 0x00, 0x00, 0x00, 0x00, 0x90, 0xff, 0xb8, /* 行17 */
    0xc4, 0xff, 0x88, 0x00, 0x00, 0x00, 0x00, 0x00, 0x00, 0x00, 0x00, 0x00, 0x00, 0x00, 0x00, 0x00, 0x90, 0xff, 0xb8, /* 行18 */
    0xc4, 0xff, 0x88, 0x00, 0x00, 0x00, 0x00, 0x00, 0x00, 0x00, 0x00, 0x00, 0x00, 0x00, 0x00, 0x00, 0x90, 0xff, 0xb8, /* 行19 */
    0xc4, 0xff, 0x88, 0x00, 0x00, 0x00, 0x00, 0x00, 0x00, 0x00, 0x00, 0x00, 0x00, 0x00, 0x00, 0x00, 0x90, 0xff, 0xb8, /* 行20 */
    0xc4, 0xff, 0x88, 0x00, 0x00, 0x00, 0x00, 0x00, 0x00, 0x00, 0x00, 0x00, 0x00, 0x00, 0x00, 0x00, 0x90, 0xff, 0xb8, /* 行21 */
    0xc4, 0xff, 0x88, 0x00, 0x00, 0x00, 0x00, 0x00, 0x00, 0x00, 0x00, 0x00, 0x00, 0x00, 0x00, 0x00, 0x90, 0xff, 0xb8, /* 行22 */
    0xc4, 0xff, 0x88, 0x00, 0x00, 0x00, 0x00, 0x00, 0x00, 0x00, 0x00, 0x00, 0x00, 0x00, 0x00, 0x00, 0x90, 0xff, 0xb8, /* 行23 */
    0xc4, 0xff, 0x88, 0x00, 0x00, 0x00, 0x00, 0x00, 0x00, 0x00, 0x00, 0x00, 0x00, 0x00, 0x00, 0x00, 0x90, 0xff, 0xb8, /* 行24 */
    0xc4, 0xff, 0x88, 0x00, 0x00, 0x00, 0x00, 0x00, 0x00, 0x00, 0x00, 0x00, 0x00, 0x00, 0x00, 0x00, 0x90, 0xff, 0xb8, /* 行25 */
    0xc4, 0xff, 0x88, 0x00, 0x00, 0x00, 0x00, 0x00, 0x00, 0x00, 0x00, 0x00, 0x00, 0x00, 0x00, 0x00, 0x90, 0xff, 0xb8, /* 行26 */
    0xc4, 0xff, 0x88, 0x00, 0x00, 0x00, 0x00, 0x00, 0x00, 0x00, 0x00, 0x00, 0x00, 0x00, 0x00, 0x00, 0x90, 0xff, 0xb8, /* 行27 */
    0xc4, 0xff, 0x88, 0x00, 0x00, 0x00, 0x00, 0x00, 0x00, 0x00, 0x00, 0x00, 0x00, 0x00, 0x00, 0x00, 0x90, 0xff, 0xb8, /* 行28 */
    0xc4, 0xff, 0xa9, 0x48, 0x48, 0x48, 0x48, 0x48, 0x48, 0x48, 0x48, 0x48, 0x48, 0x48, 0x48, 0x48, 0xaf, 0xff, 0xb8, /* 行29 */
    0xc4, 0xff, 0xff, 0xff, 0xff, 0xff, 0xff, 0xff, 0xff, 0xff, 0xff, 0xff, 0xff, 0xff, 0xff, 0xff, 0xff, 0xff, 0xb8, /* 行30 */
    0xc4, 0xff, 0xff, 0xff, 0xff, 0xff, 0xff, 0xff, 0xff, 0xff, 0xff, 0xff, 0xff, 0xff, 0xff, 0xff, 0xff, 0xff, 0xb8, /* 行31 */
};

/* 字符  30: RS   */
/*
 * ████████████████████████████████████▓▓
 * ████████████████████████████████████▓▓
 * ████▓▓▒▒▒▒▒▒▒▒▒▒▒▒▒▒▒▒▒▒▒▒▒▒▒▒▒▒▓▓██▓▓
 * ████▓▓                          ▓▓██▓▓
 * ████▓▓                          ▓▓██▓▓
 * ████▓▓                          ▓▓██▓▓
 * ████▓▓                          ▓▓██▓▓
 * ████▓▓                          ▓▓██▓▓
 * ████▓▓                          ▓▓██▓▓
 * ████▓▓                          ▓▓██▓▓
 * ████▓▓                          ▓▓██▓▓
 * ████▓▓                          ▓▓██▓▓
 * ████▓▓                          ▓▓██▓▓
 * ████▓▓                          ▓▓██▓▓
 * ████▓▓                          ▓▓██▓▓
 * ████▓▓                          ▓▓██▓▓
 * ████▓▓                          ▓▓██▓▓
 * ████▓▓                          ▓▓██▓▓
 * ████▓▓                          ▓▓██▓▓
 * ████▓▓                          ▓▓██▓▓
 * ████▓▓                          ▓▓██▓▓
 * ████▓▓                          ▓▓██▓▓
 * ████▓▓                          ▓▓██▓▓
 * ████▓▓                          ▓▓██▓▓
 * ████▓▓                          ▓▓██▓▓
 * ████▓▓                          ▓▓██▓▓
 * ████▓▓                          ▓▓██▓▓
 * ████▓▓                          ▓▓██▓▓
 * ████▓▓                          ▓▓██▓▓
 * ████▓▓▒▒▒▒▒▒▒▒▒▒▒▒▒▒▒▒▒▒▒▒▒▒▒▒▒▒▓▓██▓▓
 * ████████████████████████████████████▓▓
 * ████████████████████████████████████▓▓
 */
static const unsigned char open_sans_45px_char_030_bitmap[] = {
    0xc4, 0xff, 0xff, 0xff, 0xff, 0xff, 0xff, 0xff, 0xff, 0xff, 0xff, 0xff, 0xff, 0xff, 0xff, 0xff, 0xff, 0xff, 0xb8, /* 行 0 */
    0xc4, 0xff, 0xff, 0xff, 0xff, 0xff, 0xff, 0xff, 0xff, 0xff, 0xff, 0xff, 0xff, 0xff, 0xff, 0xff, 0xff, 0xff, 0xb8, /* 行 1 */
    0xc4, 0xff, 0xa9, 0x48, 0x48, 0x48, 0x48, 0x48, 0x48, 0x48, 0x48, 0x48, 0x48, 0x48, 0x48, 0x48, 0xaf, 0xff, 0xb8, /* 行 2 */
    0xc4, 0xff, 0x88, 0x00, 0x00, 0x00, 0x00, 0x00, 0x00, 0x00, 0x00, 0x00, 0x00, 0x00, 0x00, 0x00, 0x90, 0xff, 0xb8, /* 行 3 */
    0xc4, 0xff, 0x88, 0x00, 0x00, 0x00, 0x00, 0x00, 0x00, 0x00, 0x00, 0x00, 0x00, 0x00, 0x00, 0x00, 0x90, 0xff, 0xb8, /* 行 4 */
    0xc4, 0xff, 0x88, 0x00, 0x00, 0x00, 0x00, 0x00, 0x00, 0x00, 0x00, 0x00, 0x00, 0x00, 0x00, 0x00, 0x90, 0xff, 0xb8, /* 行 5 */
    0xc4, 0xff, 0x88, 0x00, 0x00, 0x00, 0x00, 0x00, 0x00, 0x00, 0x00, 0x00, 0x00, 0x00, 0x00, 0x00, 0x90, 0xff, 0xb8, /* 行 6 */
    0xc4, 0xff, 0x88, 0x00, 0x00, 0x00, 0x00, 0x00, 0x00, 0x00, 0x00, 0x00, 0x00, 0x00, 0x00, 0x00, 0x90, 0xff, 0xb8, /* 行 7 */
    0xc4, 0xff, 0x88, 0x00, 0x00, 0x00, 0x00, 0x00, 0x00, 0x00, 0x00, 0x00, 0x00, 0x00, 0x00, 0x00, 0x90, 0xff, 0xb8, /* 行 8 */
    0xc4, 0xff, 0x88, 0x00, 0x00, 0x00, 0x00, 0x00, 0x00, 0x00, 0x00, 0x00, 0x00, 0x00, 0x00, 0x00, 0x90, 0xff, 0xb8, /* 行 9 */
    0xc4, 0xff, 0x88, 0x00, 0x00, 0x00, 0x00, 0x00, 0x00, 0x00, 0x00, 0x00, 0x00, 0x00, 0x00, 0x00, 0x90, 0xff, 0xb8, /* 行10 */
    0xc4, 0xff, 0x88, 0x00, 0x00, 0x00, 0x00, 0x00, 0x00, 0x00, 0x00, 0x00, 0x00, 0x00, 0x00, 0x00, 0x90, 0xff, 0xb8, /* 行11 */
    0xc4, 0xff, 0x88, 0x00, 0x00, 0x00, 0x00, 0x00, 0x00, 0x00, 0x00, 0x00, 0x00, 0x00, 0x00, 0x00, 0x90, 0xff, 0xb8, /* 行12 */
    0xc4, 0xff, 0x88, 0x00, 0x00, 0x00, 0x00, 0x00, 0x00, 0x00, 0x00, 0x00, 0x00, 0x00, 0x00, 0x00, 0x90, 0xff, 0xb8, /* 行13 */
    0xc4, 0xff, 0x88, 0x00, 0x00, 0x00, 0x00, 0x00, 0x00, 0x00, 0x00, 0x00, 0x00, 0x00, 0x00, 0x00, 0x90, 0xff, 0xb8, /* 行14 */
    0xc4, 0xff, 0x88, 0x00, 0x00, 0x00, 0x00, 0x00, 0x00, 0x00, 0x00, 0x00, 0x00, 0x00, 0x00, 0x00, 0x90, 0xff, 0xb8, /* 行15 */
    0xc4, 0xff, 0x88, 0x00, 0x00, 0x00, 0x00, 0x00, 0x00, 0x00, 0x00, 0x00, 0x00, 0x00, 0x00, 0x00, 0x90, 0xff, 0xb8, /* 行16 */
    0xc4, 0xff, 0x88, 0x00, 0x00, 0x00, 0x00, 0x00, 0x00, 0x00, 0x00, 0x00, 0x00, 0x00, 0x00, 0x00, 0x90, 0xff, 0xb8, /* 行17 */
    0xc4, 0xff, 0x88, 0x00, 0x00, 0x00, 0x00, 0x00, 0x00, 0x00, 0x00, 0x00, 0x00, 0x00, 0x00, 0x00, 0x90, 0xff, 0xb8, /* 行18 */
    0xc4, 0xff, 0x88, 0x00, 0x00, 0x00, 0x00, 0x00, 0x00, 0x00, 0x00, 0x00, 0x00, 0x00, 0x00, 0x00, 0x90, 0xff, 0xb8, /* 行19 */
    0xc4, 0xff, 0x88, 0x00, 0x00, 0x00, 0x00, 0x00, 0x00, 0x00, 0x00, 0x00, 0x00, 0x00, 0x00, 0x00, 0x90, 0xff, 0xb8, /* 行20 */
    0xc4, 0xff, 0x88, 0x00, 0x00, 0x00, 0x00, 0x00, 0x00, 0x00, 0x00, 0x00, 0x00, 0x00, 0x00, 0x00, 0x90, 0xff, 0xb8, /* 行21 */
    0xc4, 0xff, 0x88, 0x00, 0x00, 0x00, 0x00, 0x00, 0x00, 0x00, 0x00, 0x00, 0x00, 0x00, 0x00, 0x00, 0x90, 0xff, 0xb8, /* 行22 */
    0xc4, 0xff, 0x88, 0x00, 0x00, 0x00, 0x00, 0x00, 0x00, 0x00, 0x00, 0x00, 0x00, 0x00, 0x00, 0x00, 0x90, 0xff, 0xb8, /* 行23 */
    0xc4, 0xff, 0x88, 0x00, 0x00, 0x00, 0x00, 0x00, 0x00, 0x00, 0x00, 0x00, 0x00, 0x00, 0x00, 0x00, 0x90, 0xff, 0xb8, /* 行24 */
    0xc4, 0xff, 0x88, 0x00, 0x00, 0x00, 0x00, 0x00, 0x00, 0x00, 0x00, 0x00, 0x00, 0x00, 0x00, 0x00, 0x90, 0xff, 0xb8, /* 行25 */
    0xc4, 0xff, 0x88, 0x00, 0x00, 0x00, 0x00, 0x00, 0x00, 0x00, 0x00, 0x00, 0x00, 0x00, 0x00, 0x00, 0x90, 0xff, 0xb8, /* 行26 */
    0xc4, 0xff, 0x88, 0x00, 0x00, 0x00, 0x00, 0x00, 0x00, 0x00, 0x00, 0x00, 0x00, 0x00, 0x00, 0x00, 0x90, 0xff, 0xb8, /* 行27 */
    0xc4, 0xff, 0x88, 0x00, 0x00, 0x00, 0x00, 0x00, 0x00, 0x00, 0x00, 0x00, 0x00, 0x00, 0x00, 0x00, 0x90, 0xff, 0xb8, /* 行28 */
    0xc4, 0xff, 0xa9, 0x48, 0x48, 0x48, 0x48, 0x48, 0x48, 0x48, 0x48, 0x48, 0x48, 0x48, 0x48, 0x48, 0xaf, 0xff, 0xb8, /* 行29 */
    0xc4, 0xff, 0xff, 0xff, 0xff, 0xff, 0xff, 0xff, 0xff, 0xff, 0xff, 0xff, 0xff, 0xff, 0xff, 0xff, 0xff, 0xff, 0xb8, /* 行30 */
    0xc4, 0xff, 0xff, 0xff, 0xff, 0xff, 0xff, 0xff, 0xff, 0xff, 0xff, 0xff, 0xff, 0xff, 0xff, 0xff, 0xff, 0xff, 0xb8, /* 行31 */
};

/* 字符  31: US   */
/*
 * ████████████████████████████████████▓▓
 * ████████████████████████████████████▓▓
 * ████▓▓▒▒▒▒▒▒▒▒▒▒▒▒▒▒▒▒▒▒▒▒▒▒▒▒▒▒▓▓██▓▓
 * ████▓▓                          ▓▓██▓▓
 * ████▓▓                          ▓▓██▓▓
 * ████▓▓                          ▓▓██▓▓
 * ████▓▓                          ▓▓██▓▓
 * ████▓▓                          ▓▓██▓▓
 * ████▓▓                          ▓▓██▓▓
 * ████▓▓                          ▓▓██▓▓
 * ████▓▓                          ▓▓██▓▓
 * ████▓▓                          ▓▓██▓▓
 * ████▓▓                          ▓▓██▓▓
 * ████▓▓                          ▓▓██▓▓
 * ████▓▓                          ▓▓██▓▓
 * ████▓▓                          ▓▓██▓▓
 * ████▓▓                          ▓▓██▓▓
 * ████▓▓                          ▓▓██▓▓
 * ████▓▓                          ▓▓██▓▓
 * ████▓▓                          ▓▓██▓▓
 * ████▓▓                          ▓▓██▓▓
 * ████▓▓                          ▓▓██▓▓
 * ████▓▓                          ▓▓██▓▓
 * ████▓▓                          ▓▓██▓▓
 * ████▓▓                          ▓▓██▓▓
 * ████▓▓                          ▓▓██▓▓
 * ████▓▓                          ▓▓██▓▓
 * ████▓▓                          ▓▓██▓▓
 * ████▓▓                          ▓▓██▓▓
 * ████▓▓▒▒▒▒▒▒▒▒▒▒▒▒▒▒▒▒▒▒▒▒▒▒▒▒▒▒▓▓██▓▓
 * ████████████████████████████████████▓▓
 * ████████████████████████████████████▓▓
 */
static const unsigned char open_sans_45px_char_031_bitmap[] = {
    0xc4, 0xff, 0xff, 0xff, 0xff, 0xff, 0xff, 0xff, 0xff, 0xff, 0xff, 0xff, 0xff, 0xff, 0xff, 0xff, 0xff, 0xff, 0xb8, /* 行 0 */
    0xc4, 0xff, 0xff, 0xff, 0xff, 0xff, 0xff, 0xff, 0xff, 0xff, 0xff, 0xff, 0xff, 0xff, 0xff, 0xff, 0xff, 0xff, 0xb8, /* 行 1 */
    0xc4, 0xff, 0xa9, 0x48, 0x48, 0x48, 0x48, 0x48, 0x48, 0x48, 0x48, 0x48, 0x48, 0x48, 0x48, 0x48, 0xaf, 0xff, 0xb8, /* 行 2 */
    0xc4, 0xff, 0x88, 0x00, 0x00, 0x00, 0x00, 0x00, 0x00, 0x00, 0x00, 0x00, 0x00, 0x00, 0x00, 0x00, 0x90, 0xff, 0xb8, /* 行 3 */
    0xc4, 0xff, 0x88, 0x00, 0x00, 0x00, 0x00, 0x00, 0x00, 0x00, 0x00, 0x00, 0x00, 0x00, 0x00, 0x00, 0x90, 0xff, 0xb8, /* 行 4 */
    0xc4, 0xff, 0x88, 0x00, 0x00, 0x00, 0x00, 0x00, 0x00, 0x00, 0x00, 0x00, 0x00, 0x00, 0x00, 0x00, 0x90, 0xff, 0xb8, /* 行 5 */
    0xc4, 0xff, 0x88, 0x00, 0x00, 0x00, 0x00, 0x00, 0x00, 0x00, 0x00, 0x00, 0x00, 0x00, 0x00, 0x00, 0x90, 0xff, 0xb8, /* 行 6 */
    0xc4, 0xff, 0x88, 0x00, 0x00, 0x00, 0x00, 0x00, 0x00, 0x00, 0x00, 0x00, 0x00, 0x00, 0x00, 0x00, 0x90, 0xff, 0xb8, /* 行 7 */
    0xc4, 0xff, 0x88, 0x00, 0x00, 0x00, 0x00, 0x00, 0x00, 0x00, 0x00, 0x00, 0x00, 0x00, 0x00, 0x00, 0x90, 0xff, 0xb8, /* 行 8 */
    0xc4, 0xff, 0x88, 0x00, 0x00, 0x00, 0x00, 0x00, 0x00, 0x00, 0x00, 0x00, 0x00, 0x00, 0x00, 0x00, 0x90, 0xff, 0xb8, /* 行 9 */
    0xc4, 0xff, 0x88, 0x00, 0x00, 0x00, 0x00, 0x00, 0x00, 0x00, 0x00, 0x00, 0x00, 0x00, 0x00, 0x00, 0x90, 0xff, 0xb8, /* 行10 */
    0xc4, 0xff, 0x88, 0x00, 0x00, 0x00, 0x00, 0x00, 0x00, 0x00, 0x00, 0x00, 0x00, 0x00, 0x00, 0x00, 0x90, 0xff, 0xb8, /* 行11 */
    0xc4, 0xff, 0x88, 0x00, 0x00, 0x00, 0x00, 0x00, 0x00, 0x00, 0x00, 0x00, 0x00, 0x00, 0x00, 0x00, 0x90, 0xff, 0xb8, /* 行12 */
    0xc4, 0xff, 0x88, 0x00, 0x00, 0x00, 0x00, 0x00, 0x00, 0x00, 0x00, 0x00, 0x00, 0x00, 0x00, 0x00, 0x90, 0xff, 0xb8, /* 行13 */
    0xc4, 0xff, 0x88, 0x00, 0x00, 0x00, 0x00, 0x00, 0x00, 0x00, 0x00, 0x00, 0x00, 0x00, 0x00, 0x00, 0x90, 0xff, 0xb8, /* 行14 */
    0xc4, 0xff, 0x88, 0x00, 0x00, 0x00, 0x00, 0x00, 0x00, 0x00, 0x00, 0x00, 0x00, 0x00, 0x00, 0x00, 0x90, 0xff, 0xb8, /* 行15 */
    0xc4, 0xff, 0x88, 0x00, 0x00, 0x00, 0x00, 0x00, 0x00, 0x00, 0x00, 0x00, 0x00, 0x00, 0x00, 0x00, 0x90, 0xff, 0xb8, /* 行16 */
    0xc4, 0xff, 0x88, 0x00, 0x00, 0x00, 0x00, 0x00, 0x00, 0x00, 0x00, 0x00, 0x00, 0x00, 0x00, 0x00, 0x90, 0xff, 0xb8, /* 行17 */
    0xc4, 0xff, 0x88, 0x00, 0x00, 0x00, 0x00, 0x00, 0x00, 0x00, 0x00, 0x00, 0x00, 0x00, 0x00, 0x00, 0x90, 0xff, 0xb8, /* 行18 */
    0xc4, 0xff, 0x88, 0x00, 0x00, 0x00, 0x00, 0x00, 0x00, 0x00, 0x00, 0x00, 0x00, 0x00, 0x00, 0x00, 0x90, 0xff, 0xb8, /* 行19 */
    0xc4, 0xff, 0x88, 0x00, 0x00, 0x00, 0x00, 0x00, 0x00, 0x00, 0x00, 0x00, 0x00, 0x00, 0x00, 0x00, 0x90, 0xff, 0xb8, /* 行20 */
    0xc4, 0xff, 0x88, 0x00, 0x00, 0x00, 0x00, 0x00, 0x00, 0x00, 0x00, 0x00, 0x00, 0x00, 0x00, 0x00, 0x90, 0xff, 0xb8, /* 行21 */
    0xc4, 0xff, 0x88, 0x00, 0x00, 0x00, 0x00, 0x00, 0x00, 0x00, 0x00, 0x00, 0x00, 0x00, 0x00, 0x00, 0x90, 0xff, 0xb8, /* 行22 */
    0xc4, 0xff, 0x88, 0x00, 0x00, 0x00, 0x00, 0x00, 0x00, 0x00, 0x00, 0x00, 0x00, 0x00, 0x00, 0x00, 0x90, 0xff, 0xb8, /* 行23 */
    0xc4, 0xff, 0x88, 0x00, 0x00, 0x00, 0x00, 0x00, 0x00, 0x00, 0x00, 0x00, 0x00, 0x00, 0x00, 0x00, 0x90, 0xff, 0xb8, /* 行24 */
    0xc4, 0xff, 0x88, 0x00, 0x00, 0x00, 0x00, 0x00, 0x00, 0x00, 0x00, 0x00, 0x00, 0x00, 0x00, 0x00, 0x90, 0xff, 0xb8, /* 行25 */
    0xc4, 0xff, 0x88, 0x00, 0x00, 0x00, 0x00, 0x00, 0x00, 0x00, 0x00, 0x00, 0x00, 0x00, 0x00, 0x00, 0x90, 0xff, 0xb8, /* 行26 */
    0xc4, 0xff, 0x88, 0x00, 0x00, 0x00, 0x00, 0x00, 0x00, 0x00, 0x00, 0x00, 0x00, 0x00, 0x00, 0x00, 0x90, 0xff, 0xb8, /* 行27 */
    0xc4, 0xff, 0x88, 0x00, 0x00, 0x00, 0x00, 0x00, 0x00, 0x00, 0x00, 0x00, 0x00, 0x00, 0x00, 0x00, 0x90, 0xff, 0xb8, /* 行28 */
    0xc4, 0xff, 0xa9, 0x48, 0x48, 0x48, 0x48, 0x48, 0x48, 0x48, 0x48, 0x48, 0x48, 0x48, 0x48, 0x48, 0xaf, 0xff, 0xb8, /* 行29 */
    0xc4, 0xff, 0xff, 0xff, 0xff, 0xff, 0xff, 0xff, 0xff, 0xff, 0xff, 0xff, 0xff, 0xff, 0xff, 0xff, 0xff, 0xff, 0xb8, /* 行30 */
    0xc4, 0xff, 0xff, 0xff, 0xff, 0xff, 0xff, 0xff, 0xff, 0xff, 0xff, 0xff, 0xff, 0xff, 0xff, 0xff, 0xff, 0xff, 0xb8, /* 行31 */
};

/* 字符  33: !    */
/*
 * ░░████████▒▒
 * ░░████████░░
 * ░░████████░░
 * ░░████████░░
 * ░░████████░░
 * ░░████████░░
 *   ████████  
 *   ████████  
 *   ████████  
 *   ████████  
 *   ████████  
 *   ▓▓████▓▓  
 *   ▓▓████▓▓  
 *   ▓▓████▓▓  
 *   ▓▓████▓▓  
 *   ▓▓████▓▓  
 *   ▒▒████▒▒  
 *   ▒▒████▒▒  
 *   ▒▒████▒▒  
 *   ▒▒████▒▒  
 *   ▒▒████▒▒  
 *   ░░████░░  
 *   ░░████░░  
 *             
 *             
 *             
 * ░░▓▓████▒▒  
 * ▒▒████████▒▒
 * ▓▓████████▓▓
 * ▓▓████████▓▓
 * ▒▒████████▒▒
 * ░░▓▓████▓▓  
 */
static const unsigned char open_sans_45px_char_033_bitmap[] = {
    0x3e, 0xff, 0xff, 0xff, 0xff, 0x41, /* 行 0 */
    0x31, 0xff, 0xff, 0xff, 0xff, 0x34, /* 行 1 */
    0x25, 0xff, 0xff, 0xff, 0xff, 0x28, /* 行 2 */
    0x18, 0xff, 0xff, 0xff, 0xff, 0x1b, /* 行 3 */
    0x0c, 0xff, 0xff, 0xff, 0xff, 0x0f, /* 行 4 */
    0x01, 0xfe, 0xff, 0xff, 0xff, 0x03, /* 行 5 */
    0x00, 0xf3, 0xff, 0xff, 0xf6, 0x00, /* 行 6 */
    0x00, 0xe6, 0xff, 0xff, 0xe9, 0x00, /* 行 7 */
    0x00, 0xda, 0xff, 0xff, 0xdd, 0x00, /* 行 8 */
    0x00, 0xcd, 0xff, 0xff, 0xd0, 0x00, /* 行 9 */
    0x00, 0xc1, 0xff, 0xff, 0xc4, 0x00, /* 行10 */
    0x00, 0xb4, 0xff, 0xff, 0xb7, 0x00, /* 行11 */
    0x00, 0xa8, 0xff, 0xff, 0xab, 0x00, /* 行12 */
    0x00, 0x9b, 0xff, 0xff, 0x9e, 0x00, /* 行13 */
    0x00, 0x8f, 0xff, 0xff, 0x92, 0x00, /* 行14 */
    0x00, 0x82, 0xff, 0xff, 0x85, 0x00, /* 行15 */
    0x00, 0x76, 0xff, 0xff, 0x79, 0x00, /* 行16 */
    0x00, 0x69, 0xff, 0xff, 0x6c, 0x00, /* 行17 */
    0x00, 0x5d, 0xff, 0xff, 0x60, 0x00, /* 行18 */
    0x00, 0x50, 0xff, 0xff, 0x53, 0x00, /* 行19 */
    0x00, 0x44, 0xff, 0xff, 0x47, 0x00, /* 行20 */
    0x00, 0x37, 0xff, 0xff, 0x3a, 0x00, /* 行21 */
    0x00, 0x2a, 0xff, 0xff, 0x2e, 0x00, /* 行22 */
    0x00, 0x00, 0x00, 0x00, 0x00, 0x00, /* 行23 */
    0x00, 0x00, 0x00, 0x00, 0x00, 0x00, /* 行24 */
    0x00, 0x00, 0x00, 0x00, 0x00, 0x00, /* 行25 */
    0x02, 0x89, 0xdf, 0xdd, 0x7b, 0x00, /* 行26 */
    0x5b, 0xff, 0xff, 0xff, 0xff, 0x4f, /* 行27 */
    0x97, 0xff, 0xff, 0xff, 0xff, 0x90, /* 行28 */
    0x97, 0xff, 0xff, 0xff, 0xff, 0x93, /* 行29 */
    0x5d, 0xff, 0xff, 0xff, 0xff, 0x53, /* 行30 */
    0x02, 0x8d, 0xeb, 0xe9, 0x85, 0x00, /* 行31 */
};

/* 字符  34: "    */
/*
 * ░░████████        ████████░░
 *   ████████        ████████░░
 *   ████████        ████████  
 *   ████████        ▓▓██████  
 *   ▓▓████▓▓        ▓▓██████  
 *   ▓▓████▓▓        ▓▓████▓▓  
 *   ▓▓████▓▓        ▒▒████▓▓  
 *   ▓▓████▒▒        ▒▒████▓▓  
 *   ▒▒████▒▒        ▒▒████▒▒  
 *   ▒▒████▒▒        ▒▒████▒▒  
 *   ▒▒████░░        ░░████▒▒  
 *   ░░████░░        ░░████▒▒  
 */
static const unsigned char open_sans_45px_char_034_bitmap[] = {
    0x0b, 0xff, 0xff, 0xff, 0xfa, 0x00, 0x00, 0x00, 0x00, 0xef, 0xff, 0xff, 0xff, 0x15, /* 行 0 */
    0x00, 0xf7, 0xff, 0xff, 0xe7, 0x00, 0x00, 0x00, 0x00, 0xdb, 0xff, 0xff, 0xfe, 0x03, /* 行 1 */
    0x00, 0xe4, 0xff, 0xff, 0xd4, 0x00, 0x00, 0x00, 0x00, 0xc8, 0xff, 0xff, 0xef, 0x00, /* 行 2 */
    0x00, 0xd1, 0xff, 0xff, 0xc2, 0x00, 0x00, 0x00, 0x00, 0xb5, 0xff, 0xff, 0xdb, 0x00, /* 行 3 */
    0x00, 0xbd, 0xff, 0xff, 0xaf, 0x00, 0x00, 0x00, 0x00, 0xa1, 0xff, 0xff, 0xc8, 0x00, /* 行 4 */
    0x00, 0xaa, 0xff, 0xff, 0x9c, 0x00, 0x00, 0x00, 0x00, 0x8e, 0xff, 0xff, 0xb5, 0x00, /* 行 5 */
    0x00, 0x97, 0xff, 0xff, 0x8a, 0x00, 0x00, 0x00, 0x00, 0x7b, 0xff, 0xff, 0xa1, 0x00, /* 行 6 */
    0x00, 0x83, 0xff, 0xff, 0x77, 0x00, 0x00, 0x00, 0x00, 0x67, 0xff, 0xff, 0x8e, 0x00, /* 行 7 */
    0x00, 0x70, 0xff, 0xff, 0x64, 0x00, 0x00, 0x00, 0x00, 0x54, 0xff, 0xff, 0x7b, 0x00, /* 行 8 */
    0x00, 0x5d, 0xff, 0xff, 0x52, 0x00, 0x00, 0x00, 0x00, 0x41, 0xff, 0xff, 0x67, 0x00, /* 行 9 */
    0x00, 0x49, 0xff, 0xff, 0x3f, 0x00, 0x00, 0x00, 0x00, 0x2d, 0xff, 0xff, 0x54, 0x00, /* 行10 */
    0x00, 0x36, 0xff, 0xff, 0x2d, 0x00, 0x00, 0x00, 0x00, 0x1a, 0xff, 0xff, 0x41, 0x00, /* 行11 */
};

/* 字符  35: #    */
/*
 *                     ██████░░          ░░██████        
 *                   ░░██████░░          ▒▒████▓▓        
 *                   ▒▒██████            ▒▒████▒▒        
 *                   ▒▒████▓▓            ▓▓████▒▒        
 *                   ▓▓████▒▒            ██████░░        
 *                   ██████▒▒          ░░██████          
 *                 ░░██████░░          ░░██████          
 *                 ░░██████            ▒▒████▓▓          
 *                 ▒▒████▓▓            ▓▓████▒▒          
 *                 ▓▓████▓▓            ██████░░          
 *   ░░██████████████████████████████████████████████████
 *   ░░██████████████████████████████████████████████████
 *   ░░████████████████████████████████████████████████▓▓
 *               ░░████▓▓            ▓▓████▒▒            
 *               ▒▒████▓▓            ██████░░            
 *               ▓▓████▒▒          ░░██████░░            
 *               ██████░░          ░░██████              
 *             ░░██████░░          ▒▒████▓▓              
 *             ▒▒████▓▓            ▓▓████▒▒              
 *             ▒▒████▓▓            ██████░░              
 * ██████████████████████████████████████████████████▒▒  
 * ██████████████████████████████████████████████████▒▒  
 * ▓▓████████████████████████████████████████████████▒▒  
 *           ▒▒██████            ▓▓████▒▒                
 *           ▒▒████▓▓            ██████░░                
 *           ▓▓████▒▒          ░░██████░░                
 *           ██████░░          ░░██████                  
 *         ░░██████░░          ▒▒████▓▓                  
 *         ░░██████            ▓▓████▒▒                  
 *         ▒▒████▓▓            ██████░░                  
 *         ▓▓████▒▒          ░░██████░░                  
 *         ██████░░          ░░██████                    
 */
static const unsigned char open_sans_45px_char_035_bitmap[] = {
    0x00, 0x00, 0x00, 0x00, 0x00, 0x00, 0x00, 0x00, 0x00, 0x00, 0xe4, 0xff, 0xff, 0x2c, 0x00, 0x00, 0x00, 0x00, 0x00, 0x17, 0xff, 0xff, 0xdb, 0x00, 0x00, 0x00, 0x00, /* 行 0 */
    0x00, 0x00, 0x00, 0x00, 0x00, 0x00, 0x00, 0x00, 0x00, 0x11, 0xff, 0xff, 0xf9, 0x04, 0x00, 0x00, 0x00, 0x00, 0x00, 0x47, 0xff, 0xff, 0xac, 0x00, 0x00, 0x00, 0x00, /* 行 1 */
    0x00, 0x00, 0x00, 0x00, 0x00, 0x00, 0x00, 0x00, 0x00, 0x40, 0xff, 0xff, 0xcf, 0x00, 0x00, 0x00, 0x00, 0x00, 0x00, 0x76, 0xff, 0xff, 0x7d, 0x00, 0x00, 0x00, 0x00, /* 行 2 */
    0x00, 0x00, 0x00, 0x00, 0x00, 0x00, 0x00, 0x00, 0x00, 0x6e, 0xff, 0xff, 0xa1, 0x00, 0x00, 0x00, 0x00, 0x00, 0x00, 0xa5, 0xff, 0xff, 0x4e, 0x00, 0x00, 0x00, 0x00, /* 行 3 */
    0x00, 0x00, 0x00, 0x00, 0x00, 0x00, 0x00, 0x00, 0x00, 0x9c, 0xff, 0xff, 0x72, 0x00, 0x00, 0x00, 0x00, 0x00, 0x00, 0xd5, 0xff, 0xff, 0x1f, 0x00, 0x00, 0x00, 0x00, /* 行 4 */
    0x00, 0x00, 0x00, 0x00, 0x00, 0x00, 0x00, 0x00, 0x00, 0xca, 0xff, 0xff, 0x44, 0x00, 0x00, 0x00, 0x00, 0x00, 0x08, 0xfb, 0xff, 0xef, 0x00, 0x00, 0x00, 0x00, 0x00, /* 行 5 */
    0x00, 0x00, 0x00, 0x00, 0x00, 0x00, 0x00, 0x00, 0x02, 0xf5, 0xff, 0xff, 0x16, 0x00, 0x00, 0x00, 0x00, 0x00, 0x33, 0xff, 0xff, 0xc0, 0x00, 0x00, 0x00, 0x00, 0x00, /* 行 6 */
    0x00, 0x00, 0x00, 0x00, 0x00, 0x00, 0x00, 0x00, 0x26, 0xff, 0xff, 0xe7, 0x00, 0x00, 0x00, 0x00, 0x00, 0x00, 0x62, 0xff, 0xff, 0x91, 0x00, 0x00, 0x00, 0x00, 0x00, /* 行 7 */
    0x00, 0x00, 0x00, 0x00, 0x00, 0x00, 0x00, 0x00, 0x54, 0xff, 0xff, 0xb9, 0x00, 0x00, 0x00, 0x00, 0x00, 0x00, 0x91, 0xff, 0xff, 0x62, 0x00, 0x00, 0x00, 0x00, 0x00, /* 行 8 */
    0x00, 0x00, 0x00, 0x00, 0x00, 0x00, 0x00, 0x00, 0x81, 0xff, 0xff, 0x8b, 0x00, 0x00, 0x00, 0x00, 0x00, 0x00, 0xc0, 0xff, 0xff, 0x33, 0x00, 0x00, 0x00, 0x00, 0x00, /* 行 9 */
    0x00, 0x2c, 0xff, 0xff, 0xff, 0xff, 0xff, 0xff, 0xff, 0xff, 0xff, 0xff, 0xff, 0xff, 0xff, 0xff, 0xff, 0xff, 0xff, 0xff, 0xff, 0xff, 0xff, 0xff, 0xff, 0xff, 0xe8, /* 行10 */
    0x00, 0x2c, 0xff, 0xff, 0xff, 0xff, 0xff, 0xff, 0xff, 0xff, 0xff, 0xff, 0xff, 0xff, 0xff, 0xff, 0xff, 0xff, 0xff, 0xff, 0xff, 0xff, 0xff, 0xff, 0xff, 0xff, 0xe8, /* 行11 */
    0x00, 0x23, 0xcc, 0xcc, 0xcc, 0xcc, 0xcc, 0xd1, 0xff, 0xff, 0xf9, 0xcc, 0xcc, 0xcc, 0xcc, 0xcc, 0xcc, 0xe4, 0xff, 0xff, 0xe8, 0xcc, 0xcc, 0xcc, 0xcc, 0xcc, 0xb8, /* 行12 */
    0x00, 0x00, 0x00, 0x00, 0x00, 0x00, 0x00, 0x3a, 0xff, 0xff, 0xbf, 0x00, 0x00, 0x00, 0x00, 0x00, 0x00, 0x99, 0xff, 0xff, 0x6b, 0x00, 0x00, 0x00, 0x00, 0x00, 0x00, /* 行13 */
    0x00, 0x00, 0x00, 0x00, 0x00, 0x00, 0x00, 0x6f, 0xff, 0xff, 0x8b, 0x00, 0x00, 0x00, 0x00, 0x00, 0x00, 0xcc, 0xff, 0xff, 0x37, 0x00, 0x00, 0x00, 0x00, 0x00, 0x00, /* 行14 */
    0x00, 0x00, 0x00, 0x00, 0x00, 0x00, 0x00, 0xa4, 0xff, 0xff, 0x58, 0x00, 0x00, 0x00, 0x00, 0x00, 0x06, 0xf9, 0xff, 0xfb, 0x08, 0x00, 0x00, 0x00, 0x00, 0x00, 0x00, /* 行15 */
    0x00, 0x00, 0x00, 0x00, 0x00, 0x00, 0x00, 0xda, 0xff, 0xff, 0x24, 0x00, 0x00, 0x00, 0x00, 0x00, 0x34, 0xff, 0xff, 0xd0, 0x00, 0x00, 0x00, 0x00, 0x00, 0x00, 0x00, /* 行16 */
    0x00, 0x00, 0x00, 0x00, 0x00, 0x00, 0x10, 0xfe, 0xff, 0xef, 0x01, 0x00, 0x00, 0x00, 0x00, 0x00, 0x67, 0xff, 0xff, 0x9c, 0x00, 0x00, 0x00, 0x00, 0x00, 0x00, 0x00, /* 行17 */
    0x00, 0x00, 0x00, 0x00, 0x00, 0x00, 0x44, 0xff, 0xff, 0xbd, 0x00, 0x00, 0x00, 0x00, 0x00, 0x00, 0x9b, 0xff, 0xff, 0x69, 0x00, 0x00, 0x00, 0x00, 0x00, 0x00, 0x00, /* 行18 */
    0x00, 0x00, 0x00, 0x00, 0x00, 0x00, 0x79, 0xff, 0xff, 0x89, 0x00, 0x00, 0x00, 0x00, 0x00, 0x00, 0xce, 0xff, 0xff, 0x35, 0x00, 0x00, 0x00, 0x00, 0x00, 0x00, 0x00, /* 行19 */
    0xe0, 0xff, 0xff, 0xff, 0xff, 0xff, 0xff, 0xff, 0xff, 0xff, 0xff, 0xff, 0xff, 0xff, 0xff, 0xff, 0xff, 0xff, 0xff, 0xff, 0xff, 0xff, 0xff, 0xff, 0xff, 0x54, 0x00, /* 行20 */
    0xe0, 0xff, 0xff, 0xff, 0xff, 0xff, 0xff, 0xff, 0xff, 0xff, 0xff, 0xff, 0xff, 0xff, 0xff, 0xff, 0xff, 0xff, 0xff, 0xff, 0xff, 0xff, 0xff, 0xff, 0xff, 0x54, 0x00, /* 行21 */
    0xb9, 0xd4, 0xd4, 0xd4, 0xd4, 0xda, 0xff, 0xff, 0xfb, 0xd4, 0xd4, 0xd4, 0xd4, 0xd4, 0xd4, 0xe8, 0xff, 0xff, 0xec, 0xd4, 0xd4, 0xd4, 0xd4, 0xd4, 0xd4, 0x45, 0x00, /* 行22 */
    0x00, 0x00, 0x00, 0x00, 0x00, 0x41, 0xff, 0xff, 0xc6, 0x00, 0x00, 0x00, 0x00, 0x00, 0x00, 0x93, 0xff, 0xff, 0x71, 0x00, 0x00, 0x00, 0x00, 0x00, 0x00, 0x00, 0x00, /* 行23 */
    0x00, 0x00, 0x00, 0x00, 0x00, 0x72, 0xff, 0xff, 0x94, 0x00, 0x00, 0x00, 0x00, 0x00, 0x00, 0xc6, 0xff, 0xff, 0x3d, 0x00, 0x00, 0x00, 0x00, 0x00, 0x00, 0x00, 0x00, /* 行24 */
    0x00, 0x00, 0x00, 0x00, 0x00, 0xa3, 0xff, 0xff, 0x61, 0x00, 0x00, 0x00, 0x00, 0x00, 0x03, 0xf5, 0xff, 0xfd, 0x0c, 0x00, 0x00, 0x00, 0x00, 0x00, 0x00, 0x00, 0x00, /* 行25 */
    0x00, 0x00, 0x00, 0x00, 0x00, 0xd3, 0xff, 0xff, 0x2f, 0x00, 0x00, 0x00, 0x00, 0x00, 0x2d, 0xff, 0xff, 0xd6, 0x00, 0x00, 0x00, 0x00, 0x00, 0x00, 0x00, 0x00, 0x00, /* 行26 */
    0x00, 0x00, 0x00, 0x00, 0x08, 0xfb, 0xff, 0xf8, 0x05, 0x00, 0x00, 0x00, 0x00, 0x00, 0x61, 0xff, 0xff, 0xa3, 0x00, 0x00, 0x00, 0x00, 0x00, 0x00, 0x00, 0x00, 0x00, /* 行27 */
    0x00, 0x00, 0x00, 0x00, 0x35, 0xff, 0xff, 0xcb, 0x00, 0x00, 0x00, 0x00, 0x00, 0x00, 0x94, 0xff, 0xff, 0x6f, 0x00, 0x00, 0x00, 0x00, 0x00, 0x00, 0x00, 0x00, 0x00, /* 行28 */
    0x00, 0x00, 0x00, 0x00, 0x66, 0xff, 0xff, 0x99, 0x00, 0x00, 0x00, 0x00, 0x00, 0x00, 0xc8, 0xff, 0xff, 0x3c, 0x00, 0x00, 0x00, 0x00, 0x00, 0x00, 0x00, 0x00, 0x00, /* 行29 */
    0x00, 0x00, 0x00, 0x00, 0x97, 0xff, 0xff, 0x67, 0x00, 0x00, 0x00, 0x00, 0x00, 0x04, 0xf6, 0xff, 0xfd, 0x0b, 0x00, 0x00, 0x00, 0x00, 0x00, 0x00, 0x00, 0x00, 0x00, /* 行30 */
    0x00, 0x00, 0x00, 0x00, 0xc8, 0xff, 0xff, 0x35, 0x00, 0x00, 0x00, 0x00, 0x00, 0x2e, 0xff, 0xff, 0xd5, 0x00, 0x00, 0x00, 0x00, 0x00, 0x00, 0x00, 0x00, 0x00, 0x00, /* 行31 */
};

/* 字符  36: $    */
/*
 *                   ▓▓████▒▒                
 *                   ▓▓████▒▒                
 *                   ▓▓████▒▒                
 *                   ▓▓████▒▒                
 *           ░░▒▒▓▓██████████████▓▓▓▓▒▒░░    
 *       ░░▒▒████████████████████████████▓▓░░
 *     ░░▓▓██████████████████████████████▓▓  
 *     ▓▓████████▓▓░░▓▓████▒▒░░░░▒▒▓▓████▒▒  
 *   ░░████████░░    ▓▓████▒▒        ░░▒▒░░  
 *   ▓▓██████▒▒      ▓▓████▒▒                
 *   ▓▓██████░░      ▓▓████▒▒                
 *   ▓▓██████░░      ▓▓████▒▒                
 *   ▓▓██████▒▒      ▓▓████▒▒                
 *   ▒▒████████░░    ▓▓████▒▒                
 *   ░░██████████▒▒  ▓▓████▒▒                
 *     ░░██████████████████▒▒                
 *       ░░████████████████▓▓░░              
 *         ░░▓▓████████████████▓▓▒▒          
 *             ░░▓▓██████████████████░░      
 *                 ░░▓▓████████████████▒▒    
 *                   ▓▓████▒▒▓▓██████████▒▒  
 *                   ▓▓████▒▒  ░░▓▓████████░░
 *                   ▓▓████▒▒      ▓▓██████▒▒
 *                   ▓▓████▒▒      ░░██████▓▓
 *                   ▓▓████▒▒      ░░██████▓▓
 *                   ▓▓████▒▒      ░░██████▓▓
 *                   ▓▓████▒▒      ▒▒██████▒▒
 * ░░▓▓▒▒░░          ▓▓████▒▒    ▒▒████████░░
 * ░░██████▓▓▒▒▒▒░░░░▓▓████▒▒▓▓██████████▒▒  
 * ░░██████████████████████████████████▒▒    
 * ░░██████████████████████████████▓▓░░      
 *     ░░▒▒▓▓▓▓██████████████▓▓▒▒░░          
 *                   ▓▓████▒▒                
 *                   ▓▓████▒▒                
 *                   ▓▓████▒▒                
 *                   ▓▓████▒▒                
 *                   ▓▓████▒▒                
 */
static const unsigned char open_sans_45px_char_036_bitmap[] = {
    0x00, 0x00, 0x00, 0x00, 0x00, 0x00, 0x00, 0x00, 0x00, 0x94, 0xff, 0xff, 0x44, 0x00, 0x00, 0x00, 0x00, 0x00, 0x00, 0x00, 0x00, /* 行 0 */
    0x00, 0x00, 0x00, 0x00, 0x00, 0x00, 0x00, 0x00, 0x00, 0x94, 0xff, 0xff, 0x44, 0x00, 0x00, 0x00, 0x00, 0x00, 0x00, 0x00, 0x00, /* 行 1 */
    0x00, 0x00, 0x00, 0x00, 0x00, 0x00, 0x00, 0x00, 0x00, 0x94, 0xff, 0xff, 0x44, 0x00, 0x00, 0x00, 0x00, 0x00, 0x00, 0x00, 0x00, /* 行 2 */
    0x00, 0x00, 0x00, 0x00, 0x00, 0x00, 0x00, 0x00, 0x00, 0x94, 0xff, 0xff, 0x47, 0x00, 0x00, 0x00, 0x00, 0x00, 0x00, 0x00, 0x00, /* 行 3 */
    0x00, 0x00, 0x00, 0x00, 0x00, 0x09, 0x5b, 0xa6, 0xd8, 0xfc, 0xff, 0xff, 0xff, 0xf4, 0xdc, 0xb3, 0x83, 0x42, 0x07, 0x00, 0x00, /* 行 4 */
    0x00, 0x00, 0x00, 0x01, 0x6b, 0xea, 0xff, 0xff, 0xff, 0xff, 0xff, 0xff, 0xff, 0xff, 0xff, 0xff, 0xff, 0xff, 0xf0, 0x9a, 0x01, /* 行 5 */
    0x00, 0x00, 0x06, 0xb0, 0xff, 0xff, 0xff, 0xff, 0xff, 0xff, 0xff, 0xff, 0xf8, 0xff, 0xff, 0xff, 0xff, 0xff, 0xff, 0xb2, 0x00, /* 行 6 */
    0x00, 0x00, 0x9a, 0xff, 0xff, 0xff, 0xf5, 0x8e, 0x36, 0x99, 0xff, 0xff, 0x44, 0x0e, 0x36, 0x68, 0xaa, 0xee, 0xff, 0x4c, 0x00, /* 行 7 */
    0x00, 0x2e, 0xfe, 0xff, 0xff, 0xe6, 0x28, 0x00, 0x00, 0x94, 0xff, 0xff, 0x44, 0x00, 0x00, 0x00, 0x00, 0x05, 0x4b, 0x03, 0x00, /* 行 8 */
    0x00, 0x82, 0xff, 0xff, 0xff, 0x57, 0x00, 0x00, 0x00, 0x94, 0xff, 0xff, 0x44, 0x00, 0x00, 0x00, 0x00, 0x00, 0x00, 0x00, 0x00, /* 行 9 */
    0x00, 0xa7, 0xff, 0xff, 0xff, 0x0f, 0x00, 0x00, 0x00, 0x94, 0xff, 0xff, 0x44, 0x00, 0x00, 0x00, 0x00, 0x00, 0x00, 0x00, 0x00, /* 行10 */
    0x00, 0xaa, 0xff, 0xff, 0xff, 0x1a, 0x00, 0x00, 0x00, 0x94, 0xff, 0xff, 0x44, 0x00, 0x00, 0x00, 0x00, 0x00, 0x00, 0x00, 0x00, /* 行11 */
    0x00, 0x8d, 0xff, 0xff, 0xff, 0x54, 0x00, 0x00, 0x00, 0x94, 0xff, 0xff, 0x44, 0x00, 0x00, 0x00, 0x00, 0x00, 0x00, 0x00, 0x00, /* 行12 */
    0x00, 0x4b, 0xff, 0xff, 0xff, 0xdd, 0x11, 0x00, 0x00, 0x94, 0xff, 0xff, 0x44, 0x00, 0x00, 0x00, 0x00, 0x00, 0x00, 0x00, 0x00, /* 行13 */
    0x00, 0x03, 0xd9, 0xff, 0xff, 0xff, 0xdc, 0x49, 0x00, 0x94, 0xff, 0xff, 0x44, 0x00, 0x00, 0x00, 0x00, 0x00, 0x00, 0x00, 0x00, /* 行14 */
    0x00, 0x00, 0x38, 0xf9, 0xff, 0xff, 0xff, 0xff, 0xcc, 0xca, 0xff, 0xff, 0x44, 0x00, 0x00, 0x00, 0x00, 0x00, 0x00, 0x00, 0x00, /* 行15 */
    0x00, 0x00, 0x00, 0x3f, 0xeb, 0xff, 0xff, 0xff, 0xff, 0xff, 0xff, 0xff, 0x84, 0x11, 0x00, 0x00, 0x00, 0x00, 0x00, 0x00, 0x00, /* 行16 */
    0x00, 0x00, 0x00, 0x00, 0x13, 0x99, 0xfa, 0xff, 0xff, 0xff, 0xff, 0xff, 0xff, 0xfa, 0xad, 0x45, 0x00, 0x00, 0x00, 0x00, 0x00, /* 行17 */
    0x00, 0x00, 0x00, 0x00, 0x00, 0x00, 0x1b, 0x86, 0xe2, 0xff, 0xff, 0xff, 0xff, 0xff, 0xff, 0xff, 0xce, 0x3e, 0x00, 0x00, 0x00, /* 行18 */
    0x00, 0x00, 0x00, 0x00, 0x00, 0x00, 0x00, 0x00, 0x01, 0xa3, 0xff, 0xff, 0xff, 0xff, 0xff, 0xff, 0xff, 0xfd, 0x7f, 0x00, 0x00, /* 行19 */
    0x00, 0x00, 0x00, 0x00, 0x00, 0x00, 0x00, 0x00, 0x00, 0x94, 0xff, 0xff, 0x75, 0x9a, 0xf6, 0xff, 0xff, 0xff, 0xff, 0x78, 0x00, /* 行20 */
    0x00, 0x00, 0x00, 0x00, 0x00, 0x00, 0x00, 0x00, 0x00, 0x94, 0xff, 0xff, 0x44, 0x00, 0x18, 0xaa, 0xff, 0xff, 0xff, 0xfd, 0x20, /* 行21 */
    0x00, 0x00, 0x00, 0x00, 0x00, 0x00, 0x00, 0x00, 0x00, 0x94, 0xff, 0xff, 0x44, 0x00, 0x00, 0x00, 0xb0, 0xff, 0xff, 0xff, 0x7f, /* 行22 */
    0x00, 0x00, 0x00, 0x00, 0x00, 0x00, 0x00, 0x00, 0x00, 0x94, 0xff, 0xff, 0x44, 0x00, 0x00, 0x00, 0x2e, 0xff, 0xff, 0xff, 0xa9, /* 行23 */
    0x00, 0x00, 0x00, 0x00, 0x00, 0x00, 0x00, 0x00, 0x00, 0x94, 0xff, 0xff, 0x44, 0x00, 0x00, 0x00, 0x05, 0xfd, 0xff, 0xff, 0xbc, /* 行24 */
    0x00, 0x00, 0x00, 0x00, 0x00, 0x00, 0x00, 0x00, 0x00, 0x94, 0xff, 0xff, 0x44, 0x00, 0x00, 0x00, 0x13, 0xff, 0xff, 0xff, 0xa6, /* 行25 */
    0x00, 0x00, 0x00, 0x00, 0x00, 0x00, 0x00, 0x00, 0x00, 0x94, 0xff, 0xff, 0x44, 0x00, 0x00, 0x00, 0x73, 0xff, 0xff, 0xff, 0x67, /* 行26 */
    0x1b, 0xa3, 0x43, 0x04, 0x00, 0x00, 0x00, 0x00, 0x00, 0x94, 0xff, 0xff, 0x44, 0x00, 0x00, 0x60, 0xf9, 0xff, 0xff, 0xea, 0x10, /* 行27 */
    0x20, 0xff, 0xff, 0xf1, 0xb2, 0x79, 0x4d, 0x28, 0x16, 0x98, 0xff, 0xff, 0x7f, 0x80, 0xd4, 0xff, 0xff, 0xff, 0xfc, 0x50, 0x00, /* 行28 */
    0x20, 0xff, 0xff, 0xff, 0xff, 0xff, 0xff, 0xff, 0xff, 0xff, 0xff, 0xff, 0xff, 0xff, 0xff, 0xff, 0xff, 0xf1, 0x54, 0x00, 0x00, /* 行29 */
    0x12, 0xc7, 0xff, 0xff, 0xff, 0xff, 0xff, 0xff, 0xff, 0xff, 0xff, 0xff, 0xff, 0xff, 0xff, 0xf9, 0x9d, 0x1f, 0x00, 0x00, 0x00, /* 行30 */
    0x00, 0x00, 0x21, 0x5f, 0x95, 0xba, 0xd9, 0xec, 0xf7, 0xff, 0xff, 0xff, 0xcd, 0x94, 0x59, 0x0f, 0x00, 0x00, 0x00, 0x00, 0x00, /* 行31 */
    0x00, 0x00, 0x00, 0x00, 0x00, 0x00, 0x00, 0x00, 0x00, 0x94, 0xff, 0xff, 0x44, 0x00, 0x00, 0x00, 0x00, 0x00, 0x00, 0x00, 0x00, /* 行32 */
    0x00, 0x00, 0x00, 0x00, 0x00, 0x00, 0x00, 0x00, 0x00, 0x94, 0xff, 0xff, 0x44, 0x00, 0x00, 0x00, 0x00, 0x00, 0x00, 0x00, 0x00, /* 行33 */
    0x00, 0x00, 0x00, 0x00, 0x00, 0x00, 0x00, 0x00, 0x00, 0x94, 0xff, 0xff, 0x44, 0x00, 0x00, 0x00, 0x00, 0x00, 0x00, 0x00, 0x00, /* 行34 */
    0x00, 0x00, 0x00, 0x00, 0x00, 0x00, 0x00, 0x00, 0x00, 0x94, 0xff, 0xff, 0x44, 0x00, 0x00, 0x00, 0x00, 0x00, 0x00, 0x00, 0x00, /* 行35 */
    0x00, 0x00, 0x00, 0x00, 0x00, 0x00, 0x00, 0x00, 0x00, 0x94, 0xff, 0xff, 0x44, 0x00, 0x00, 0x00, 0x00, 0x00, 0x00, 0x00, 0x00, /* 行36 */
};

/* 字符  37: %    */
/*
 *       ░░▓▓██████▓▓▒▒                          ▒▒██████            
 *     ▒▒██████████████▓▓░░                    ░░██████░░            
 *   ░░████████▓▓▓▓██████▓▓                    ▓▓████▓▓              
 *   ▓▓████▓▓░░    ▒▒██████░░                ░░██████░░              
 * ░░██████░░        ▓▓████▓▓                ▓▓████▓▓                
 * ▒▒██████          ░░██████              ░░██████░░                
 * ▒▒████▓▓            ██████░░          ░░██████▒▒                  
 * ▓▓████▒▒            ██████░░          ▒▒██████░░                  
 * ▓▓████▒▒            ▓▓████▒▒        ░░██████▒▒                    
 * ▓▓████▒▒            ▓▓████▒▒        ▒▒██████                      
 * ▓▓████▒▒            ▓▓████▒▒      ░░██████░░                      
 * ▓▓████▒▒            ▓▓████▒▒      ▓▓████▓▓                        
 * ▓▓████▒▒            ██████░░    ░░██████░░  ░░▒▒████████▓▓░░      
 * ▒▒████▓▓            ██████░░    ▓▓████▓▓  ░░████████████████░░    
 * ░░██████          ░░██████    ░░██████░░  ▓▓████████▓▓████████░░  
 * ░░██████░░        ▓▓████▓▓  ░░██████▒▒  ░░██████░░    ░░██████▒▒  
 *   ▒▒██████░░    ▒▒██████░░  ▒▒██████░░  ▓▓████▒▒        ░░██████░░
 *   ░░████████▓▓████████▓▓  ░░██████▒▒    ██████░░          ██████░░
 *     ░░██████████████▓▓░░  ▒▒██████    ░░██████            ▓▓████▒▒
 *       ░░▓▓████████▒▒░░  ░░██████░░    ░░██████            ▒▒████▓▓
 *                         ▓▓████▓▓      ▒▒████▓▓            ▒▒████▓▓
 *                       ░░██████░░      ▒▒████▓▓            ▒▒████▓▓
 *                       ▓▓████▓▓        ▒▒████▓▓            ▒▒████▓▓
 *                     ▒▒██████░░        ▒▒████▓▓            ▒▒████▓▓
 *                   ░░██████▒▒          ░░██████            ▒▒████▓▓
 *                   ▒▒██████░░          ░░██████            ▓▓████▒▒
 *                 ░░██████▒▒              ██████░░          ██████░░
 *                 ▒▒██████                ▓▓████▒▒        ░░██████░░
 *               ░░██████░░                ░░██████░░    ░░██████▓▓  
 *               ▓▓████▓▓                    ▓▓██████▓▓▓▓████████░░  
 *             ░░██████░░                    ░░▓▓██████████████░░    
 *             ▓▓████▓▓                        ░░▒▒████████▓▓░░      
 */
static const unsigned char open_sans_45px_char_037_bitmap[] = {
    0x00, 0x00, 0x00, 0x1e, 0x91, 0xdb, 0xf7, 0xeb, 0xbd, 0x59, 0x00, 0x00, 0x00, 0x00, 0x00, 0x00, 0x00, 0x00, 0x00, 0x00, 0x00, 0x00, 0x00, 0x74, 0xff, 0xff, 0xc7, 0x00, 0x00, 0x00, 0x00, 0x00, 0x00, /* 行 0 */
    0x00, 0x00, 0x41, 0xf0, 0xff, 0xff, 0xff, 0xff, 0xff, 0xff, 0xab, 0x03, 0x00, 0x00, 0x00, 0x00, 0x00, 0x00, 0x00, 0x00, 0x00, 0x00, 0x12, 0xef, 0xff, 0xff, 0x3a, 0x00, 0x00, 0x00, 0x00, 0x00, 0x00, /* 行 1 */
    0x00, 0x1c, 0xee, 0xff, 0xff, 0xe5, 0xa7, 0xbc, 0xfd, 0xff, 0xff, 0x8d, 0x00, 0x00, 0x00, 0x00, 0x00, 0x00, 0x00, 0x00, 0x00, 0x00, 0x91, 0xff, 0xff, 0xab, 0x00, 0x00, 0x00, 0x00, 0x00, 0x00, 0x00, /* 行 2 */
    0x00, 0x97, 0xff, 0xff, 0xbc, 0x09, 0x00, 0x00, 0x40, 0xf8, 0xff, 0xfb, 0x25, 0x00, 0x00, 0x00, 0x00, 0x00, 0x00, 0x00, 0x00, 0x24, 0xfa, 0xff, 0xf9, 0x23, 0x00, 0x00, 0x00, 0x00, 0x00, 0x00, 0x00, /* 行 3 */
    0x06, 0xf3, 0xff, 0xfe, 0x22, 0x00, 0x00, 0x00, 0x00, 0x88, 0xff, 0xff, 0x8d, 0x00, 0x00, 0x00, 0x00, 0x00, 0x00, 0x00, 0x00, 0xae, 0xff, 0xff, 0x8e, 0x00, 0x00, 0x00, 0x00, 0x00, 0x00, 0x00, 0x00, /* 行 4 */
    0x44, 0xff, 0xff, 0xc7, 0x00, 0x00, 0x00, 0x00, 0x00, 0x25, 0xff, 0xff, 0xdd, 0x00, 0x00, 0x00, 0x00, 0x00, 0x00, 0x00, 0x3c, 0xff, 0xff, 0xee, 0x11, 0x00, 0x00, 0x00, 0x00, 0x00, 0x00, 0x00, 0x00, /* 行 5 */
    0x72, 0xff, 0xff, 0x90, 0x00, 0x00, 0x00, 0x00, 0x00, 0x00, 0xe8, 0xff, 0xff, 0x11, 0x00, 0x00, 0x00, 0x00, 0x00, 0x01, 0xc9, 0xff, 0xff, 0x71, 0x00, 0x00, 0x00, 0x00, 0x00, 0x00, 0x00, 0x00, 0x00, /* 行 6 */
    0x97, 0xff, 0xff, 0x6f, 0x00, 0x00, 0x00, 0x00, 0x00, 0x00, 0xc4, 0xff, 0xff, 0x39, 0x00, 0x00, 0x00, 0x00, 0x00, 0x59, 0xff, 0xff, 0xdc, 0x06, 0x00, 0x00, 0x00, 0x00, 0x00, 0x00, 0x00, 0x00, 0x00, /* 行 7 */
    0xa8, 0xff, 0xff, 0x5b, 0x00, 0x00, 0x00, 0x00, 0x00, 0x00, 0xad, 0xff, 0xff, 0x4d, 0x00, 0x00, 0x00, 0x00, 0x07, 0xdf, 0xff, 0xff, 0x54, 0x00, 0x00, 0x00, 0x00, 0x00, 0x00, 0x00, 0x00, 0x00, 0x00, /* 行 8 */
    0xb3, 0xff, 0xff, 0x53, 0x00, 0x00, 0x00, 0x00, 0x00, 0x00, 0xa4, 0xff, 0xff, 0x5a, 0x00, 0x00, 0x00, 0x00, 0x76, 0xff, 0xff, 0xc5, 0x00, 0x00, 0x00, 0x00, 0x00, 0x00, 0x00, 0x00, 0x00, 0x00, 0x00, /* 行 9 */
    0xb2, 0xff, 0xff, 0x53, 0x00, 0x00, 0x00, 0x00, 0x00, 0x00, 0xa5, 0xff, 0xff, 0x59, 0x00, 0x00, 0x00, 0x14, 0xf0, 0xff, 0xff, 0x38, 0x00, 0x00, 0x00, 0x00, 0x00, 0x00, 0x00, 0x00, 0x00, 0x00, 0x00, /* 行10 */
    0xa6, 0xff, 0xff, 0x5c, 0x00, 0x00, 0x00, 0x00, 0x00, 0x00, 0xae, 0xff, 0xff, 0x4d, 0x00, 0x00, 0x00, 0x93, 0xff, 0xff, 0xa8, 0x00, 0x00, 0x00, 0x00, 0x00, 0x00, 0x00, 0x00, 0x00, 0x00, 0x00, 0x00, /* 行11 */
    0x91, 0xff, 0xff, 0x72, 0x00, 0x00, 0x00, 0x00, 0x00, 0x00, 0xc6, 0xff, 0xff, 0x3b, 0x00, 0x00, 0x26, 0xfb, 0xff, 0xf9, 0x21, 0x00, 0x04, 0x6c, 0xc7, 0xee, 0xf4, 0xd3, 0x80, 0x0e, 0x00, 0x00, 0x00, /* 行12 */
    0x6a, 0xff, 0xff, 0x94, 0x00, 0x00, 0x00, 0x00, 0x00, 0x00, 0xeb, 0xff, 0xff, 0x14, 0x00, 0x00, 0xb0, 0xff, 0xff, 0x8b, 0x00, 0x0e, 0xc7, 0xff, 0xff, 0xff, 0xff, 0xff, 0xff, 0xdf, 0x25, 0x00, 0x00, /* 行13 */
    0x36, 0xff, 0xff, 0xcb, 0x00, 0x00, 0x00, 0x00, 0x00, 0x2a, 0xff, 0xff, 0xe3, 0x00, 0x00, 0x3e, 0xff, 0xff, 0xec, 0x10, 0x00, 0xae, 0xff, 0xff, 0xfc, 0xc0, 0xb5, 0xf1, 0xff, 0xff, 0xda, 0x0b, 0x00, /* 行14 */
    0x01, 0xe6, 0xff, 0xff, 0x28, 0x00, 0x00, 0x00, 0x00, 0x8f, 0xff, 0xff, 0x97, 0x00, 0x01, 0xcb, 0xff, 0xff, 0x6e, 0x00, 0x3b, 0xff, 0xff, 0xf1, 0x34, 0x00, 0x00, 0x13, 0xcc, 0xff, 0xff, 0x7c, 0x00, /* 行15 */
    0x00, 0x7c, 0xff, 0xff, 0xc4, 0x0d, 0x00, 0x00, 0x4a, 0xfb, 0xff, 0xfe, 0x31, 0x00, 0x5c, 0xff, 0xff, 0xda, 0x05, 0x00, 0x9e, 0xff, 0xff, 0x7a, 0x00, 0x00, 0x00, 0x00, 0x2b, 0xff, 0xff, 0xe7, 0x02, /* 行16 */
    0x00, 0x0c, 0xdd, 0xff, 0xff, 0xec, 0xb2, 0xc7, 0xff, 0xff, 0xff, 0x9f, 0x00, 0x08, 0xe1, 0xff, 0xff, 0x51, 0x00, 0x00, 0xe7, 0xff, 0xff, 0x1f, 0x00, 0x00, 0x00, 0x00, 0x00, 0xc7, 0xff, 0xff, 0x39, /* 行17 */
    0x00, 0x00, 0x2a, 0xe4, 0xff, 0xff, 0xff, 0xff, 0xff, 0xff, 0xba, 0x08, 0x00, 0x79, 0xff, 0xff, 0xc3, 0x00, 0x00, 0x16, 0xff, 0xff, 0xe8, 0x00, 0x00, 0x00, 0x00, 0x00, 0x00, 0x8b, 0xff, 0xff, 0x6d, /* 行18 */
    0x00, 0x00, 0x00, 0x13, 0x87, 0xd9, 0xf7, 0xed, 0xc2, 0x63, 0x01, 0x00, 0x15, 0xf1, 0xff, 0xfe, 0x36, 0x00, 0x00, 0x3a, 0xff, 0xff, 0xc7, 0x00, 0x00, 0x00, 0x00, 0x00, 0x00, 0x68, 0xff, 0xff, 0x96, /* 行19 */
    0x00, 0x00, 0x00, 0x00, 0x00, 0x00, 0x00, 0x00, 0x00, 0x00, 0x00, 0x00, 0x96, 0xff, 0xff, 0xa6, 0x00, 0x00, 0x00, 0x4c, 0xff, 0xff, 0xb3, 0x00, 0x00, 0x00, 0x00, 0x00, 0x00, 0x51, 0xff, 0xff, 0xa9, /* 行20 */
    0x00, 0x00, 0x00, 0x00, 0x00, 0x00, 0x00, 0x00, 0x00, 0x00, 0x00, 0x28, 0xfb, 0xff, 0xf8, 0x1f, 0x00, 0x00, 0x00, 0x57, 0xff, 0xff, 0xab, 0x00, 0x00, 0x00, 0x00, 0x00, 0x00, 0x48, 0xff, 0xff, 0xb6, /* 行21 */
    0x00, 0x00, 0x00, 0x00, 0x00, 0x00, 0x00, 0x00, 0x00, 0x00, 0x00, 0xb3, 0xff, 0xff, 0x89, 0x00, 0x00, 0x00, 0x00, 0x56, 0xff, 0xff, 0xab, 0x00, 0x00, 0x00, 0x00, 0x00, 0x00, 0x49, 0xff, 0xff, 0xb5, /* 行22 */
    0x00, 0x00, 0x00, 0x00, 0x00, 0x00, 0x00, 0x00, 0x00, 0x00, 0x41, 0xff, 0xff, 0xeb, 0x0f, 0x00, 0x00, 0x00, 0x00, 0x4b, 0xff, 0xff, 0xb3, 0x00, 0x00, 0x00, 0x00, 0x00, 0x00, 0x51, 0xff, 0xff, 0xaa, /* 行23 */
    0x00, 0x00, 0x00, 0x00, 0x00, 0x00, 0x00, 0x00, 0x00, 0x01, 0xcd, 0xff, 0xff, 0x6c, 0x00, 0x00, 0x00, 0x00, 0x00, 0x37, 0xff, 0xff, 0xc9, 0x00, 0x00, 0x00, 0x00, 0x00, 0x00, 0x69, 0xff, 0xff, 0x97, /* 行24 */
    0x00, 0x00, 0x00, 0x00, 0x00, 0x00, 0x00, 0x00, 0x00, 0x5e, 0xff, 0xff, 0xd9, 0x04, 0x00, 0x00, 0x00, 0x00, 0x00, 0x0f, 0xff, 0xff, 0xea, 0x00, 0x00, 0x00, 0x00, 0x00, 0x00, 0x8c, 0xff, 0xff, 0x70, /* 行25 */
    0x00, 0x00, 0x00, 0x00, 0x00, 0x00, 0x00, 0x00, 0x09, 0xe3, 0xff, 0xff, 0x4f, 0x00, 0x00, 0x00, 0x00, 0x00, 0x00, 0x00, 0xdc, 0xff, 0xff, 0x21, 0x00, 0x00, 0x00, 0x00, 0x00, 0xc8, 0xff, 0xff, 0x3f, /* 行26 */
    0x00, 0x00, 0x00, 0x00, 0x00, 0x00, 0x00, 0x00, 0x7b, 0xff, 0xff, 0xc0, 0x00, 0x00, 0x00, 0x00, 0x00, 0x00, 0x00, 0x00, 0x90, 0xff, 0xff, 0x7b, 0x00, 0x00, 0x00, 0x00, 0x2b, 0xff, 0xff, 0xee, 0x04, /* 行27 */
    0x00, 0x00, 0x00, 0x00, 0x00, 0x00, 0x00, 0x16, 0xf2, 0xff, 0xfe, 0x33, 0x00, 0x00, 0x00, 0x00, 0x00, 0x00, 0x00, 0x00, 0x29, 0xfd, 0xff, 0xf1, 0x33, 0x00, 0x00, 0x11, 0xca, 0xff, 0xff, 0x8c, 0x00, /* 行28 */
    0x00, 0x00, 0x00, 0x00, 0x00, 0x00, 0x00, 0x98, 0xff, 0xff, 0xa3, 0x00, 0x00, 0x00, 0x00, 0x00, 0x00, 0x00, 0x00, 0x00, 0x00, 0x96, 0xff, 0xff, 0xfc, 0xbc, 0xb1, 0xef, 0xff, 0xff, 0xe7, 0x14, 0x00, /* 行29 */
    0x00, 0x00, 0x00, 0x00, 0x00, 0x00, 0x2a, 0xfc, 0xff, 0xf7, 0x1e, 0x00, 0x00, 0x00, 0x00, 0x00, 0x00, 0x00, 0x00, 0x00, 0x00, 0x06, 0xb5, 0xff, 0xff, 0xff, 0xff, 0xff, 0xff, 0xea, 0x35, 0x00, 0x00, /* 行30 */
    0x00, 0x00, 0x00, 0x00, 0x00, 0x00, 0xb5, 0xff, 0xff, 0x87, 0x00, 0x00, 0x00, 0x00, 0x00, 0x00, 0x00, 0x00, 0x00, 0x00, 0x00, 0x00, 0x01, 0x62, 0xc4, 0xef, 0xf6, 0xd8, 0x8a, 0x16, 0x00, 0x00, 0x00, /* 行31 */
};

/* 字符  38: &    */
/*
 *             ░░▒▒▓▓██████████▓▓▒▒░░                            
 *           ░░████████████████████▓▓░░                          
 *         ░░██████████████████████████░░                        
 *         ▓▓████████▒▒░░░░░░▒▒████████▓▓                        
 *       ░░████████░░          ░░████████░░                      
 *       ▒▒██████▒▒              ▓▓██████░░                      
 *       ▒▒██████░░              ▒▒██████▒▒                      
 *       ▒▒██████░░              ▒▒██████░░                      
 *       ░░██████▒▒              ████████░░                      
 *       ░░████████░░          ▒▒██████▓▓                        
 *         ▒▒██████▓▓░░      ▒▒████████░░                        
 *         ░░████████▓▓  ░░▓▓████████░░                          
 *           ░░████████▓▓██████████░░                            
 *             ░░██████████████▓▓░░                              
 *             ░░████████████▒▒                                  
 *         ░░▓▓██████████████▓▓░░                                
 *       ░░██████████▓▓████████▓▓░░                ░░██████▓▓    
 *     ░░██████████░░  ░░██████████░░              ▒▒██████▒▒    
 *   ░░████████▓▓░░      ░░██████████░░            ▓▓██████░░    
 *   ▓▓██████▓▓            ░░██████████░░        ░░██████▓▓      
 * ░░████████░░              ░░██████████░░      ▒▒██████░░      
 * ▒▒██████▓▓                  ░░██████████░░  ░░████████        
 * ▒▒██████▒▒                    ░░██████████░░▓▓██████▒▒        
 * ▒▒██████▒▒                      ░░████████████████▓▓          
 * ▒▒██████▒▒                        ░░██████████████░░          
 * ▒▒██████▓▓                          ░░██████████▒▒            
 * ░░████████▒▒                      ░░▓▓████████████░░          
 *   ▓▓████████▒▒                ░░▓▓██████████████████░░        
 *   ░░████████████▓▓▒▒▒▒▒▒▒▒▓▓██████████████▒▒██████████░░      
 *     ░░████████████████████████████████▓▓░░  ░░██████████░░    
 *       ░░▓▓████████████████████████▓▓░░        ░░██████████▒▒  
 *           ░░▒▒▓▓████████████▓▓▒▒░░              ░░▓▓████████▒▒
 */
static const unsigned char open_sans_45px_char_038_bitmap[] = {
    0x00, 0x00, 0x00, 0x00, 0x00, 0x00, 0x01, 0x44, 0x9b, 0xd0, 0xed, 0xfb, 0xf1, 0xd7, 0xa0, 0x45, 0x01, 0x00, 0x00, 0x00, 0x00, 0x00, 0x00, 0x00, 0x00, 0x00, 0x00, 0x00, 0x00, 0x00, 0x00, /* 行 0 */
    0x00, 0x00, 0x00, 0x00, 0x00, 0x25, 0xc6, 0xff, 0xff, 0xff, 0xff, 0xff, 0xff, 0xff, 0xff, 0xff, 0xbe, 0x1a, 0x00, 0x00, 0x00, 0x00, 0x00, 0x00, 0x00, 0x00, 0x00, 0x00, 0x00, 0x00, 0x00, /* 行 1 */
    0x00, 0x00, 0x00, 0x00, 0x23, 0xe7, 0xff, 0xff, 0xff, 0xff, 0xff, 0xff, 0xff, 0xff, 0xff, 0xff, 0xff, 0xd8, 0x12, 0x00, 0x00, 0x00, 0x00, 0x00, 0x00, 0x00, 0x00, 0x00, 0x00, 0x00, 0x00, /* 行 2 */
    0x00, 0x00, 0x00, 0x00, 0xbc, 0xff, 0xff, 0xff, 0xe2, 0x65, 0x28, 0x0a, 0x1f, 0x6b, 0xec, 0xff, 0xff, 0xff, 0x93, 0x00, 0x00, 0x00, 0x00, 0x00, 0x00, 0x00, 0x00, 0x00, 0x00, 0x00, 0x00, /* 行 3 */
    0x00, 0x00, 0x00, 0x27, 0xff, 0xff, 0xff, 0xd1, 0x0e, 0x00, 0x00, 0x00, 0x00, 0x00, 0x26, 0xf2, 0xff, 0xff, 0xf2, 0x05, 0x00, 0x00, 0x00, 0x00, 0x00, 0x00, 0x00, 0x00, 0x00, 0x00, 0x00, /* 行 4 */
    0x00, 0x00, 0x00, 0x64, 0xff, 0xff, 0xff, 0x4d, 0x00, 0x00, 0x00, 0x00, 0x00, 0x00, 0x00, 0x8d, 0xff, 0xff, 0xff, 0x31, 0x00, 0x00, 0x00, 0x00, 0x00, 0x00, 0x00, 0x00, 0x00, 0x00, 0x00, /* 行 5 */
    0x00, 0x00, 0x00, 0x79, 0xff, 0xff, 0xff, 0x1f, 0x00, 0x00, 0x00, 0x00, 0x00, 0x00, 0x00, 0x62, 0xff, 0xff, 0xff, 0x45, 0x00, 0x00, 0x00, 0x00, 0x00, 0x00, 0x00, 0x00, 0x00, 0x00, 0x00, /* 行 6 */
    0x00, 0x00, 0x00, 0x6e, 0xff, 0xff, 0xff, 0x34, 0x00, 0x00, 0x00, 0x00, 0x00, 0x00, 0x00, 0x75, 0xff, 0xff, 0xff, 0x38, 0x00, 0x00, 0x00, 0x00, 0x00, 0x00, 0x00, 0x00, 0x00, 0x00, 0x00, /* 行 7 */
    0x00, 0x00, 0x00, 0x3e, 0xff, 0xff, 0xff, 0x78, 0x00, 0x00, 0x00, 0x00, 0x00, 0x00, 0x00, 0xc2, 0xff, 0xff, 0xf7, 0x09, 0x00, 0x00, 0x00, 0x00, 0x00, 0x00, 0x00, 0x00, 0x00, 0x00, 0x00, /* 行 8 */
    0x00, 0x00, 0x00, 0x03, 0xdb, 0xff, 0xff, 0xe5, 0x0d, 0x00, 0x00, 0x00, 0x00, 0x00, 0x5c, 0xff, 0xff, 0xff, 0x9a, 0x00, 0x00, 0x00, 0x00, 0x00, 0x00, 0x00, 0x00, 0x00, 0x00, 0x00, 0x00, /* 行 9 */
    0x00, 0x00, 0x00, 0x00, 0x5f, 0xff, 0xff, 0xff, 0xa9, 0x01, 0x00, 0x00, 0x00, 0x5d, 0xfa, 0xff, 0xff, 0xea, 0x16, 0x00, 0x00, 0x00, 0x00, 0x00, 0x00, 0x00, 0x00, 0x00, 0x00, 0x00, 0x00, /* 行10 */
    0x00, 0x00, 0x00, 0x00, 0x03, 0xc8, 0xff, 0xff, 0xff, 0x8d, 0x00, 0x11, 0x9f, 0xff, 0xff, 0xff, 0xf3, 0x37, 0x00, 0x00, 0x00, 0x00, 0x00, 0x00, 0x00, 0x00, 0x00, 0x00, 0x00, 0x00, 0x00, /* 行11 */
    0x00, 0x00, 0x00, 0x00, 0x00, 0x1c, 0xe6, 0xff, 0xff, 0xff, 0xac, 0xeb, 0xff, 0xff, 0xff, 0xe3, 0x30, 0x00, 0x00, 0x00, 0x00, 0x00, 0x00, 0x00, 0x00, 0x00, 0x00, 0x00, 0x00, 0x00, 0x00, /* 行12 */
    0x00, 0x00, 0x00, 0x00, 0x00, 0x00, 0x30, 0xf1, 0xff, 0xff, 0xff, 0xff, 0xff, 0xff, 0xa9, 0x11, 0x00, 0x00, 0x00, 0x00, 0x00, 0x00, 0x00, 0x00, 0x00, 0x00, 0x00, 0x00, 0x00, 0x00, 0x00, /* 行13 */
    0x00, 0x00, 0x00, 0x00, 0x00, 0x00, 0x38, 0xd8, 0xff, 0xff, 0xff, 0xff, 0xfc, 0x4d, 0x00, 0x00, 0x00, 0x00, 0x00, 0x00, 0x00, 0x00, 0x00, 0x00, 0x00, 0x00, 0x00, 0x00, 0x00, 0x00, 0x00, /* 行14 */
    0x00, 0x00, 0x00, 0x00, 0x0a, 0x96, 0xfe, 0xff, 0xff, 0xff, 0xff, 0xff, 0xff, 0xb1, 0x07, 0x00, 0x00, 0x00, 0x00, 0x00, 0x00, 0x00, 0x00, 0x00, 0x00, 0x00, 0x00, 0x00, 0x00, 0x00, 0x00, /* 行15 */
    0x00, 0x00, 0x00, 0x24, 0xd7, 0xff, 0xff, 0xff, 0xf8, 0x95, 0xf3, 0xff, 0xff, 0xff, 0xb9, 0x0a, 0x00, 0x00, 0x00, 0x00, 0x00, 0x00, 0x00, 0x00, 0x22, 0xff, 0xff, 0xff, 0x8e, 0x00, 0x00, /* 行16 */
    0x00, 0x00, 0x2c, 0xea, 0xff, 0xff, 0xff, 0xc8, 0x28, 0x00, 0x3b, 0xf1, 0xff, 0xff, 0xff, 0xc1, 0x0d, 0x00, 0x00, 0x00, 0x00, 0x00, 0x00, 0x00, 0x67, 0xff, 0xff, 0xff, 0x45, 0x00, 0x00, /* 行17 */
    0x00, 0x10, 0xe1, 0xff, 0xff, 0xff, 0x93, 0x04, 0x00, 0x00, 0x00, 0x36, 0xef, 0xff, 0xff, 0xff, 0xc9, 0x11, 0x00, 0x00, 0x00, 0x00, 0x00, 0x00, 0xb3, 0xff, 0xff, 0xf5, 0x07, 0x00, 0x00, /* 行18 */
    0x00, 0x90, 0xff, 0xff, 0xff, 0x9d, 0x00, 0x00, 0x00, 0x00, 0x00, 0x00, 0x32, 0xec, 0xff, 0xff, 0xff, 0xd0, 0x15, 0x00, 0x00, 0x00, 0x00, 0x12, 0xfa, 0xff, 0xff, 0xa4, 0x00, 0x00, 0x00, /* 行19 */
    0x0c, 0xf3, 0xff, 0xff, 0xe6, 0x0b, 0x00, 0x00, 0x00, 0x00, 0x00, 0x00, 0x00, 0x2e, 0xea, 0xff, 0xff, 0xff, 0xd6, 0x1a, 0x00, 0x00, 0x00, 0x78, 0xff, 0xff, 0xff, 0x3e, 0x00, 0x00, 0x00, /* 行20 */
    0x4a, 0xff, 0xff, 0xff, 0x8a, 0x00, 0x00, 0x00, 0x00, 0x00, 0x00, 0x00, 0x00, 0x00, 0x2a, 0xe7, 0xff, 0xff, 0xff, 0xdc, 0x1f, 0x00, 0x0e, 0xec, 0xff, 0xff, 0xd3, 0x00, 0x00, 0x00, 0x00, /* 行21 */
    0x72, 0xff, 0xff, 0xff, 0x56, 0x00, 0x00, 0x00, 0x00, 0x00, 0x00, 0x00, 0x00, 0x00, 0x00, 0x26, 0xe4, 0xff, 0xff, 0xff, 0xe2, 0x25, 0xa7, 0xff, 0xff, 0xff, 0x4b, 0x00, 0x00, 0x00, 0x00, /* 行22 */
    0x7f, 0xff, 0xff, 0xff, 0x4a, 0x00, 0x00, 0x00, 0x00, 0x00, 0x00, 0x00, 0x00, 0x00, 0x00, 0x00, 0x22, 0xe1, 0xff, 0xff, 0xff, 0xf3, 0xff, 0xff, 0xff, 0xbb, 0x00, 0x00, 0x00, 0x00, 0x00, /* 行23 */
    0x6e, 0xff, 0xff, 0xff, 0x66, 0x00, 0x00, 0x00, 0x00, 0x00, 0x00, 0x00, 0x00, 0x00, 0x00, 0x00, 0x00, 0x1f, 0xdd, 0xff, 0xff, 0xff, 0xff, 0xff, 0xe9, 0x1b, 0x00, 0x00, 0x00, 0x00, 0x00, /* 行24 */
    0x4c, 0xff, 0xff, 0xff, 0xb5, 0x00, 0x00, 0x00, 0x00, 0x00, 0x00, 0x00, 0x00, 0x00, 0x00, 0x00, 0x00, 0x00, 0x1c, 0xed, 0xff, 0xff, 0xff, 0xff, 0x68, 0x00, 0x00, 0x00, 0x00, 0x00, 0x00, /* 行25 */
    0x0c, 0xf9, 0xff, 0xff, 0xff, 0x4b, 0x00, 0x00, 0x00, 0x00, 0x00, 0x00, 0x00, 0x00, 0x00, 0x00, 0x00, 0x15, 0xb1, 0xff, 0xff, 0xff, 0xff, 0xff, 0xed, 0x33, 0x00, 0x00, 0x00, 0x00, 0x00, /* 行26 */
    0x00, 0x9b, 0xff, 0xff, 0xff, 0xf5, 0x5e, 0x00, 0x00, 0x00, 0x00, 0x00, 0x00, 0x00, 0x00, 0x1c, 0x88, 0xef, 0xff, 0xff, 0xff, 0xff, 0xff, 0xff, 0xff, 0xf0, 0x37, 0x00, 0x00, 0x00, 0x00, /* 行27 */
    0x00, 0x18, 0xe8, 0xff, 0xff, 0xff, 0xff, 0xd5, 0x85, 0x59, 0x4c, 0x5a, 0x6c, 0x93, 0xd1, 0xfe, 0xff, 0xff, 0xff, 0xff, 0xe1, 0x4c, 0xcf, 0xff, 0xff, 0xff, 0xf2, 0x3b, 0x00, 0x00, 0x00, /* 行28 */
    0x00, 0x00, 0x31, 0xec, 0xff, 0xff, 0xff, 0xff, 0xff, 0xff, 0xff, 0xff, 0xff, 0xff, 0xff, 0xff, 0xff, 0xff, 0xfd, 0x99, 0x10, 0x00, 0x11, 0xca, 0xff, 0xff, 0xff, 0xf4, 0x3f, 0x00, 0x00, /* 行29 */
    0x00, 0x00, 0x00, 0x19, 0xaf, 0xfe, 0xff, 0xff, 0xff, 0xff, 0xff, 0xff, 0xff, 0xff, 0xff, 0xff, 0xf8, 0xa5, 0x2c, 0x00, 0x00, 0x00, 0x00, 0x0e, 0xc4, 0xff, 0xff, 0xff, 0xf5, 0x44, 0x00, /* 行30 */
    0x00, 0x00, 0x00, 0x00, 0x00, 0x24, 0x7d, 0xb6, 0xe0, 0xf2, 0xfb, 0xec, 0xda, 0xc3, 0x8d, 0x4f, 0x11, 0x00, 0x00, 0x00, 0x00, 0x00, 0x00, 0x00, 0x0b, 0xbd, 0xff, 0xff, 0xff, 0xf7, 0x49, /* 行31 */
};

/* 字符  39: '    */
/*
 * ░░████████  
 *   ████████  
 *   ████████  
 *   ████████  
 *   ▓▓████▓▓  
 *   ▓▓████▓▓  
 *   ▓▓████▓▓  
 *   ▓▓████▒▒  
 *   ▒▒████▒▒  
 *   ▒▒████▒▒  
 *   ▒▒████░░  
 *   ░░████░░  
 */
static const unsigned char open_sans_45px_char_039_bitmap[] = {
    0x0b, 0xff, 0xff, 0xff, 0xfa, 0x00, /* 行 0 */
    0x00, 0xf7, 0xff, 0xff, 0xe7, 0x00, /* 行 1 */
    0x00, 0xe4, 0xff, 0xff, 0xd4, 0x00, /* 行 2 */
    0x00, 0xd1, 0xff, 0xff, 0xc2, 0x00, /* 行 3 */
    0x00, 0xbd, 0xff, 0xff, 0xaf, 0x00, /* 行 4 */
    0x00, 0xaa, 0xff, 0xff, 0x9c, 0x00, /* 行 5 */
    0x00, 0x97, 0xff, 0xff, 0x8a, 0x00, /* 行 6 */
    0x00, 0x83, 0xff, 0xff, 0x77, 0x00, /* 行 7 */
    0x00, 0x70, 0xff, 0xff, 0x64, 0x00, /* 行 8 */
    0x00, 0x5d, 0xff, 0xff, 0x52, 0x00, /* 行 9 */
    0x00, 0x49, 0xff, 0xff, 0x3f, 0x00, /* 行10 */
    0x00, 0x36, 0xff, 0xff, 0x2d, 0x00, /* 行11 */
};

/* 字符  40: (    */
/*
 *             ░░██████▓▓
 *           ░░▓▓██████░░
 *           ▒▒██████▒▒  
 *         ░░██████▓▓    
 *         ▓▓██████░░    
 *       ░░██████▓▓      
 *       ▓▓██████▒▒      
 *     ░░████████        
 *     ▒▒██████▒▒        
 *     ▓▓██████░░        
 *   ░░████████          
 *   ▒▒██████▓▓          
 *   ▒▒██████▒▒          
 *   ▓▓██████░░          
 *   ████████░░          
 *   ████████            
 * ░░████████            
 * ░░██████▓▓            
 * ░░██████▓▓            
 * ░░██████▓▓            
 * ░░██████▓▓            
 * ░░██████▓▓            
 * ░░████████            
 * ░░████████            
 *   ████████░░          
 *   ▓▓██████░░          
 *   ▓▓██████▒▒          
 *   ▒▒██████▓▓          
 *   ░░████████          
 *     ████████░░        
 *     ▒▒██████▒▒        
 *     ░░████████        
 *       ▓▓██████░░      
 *       ░░██████▓▓      
 *         ▓▓██████░░    
 *         ░░██████▓▓    
 *           ▒▒██████▒▒  
 *           ░░▓▓██████░░
 *             ░░██████▓▓
 */
static const unsigned char open_sans_45px_char_040_bitmap[] = {
    0x00, 0x00, 0x00, 0x00, 0x00, 0x00, 0x15, 0xe4, 0xff, 0xff, 0x9f, /* 行 0 */
    0x00, 0x00, 0x00, 0x00, 0x00, 0x02, 0xba, 0xff, 0xff, 0xe2, 0x0f, /* 行 1 */
    0x00, 0x00, 0x00, 0x00, 0x00, 0x6d, 0xff, 0xff, 0xff, 0x4c, 0x00, /* 行 2 */
    0x00, 0x00, 0x00, 0x00, 0x19, 0xf1, 0xff, 0xff, 0xba, 0x00, 0x00, /* 行 3 */
    0x00, 0x00, 0x00, 0x00, 0x9d, 0xff, 0xff, 0xfe, 0x2e, 0x00, 0x00, /* 行 4 */
    0x00, 0x00, 0x00, 0x21, 0xfb, 0xff, 0xff, 0xb5, 0x00, 0x00, 0x00, /* 行 5 */
    0x00, 0x00, 0x00, 0x96, 0xff, 0xff, 0xff, 0x40, 0x00, 0x00, 0x00, /* 行 6 */
    0x00, 0x00, 0x0a, 0xf1, 0xff, 0xff, 0xdb, 0x00, 0x00, 0x00, 0x00, /* 行 7 */
    0x00, 0x00, 0x5d, 0xff, 0xff, 0xff, 0x7e, 0x00, 0x00, 0x00, 0x00, /* 行 8 */
    0x00, 0x00, 0xb1, 0xff, 0xff, 0xff, 0x28, 0x00, 0x00, 0x00, 0x00, /* 行 9 */
    0x00, 0x07, 0xf4, 0xff, 0xff, 0xe0, 0x00, 0x00, 0x00, 0x00, 0x00, /* 行10 */
    0x00, 0x41, 0xff, 0xff, 0xff, 0x9a, 0x00, 0x00, 0x00, 0x00, 0x00, /* 行11 */
    0x00, 0x77, 0xff, 0xff, 0xff, 0x62, 0x00, 0x00, 0x00, 0x00, 0x00, /* 行12 */
    0x00, 0xaa, 0xff, 0xff, 0xff, 0x30, 0x00, 0x00, 0x00, 0x00, 0x00, /* 行13 */
    0x00, 0xd3, 0xff, 0xff, 0xfd, 0x06, 0x00, 0x00, 0x00, 0x00, 0x00, /* 行14 */
    0x00, 0xf1, 0xff, 0xff, 0xe4, 0x00, 0x00, 0x00, 0x00, 0x00, 0x00, /* 行15 */
    0x0f, 0xff, 0xff, 0xff, 0xc6, 0x00, 0x00, 0x00, 0x00, 0x00, 0x00, /* 行16 */
    0x20, 0xff, 0xff, 0xff, 0xb3, 0x00, 0x00, 0x00, 0x00, 0x00, 0x00, /* 行17 */
    0x29, 0xff, 0xff, 0xff, 0xaa, 0x00, 0x00, 0x00, 0x00, 0x00, 0x00, /* 行18 */
    0x31, 0xff, 0xff, 0xff, 0xa2, 0x00, 0x00, 0x00, 0x00, 0x00, 0x00, /* 行19 */
    0x2c, 0xff, 0xff, 0xff, 0xa8, 0x00, 0x00, 0x00, 0x00, 0x00, 0x00, /* 行20 */
    0x23, 0xff, 0xff, 0xff, 0xb2, 0x00, 0x00, 0x00, 0x00, 0x00, 0x00, /* 行21 */
    0x16, 0xff, 0xff, 0xff, 0xc2, 0x00, 0x00, 0x00, 0x00, 0x00, 0x00, /* 行22 */
    0x01, 0xf9, 0xff, 0xff, 0xe0, 0x00, 0x00, 0x00, 0x00, 0x00, 0x00, /* 行23 */
    0x00, 0xdd, 0xff, 0xff, 0xfb, 0x03, 0x00, 0x00, 0x00, 0x00, 0x00, /* 行24 */
    0x00, 0xb7, 0xff, 0xff, 0xff, 0x2a, 0x00, 0x00, 0x00, 0x00, 0x00, /* 行25 */
    0x00, 0x85, 0xff, 0xff, 0xff, 0x5d, 0x00, 0x00, 0x00, 0x00, 0x00, /* 行26 */
    0x00, 0x50, 0xff, 0xff, 0xff, 0x95, 0x00, 0x00, 0x00, 0x00, 0x00, /* 行27 */
    0x00, 0x11, 0xfc, 0xff, 0xff, 0xdc, 0x00, 0x00, 0x00, 0x00, 0x00, /* 行28 */
    0x00, 0x00, 0xc2, 0xff, 0xff, 0xff, 0x24, 0x00, 0x00, 0x00, 0x00, /* 行29 */
    0x00, 0x00, 0x71, 0xff, 0xff, 0xff, 0x7a, 0x00, 0x00, 0x00, 0x00, /* 行30 */
    0x00, 0x00, 0x14, 0xf9, 0xff, 0xff, 0xd8, 0x00, 0x00, 0x00, 0x00, /* 行31 */
    0x00, 0x00, 0x00, 0xa8, 0xff, 0xff, 0xff, 0x3d, 0x00, 0x00, 0x00, /* 行32 */
    0x00, 0x00, 0x00, 0x2f, 0xfe, 0xff, 0xff, 0xb2, 0x00, 0x00, 0x00, /* 行33 */
    0x00, 0x00, 0x00, 0x00, 0xab, 0xff, 0xff, 0xfe, 0x2c, 0x00, 0x00, /* 行34 */
    0x00, 0x00, 0x00, 0x00, 0x22, 0xf6, 0xff, 0xff, 0xb5, 0x00, 0x00, /* 行35 */
    0x00, 0x00, 0x00, 0x00, 0x00, 0x76, 0xff, 0xff, 0xff, 0x47, 0x00, /* 行36 */
    0x00, 0x00, 0x00, 0x00, 0x00, 0x03, 0xbf, 0xff, 0xff, 0xdd, 0x0c, /* 行37 */
    0x00, 0x00, 0x00, 0x00, 0x00, 0x00, 0x15, 0xe3, 0xff, 0xff, 0x98, /* 行38 */
};

/* 字符  41: )    */
/*
 * ▒▒██████▒▒            
 *   ▓▓██████░░          
 *   ░░██████▓▓          
 *     ▒▒██████▒▒        
 *     ░░████████░░      
 *       ▒▒██████▒▒      
 *       ░░████████░░    
 *         ▓▓██████▒▒    
 *         ░░██████▓▓    
 *           ████████░░  
 *           ▓▓██████▒▒  
 *           ▒▒██████▓▓  
 *           ░░████████  
 *             ████████░░
 *             ▓▓██████░░
 *             ▓▓██████░░
 *             ▒▒██████▒▒
 *             ▒▒██████▒▒
 *             ▒▒██████▒▒
 *             ▒▒██████▓▓
 *             ▒▒██████▒▒
 *             ▒▒██████▒▒
 *             ▒▒██████▒▒
 *             ▓▓██████▒▒
 *             ▓▓██████░░
 *             ████████░░
 *           ░░████████  
 *           ▒▒██████▓▓  
 *           ▓▓██████▒▒  
 *           ████████░░  
 *         ░░████████    
 *         ▓▓██████▒▒    
 *       ░░████████░░    
 *       ▒▒██████▒▒      
 *     ░░████████░░      
 *     ▒▒██████▒▒        
 *   ░░████████░░        
 *   ▓▓██████░░          
 * ▒▒██████▒▒            
 */
static const unsigned char open_sans_45px_char_041_bitmap[] = {
    0x51, 0xff, 0xff, 0xfe, 0x4a, 0x00, 0x00, 0x00, 0x00, 0x00, 0x00, /* 行 0 */
    0x00, 0xa1, 0xff, 0xff, 0xed, 0x1e, 0x00, 0x00, 0x00, 0x00, 0x00, /* 行 1 */
    0x00, 0x10, 0xec, 0xff, 0xff, 0xba, 0x00, 0x00, 0x00, 0x00, 0x00, /* 行 2 */
    0x00, 0x00, 0x6b, 0xff, 0xff, 0xff, 0x59, 0x00, 0x00, 0x00, 0x00, /* 行 3 */
    0x00, 0x00, 0x03, 0xda, 0xff, 0xff, 0xe4, 0x07, 0x00, 0x00, 0x00, /* 行 4 */
    0x00, 0x00, 0x00, 0x66, 0xff, 0xff, 0xff, 0x69, 0x00, 0x00, 0x00, /* 行 5 */
    0x00, 0x00, 0x00, 0x07, 0xe8, 0xff, 0xff, 0xdf, 0x02, 0x00, 0x00, /* 行 6 */
    0x00, 0x00, 0x00, 0x00, 0x8c, 0xff, 0xff, 0xff, 0x47, 0x00, 0x00, /* 行 7 */
    0x00, 0x00, 0x00, 0x00, 0x2f, 0xff, 0xff, 0xff, 0xa9, 0x00, 0x00, /* 行 8 */
    0x00, 0x00, 0x00, 0x00, 0x00, 0xd8, 0xff, 0xff, 0xf5, 0x07, 0x00, /* 行 9 */
    0x00, 0x00, 0x00, 0x00, 0x00, 0x92, 0xff, 0xff, 0xff, 0x47, 0x00, /* 行10 */
    0x00, 0x00, 0x00, 0x00, 0x00, 0x4b, 0xff, 0xff, 0xff, 0x8d, 0x00, /* 行11 */
    0x00, 0x00, 0x00, 0x00, 0x00, 0x13, 0xff, 0xff, 0xff, 0xc3, 0x00, /* 行12 */
    0x00, 0x00, 0x00, 0x00, 0x00, 0x00, 0xe2, 0xff, 0xff, 0xf4, 0x02, /* 行13 */
    0x00, 0x00, 0x00, 0x00, 0x00, 0x00, 0xb3, 0xff, 0xff, 0xff, 0x22, /* 行14 */
    0x00, 0x00, 0x00, 0x00, 0x00, 0x00, 0x95, 0xff, 0xff, 0xff, 0x3f, /* 行15 */
    0x00, 0x00, 0x00, 0x00, 0x00, 0x00, 0x78, 0xff, 0xff, 0xff, 0x5d, /* 行16 */
    0x00, 0x00, 0x00, 0x00, 0x00, 0x00, 0x65, 0xff, 0xff, 0xff, 0x6e, /* 行17 */
    0x00, 0x00, 0x00, 0x00, 0x00, 0x00, 0x5b, 0xff, 0xff, 0xff, 0x78, /* 行18 */
    0x00, 0x00, 0x00, 0x00, 0x00, 0x00, 0x52, 0xff, 0xff, 0xff, 0x80, /* 行19 */
    0x00, 0x00, 0x00, 0x00, 0x00, 0x00, 0x59, 0xff, 0xff, 0xff, 0x7b, /* 行20 */
    0x00, 0x00, 0x00, 0x00, 0x00, 0x00, 0x63, 0xff, 0xff, 0xff, 0x71, /* 行21 */
    0x00, 0x00, 0x00, 0x00, 0x00, 0x00, 0x72, 0xff, 0xff, 0xff, 0x65, /* 行22 */
    0x00, 0x00, 0x00, 0x00, 0x00, 0x00, 0x91, 0xff, 0xff, 0xff, 0x4a, /* 行23 */
    0x00, 0x00, 0x00, 0x00, 0x00, 0x00, 0xaf, 0xff, 0xff, 0xff, 0x2c, /* 行24 */
    0x00, 0x00, 0x00, 0x00, 0x00, 0x00, 0xdb, 0xff, 0xff, 0xfc, 0x0a, /* 行25 */
    0x00, 0x00, 0x00, 0x00, 0x00, 0x0f, 0xfe, 0xff, 0xff, 0xd4, 0x00, /* 行26 */
    0x00, 0x00, 0x00, 0x00, 0x00, 0x45, 0xff, 0xff, 0xff, 0x9f, 0x00, /* 行27 */
    0x00, 0x00, 0x00, 0x00, 0x00, 0x8c, 0xff, 0xff, 0xff, 0x5c, 0x00, /* 行28 */
    0x00, 0x00, 0x00, 0x00, 0x00, 0xd4, 0xff, 0xff, 0xfd, 0x14, 0x00, /* 行29 */
    0x00, 0x00, 0x00, 0x00, 0x29, 0xff, 0xff, 0xff, 0xc1, 0x00, 0x00, /* 行30 */
    0x00, 0x00, 0x00, 0x00, 0x88, 0xff, 0xff, 0xff, 0x5e, 0x00, 0x00, /* 行31 */
    0x00, 0x00, 0x00, 0x06, 0xe5, 0xff, 0xff, 0xef, 0x09, 0x00, 0x00, /* 行32 */
    0x00, 0x00, 0x00, 0x61, 0xff, 0xff, 0xff, 0x7f, 0x00, 0x00, 0x00, /* 行33 */
    0x00, 0x00, 0x02, 0xd6, 0xff, 0xff, 0xee, 0x0f, 0x00, 0x00, 0x00, /* 行34 */
    0x00, 0x00, 0x64, 0xff, 0xff, 0xff, 0x6b, 0x00, 0x00, 0x00, 0x00, /* 行35 */
    0x00, 0x0c, 0xe7, 0xff, 0xff, 0xc6, 0x02, 0x00, 0x00, 0x00, 0x00, /* 行36 */
    0x00, 0x98, 0xff, 0xff, 0xf0, 0x25, 0x00, 0x00, 0x00, 0x00, 0x00, /* 行37 */
    0x45, 0xff, 0xff, 0xfe, 0x4e, 0x00, 0x00, 0x00, 0x00, 0x00, 0x00, /* 行38 */
};

/* 字符  42: *    */
/*
 *                   ████████▒▒                
 *                   ▓▓██████▒▒                
 *                   ▓▓██████░░                
 *                   ▒▒██████░░                
 *                   ▒▒██████                  
 *                   ░░██████                  
 *   ▒▒▓▓▒▒░░        ░░████▓▓          ░░▒▒▓▓░░
 *   ▓▓██████▓▓▒▒░░  ░░████▓▓  ░░░░▓▓████████▒▒
 *   ████████████████▓▓████▓▓▓▓██████████████▓▓
 * ░░████████████████████████████████████████▓▓
 * ░░░░▒▒▒▒▒▒▓▓▓▓▓▓██████████████▓▓▓▓▓▓▒▒▒▒▒▒░░
 *                 ▒▒██████████░░              
 *               ░░██████▓▓████▓▓░░            
 *             ░░██████▓▓░░██████▒▒            
 *             ▓▓██████░░  ▓▓██████▒▒          
 *           ▒▒██████▓▓    ░░████████░░        
 *         ░░████████▒▒      ▓▓████████░░      
 *       ░░██████████        ░░████████▓▓      
 *         ▒▒██████▒▒          ▓▓████▓▓░░      
 *           ░░▒▒██░░          ░░██░░          
 */
static const unsigned char open_sans_45px_char_042_bitmap[] = {
    0x00, 0x00, 0x00, 0x00, 0x00, 0x00, 0x00, 0x00, 0x00, 0xc6, 0xff, 0xff, 0xff, 0x61, 0x00, 0x00, 0x00, 0x00, 0x00, 0x00, 0x00, 0x00, /* 行 0 */
    0x00, 0x00, 0x00, 0x00, 0x00, 0x00, 0x00, 0x00, 0x00, 0xaa, 0xff, 0xff, 0xff, 0x45, 0x00, 0x00, 0x00, 0x00, 0x00, 0x00, 0x00, 0x00, /* 行 1 */
    0x00, 0x00, 0x00, 0x00, 0x00, 0x00, 0x00, 0x00, 0x00, 0x8d, 0xff, 0xff, 0xff, 0x28, 0x00, 0x00, 0x00, 0x00, 0x00, 0x00, 0x00, 0x00, /* 行 2 */
    0x00, 0x00, 0x00, 0x00, 0x00, 0x00, 0x00, 0x00, 0x00, 0x71, 0xff, 0xff, 0xff, 0x0c, 0x00, 0x00, 0x00, 0x00, 0x00, 0x00, 0x00, 0x00, /* 行 3 */
    0x00, 0x00, 0x00, 0x00, 0x00, 0x00, 0x00, 0x00, 0x00, 0x55, 0xff, 0xff, 0xf0, 0x00, 0x00, 0x00, 0x00, 0x00, 0x00, 0x00, 0x00, 0x00, /* 行 4 */
    0x00, 0x00, 0x00, 0x00, 0x00, 0x00, 0x00, 0x00, 0x00, 0x38, 0xff, 0xff, 0xd3, 0x00, 0x00, 0x00, 0x00, 0x00, 0x00, 0x00, 0x00, 0x00, /* 行 5 */
    0x00, 0x67, 0x8a, 0x41, 0x06, 0x00, 0x00, 0x00, 0x00, 0x1c, 0xff, 0xff, 0xb7, 0x00, 0x00, 0x00, 0x00, 0x00, 0x11, 0x54, 0x9b, 0x3a, /* 行 6 */
    0x00, 0xae, 0xff, 0xff, 0xf3, 0xb1, 0x69, 0x21, 0x00, 0x03, 0xfc, 0xff, 0x9b, 0x00, 0x03, 0x39, 0x80, 0xc6, 0xfc, 0xff, 0xff, 0x6c, /* 行 7 */
    0x00, 0xd7, 0xff, 0xff, 0xff, 0xff, 0xff, 0xff, 0xd9, 0x91, 0xf2, 0xff, 0xbe, 0xab, 0xef, 0xff, 0xff, 0xff, 0xff, 0xff, 0xff, 0x91, /* 行 8 */
    0x05, 0xfb, 0xff, 0xff, 0xff, 0xff, 0xff, 0xff, 0xff, 0xff, 0xff, 0xff, 0xff, 0xff, 0xff, 0xff, 0xff, 0xff, 0xff, 0xff, 0xff, 0xb6, /* 行 9 */
    0x04, 0x39, 0x4e, 0x62, 0x77, 0x8c, 0xa1, 0xb5, 0xca, 0xfb, 0xff, 0xff, 0xff, 0xe8, 0xc2, 0xae, 0x99, 0x85, 0x70, 0x5c, 0x47, 0x2a, /* 行10 */
    0x00, 0x00, 0x00, 0x00, 0x00, 0x00, 0x00, 0x00, 0x52, 0xff, 0xff, 0xff, 0xff, 0xdf, 0x11, 0x00, 0x00, 0x00, 0x00, 0x00, 0x00, 0x00, /* 行11 */
    0x00, 0x00, 0x00, 0x00, 0x00, 0x00, 0x00, 0x21, 0xef, 0xff, 0xf8, 0xa8, 0xff, 0xff, 0xb3, 0x01, 0x00, 0x00, 0x00, 0x00, 0x00, 0x00, /* 行12 */
    0x00, 0x00, 0x00, 0x00, 0x00, 0x00, 0x05, 0xca, 0xff, 0xff, 0x9d, 0x1c, 0xf9, 0xff, 0xff, 0x79, 0x00, 0x00, 0x00, 0x00, 0x00, 0x00, /* 行13 */
    0x00, 0x00, 0x00, 0x00, 0x00, 0x00, 0x90, 0xff, 0xff, 0xff, 0x2c, 0x00, 0x98, 0xff, 0xff, 0xfc, 0x41, 0x00, 0x00, 0x00, 0x00, 0x00, /* 行14 */
    0x00, 0x00, 0x00, 0x00, 0x00, 0x4f, 0xff, 0xff, 0xff, 0xb9, 0x00, 0x00, 0x1f, 0xfa, 0xff, 0xff, 0xe8, 0x19, 0x00, 0x00, 0x00, 0x00, /* 行15 */
    0x00, 0x00, 0x00, 0x00, 0x1f, 0xee, 0xff, 0xff, 0xff, 0x47, 0x00, 0x00, 0x00, 0x9c, 0xff, 0xff, 0xff, 0xc2, 0x04, 0x00, 0x00, 0x00, /* 行16 */
    0x00, 0x00, 0x00, 0x04, 0xc8, 0xff, 0xff, 0xff, 0xd4, 0x00, 0x00, 0x00, 0x00, 0x22, 0xfb, 0xff, 0xff, 0xff, 0x89, 0x00, 0x00, 0x00, /* 行17 */
    0x00, 0x00, 0x00, 0x00, 0x4b, 0xd0, 0xff, 0xff, 0x63, 0x00, 0x00, 0x00, 0x00, 0x00, 0xa1, 0xff, 0xff, 0xb5, 0x2c, 0x00, 0x00, 0x00, /* 行18 */
    0x00, 0x00, 0x00, 0x00, 0x00, 0x01, 0x5b, 0xc6, 0x07, 0x00, 0x00, 0x00, 0x00, 0x00, 0x26, 0xc6, 0x3f, 0x00, 0x00, 0x00, 0x00, 0x00, /* 行19 */
};

/* 字符  43: +    */
/*
 *                   ▒▒▒▒▒▒░░                  
 *                   ▓▓████▒▒                  
 *                   ▓▓████▒▒                  
 *                   ▓▓████▒▒                  
 *                   ▓▓████▒▒                  
 *                   ▓▓████▒▒                  
 *                   ▓▓████▒▒                  
 *                   ▓▓████▒▒                  
 *                   ▓▓████▒▒                  
 *                   ▓▓████▒▒                  
 * ▓▓████████████████████████████████████████▒▒
 * ▓▓████████████████████████████████████████▒▒
 * ▓▓████████████████████████████████████████▒▒
 * ░░░░░░░░░░░░░░░░░░▓▓████▒▒░░░░░░░░░░░░░░░░░░
 *                   ▓▓████▒▒                  
 *                   ▓▓████▒▒                  
 *                   ▓▓████▒▒                  
 *                   ▓▓████▒▒                  
 *                   ▓▓████▒▒                  
 *                   ▓▓████▒▒                  
 *                   ▓▓████▒▒                  
 *                   ▓▓████▒▒                  
 *                   ▒▒▒▒▒▒░░                  
 */
static const unsigned char open_sans_45px_char_043_bitmap[] = {
    0x00, 0x00, 0x00, 0x00, 0x00, 0x00, 0x00, 0x00, 0x00, 0x49, 0x68, 0x68, 0x23, 0x00, 0x00, 0x00, 0x00, 0x00, 0x00, 0x00, 0x00, 0x00, /* 行 0 */
    0x00, 0x00, 0x00, 0x00, 0x00, 0x00, 0x00, 0x00, 0x00, 0xb4, 0xff, 0xff, 0x58, 0x00, 0x00, 0x00, 0x00, 0x00, 0x00, 0x00, 0x00, 0x00, /* 行 1 */
    0x00, 0x00, 0x00, 0x00, 0x00, 0x00, 0x00, 0x00, 0x00, 0xb4, 0xff, 0xff, 0x58, 0x00, 0x00, 0x00, 0x00, 0x00, 0x00, 0x00, 0x00, 0x00, /* 行 2 */
    0x00, 0x00, 0x00, 0x00, 0x00, 0x00, 0x00, 0x00, 0x00, 0xb4, 0xff, 0xff, 0x58, 0x00, 0x00, 0x00, 0x00, 0x00, 0x00, 0x00, 0x00, 0x00, /* 行 3 */
    0x00, 0x00, 0x00, 0x00, 0x00, 0x00, 0x00, 0x00, 0x00, 0xb4, 0xff, 0xff, 0x58, 0x00, 0x00, 0x00, 0x00, 0x00, 0x00, 0x00, 0x00, 0x00, /* 行 4 */
    0x00, 0x00, 0x00, 0x00, 0x00, 0x00, 0x00, 0x00, 0x00, 0xb4, 0xff, 0xff, 0x58, 0x00, 0x00, 0x00, 0x00, 0x00, 0x00, 0x00, 0x00, 0x00, /* 行 5 */
    0x00, 0x00, 0x00, 0x00, 0x00, 0x00, 0x00, 0x00, 0x00, 0xb4, 0xff, 0xff, 0x58, 0x00, 0x00, 0x00, 0x00, 0x00, 0x00, 0x00, 0x00, 0x00, /* 行 6 */
    0x00, 0x00, 0x00, 0x00, 0x00, 0x00, 0x00, 0x00, 0x00, 0xb4, 0xff, 0xff, 0x58, 0x00, 0x00, 0x00, 0x00, 0x00, 0x00, 0x00, 0x00, 0x00, /* 行 7 */
    0x00, 0x00, 0x00, 0x00, 0x00, 0x00, 0x00, 0x00, 0x00, 0xb4, 0xff, 0xff, 0x58, 0x00, 0x00, 0x00, 0x00, 0x00, 0x00, 0x00, 0x00, 0x00, /* 行 8 */
    0x00, 0x00, 0x00, 0x00, 0x00, 0x00, 0x00, 0x00, 0x00, 0xb4, 0xff, 0xff, 0x58, 0x00, 0x00, 0x00, 0x00, 0x00, 0x00, 0x00, 0x00, 0x00, /* 行 9 */
    0xb8, 0xff, 0xff, 0xff, 0xff, 0xff, 0xff, 0xff, 0xff, 0xff, 0xff, 0xff, 0xff, 0xff, 0xff, 0xff, 0xff, 0xff, 0xff, 0xff, 0xff, 0x68, /* 行10 */
    0xb8, 0xff, 0xff, 0xff, 0xff, 0xff, 0xff, 0xff, 0xff, 0xff, 0xff, 0xff, 0xff, 0xff, 0xff, 0xff, 0xff, 0xff, 0xff, 0xff, 0xff, 0x68, /* 行11 */
    0xb8, 0xff, 0xff, 0xff, 0xff, 0xff, 0xff, 0xff, 0xff, 0xff, 0xff, 0xff, 0xff, 0xff, 0xff, 0xff, 0xff, 0xff, 0xff, 0xff, 0xff, 0x68, /* 行12 */
    0x05, 0x08, 0x08, 0x08, 0x08, 0x08, 0x08, 0x08, 0x08, 0xb6, 0xff, 0xff, 0x5d, 0x08, 0x08, 0x08, 0x08, 0x08, 0x08, 0x08, 0x08, 0x03, /* 行13 */
    0x00, 0x00, 0x00, 0x00, 0x00, 0x00, 0x00, 0x00, 0x00, 0xb4, 0xff, 0xff, 0x58, 0x00, 0x00, 0x00, 0x00, 0x00, 0x00, 0x00, 0x00, 0x00, /* 行14 */
    0x00, 0x00, 0x00, 0x00, 0x00, 0x00, 0x00, 0x00, 0x00, 0xb4, 0xff, 0xff, 0x58, 0x00, 0x00, 0x00, 0x00, 0x00, 0x00, 0x00, 0x00, 0x00, /* 行15 */
    0x00, 0x00, 0x00, 0x00, 0x00, 0x00, 0x00, 0x00, 0x00, 0xb4, 0xff, 0xff, 0x58, 0x00, 0x00, 0x00, 0x00, 0x00, 0x00, 0x00, 0x00, 0x00, /* 行16 */
    0x00, 0x00, 0x00, 0x00, 0x00, 0x00, 0x00, 0x00, 0x00, 0xb4, 0xff, 0xff, 0x58, 0x00, 0x00, 0x00, 0x00, 0x00, 0x00, 0x00, 0x00, 0x00, /* 行17 */
    0x00, 0x00, 0x00, 0x00, 0x00, 0x00, 0x00, 0x00, 0x00, 0xb4, 0xff, 0xff, 0x58, 0x00, 0x00, 0x00, 0x00, 0x00, 0x00, 0x00, 0x00, 0x00, /* 行18 */
    0x00, 0x00, 0x00, 0x00, 0x00, 0x00, 0x00, 0x00, 0x00, 0xb4, 0xff, 0xff, 0x58, 0x00, 0x00, 0x00, 0x00, 0x00, 0x00, 0x00, 0x00, 0x00, /* 行19 */
    0x00, 0x00, 0x00, 0x00, 0x00, 0x00, 0x00, 0x00, 0x00, 0xb4, 0xff, 0xff, 0x58, 0x00, 0x00, 0x00, 0x00, 0x00, 0x00, 0x00, 0x00, 0x00, /* 行20 */
    0x00, 0x00, 0x00, 0x00, 0x00, 0x00, 0x00, 0x00, 0x00, 0xb4, 0xff, 0xff, 0x58, 0x00, 0x00, 0x00, 0x00, 0x00, 0x00, 0x00, 0x00, 0x00, /* 行21 */
    0x00, 0x00, 0x00, 0x00, 0x00, 0x00, 0x00, 0x00, 0x00, 0x46, 0x64, 0x64, 0x22, 0x00, 0x00, 0x00, 0x00, 0x00, 0x00, 0x00, 0x00, 0x00, /* 行22 */
};

/* 字符  44: ,    */
/*
 *     ▒▒████████  
 *     ▓▓██████▓▓  
 *     ▓▓██████▒▒  
 *     ████████░░  
 *   ░░████████    
 *   ▒▒██████▒▒    
 *   ▓▓██████░░    
 *   ██████▓▓      
 * ░░██████░░      
 * ░░██████        
 * ▒▒████▒▒        
 */
static const unsigned char open_sans_45px_char_044_bitmap[] = {
    0x00, 0x00, 0x64, 0xff, 0xff, 0xff, 0xe5, 0x00, /* 行 0 */
    0x00, 0x00, 0x8d, 0xff, 0xff, 0xff, 0xb8, 0x00, /* 行 1 */
    0x00, 0x00, 0xbc, 0xff, 0xff, 0xff, 0x6d, 0x00, /* 行 2 */
    0x00, 0x00, 0xed, 0xff, 0xff, 0xfe, 0x1c, 0x00, /* 行 3 */
    0x00, 0x22, 0xff, 0xff, 0xff, 0xc1, 0x00, 0x00, /* 行 4 */
    0x00, 0x57, 0xff, 0xff, 0xff, 0x67, 0x00, 0x00, /* 行 5 */
    0x00, 0x8e, 0xff, 0xff, 0xf5, 0x0f, 0x00, 0x00, /* 行 6 */
    0x00, 0xc7, 0xff, 0xff, 0xa0, 0x00, 0x00, 0x00, /* 行 7 */
    0x07, 0xf8, 0xff, 0xff, 0x3a, 0x00, 0x00, 0x00, /* 行 8 */
    0x3d, 0xff, 0xff, 0xcb, 0x00, 0x00, 0x00, 0x00, /* 行 9 */
    0x7c, 0xff, 0xff, 0x5b, 0x00, 0x00, 0x00, 0x00, /* 行10 */
};

/* 字符  45: -    */
/*
 * ░░████████████████████▓▓
 * ░░████████████████████▓▓
 * ░░████████████████████▓▓
 * ░░▒▒▒▒▒▒▒▒▒▒▒▒▒▒▒▒▒▒▒▒░░
 */
static const unsigned char open_sans_45px_char_045_bitmap[] = {
    0x28, 0xff, 0xff, 0xff, 0xff, 0xff, 0xff, 0xff, 0xff, 0xff, 0xff, 0xa4, /* 行 0 */
    0x28, 0xff, 0xff, 0xff, 0xff, 0xff, 0xff, 0xff, 0xff, 0xff, 0xff, 0xa4, /* 行 1 */
    0x28, 0xff, 0xff, 0xff, 0xff, 0xff, 0xff, 0xff, 0xff, 0xff, 0xff, 0xa4, /* 行 2 */
    0x0d, 0x58, 0x58, 0x58, 0x58, 0x58, 0x58, 0x58, 0x58, 0x58, 0x58, 0x38, /* 行 3 */
};

/* 字符  46: .    */
/*
 * ░░▓▓████▒▒  
 * ▒▒████████▒▒
 * ▓▓████████▓▓
 * ▓▓████████▓▓
 * ▒▒████████▒▒
 * ░░▓▓████▓▓  
 */
static const unsigned char open_sans_45px_char_046_bitmap[] = {
    0x01, 0x85, 0xe0, 0xdb, 0x77, 0x00, /* 行 0 */
    0x58, 0xff, 0xff, 0xff, 0xff, 0x4d, /* 行 1 */
    0x96, 0xff, 0xff, 0xff, 0xff, 0x90, /* 行 2 */
    0x98, 0xff, 0xff, 0xff, 0xff, 0x92, /* 行 3 */
    0x5f, 0xff, 0xff, 0xff, 0xff, 0x51, /* 行 4 */
    0x02, 0x91, 0xed, 0xe8, 0x80, 0x00, /* 行 5 */
};

/* 字符  47: /    */
/*
 *                         ████████░░
 *                       ░░██████▓▓  
 *                       ▓▓██████░░  
 *                     ░░████████    
 *                     ▒▒██████▒▒    
 *                     ▓▓██████░░    
 *                   ░░██████▓▓      
 *                   ▒▒██████▒▒      
 *                   ████████░░      
 *                 ░░██████▓▓        
 *                 ▓▓██████░░        
 *               ░░████████          
 *               ▒▒██████▒▒          
 *               ▓▓██████░░          
 *             ░░██████▓▓            
 *             ▒▒██████▒▒            
 *             ████████░░            
 *           ░░██████▓▓              
 *           ▓▓██████░░              
 *         ░░████████                
 *         ▒▒██████▒▒                
 *         ▓▓██████░░                
 *       ░░██████▓▓                  
 *       ▒▒██████▒▒                  
 *       ████████░░                  
 *     ░░██████▓▓                    
 *     ▓▓██████░░                    
 *   ░░████████                      
 *   ▒▒██████▒▒                      
 *   ▓▓██████░░                      
 * ░░██████▓▓                        
 * ▒▒██████▒▒                        
 */
static const unsigned char open_sans_45px_char_047_bitmap[] = {
    0x00, 0x00, 0x00, 0x00, 0x00, 0x00, 0x00, 0x00, 0x00, 0x00, 0x00, 0x00, 0xc4, 0xff, 0xff, 0xde, 0x01, /* 行 0 */
    0x00, 0x00, 0x00, 0x00, 0x00, 0x00, 0x00, 0x00, 0x00, 0x00, 0x00, 0x24, 0xff, 0xff, 0xff, 0x80, 0x00, /* 行 1 */
    0x00, 0x00, 0x00, 0x00, 0x00, 0x00, 0x00, 0x00, 0x00, 0x00, 0x00, 0x84, 0xff, 0xff, 0xfe, 0x21, 0x00, /* 行 2 */
    0x00, 0x00, 0x00, 0x00, 0x00, 0x00, 0x00, 0x00, 0x00, 0x00, 0x02, 0xe1, 0xff, 0xff, 0xc0, 0x00, 0x00, /* 行 3 */
    0x00, 0x00, 0x00, 0x00, 0x00, 0x00, 0x00, 0x00, 0x00, 0x00, 0x44, 0xff, 0xff, 0xff, 0x60, 0x00, 0x00, /* 行 4 */
    0x00, 0x00, 0x00, 0x00, 0x00, 0x00, 0x00, 0x00, 0x00, 0x00, 0xa4, 0xff, 0xff, 0xf4, 0x0c, 0x00, 0x00, /* 行 5 */
    0x00, 0x00, 0x00, 0x00, 0x00, 0x00, 0x00, 0x00, 0x00, 0x0d, 0xf5, 0xff, 0xff, 0xa0, 0x00, 0x00, 0x00, /* 行 6 */
    0x00, 0x00, 0x00, 0x00, 0x00, 0x00, 0x00, 0x00, 0x00, 0x64, 0xff, 0xff, 0xff, 0x40, 0x00, 0x00, 0x00, /* 行 7 */
    0x00, 0x00, 0x00, 0x00, 0x00, 0x00, 0x00, 0x00, 0x00, 0xc3, 0xff, 0xff, 0xdf, 0x01, 0x00, 0x00, 0x00, /* 行 8 */
    0x00, 0x00, 0x00, 0x00, 0x00, 0x00, 0x00, 0x00, 0x23, 0xff, 0xff, 0xff, 0x81, 0x00, 0x00, 0x00, 0x00, /* 行 9 */
    0x00, 0x00, 0x00, 0x00, 0x00, 0x00, 0x00, 0x00, 0x83, 0xff, 0xff, 0xfe, 0x22, 0x00, 0x00, 0x00, 0x00, /* 行10 */
    0x00, 0x00, 0x00, 0x00, 0x00, 0x00, 0x00, 0x01, 0xe0, 0xff, 0xff, 0xc1, 0x00, 0x00, 0x00, 0x00, 0x00, /* 行11 */
    0x00, 0x00, 0x00, 0x00, 0x00, 0x00, 0x00, 0x43, 0xff, 0xff, 0xff, 0x61, 0x00, 0x00, 0x00, 0x00, 0x00, /* 行12 */
    0x00, 0x00, 0x00, 0x00, 0x00, 0x00, 0x00, 0xa3, 0xff, 0xff, 0xf4, 0x0c, 0x00, 0x00, 0x00, 0x00, 0x00, /* 行13 */
    0x00, 0x00, 0x00, 0x00, 0x00, 0x00, 0x0d, 0xf5, 0xff, 0xff, 0xa1, 0x00, 0x00, 0x00, 0x00, 0x00, 0x00, /* 行14 */
    0x00, 0x00, 0x00, 0x00, 0x00, 0x00, 0x63, 0xff, 0xff, 0xff, 0x41, 0x00, 0x00, 0x00, 0x00, 0x00, 0x00, /* 行15 */
    0x00, 0x00, 0x00, 0x00, 0x00, 0x00, 0xc2, 0xff, 0xff, 0xe0, 0x01, 0x00, 0x00, 0x00, 0x00, 0x00, 0x00, /* 行16 */
    0x00, 0x00, 0x00, 0x00, 0x00, 0x22, 0xfe, 0xff, 0xff, 0x82, 0x00, 0x00, 0x00, 0x00, 0x00, 0x00, 0x00, /* 行17 */
    0x00, 0x00, 0x00, 0x00, 0x00, 0x82, 0xff, 0xff, 0xff, 0x23, 0x00, 0x00, 0x00, 0x00, 0x00, 0x00, 0x00, /* 行18 */
    0x00, 0x00, 0x00, 0x00, 0x01, 0xe0, 0xff, 0xff, 0xc2, 0x00, 0x00, 0x00, 0x00, 0x00, 0x00, 0x00, 0x00, /* 行19 */
    0x00, 0x00, 0x00, 0x00, 0x42, 0xff, 0xff, 0xff, 0x62, 0x00, 0x00, 0x00, 0x00, 0x00, 0x00, 0x00, 0x00, /* 行20 */
    0x00, 0x00, 0x00, 0x00, 0xa2, 0xff, 0xff, 0xf5, 0x0d, 0x00, 0x00, 0x00, 0x00, 0x00, 0x00, 0x00, 0x00, /* 行21 */
    0x00, 0x00, 0x00, 0x0c, 0xf4, 0xff, 0xff, 0xa2, 0x00, 0x00, 0x00, 0x00, 0x00, 0x00, 0x00, 0x00, 0x00, /* 行22 */
    0x00, 0x00, 0x00, 0x62, 0xff, 0xff, 0xff, 0x42, 0x00, 0x00, 0x00, 0x00, 0x00, 0x00, 0x00, 0x00, 0x00, /* 行23 */
    0x00, 0x00, 0x00, 0xc1, 0xff, 0xff, 0xe1, 0x01, 0x00, 0x00, 0x00, 0x00, 0x00, 0x00, 0x00, 0x00, 0x00, /* 行24 */
    0x00, 0x00, 0x22, 0xfe, 0xff, 0xff, 0x83, 0x00, 0x00, 0x00, 0x00, 0x00, 0x00, 0x00, 0x00, 0x00, 0x00, /* 行25 */
    0x00, 0x00, 0x81, 0xff, 0xff, 0xff, 0x24, 0x00, 0x00, 0x00, 0x00, 0x00, 0x00, 0x00, 0x00, 0x00, 0x00, /* 行26 */
    0x00, 0x01, 0xdf, 0xff, 0xff, 0xc3, 0x00, 0x00, 0x00, 0x00, 0x00, 0x00, 0x00, 0x00, 0x00, 0x00, 0x00, /* 行27 */
    0x00, 0x41, 0xff, 0xff, 0xff, 0x63, 0x00, 0x00, 0x00, 0x00, 0x00, 0x00, 0x00, 0x00, 0x00, 0x00, 0x00, /* 行28 */
    0x00, 0xa1, 0xff, 0xff, 0xf5, 0x0d, 0x00, 0x00, 0x00, 0x00, 0x00, 0x00, 0x00, 0x00, 0x00, 0x00, 0x00, /* 行29 */
    0x0c, 0xf4, 0xff, 0xff, 0xa3, 0x00, 0x00, 0x00, 0x00, 0x00, 0x00, 0x00, 0x00, 0x00, 0x00, 0x00, 0x00, /* 行30 */
    0x60, 0xff, 0xff, 0xff, 0x43, 0x00, 0x00, 0x00, 0x00, 0x00, 0x00, 0x00, 0x00, 0x00, 0x00, 0x00, 0x00, /* 行31 */
};

/* 字符  48: 0    */
/*
 *             ░░▒▒██████████▓▓▒▒░░            
 *         ░░▓▓████████████████████▒▒          
 *       ░░██████████████████████████▒▒        
 *     ░░██████████▓▓▒▒░░▒▒▒▒██████████▒▒      
 *     ▒▒████████░░            ▒▒████████░░    
 *   ░░████████░░                ▒▒██████▒▒    
 *   ▒▒██████▒▒                  ░░████████░░  
 *   ▓▓██████░░                    ▒▒██████▒▒  
 * ░░██████▓▓                      ░░██████▓▓  
 * ░░██████▓▓                        ████████  
 * ▒▒██████▒▒                        ▓▓██████░░
 * ▓▓██████░░                        ▓▓██████░░
 * ▓▓██████░░                        ▒▒██████▒▒
 * ▓▓██████░░                        ▒▒██████▒▒
 * ▓▓██████                          ▒▒██████▒▒
 * ████████                          ▒▒██████▒▒
 * ▓▓██████                          ▒▒██████▒▒
 * ▓▓██████                          ▒▒██████▒▒
 * ▓▓██████░░                        ▒▒██████▒▒
 * ▓▓██████░░                        ▒▒██████▒▒
 * ▒▒██████░░                        ▓▓██████░░
 * ▒▒██████▒▒                        ▓▓██████░░
 * ░░██████▓▓                        ████████  
 * ░░██████▓▓                      ░░██████▓▓  
 *   ▓▓██████░░                    ▒▒██████▒▒  
 *   ▒▒██████▒▒                    ████████░░  
 *   ░░████████░░                ▒▒██████▓▓    
 *     ▒▒████████░░            ▒▒████████░░    
 *       ▓▓████████▓▓▒▒░░░░▒▒▓▓████████▒▒      
 *       ░░▓▓████████████████████████▓▓        
 *         ░░▓▓████████████████████▒▒          
 *             ░░▒▒██████████▓▓▒▒░░            
 */
static const unsigned char open_sans_45px_char_048_bitmap[] = {
    0x00, 0x00, 0x00, 0x00, 0x00, 0x00, 0x22, 0x79, 0xc2, 0xde, 0xf7, 0xf6, 0xdd, 0xac, 0x5d, 0x07, 0x00, 0x00, 0x00, 0x00, 0x00, 0x00, /* 行 0 */
    0x00, 0x00, 0x00, 0x00, 0x0a, 0x93, 0xfe, 0xff, 0xff, 0xff, 0xff, 0xff, 0xff, 0xff, 0xff, 0xe2, 0x49, 0x00, 0x00, 0x00, 0x00, 0x00, /* 行 1 */
    0x00, 0x00, 0x00, 0x12, 0xd5, 0xff, 0xff, 0xff, 0xff, 0xff, 0xff, 0xff, 0xff, 0xff, 0xff, 0xff, 0xfe, 0x6c, 0x00, 0x00, 0x00, 0x00, /* 行 2 */
    0x00, 0x00, 0x06, 0xc1, 0xff, 0xff, 0xff, 0xf6, 0xa0, 0x54, 0x36, 0x40, 0x65, 0xc1, 0xff, 0xff, 0xff, 0xfe, 0x4f, 0x00, 0x00, 0x00, /* 行 3 */
    0x00, 0x00, 0x7c, 0xff, 0xff, 0xff, 0xda, 0x29, 0x00, 0x00, 0x00, 0x00, 0x00, 0x00, 0x5f, 0xf8, 0xff, 0xff, 0xea, 0x0c, 0x00, 0x00, /* 行 4 */
    0x00, 0x0e, 0xf1, 0xff, 0xff, 0xf3, 0x23, 0x00, 0x00, 0x00, 0x00, 0x00, 0x00, 0x00, 0x00, 0x6d, 0xff, 0xff, 0xff, 0x7d, 0x00, 0x00, /* 行 5 */
    0x00, 0x6a, 0xff, 0xff, 0xff, 0x78, 0x00, 0x00, 0x00, 0x00, 0x00, 0x00, 0x00, 0x00, 0x00, 0x01, 0xcd, 0xff, 0xff, 0xf0, 0x08, 0x00, /* 行 6 */
    0x00, 0xbf, 0xff, 0xff, 0xf8, 0x14, 0x00, 0x00, 0x00, 0x00, 0x00, 0x00, 0x00, 0x00, 0x00, 0x00, 0x64, 0xff, 0xff, 0xff, 0x4c, 0x00, /* 行 7 */
    0x09, 0xf9, 0xff, 0xff, 0xbc, 0x00, 0x00, 0x00, 0x00, 0x00, 0x00, 0x00, 0x00, 0x00, 0x00, 0x00, 0x12, 0xfe, 0xff, 0xff, 0x9c, 0x00, /* 行 8 */
    0x39, 0xff, 0xff, 0xff, 0x81, 0x00, 0x00, 0x00, 0x00, 0x00, 0x00, 0x00, 0x00, 0x00, 0x00, 0x00, 0x00, 0xd6, 0xff, 0xff, 0xdc, 0x00, /* 行 9 */
    0x65, 0xff, 0xff, 0xff, 0x50, 0x00, 0x00, 0x00, 0x00, 0x00, 0x00, 0x00, 0x00, 0x00, 0x00, 0x00, 0x00, 0xa2, 0xff, 0xff, 0xfd, 0x08, /* 行10 */
    0x86, 0xff, 0xff, 0xff, 0x32, 0x00, 0x00, 0x00, 0x00, 0x00, 0x00, 0x00, 0x00, 0x00, 0x00, 0x00, 0x00, 0x84, 0xff, 0xff, 0xff, 0x2e, /* 行11 */
    0xa0, 0xff, 0xff, 0xff, 0x14, 0x00, 0x00, 0x00, 0x00, 0x00, 0x00, 0x00, 0x00, 0x00, 0x00, 0x00, 0x00, 0x67, 0xff, 0xff, 0xff, 0x50, /* 行12 */
    0xb1, 0xff, 0xff, 0xff, 0x04, 0x00, 0x00, 0x00, 0x00, 0x00, 0x00, 0x00, 0x00, 0x00, 0x00, 0x00, 0x00, 0x56, 0xff, 0xff, 0xff, 0x5e, /* 行13 */
    0xbc, 0xff, 0xff, 0xfc, 0x00, 0x00, 0x00, 0x00, 0x00, 0x00, 0x00, 0x00, 0x00, 0x00, 0x00, 0x00, 0x00, 0x4d, 0xff, 0xff, 0xff, 0x6a, /* 行14 */
    0xc1, 0xff, 0xff, 0xf4, 0x00, 0x00, 0x00, 0x00, 0x00, 0x00, 0x00, 0x00, 0x00, 0x00, 0x00, 0x00, 0x00, 0x44, 0xff, 0xff, 0xff, 0x76, /* 行15 */
    0xbe, 0xff, 0xff, 0xf3, 0x00, 0x00, 0x00, 0x00, 0x00, 0x00, 0x00, 0x00, 0x00, 0x00, 0x00, 0x00, 0x00, 0x45, 0xff, 0xff, 0xff, 0x78, /* 行16 */
    0xb3, 0xff, 0xff, 0xfc, 0x00, 0x00, 0x00, 0x00, 0x00, 0x00, 0x00, 0x00, 0x00, 0x00, 0x00, 0x00, 0x00, 0x4d, 0xff, 0xff, 0xff, 0x73, /* 行17 */
    0xa7, 0xff, 0xff, 0xff, 0x04, 0x00, 0x00, 0x00, 0x00, 0x00, 0x00, 0x00, 0x00, 0x00, 0x00, 0x00, 0x00, 0x56, 0xff, 0xff, 0xff, 0x66, /* 行18 */
    0x99, 0xff, 0xff, 0xff, 0x14, 0x00, 0x00, 0x00, 0x00, 0x00, 0x00, 0x00, 0x00, 0x00, 0x00, 0x00, 0x00, 0x67, 0xff, 0xff, 0xff, 0x55, /* 行19 */
    0x79, 0xff, 0xff, 0xff, 0x32, 0x00, 0x00, 0x00, 0x00, 0x00, 0x00, 0x00, 0x00, 0x00, 0x00, 0x00, 0x00, 0x84, 0xff, 0xff, 0xff, 0x3a, /* 行20 */
    0x50, 0xff, 0xff, 0xff, 0x50, 0x00, 0x00, 0x00, 0x00, 0x00, 0x00, 0x00, 0x00, 0x00, 0x00, 0x00, 0x00, 0xa2, 0xff, 0xff, 0xff, 0x19, /* 行21 */
    0x27, 0xff, 0xff, 0xff, 0x81, 0x00, 0x00, 0x00, 0x00, 0x00, 0x00, 0x00, 0x00, 0x00, 0x00, 0x00, 0x00, 0xd5, 0xff, 0xff, 0xec, 0x00, /* 行22 */
    0x01, 0xe7, 0xff, 0xff, 0xbc, 0x00, 0x00, 0x00, 0x00, 0x00, 0x00, 0x00, 0x00, 0x00, 0x00, 0x00, 0x12, 0xfe, 0xff, 0xff, 0xb4, 0x00, /* 行23 */
    0x00, 0x9b, 0xff, 0xff, 0xf8, 0x13, 0x00, 0x00, 0x00, 0x00, 0x00, 0x00, 0x00, 0x00, 0x00, 0x00, 0x63, 0xff, 0xff, 0xff, 0x6f, 0x00, /* 行24 */
    0x00, 0x49, 0xff, 0xff, 0xff, 0x76, 0x00, 0x00, 0x00, 0x00, 0x00, 0x00, 0x00, 0x00, 0x00, 0x00, 0xcb, 0xff, 0xff, 0xfd, 0x1c, 0x00, /* 行25 */
    0x00, 0x01, 0xce, 0xff, 0xff, 0xf1, 0x21, 0x00, 0x00, 0x00, 0x00, 0x00, 0x00, 0x00, 0x00, 0x69, 0xff, 0xff, 0xff, 0xaf, 0x00, 0x00, /* 行26 */
    0x00, 0x00, 0x4a, 0xff, 0xff, 0xff, 0xd6, 0x24, 0x00, 0x00, 0x00, 0x00, 0x00, 0x00, 0x58, 0xf7, 0xff, 0xff, 0xfc, 0x2d, 0x00, 0x00, /* 行27 */
    0x00, 0x00, 0x00, 0xa4, 0xff, 0xff, 0xff, 0xf3, 0x97, 0x4b, 0x2e, 0x36, 0x5c, 0xb9, 0xff, 0xff, 0xff, 0xff, 0x74, 0x00, 0x00, 0x00, /* 行28 */
    0x00, 0x00, 0x00, 0x08, 0xb9, 0xff, 0xff, 0xff, 0xff, 0xff, 0xff, 0xff, 0xff, 0xff, 0xff, 0xff, 0xff, 0x95, 0x00, 0x00, 0x00, 0x00, /* 行29 */
    0x00, 0x00, 0x00, 0x00, 0x04, 0x84, 0xf9, 0xff, 0xff, 0xff, 0xff, 0xff, 0xff, 0xff, 0xff, 0xee, 0x5c, 0x00, 0x00, 0x00, 0x00, 0x00, /* 行30 */
    0x00, 0x00, 0x00, 0x00, 0x00, 0x00, 0x1b, 0x7c, 0xc1, 0xea, 0xfb, 0xef, 0xd6, 0xb0, 0x5d, 0x0e, 0x00, 0x00, 0x00, 0x00, 0x00, 0x00, /* 行31 */
};

/* 字符  49: 1    */
/*
 *               ░░██████▓▓
 *             ▒▒████████▓▓
 *         ░░▓▓██████████▓▓
 *       ░░██████████████▓▓
 *     ▒▒████████▓▓▓▓████▓▓
 * ░░▓▓████████▒▒  ██████▓▓
 * ▓▓████████░░    ██████▓▓
 * ░░██████░░      ██████▓▓
 *   ▒▒▓▓░░        ██████▓▓
 *                 ██████▓▓
 *                 ██████▓▓
 *                 ██████▓▓
 *                 ██████▓▓
 *                 ██████▓▓
 *                 ██████▓▓
 *                 ██████▓▓
 *                 ██████▓▓
 *                 ██████▓▓
 *                 ██████▓▓
 *                 ██████▓▓
 *                 ██████▓▓
 *                 ██████▓▓
 *                 ██████▓▓
 *                 ██████▓▓
 *                 ██████▓▓
 *                 ██████▓▓
 *                 ██████▓▓
 *                 ██████▓▓
 *                 ██████▓▓
 *                 ██████▓▓
 *                 ██████▓▓
 *                 ██████▓▓
 */
static const unsigned char open_sans_45px_char_049_bitmap[] = {
    0x00, 0x00, 0x00, 0x00, 0x00, 0x00, 0x00, 0x2b, 0xd7, 0xff, 0xff, 0xb4, /* 行 0 */
    0x00, 0x00, 0x00, 0x00, 0x00, 0x00, 0x5c, 0xf5, 0xff, 0xff, 0xff, 0xb4, /* 行 1 */
    0x00, 0x00, 0x00, 0x00, 0x07, 0x98, 0xff, 0xff, 0xff, 0xff, 0xff, 0xb4, /* 行 2 */
    0x00, 0x00, 0x00, 0x21, 0xcd, 0xff, 0xff, 0xff, 0xfa, 0xff, 0xff, 0xb4, /* 行 3 */
    0x00, 0x00, 0x4e, 0xef, 0xff, 0xff, 0xff, 0x8f, 0xb6, 0xff, 0xff, 0xb4, /* 行 4 */
    0x03, 0x89, 0xfe, 0xff, 0xff, 0xfa, 0x68, 0x00, 0xc2, 0xff, 0xff, 0xb4, /* 行 5 */
    0x9c, 0xff, 0xff, 0xff, 0xea, 0x3e, 0x00, 0x00, 0xcc, 0xff, 0xff, 0xb4, /* 行 6 */
    0x29, 0xf3, 0xff, 0xcd, 0x1e, 0x00, 0x00, 0x00, 0xd2, 0xff, 0xff, 0xb4, /* 行 7 */
    0x00, 0x54, 0xa4, 0x09, 0x00, 0x00, 0x00, 0x00, 0xd6, 0xff, 0xff, 0xb4, /* 行 8 */
    0x00, 0x00, 0x00, 0x00, 0x00, 0x00, 0x00, 0x00, 0xd8, 0xff, 0xff, 0xb4, /* 行 9 */
    0x00, 0x00, 0x00, 0x00, 0x00, 0x00, 0x00, 0x00, 0xd8, 0xff, 0xff, 0xb4, /* 行10 */
    0x00, 0x00, 0x00, 0x00, 0x00, 0x00, 0x00, 0x00, 0xd8, 0xff, 0xff, 0xb4, /* 行11 */
    0x00, 0x00, 0x00, 0x00, 0x00, 0x00, 0x00, 0x00, 0xd8, 0xff, 0xff, 0xb4, /* 行12 */
    0x00, 0x00, 0x00, 0x00, 0x00, 0x00, 0x00, 0x00, 0xd8, 0xff, 0xff, 0xb4, /* 行13 */
    0x00, 0x00, 0x00, 0x00, 0x00, 0x00, 0x00, 0x00, 0xd8, 0xff, 0xff, 0xb4, /* 行14 */
    0x00, 0x00, 0x00, 0x00, 0x00, 0x00, 0x00, 0x00, 0xd8, 0xff, 0xff, 0xb4, /* 行15 */
    0x00, 0x00, 0x00, 0x00, 0x00, 0x00, 0x00, 0x00, 0xd8, 0xff, 0xff, 0xb4, /* 行16 */
    0x00, 0x00, 0x00, 0x00, 0x00, 0x00, 0x00, 0x00, 0xd8, 0xff, 0xff, 0xb4, /* 行17 */
    0x00, 0x00, 0x00, 0x00, 0x00, 0x00, 0x00, 0x00, 0xd8, 0xff, 0xff, 0xb4, /* 行18 */
    0x00, 0x00, 0x00, 0x00, 0x00, 0x00, 0x00, 0x00, 0xd8, 0xff, 0xff, 0xb4, /* 行19 */
    0x00, 0x00, 0x00, 0x00, 0x00, 0x00, 0x00, 0x00, 0xd8, 0xff, 0xff, 0xb4, /* 行20 */
    0x00, 0x00, 0x00, 0x00, 0x00, 0x00, 0x00, 0x00, 0xd8, 0xff, 0xff, 0xb4, /* 行21 */
    0x00, 0x00, 0x00, 0x00, 0x00, 0x00, 0x00, 0x00, 0xd8, 0xff, 0xff, 0xb4, /* 行22 */
    0x00, 0x00, 0x00, 0x00, 0x00, 0x00, 0x00, 0x00, 0xd8, 0xff, 0xff, 0xb4, /* 行23 */
    0x00, 0x00, 0x00, 0x00, 0x00, 0x00, 0x00, 0x00, 0xd8, 0xff, 0xff, 0xb4, /* 行24 */
    0x00, 0x00, 0x00, 0x00, 0x00, 0x00, 0x00, 0x00, 0xd8, 0xff, 0xff, 0xb4, /* 行25 */
    0x00, 0x00, 0x00, 0x00, 0x00, 0x00, 0x00, 0x00, 0xd8, 0xff, 0xff, 0xb4, /* 行26 */
    0x00, 0x00, 0x00, 0x00, 0x00, 0x00, 0x00, 0x00, 0xd8, 0xff, 0xff, 0xb4, /* 行27 */
    0x00, 0x00, 0x00, 0x00, 0x00, 0x00, 0x00, 0x00, 0xd8, 0xff, 0xff, 0xb4, /* 行28 */
    0x00, 0x00, 0x00, 0x00, 0x00, 0x00, 0x00, 0x00, 0xd8, 0xff, 0xff, 0xb4, /* 行29 */
    0x00, 0x00, 0x00, 0x00, 0x00, 0x00, 0x00, 0x00, 0xd8, 0xff, 0xff, 0xb4, /* 行30 */
    0x00, 0x00, 0x00, 0x00, 0x00, 0x00, 0x00, 0x00, 0xd8, 0xff, 0xff, 0xb4, /* 行31 */
};

/* 字符  50: 2    */
/*
 *           ░░▒▒▓▓██████████▓▓▒▒░░            
 *       ░░▓▓██████████████████████▒▒          
 *   ░░▓▓████████████████████████████▓▓        
 * ░░████████████▓▓▒▒░░░░░░▒▒██████████▒▒      
 * ░░████████▒▒              ░░▓▓████████░░    
 *   ░░██▒▒░░                    ▓▓██████▒▒    
 *     ░░                        ░░████████    
 *                                 ████████    
 *                                 ████████    
 *                                 ████████    
 *                               ░░██████▓▓    
 *                               ▒▒██████▒▒    
 *                               ▓▓██████░░    
 *                             ░░██████▓▓      
 *                           ░░████████░░      
 *                           ▓▓██████▒▒        
 *                         ▒▒██████▓▓░░        
 *                       ▒▒████████░░          
 *                     ▒▒████████░░            
 *                   ▒▒████████░░              
 *                 ▒▒████████░░                
 *               ▒▒████████░░                  
 *             ▒▒████████░░                    
 *           ▒▒████████░░                      
 *         ▒▒████████░░                        
 *       ▒▒████████░░                          
 *     ▒▒████████░░                            
 *   ▒▒██████▓▓░░                              
 * ▒▒████████▒▒▒▒▒▒▒▒▒▒▒▒▒▒▒▒▒▒▒▒▒▒▒▒▒▒▒▒▒▒▒▒░░
 * ██████████████████████████████████████████▒▒
 * ██████████████████████████████████████████▒▒
 * ██████████████████████████████████████████▒▒
 */
static const unsigned char open_sans_45px_char_050_bitmap[] = {
    0x00, 0x00, 0x00, 0x00, 0x00, 0x24, 0x6c, 0xb2, 0xd6, 0xed, 0xfa, 0xea, 0xd2, 0x9c, 0x57, 0x05, 0x00, 0x00, 0x00, 0x00, 0x00, 0x00, /* 行 0 */
    0x00, 0x00, 0x00, 0x38, 0xb5, 0xff, 0xff, 0xff, 0xff, 0xff, 0xff, 0xff, 0xff, 0xff, 0xff, 0xe5, 0x56, 0x00, 0x00, 0x00, 0x00, 0x00, /* 行 1 */
    0x00, 0x0f, 0xa4, 0xff, 0xff, 0xff, 0xff, 0xff, 0xff, 0xff, 0xff, 0xff, 0xff, 0xff, 0xff, 0xff, 0xff, 0x8d, 0x00, 0x00, 0x00, 0x00, /* 行 2 */
    0x22, 0xdf, 0xff, 0xff, 0xff, 0xff, 0xd3, 0x89, 0x4c, 0x33, 0x25, 0x38, 0x6e, 0xd2, 0xff, 0xff, 0xff, 0xff, 0x72, 0x00, 0x00, 0x00, /* 行 3 */
    0x04, 0xc1, 0xff, 0xff, 0xce, 0x44, 0x00, 0x00, 0x00, 0x00, 0x00, 0x00, 0x00, 0x02, 0x84, 0xff, 0xff, 0xff, 0xf4, 0x1a, 0x00, 0x00, /* 行 4 */
    0x00, 0x17, 0xe2, 0x7c, 0x04, 0x00, 0x00, 0x00, 0x00, 0x00, 0x00, 0x00, 0x00, 0x00, 0x00, 0xa4, 0xff, 0xff, 0xff, 0x79, 0x00, 0x00, /* 行 5 */
    0x00, 0x00, 0x09, 0x00, 0x00, 0x00, 0x00, 0x00, 0x00, 0x00, 0x00, 0x00, 0x00, 0x00, 0x00, 0x24, 0xff, 0xff, 0xff, 0xc0, 0x00, 0x00, /* 行 6 */
    0x00, 0x00, 0x00, 0x00, 0x00, 0x00, 0x00, 0x00, 0x00, 0x00, 0x00, 0x00, 0x00, 0x00, 0x00, 0x00, 0xe3, 0xff, 0xff, 0xdf, 0x00, 0x00, /* 行 7 */
    0x00, 0x00, 0x00, 0x00, 0x00, 0x00, 0x00, 0x00, 0x00, 0x00, 0x00, 0x00, 0x00, 0x00, 0x00, 0x00, 0xcd, 0xff, 0xff, 0xee, 0x00, 0x00, /* 行 8 */
    0x00, 0x00, 0x00, 0x00, 0x00, 0x00, 0x00, 0x00, 0x00, 0x00, 0x00, 0x00, 0x00, 0x00, 0x00, 0x00, 0xdd, 0xff, 0xff, 0xde, 0x00, 0x00, /* 行 9 */
    0x00, 0x00, 0x00, 0x00, 0x00, 0x00, 0x00, 0x00, 0x00, 0x00, 0x00, 0x00, 0x00, 0x00, 0x00, 0x08, 0xf8, 0xff, 0xff, 0xb4, 0x00, 0x00, /* 行10 */
    0x00, 0x00, 0x00, 0x00, 0x00, 0x00, 0x00, 0x00, 0x00, 0x00, 0x00, 0x00, 0x00, 0x00, 0x00, 0x47, 0xff, 0xff, 0xff, 0x75, 0x00, 0x00, /* 行11 */
    0x00, 0x00, 0x00, 0x00, 0x00, 0x00, 0x00, 0x00, 0x00, 0x00, 0x00, 0x00, 0x00, 0x00, 0x00, 0xae, 0xff, 0xff, 0xfd, 0x1c, 0x00, 0x00, /* 行12 */
    0x00, 0x00, 0x00, 0x00, 0x00, 0x00, 0x00, 0x00, 0x00, 0x00, 0x00, 0x00, 0x00, 0x00, 0x32, 0xfe, 0xff, 0xff, 0xa3, 0x00, 0x00, 0x00, /* 行13 */
    0x00, 0x00, 0x00, 0x00, 0x00, 0x00, 0x00, 0x00, 0x00, 0x00, 0x00, 0x00, 0x00, 0x05, 0xd0, 0xff, 0xff, 0xf5, 0x22, 0x00, 0x00, 0x00, /* 行14 */
    0x00, 0x00, 0x00, 0x00, 0x00, 0x00, 0x00, 0x00, 0x00, 0x00, 0x00, 0x00, 0x00, 0x8e, 0xff, 0xff, 0xff, 0x6d, 0x00, 0x00, 0x00, 0x00, /* 行15 */
    0x00, 0x00, 0x00, 0x00, 0x00, 0x00, 0x00, 0x00, 0x00, 0x00, 0x00, 0x00, 0x68, 0xff, 0xff, 0xff, 0xab, 0x01, 0x00, 0x00, 0x00, 0x00, /* 行16 */
    0x00, 0x00, 0x00, 0x00, 0x00, 0x00, 0x00, 0x00, 0x00, 0x00, 0x00, 0x55, 0xfd, 0xff, 0xff, 0xd0, 0x0b, 0x00, 0x00, 0x00, 0x00, 0x00, /* 行17 */
    0x00, 0x00, 0x00, 0x00, 0x00, 0x00, 0x00, 0x00, 0x00, 0x00, 0x4b, 0xfa, 0xff, 0xff, 0xdd, 0x18, 0x00, 0x00, 0x00, 0x00, 0x00, 0x00, /* 行18 */
    0x00, 0x00, 0x00, 0x00, 0x00, 0x00, 0x00, 0x00, 0x00, 0x49, 0xf8, 0xff, 0xff, 0xe5, 0x23, 0x00, 0x00, 0x00, 0x00, 0x00, 0x00, 0x00, /* 行19 */
    0x00, 0x00, 0x00, 0x00, 0x00, 0x00, 0x00, 0x00, 0x48, 0xf8, 0xff, 0xff, 0xe4, 0x25, 0x00, 0x00, 0x00, 0x00, 0x00, 0x00, 0x00, 0x00, /* 行20 */
    0x00, 0x00, 0x00, 0x00, 0x00, 0x00, 0x00, 0x4b, 0xf8, 0xff, 0xff, 0xe3, 0x24, 0x00, 0x00, 0x00, 0x00, 0x00, 0x00, 0x00, 0x00, 0x00, /* 行21 */
    0x00, 0x00, 0x00, 0x00, 0x00, 0x00, 0x4e, 0xf9, 0xff, 0xff, 0xde, 0x21, 0x00, 0x00, 0x00, 0x00, 0x00, 0x00, 0x00, 0x00, 0x00, 0x00, /* 行22 */
    0x00, 0x00, 0x00, 0x00, 0x00, 0x51, 0xfa, 0xff, 0xff, 0xd8, 0x1b, 0x00, 0x00, 0x00, 0x00, 0x00, 0x00, 0x00, 0x00, 0x00, 0x00, 0x00, /* 行23 */
    0x00, 0x00, 0x00, 0x00, 0x53, 0xfb, 0xff, 0xff, 0xd1, 0x16, 0x00, 0x00, 0x00, 0x00, 0x00, 0x00, 0x00, 0x00, 0x00, 0x00, 0x00, 0x00, /* 行24 */
    0x00, 0x00, 0x00, 0x56, 0xfb, 0xff, 0xff, 0xca, 0x12, 0x00, 0x00, 0x00, 0x00, 0x00, 0x00, 0x00, 0x00, 0x00, 0x00, 0x00, 0x00, 0x00, /* 行25 */
    0x00, 0x00, 0x5a, 0xfc, 0xff, 0xff, 0xc3, 0x0e, 0x00, 0x00, 0x00, 0x00, 0x00, 0x00, 0x00, 0x00, 0x00, 0x00, 0x00, 0x00, 0x00, 0x00, /* 行26 */
    0x00, 0x5d, 0xfd, 0xff, 0xff, 0xbb, 0x0a, 0x00, 0x00, 0x00, 0x00, 0x00, 0x00, 0x00, 0x00, 0x00, 0x00, 0x00, 0x00, 0x00, 0x00, 0x00, /* 行27 */
    0x5f, 0xfd, 0xff, 0xff, 0xf2, 0x6b, 0x64, 0x64, 0x64, 0x64, 0x64, 0x64, 0x64, 0x64, 0x64, 0x64, 0x64, 0x64, 0x64, 0x64, 0x64, 0x1f, /* 行28 */
    0xcc, 0xff, 0xff, 0xff, 0xff, 0xff, 0xff, 0xff, 0xff, 0xff, 0xff, 0xff, 0xff, 0xff, 0xff, 0xff, 0xff, 0xff, 0xff, 0xff, 0xff, 0x50, /* 行29 */
    0xcc, 0xff, 0xff, 0xff, 0xff, 0xff, 0xff, 0xff, 0xff, 0xff, 0xff, 0xff, 0xff, 0xff, 0xff, 0xff, 0xff, 0xff, 0xff, 0xff, 0xff, 0x50, /* 行30 */
    0xcc, 0xff, 0xff, 0xff, 0xff, 0xff, 0xff, 0xff, 0xff, 0xff, 0xff, 0xff, 0xff, 0xff, 0xff, 0xff, 0xff, 0xff, 0xff, 0xff, 0xff, 0x50, /* 行31 */
};

/* 字符  51: 3    */
/*
 *         ░░▒▒▓▓████████████▓▓▒▒░░            
 *     ░░▓▓████████████████████████▓▓░░        
 * ░░▒▒████████████████████████████████░░      
 * ▓▓██████████▓▓▒▒▒▒░░░░░░▒▒▓▓██████████░░    
 * ░░██████▒▒░░                ▒▒████████▒▒    
 *   ░░▓▓░░                      ▒▒████████    
 *                               ░░████████░░  
 *                                 ▓▓██████░░  
 *                                 ▓▓██████░░  
 *                                 ████████    
 *                               ▒▒██████▓▓    
 *                             ░░████████░░    
 *                           ░░████████▓▓      
 *                 ░░░░░░▒▒▓▓████████▒▒        
 *         ░░████████████████████▓▓░░          
 *         ░░██████████████████▒▒░░            
 *         ░░████████████████████████▒▒░░      
 *         ░░░░░░░░░░░░▒▒▒▒▓▓████████████░░    
 *                             ▒▒██████████░░  
 *                               ░░████████▒▒  
 *                                 ░░████████  
 *                                   ████████░░
 *                                   ▓▓██████░░
 *                                   ████████░░
 *                                 ░░████████  
 *                                 ▒▒██████▓▓  
 * ░░                            ░░████████▒▒  
 * ██▓▓░░░░                    ░░██████████░░  
 * ████████▓▓▒▒▒▒░░░░░░░░▒▒▒▒████████████░░    
 * ████████████████████████████████████░░      
 * ▒▒██████████████████████████████▒▒░░        
 *     ░░▒▒▓▓██████████████▓▓▓▓░░░░            
 */
static const unsigned char open_sans_45px_char_051_bitmap[] = {
    0x00, 0x00, 0x00, 0x00, 0x0a, 0x49, 0x89, 0xc3, 0xdc, 0xf0, 0xfa, 0xec, 0xd7, 0xa7, 0x6b, 0x13, 0x00, 0x00, 0x00, 0x00, 0x00, 0x00, /* 行 0 */
    0x00, 0x00, 0x1e, 0x8b, 0xef, 0xff, 0xff, 0xff, 0xff, 0xff, 0xff, 0xff, 0xff, 0xff, 0xff, 0xf8, 0x8d, 0x0b, 0x00, 0x00, 0x00, 0x00, /* 行 1 */
    0x04, 0x7b, 0xf8, 0xff, 0xff, 0xff, 0xff, 0xff, 0xff, 0xff, 0xff, 0xff, 0xff, 0xff, 0xff, 0xff, 0xff, 0xd4, 0x16, 0x00, 0x00, 0x00, /* 行 2 */
    0x83, 0xff, 0xff, 0xff, 0xff, 0xf8, 0xae, 0x72, 0x42, 0x2f, 0x24, 0x35, 0x64, 0xbb, 0xff, 0xff, 0xff, 0xff, 0xca, 0x02, 0x00, 0x00, /* 行 3 */
    0x0d, 0xda, 0xff, 0xed, 0x76, 0x13, 0x00, 0x00, 0x00, 0x00, 0x00, 0x00, 0x00, 0x00, 0x4e, 0xf5, 0xff, 0xff, 0xff, 0x64, 0x00, 0x00, /* 行 4 */
    0x00, 0x30, 0x90, 0x11, 0x00, 0x00, 0x00, 0x00, 0x00, 0x00, 0x00, 0x00, 0x00, 0x00, 0x00, 0x5b, 0xff, 0xff, 0xff, 0xc1, 0x00, 0x00, /* 行 5 */
    0x00, 0x00, 0x00, 0x00, 0x00, 0x00, 0x00, 0x00, 0x00, 0x00, 0x00, 0x00, 0x00, 0x00, 0x00, 0x01, 0xe5, 0xff, 0xff, 0xfa, 0x01, 0x00, /* 行 6 */
    0x00, 0x00, 0x00, 0x00, 0x00, 0x00, 0x00, 0x00, 0x00, 0x00, 0x00, 0x00, 0x00, 0x00, 0x00, 0x00, 0xb7, 0xff, 0xff, 0xff, 0x13, 0x00, /* 行 7 */
    0x00, 0x00, 0x00, 0x00, 0x00, 0x00, 0x00, 0x00, 0x00, 0x00, 0x00, 0x00, 0x00, 0x00, 0x00, 0x00, 0xba, 0xff, 0xff, 0xff, 0x0e, 0x00, /* 行 8 */
    0x00, 0x00, 0x00, 0x00, 0x00, 0x00, 0x00, 0x00, 0x00, 0x00, 0x00, 0x00, 0x00, 0x00, 0x00, 0x00, 0xe2, 0xff, 0xff, 0xed, 0x00, 0x00, /* 行 9 */
    0x00, 0x00, 0x00, 0x00, 0x00, 0x00, 0x00, 0x00, 0x00, 0x00, 0x00, 0x00, 0x00, 0x00, 0x00, 0x43, 0xff, 0xff, 0xff, 0xa8, 0x00, 0x00, /* 行10 */
    0x00, 0x00, 0x00, 0x00, 0x00, 0x00, 0x00, 0x00, 0x00, 0x00, 0x00, 0x00, 0x00, 0x00, 0x15, 0xdb, 0xff, 0xff, 0xfe, 0x36, 0x00, 0x00, /* 行11 */
    0x00, 0x00, 0x00, 0x00, 0x00, 0x00, 0x00, 0x00, 0x00, 0x00, 0x00, 0x00, 0x00, 0x3b, 0xda, 0xff, 0xff, 0xff, 0x82, 0x00, 0x00, 0x00, /* 行12 */
    0x00, 0x00, 0x00, 0x00, 0x00, 0x00, 0x00, 0x00, 0x04, 0x12, 0x33, 0x68, 0xbd, 0xff, 0xff, 0xff, 0xfb, 0x7b, 0x00, 0x00, 0x00, 0x00, /* 行13 */
    0x00, 0x00, 0x00, 0x00, 0x08, 0xff, 0xff, 0xff, 0xff, 0xff, 0xff, 0xff, 0xff, 0xff, 0xf4, 0xa1, 0x2b, 0x00, 0x00, 0x00, 0x00, 0x00, /* 行14 */
    0x00, 0x00, 0x00, 0x00, 0x08, 0xff, 0xff, 0xff, 0xff, 0xff, 0xff, 0xff, 0xff, 0xda, 0x6b, 0x2e, 0x00, 0x00, 0x00, 0x00, 0x00, 0x00, /* 行15 */
    0x00, 0x00, 0x00, 0x00, 0x08, 0xff, 0xff, 0xff, 0xff, 0xff, 0xff, 0xff, 0xff, 0xff, 0xff, 0xff, 0xdc, 0x69, 0x05, 0x00, 0x00, 0x00, /* 行16 */
    0x00, 0x00, 0x00, 0x00, 0x01, 0x24, 0x24, 0x24, 0x28, 0x33, 0x44, 0x66, 0x96, 0xde, 0xff, 0xff, 0xff, 0xff, 0xc3, 0x14, 0x00, 0x00, /* 行17 */
    0x00, 0x00, 0x00, 0x00, 0x00, 0x00, 0x00, 0x00, 0x00, 0x00, 0x00, 0x00, 0x00, 0x00, 0x4b, 0xda, 0xff, 0xff, 0xff, 0xc2, 0x03, 0x00, /* 行18 */
    0x00, 0x00, 0x00, 0x00, 0x00, 0x00, 0x00, 0x00, 0x00, 0x00, 0x00, 0x00, 0x00, 0x00, 0x00, 0x0f, 0xcf, 0xff, 0xff, 0xff, 0x60, 0x00, /* 行19 */
    0x00, 0x00, 0x00, 0x00, 0x00, 0x00, 0x00, 0x00, 0x00, 0x00, 0x00, 0x00, 0x00, 0x00, 0x00, 0x00, 0x30, 0xff, 0xff, 0xff, 0xc1, 0x00, /* 行20 */
    0x00, 0x00, 0x00, 0x00, 0x00, 0x00, 0x00, 0x00, 0x00, 0x00, 0x00, 0x00, 0x00, 0x00, 0x00, 0x00, 0x00, 0xd8, 0xff, 0xff, 0xf9, 0x01, /* 行21 */
    0x00, 0x00, 0x00, 0x00, 0x00, 0x00, 0x00, 0x00, 0x00, 0x00, 0x00, 0x00, 0x00, 0x00, 0x00, 0x00, 0x00, 0xb8, 0xff, 0xff, 0xff, 0x10, /* 行22 */
    0x00, 0x00, 0x00, 0x00, 0x00, 0x00, 0x00, 0x00, 0x00, 0x00, 0x00, 0x00, 0x00, 0x00, 0x00, 0x00, 0x00, 0xc3, 0xff, 0xff, 0xff, 0x07, /* 行23 */
    0x00, 0x00, 0x00, 0x00, 0x00, 0x00, 0x00, 0x00, 0x00, 0x00, 0x00, 0x00, 0x00, 0x00, 0x00, 0x00, 0x02, 0xeb, 0xff, 0xff, 0xed, 0x00, /* 行24 */
    0x00, 0x00, 0x00, 0x00, 0x00, 0x00, 0x00, 0x00, 0x00, 0x00, 0x00, 0x00, 0x00, 0x00, 0x00, 0x00, 0x49, 0xff, 0xff, 0xff, 0xb1, 0x00, /* 行25 */
    0x0c, 0x00, 0x00, 0x00, 0x00, 0x00, 0x00, 0x00, 0x00, 0x00, 0x00, 0x00, 0x00, 0x00, 0x00, 0x13, 0xd9, 0xff, 0xff, 0xff, 0x5b, 0x00, /* 行26 */
    0xe4, 0x98, 0x37, 0x01, 0x00, 0x00, 0x00, 0x00, 0x00, 0x00, 0x00, 0x00, 0x00, 0x00, 0x39, 0xd6, 0xff, 0xff, 0xff, 0xcb, 0x03, 0x00, /* 行27 */
    0xf0, 0xff, 0xff, 0xe9, 0xa4, 0x74, 0x48, 0x2f, 0x1f, 0x1e, 0x2a, 0x48, 0x78, 0xc6, 0xff, 0xff, 0xff, 0xff, 0xe9, 0x29, 0x00, 0x00, /* 行28 */
    0xf0, 0xff, 0xff, 0xff, 0xff, 0xff, 0xff, 0xff, 0xff, 0xff, 0xff, 0xff, 0xff, 0xff, 0xff, 0xff, 0xff, 0xd7, 0x26, 0x00, 0x00, 0x00, /* 行29 */
    0x6d, 0xd8, 0xff, 0xff, 0xff, 0xff, 0xff, 0xff, 0xff, 0xff, 0xff, 0xff, 0xff, 0xff, 0xff, 0xe3, 0x73, 0x05, 0x00, 0x00, 0x00, 0x00, /* 行30 */
    0x00, 0x00, 0x31, 0x74, 0xaa, 0xcb, 0xe7, 0xf3, 0xfc, 0xf8, 0xea, 0xd9, 0xb1, 0x82, 0x3f, 0x01, 0x00, 0x00, 0x00, 0x00, 0x00, 0x00, /* 行31 */
};

/* 字符  52: 4    */
/*
 *                               ░░████████░░        
 *                             ░░██████████░░        
 *                             ▓▓██████████░░        
 *                           ▒▒████████████░░        
 *                         ░░██████▒▒██████░░        
 *                       ░░██████▓▓▒▒██████░░        
 *                       ▒▒██████░░▒▒██████░░        
 *                     ░░██████▒▒  ▒▒██████░░        
 *                   ░░██████▓▓    ▒▒██████░░        
 *                   ▓▓██████░░    ▒▒██████░░        
 *                 ▒▒██████░░      ▒▒██████░░        
 *               ░░██████▒▒        ▒▒██████░░        
 *             ░░██████▓▓░░        ▒▒██████░░        
 *             ▓▓██████░░          ▒▒██████░░        
 *           ▒▒██████▒▒            ▒▒██████░░        
 *         ░░██████▓▓              ▒▒██████░░        
 *         ▓▓██████░░              ▒▒██████░░        
 *       ▒▒██████░░                ▒▒██████░░        
 *     ░░██████▒▒                  ▒▒██████░░        
 *   ░░██████▓▓                    ▒▒██████░░        
 *   ▓▓██████░░                    ▒▒██████░░        
 * ░░████████████████████████████████████████████████
 * ░░████████████████████████████████████████████████
 * ░░████████████████████████████████████████████████
 * ░░▒▒▒▒▒▒▒▒▒▒▒▒▒▒▒▒▒▒▒▒▒▒▒▒▒▒▒▒▒▒▓▓██████▒▒▒▒▒▒▒▒▒▒
 *                                 ▒▒██████░░        
 *                                 ▒▒██████░░        
 *                                 ▒▒██████░░        
 *                                 ▒▒██████░░        
 *                                 ▒▒██████░░        
 *                                 ▒▒██████░░        
 *                                 ▒▒██████░░        
 */
static const unsigned char open_sans_45px_char_052_bitmap[] = {
    0x00, 0x00, 0x00, 0x00, 0x00, 0x00, 0x00, 0x00, 0x00, 0x00, 0x00, 0x00, 0x00, 0x00, 0x00, 0x32, 0xf9, 0xff, 0xff, 0xff, 0x10, 0x00, 0x00, 0x00, 0x00, /* 行 0 */
    0x00, 0x00, 0x00, 0x00, 0x00, 0x00, 0x00, 0x00, 0x00, 0x00, 0x00, 0x00, 0x00, 0x00, 0x0b, 0xd9, 0xff, 0xff, 0xff, 0xff, 0x10, 0x00, 0x00, 0x00, 0x00, /* 行 1 */
    0x00, 0x00, 0x00, 0x00, 0x00, 0x00, 0x00, 0x00, 0x00, 0x00, 0x00, 0x00, 0x00, 0x00, 0x9d, 0xff, 0xff, 0xff, 0xff, 0xff, 0x10, 0x00, 0x00, 0x00, 0x00, /* 行 2 */
    0x00, 0x00, 0x00, 0x00, 0x00, 0x00, 0x00, 0x00, 0x00, 0x00, 0x00, 0x00, 0x00, 0x54, 0xff, 0xff, 0xee, 0xff, 0xff, 0xff, 0x10, 0x00, 0x00, 0x00, 0x00, /* 行 3 */
    0x00, 0x00, 0x00, 0x00, 0x00, 0x00, 0x00, 0x00, 0x00, 0x00, 0x00, 0x00, 0x1d, 0xee, 0xff, 0xfd, 0x71, 0xff, 0xff, 0xff, 0x10, 0x00, 0x00, 0x00, 0x00, /* 行 4 */
    0x00, 0x00, 0x00, 0x00, 0x00, 0x00, 0x00, 0x00, 0x00, 0x00, 0x00, 0x02, 0xc1, 0xff, 0xff, 0x9f, 0x4d, 0xff, 0xff, 0xff, 0x10, 0x00, 0x00, 0x00, 0x00, /* 行 5 */
    0x00, 0x00, 0x00, 0x00, 0x00, 0x00, 0x00, 0x00, 0x00, 0x00, 0x00, 0x7d, 0xff, 0xff, 0xec, 0x15, 0x58, 0xff, 0xff, 0xff, 0x10, 0x00, 0x00, 0x00, 0x00, /* 行 6 */
    0x00, 0x00, 0x00, 0x00, 0x00, 0x00, 0x00, 0x00, 0x00, 0x00, 0x38, 0xfb, 0xff, 0xff, 0x57, 0x00, 0x62, 0xff, 0xff, 0xff, 0x10, 0x00, 0x00, 0x00, 0x00, /* 行 7 */
    0x00, 0x00, 0x00, 0x00, 0x00, 0x00, 0x00, 0x00, 0x00, 0x0e, 0xde, 0xff, 0xff, 0x9e, 0x00, 0x00, 0x67, 0xff, 0xff, 0xff, 0x10, 0x00, 0x00, 0x00, 0x00, /* 行 8 */
    0x00, 0x00, 0x00, 0x00, 0x00, 0x00, 0x00, 0x00, 0x00, 0xa5, 0xff, 0xff, 0xda, 0x0b, 0x00, 0x00, 0x6c, 0xff, 0xff, 0xff, 0x10, 0x00, 0x00, 0x00, 0x00, /* 行 9 */
    0x00, 0x00, 0x00, 0x00, 0x00, 0x00, 0x00, 0x00, 0x5e, 0xff, 0xff, 0xf9, 0x33, 0x00, 0x00, 0x00, 0x6f, 0xff, 0xff, 0xff, 0x10, 0x00, 0x00, 0x00, 0x00, /* 行10 */
    0x00, 0x00, 0x00, 0x00, 0x00, 0x00, 0x00, 0x22, 0xf2, 0xff, 0xff, 0x73, 0x00, 0x00, 0x00, 0x00, 0x70, 0xff, 0xff, 0xff, 0x10, 0x00, 0x00, 0x00, 0x00, /* 行11 */
    0x00, 0x00, 0x00, 0x00, 0x00, 0x00, 0x04, 0xc8, 0xff, 0xff, 0xb9, 0x01, 0x00, 0x00, 0x00, 0x00, 0x70, 0xff, 0xff, 0xff, 0x10, 0x00, 0x00, 0x00, 0x00, /* 行12 */
    0x00, 0x00, 0x00, 0x00, 0x00, 0x00, 0x86, 0xff, 0xff, 0xea, 0x18, 0x00, 0x00, 0x00, 0x00, 0x00, 0x70, 0xff, 0xff, 0xff, 0x10, 0x00, 0x00, 0x00, 0x00, /* 行13 */
    0x00, 0x00, 0x00, 0x00, 0x00, 0x40, 0xfd, 0xff, 0xff, 0x4a, 0x00, 0x00, 0x00, 0x00, 0x00, 0x00, 0x70, 0xff, 0xff, 0xff, 0x10, 0x00, 0x00, 0x00, 0x00, /* 行14 */
    0x00, 0x00, 0x00, 0x00, 0x12, 0xe3, 0xff, 0xff, 0x90, 0x00, 0x00, 0x00, 0x00, 0x00, 0x00, 0x00, 0x70, 0xff, 0xff, 0xff, 0x10, 0x00, 0x00, 0x00, 0x00, /* 行15 */
    0x00, 0x00, 0x00, 0x00, 0xad, 0xff, 0xff, 0xd0, 0x07, 0x00, 0x00, 0x00, 0x00, 0x00, 0x00, 0x00, 0x70, 0xff, 0xff, 0xff, 0x10, 0x00, 0x00, 0x00, 0x00, /* 行16 */
    0x00, 0x00, 0x00, 0x67, 0xff, 0xff, 0xf5, 0x29, 0x00, 0x00, 0x00, 0x00, 0x00, 0x00, 0x00, 0x00, 0x70, 0xff, 0xff, 0xff, 0x10, 0x00, 0x00, 0x00, 0x00, /* 行17 */
    0x00, 0x00, 0x28, 0xf5, 0xff, 0xff, 0x65, 0x00, 0x00, 0x00, 0x00, 0x00, 0x00, 0x00, 0x00, 0x00, 0x70, 0xff, 0xff, 0xff, 0x10, 0x00, 0x00, 0x00, 0x00, /* 行18 */
    0x00, 0x06, 0xcf, 0xff, 0xff, 0xac, 0x00, 0x00, 0x00, 0x00, 0x00, 0x00, 0x00, 0x00, 0x00, 0x00, 0x70, 0xff, 0xff, 0xff, 0x10, 0x00, 0x00, 0x00, 0x00, /* 行19 */
    0x00, 0x8f, 0xff, 0xff, 0xe2, 0x11, 0x00, 0x00, 0x00, 0x00, 0x00, 0x00, 0x00, 0x00, 0x00, 0x00, 0x70, 0xff, 0xff, 0xff, 0x10, 0x00, 0x00, 0x00, 0x00, /* 行20 */
    0x0d, 0xfe, 0xff, 0xff, 0xff, 0xff, 0xff, 0xff, 0xff, 0xff, 0xff, 0xff, 0xff, 0xff, 0xff, 0xff, 0xff, 0xff, 0xff, 0xff, 0xff, 0xff, 0xff, 0xff, 0xd4, /* 行21 */
    0x10, 0xff, 0xff, 0xff, 0xff, 0xff, 0xff, 0xff, 0xff, 0xff, 0xff, 0xff, 0xff, 0xff, 0xff, 0xff, 0xff, 0xff, 0xff, 0xff, 0xff, 0xff, 0xff, 0xff, 0xd4, /* 行22 */
    0x10, 0xff, 0xff, 0xff, 0xff, 0xff, 0xff, 0xff, 0xff, 0xff, 0xff, 0xff, 0xff, 0xff, 0xff, 0xff, 0xff, 0xff, 0xff, 0xff, 0xff, 0xff, 0xff, 0xff, 0xd4, /* 行23 */
    0x05, 0x50, 0x50, 0x50, 0x50, 0x50, 0x50, 0x50, 0x50, 0x50, 0x50, 0x50, 0x50, 0x50, 0x50, 0x50, 0x9d, 0xff, 0xff, 0xff, 0x5b, 0x50, 0x50, 0x50, 0x42, /* 行24 */
    0x00, 0x00, 0x00, 0x00, 0x00, 0x00, 0x00, 0x00, 0x00, 0x00, 0x00, 0x00, 0x00, 0x00, 0x00, 0x00, 0x70, 0xff, 0xff, 0xff, 0x10, 0x00, 0x00, 0x00, 0x00, /* 行25 */
    0x00, 0x00, 0x00, 0x00, 0x00, 0x00, 0x00, 0x00, 0x00, 0x00, 0x00, 0x00, 0x00, 0x00, 0x00, 0x00, 0x70, 0xff, 0xff, 0xff, 0x10, 0x00, 0x00, 0x00, 0x00, /* 行26 */
    0x00, 0x00, 0x00, 0x00, 0x00, 0x00, 0x00, 0x00, 0x00, 0x00, 0x00, 0x00, 0x00, 0x00, 0x00, 0x00, 0x70, 0xff, 0xff, 0xff, 0x10, 0x00, 0x00, 0x00, 0x00, /* 行27 */
    0x00, 0x00, 0x00, 0x00, 0x00, 0x00, 0x00, 0x00, 0x00, 0x00, 0x00, 0x00, 0x00, 0x00, 0x00, 0x00, 0x70, 0xff, 0xff, 0xff, 0x10, 0x00, 0x00, 0x00, 0x00, /* 行28 */
    0x00, 0x00, 0x00, 0x00, 0x00, 0x00, 0x00, 0x00, 0x00, 0x00, 0x00, 0x00, 0x00, 0x00, 0x00, 0x00, 0x70, 0xff, 0xff, 0xff, 0x10, 0x00, 0x00, 0x00, 0x00, /* 行29 */
    0x00, 0x00, 0x00, 0x00, 0x00, 0x00, 0x00, 0x00, 0x00, 0x00, 0x00, 0x00, 0x00, 0x00, 0x00, 0x00, 0x70, 0xff, 0xff, 0xff, 0x10, 0x00, 0x00, 0x00, 0x00, /* 行30 */
    0x00, 0x00, 0x00, 0x00, 0x00, 0x00, 0x00, 0x00, 0x00, 0x00, 0x00, 0x00, 0x00, 0x00, 0x00, 0x00, 0x70, 0xff, 0xff, 0xff, 0x10, 0x00, 0x00, 0x00, 0x00, /* 行31 */
};

/* 字符  53: 5    */
/*
 *     ░░████████████████████████████████      
 *     ░░████████████████████████████████      
 *     ▒▒████████████████████████████████      
 *     ▒▒██████▒▒▒▒▒▒▒▒▒▒▒▒▒▒▒▒▒▒▒▒▒▒▒▒▒▒      
 *     ▒▒██████                                
 *     ▓▓██████                                
 *     ▓▓████▓▓                                
 *     ▓▓████▓▓                                
 *     ██████▓▓                                
 *     ██████▒▒                                
 *     ██████▒▒                                
 *   ░░██████▒▒                                
 *   ░░██████▓▓▓▓████████████▓▓▒▒░░            
 *   ░░████████████████████████████▓▓░░        
 *   ░░████████████████████████████████░░      
 *     ░░▓▓▓▓▒▒▒▒░░░░░░░░▒▒▒▒████████████░░    
 *                             ░░██████████░░  
 *                               ░░████████▒▒  
 *                                 ▒▒██████▓▓  
 *                                 ░░████████  
 *                                   ▓▓██████░░
 *                                   ▓▓██████░░
 *                                   ▓▓██████░░
 *                                   ████████  
 *                                 ░░██████▓▓  
 *                                 ▓▓██████▒▒  
 * ░░░░                          ▒▒████████░░  
 * ░░██▒▒░░                  ░░▒▒████████▒▒    
 * ░░████████▓▓▒▒▒▒░░░░░░▒▒▓▓██████████▓▓      
 * ░░████████████████████████████████▓▓░░      
 * ░░▓▓██████████████████████████▓▓░░          
 *     ░░▒▒▓▓▓▓████████████▓▓▒▒░░              
 */
static const unsigned char open_sans_45px_char_053_bitmap[] = {
    0x00, 0x00, 0x27, 0xff, 0xff, 0xff, 0xff, 0xff, 0xff, 0xff, 0xff, 0xff, 0xff, 0xff, 0xff, 0xff, 0xff, 0xff, 0xe0, 0x00, 0x00, 0x00, /* 行 0 */
    0x00, 0x00, 0x3c, 0xff, 0xff, 0xff, 0xff, 0xff, 0xff, 0xff, 0xff, 0xff, 0xff, 0xff, 0xff, 0xff, 0xff, 0xff, 0xe0, 0x00, 0x00, 0x00, /* 行 1 */
    0x00, 0x00, 0x51, 0xff, 0xff, 0xff, 0xff, 0xff, 0xff, 0xff, 0xff, 0xff, 0xff, 0xff, 0xff, 0xff, 0xff, 0xff, 0xe0, 0x00, 0x00, 0x00, /* 行 2 */
    0x00, 0x00, 0x66, 0xff, 0xff, 0xfd, 0x5c, 0x5c, 0x5c, 0x5c, 0x5c, 0x5c, 0x5c, 0x5c, 0x5c, 0x5c, 0x5c, 0x5c, 0x50, 0x00, 0x00, 0x00, /* 行 3 */
    0x00, 0x00, 0x7b, 0xff, 0xff, 0xe9, 0x00, 0x00, 0x00, 0x00, 0x00, 0x00, 0x00, 0x00, 0x00, 0x00, 0x00, 0x00, 0x00, 0x00, 0x00, 0x00, /* 行 4 */
    0x00, 0x00, 0x91, 0xff, 0xff, 0xd3, 0x00, 0x00, 0x00, 0x00, 0x00, 0x00, 0x00, 0x00, 0x00, 0x00, 0x00, 0x00, 0x00, 0x00, 0x00, 0x00, /* 行 5 */
    0x00, 0x00, 0xa6, 0xff, 0xff, 0xbc, 0x00, 0x00, 0x00, 0x00, 0x00, 0x00, 0x00, 0x00, 0x00, 0x00, 0x00, 0x00, 0x00, 0x00, 0x00, 0x00, /* 行 6 */
    0x00, 0x00, 0xbb, 0xff, 0xff, 0xa5, 0x00, 0x00, 0x00, 0x00, 0x00, 0x00, 0x00, 0x00, 0x00, 0x00, 0x00, 0x00, 0x00, 0x00, 0x00, 0x00, /* 行 7 */
    0x00, 0x00, 0xd0, 0xff, 0xff, 0x8e, 0x00, 0x00, 0x00, 0x00, 0x00, 0x00, 0x00, 0x00, 0x00, 0x00, 0x00, 0x00, 0x00, 0x00, 0x00, 0x00, /* 行 8 */
    0x00, 0x00, 0xe5, 0xff, 0xff, 0x78, 0x00, 0x00, 0x00, 0x00, 0x00, 0x00, 0x00, 0x00, 0x00, 0x00, 0x00, 0x00, 0x00, 0x00, 0x00, 0x00, /* 行 9 */
    0x00, 0x00, 0xf9, 0xff, 0xff, 0x61, 0x00, 0x00, 0x00, 0x00, 0x00, 0x00, 0x00, 0x00, 0x00, 0x00, 0x00, 0x00, 0x00, 0x00, 0x00, 0x00, /* 行10 */
    0x00, 0x10, 0xff, 0xff, 0xff, 0x4a, 0x00, 0x00, 0x00, 0x00, 0x00, 0x00, 0x00, 0x00, 0x00, 0x00, 0x00, 0x00, 0x00, 0x00, 0x00, 0x00, /* 行11 */
    0x00, 0x25, 0xff, 0xff, 0xff, 0xa6, 0xae, 0xd4, 0xe8, 0xf5, 0xfa, 0xe9, 0xd6, 0xa6, 0x6c, 0x16, 0x00, 0x00, 0x00, 0x00, 0x00, 0x00, /* 行12 */
    0x00, 0x3a, 0xff, 0xff, 0xff, 0xff, 0xff, 0xff, 0xff, 0xff, 0xff, 0xff, 0xff, 0xff, 0xff, 0xf8, 0x9e, 0x13, 0x00, 0x00, 0x00, 0x00, /* 行13 */
    0x00, 0x30, 0xf2, 0xff, 0xff, 0xff, 0xff, 0xff, 0xff, 0xff, 0xff, 0xff, 0xff, 0xff, 0xff, 0xff, 0xff, 0xe7, 0x3b, 0x00, 0x00, 0x00, /* 行14 */
    0x00, 0x00, 0x1c, 0x9d, 0x95, 0x6c, 0x49, 0x2f, 0x1e, 0x1d, 0x2b, 0x46, 0x78, 0xca, 0xff, 0xff, 0xff, 0xff, 0xf0, 0x31, 0x00, 0x00, /* 行15 */
    0x00, 0x00, 0x00, 0x00, 0x00, 0x00, 0x00, 0x00, 0x00, 0x00, 0x00, 0x00, 0x00, 0x00, 0x3e, 0xdb, 0xff, 0xff, 0xff, 0xd5, 0x03, 0x00, /* 行16 */
    0x00, 0x00, 0x00, 0x00, 0x00, 0x00, 0x00, 0x00, 0x00, 0x00, 0x00, 0x00, 0x00, 0x00, 0x00, 0x19, 0xe0, 0xff, 0xff, 0xff, 0x62, 0x00, /* 行17 */
    0x00, 0x00, 0x00, 0x00, 0x00, 0x00, 0x00, 0x00, 0x00, 0x00, 0x00, 0x00, 0x00, 0x00, 0x00, 0x00, 0x51, 0xff, 0xff, 0xff, 0xb6, 0x00, /* 行18 */
    0x00, 0x00, 0x00, 0x00, 0x00, 0x00, 0x00, 0x00, 0x00, 0x00, 0x00, 0x00, 0x00, 0x00, 0x00, 0x00, 0x02, 0xeb, 0xff, 0xff, 0xf6, 0x00, /* 行19 */
    0x00, 0x00, 0x00, 0x00, 0x00, 0x00, 0x00, 0x00, 0x00, 0x00, 0x00, 0x00, 0x00, 0x00, 0x00, 0x00, 0x00, 0xb4, 0xff, 0xff, 0xff, 0x0f, /* 行20 */
    0x00, 0x00, 0x00, 0x00, 0x00, 0x00, 0x00, 0x00, 0x00, 0x00, 0x00, 0x00, 0x00, 0x00, 0x00, 0x00, 0x00, 0x9f, 0xff, 0xff, 0xff, 0x1d, /* 行21 */
    0x00, 0x00, 0x00, 0x00, 0x00, 0x00, 0x00, 0x00, 0x00, 0x00, 0x00, 0x00, 0x00, 0x00, 0x00, 0x00, 0x00, 0xa8, 0xff, 0xff, 0xff, 0x0b, /* 行22 */
    0x00, 0x00, 0x00, 0x00, 0x00, 0x00, 0x00, 0x00, 0x00, 0x00, 0x00, 0x00, 0x00, 0x00, 0x00, 0x00, 0x00, 0xc6, 0xff, 0xff, 0xf3, 0x00, /* 行23 */
    0x00, 0x00, 0x00, 0x00, 0x00, 0x00, 0x00, 0x00, 0x00, 0x00, 0x00, 0x00, 0x00, 0x00, 0x00, 0x00, 0x0f, 0xfb, 0xff, 0xff, 0xb8, 0x00, /* 行24 */
    0x00, 0x00, 0x00, 0x00, 0x00, 0x00, 0x00, 0x00, 0x00, 0x00, 0x00, 0x00, 0x00, 0x00, 0x00, 0x00, 0x82, 0xff, 0xff, 0xff, 0x6e, 0x00, /* 行25 */
    0x04, 0x0a, 0x00, 0x00, 0x00, 0x00, 0x00, 0x00, 0x00, 0x00, 0x00, 0x00, 0x00, 0x00, 0x00, 0x42, 0xf8, 0xff, 0xff, 0xea, 0x0d, 0x00, /* 行26 */
    0x14, 0xe8, 0x74, 0x1a, 0x00, 0x00, 0x00, 0x00, 0x00, 0x00, 0x00, 0x00, 0x00, 0x04, 0x70, 0xf6, 0xff, 0xff, 0xff, 0x65, 0x00, 0x00, /* 行27 */
    0x14, 0xff, 0xff, 0xfe, 0xc7, 0x8f, 0x5f, 0x40, 0x30, 0x28, 0x37, 0x57, 0x8f, 0xe7, 0xff, 0xff, 0xff, 0xff, 0x92, 0x00, 0x00, 0x00, /* 行28 */
    0x14, 0xff, 0xff, 0xff, 0xff, 0xff, 0xff, 0xff, 0xff, 0xff, 0xff, 0xff, 0xff, 0xff, 0xff, 0xff, 0xfc, 0x81, 0x02, 0x00, 0x00, 0x00, /* 行29 */
    0x05, 0x8b, 0xf3, 0xff, 0xff, 0xff, 0xff, 0xff, 0xff, 0xff, 0xff, 0xff, 0xff, 0xff, 0xff, 0xba, 0x39, 0x00, 0x00, 0x00, 0x00, 0x00, /* 行30 */
    0x00, 0x00, 0x0c, 0x4f, 0x91, 0xba, 0xdd, 0xee, 0xf9, 0xfa, 0xea, 0xd8, 0xae, 0x74, 0x28, 0x00, 0x00, 0x00, 0x00, 0x00, 0x00, 0x00, /* 行31 */
};

/* 字符  54: 6    */
/*
 *                   ░░▒▒▓▓████████████▓▓░░    
 *               ░░▓▓████████████████████░░    
 *           ░░▓▓████████████████████████░░    
 *         ░░▓▓██████████▓▓▒▒░░░░░░░░░░▒▒░░    
 *         ▓▓████████▒▒░░                      
 *       ▒▒████████░░                          
 *     ░░████████░░                            
 *     ▓▓██████▒▒                              
 *   ░░████████                                
 *   ▒▒██████▒▒                                
 *   ▓▓██████░░                                
 *   ████████                                  
 * ░░██████▓▓    ░░▒▒▓▓██████████▓▓░░          
 * ░░██████▓▓  ▒▒████████████████████▓▓░░      
 * ░░██████▒▒▒▒██████████████████████████░░    
 * ▒▒██████▓▓██████▒▒░░░░    ░░▒▒██████████░░  
 * ▒▒██████████▓▓░░              ░░████████▒▒  
 * ▒▒████████▓▓                    ░░████████  
 * ▒▒████████░░                      ▓▓██████░░
 * ▒▒██████▓▓                        ▒▒██████▒▒
 * ▒▒██████▒▒                        ░░██████▒▒
 * ░░██████▒▒                        ░░██████▓▓
 * ░░██████▓▓                        ░░██████▒▒
 *   ████████                        ▒▒██████▒▒
 *   ▓▓██████░░                      ▒▒██████░░
 *   ░░██████▓▓                    ░░████████░░
 *     ▓▓██████▒▒                  ▒▒██████▓▓  
 *     ░░████████▒▒              ▒▒████████░░  
 *       ▒▒████████▓▓▒▒░░░░░░▒▒██████████▒▒    
 *         ▒▒██████████████████████████▒▒      
 *           ░░██████████████████████▒▒        
 *             ░░▒▒▓▓██████████▓▓▒▒░░          
 */
static const unsigned char open_sans_45px_char_054_bitmap[] = {
    0x00, 0x00, 0x00, 0x00, 0x00, 0x00, 0x00, 0x00, 0x00, 0x1c, 0x6a, 0xa6, 0xce, 0xec, 0xf8, 0xfd, 0xf4, 0xde, 0xb3, 0x06, 0x00, 0x00, /* 行 0 */
    0x00, 0x00, 0x00, 0x00, 0x00, 0x00, 0x00, 0x34, 0xb4, 0xfe, 0xff, 0xff, 0xff, 0xff, 0xff, 0xff, 0xff, 0xff, 0xff, 0x0c, 0x00, 0x00, /* 行 1 */
    0x00, 0x00, 0x00, 0x00, 0x00, 0x04, 0x8d, 0xfd, 0xff, 0xff, 0xff, 0xff, 0xff, 0xff, 0xff, 0xff, 0xff, 0xff, 0xff, 0x0c, 0x00, 0x00, /* 行 2 */
    0x00, 0x00, 0x00, 0x00, 0x08, 0xb9, 0xff, 0xff, 0xff, 0xff, 0xda, 0x8c, 0x48, 0x26, 0x12, 0x0a, 0x1a, 0x37, 0x71, 0x06, 0x00, 0x00, /* 行 3 */
    0x00, 0x00, 0x00, 0x00, 0xae, 0xff, 0xff, 0xff, 0xe6, 0x60, 0x03, 0x00, 0x00, 0x00, 0x00, 0x00, 0x00, 0x00, 0x00, 0x00, 0x00, 0x00, /* 行 4 */
    0x00, 0x00, 0x00, 0x6c, 0xff, 0xff, 0xff, 0xd5, 0x1d, 0x00, 0x00, 0x00, 0x00, 0x00, 0x00, 0x00, 0x00, 0x00, 0x00, 0x00, 0x00, 0x00, /* 行 5 */
    0x00, 0x00, 0x14, 0xf1, 0xff, 0xff, 0xea, 0x17, 0x00, 0x00, 0x00, 0x00, 0x00, 0x00, 0x00, 0x00, 0x00, 0x00, 0x00, 0x00, 0x00, 0x00, /* 行 6 */
    0x00, 0x00, 0x85, 0xff, 0xff, 0xff, 0x51, 0x00, 0x00, 0x00, 0x00, 0x00, 0x00, 0x00, 0x00, 0x00, 0x00, 0x00, 0x00, 0x00, 0x00, 0x00, /* 行 7 */
    0x00, 0x05, 0xea, 0xff, 0xff, 0xcf, 0x00, 0x00, 0x00, 0x00, 0x00, 0x00, 0x00, 0x00, 0x00, 0x00, 0x00, 0x00, 0x00, 0x00, 0x00, 0x00, /* 行 8 */
    0x00, 0x45, 0xff, 0xff, 0xff, 0x65, 0x00, 0x00, 0x00, 0x00, 0x00, 0x00, 0x00, 0x00, 0x00, 0x00, 0x00, 0x00, 0x00, 0x00, 0x00, 0x00, /* 行 9 */
    0x00, 0x8f, 0xff, 0xff, 0xff, 0x14, 0x00, 0x00, 0x00, 0x00, 0x00, 0x00, 0x00, 0x00, 0x00, 0x00, 0x00, 0x00, 0x00, 0x00, 0x00, 0x00, /* 行10 */
    0x00, 0xc9, 0xff, 0xff, 0xda, 0x00, 0x00, 0x00, 0x00, 0x00, 0x00, 0x00, 0x00, 0x00, 0x00, 0x00, 0x00, 0x00, 0x00, 0x00, 0x00, 0x00, /* 行11 */
    0x02, 0xf7, 0xff, 0xff, 0xa2, 0x00, 0x00, 0x0b, 0x58, 0xab, 0xd6, 0xee, 0xf9, 0xe6, 0xc5, 0x83, 0x28, 0x00, 0x00, 0x00, 0x00, 0x00, /* 行12 */
    0x20, 0xff, 0xff, 0xff, 0x84, 0x00, 0x49, 0xe4, 0xff, 0xff, 0xff, 0xff, 0xff, 0xff, 0xff, 0xff, 0xfd, 0xa0, 0x0c, 0x00, 0x00, 0x00, /* 行13 */
    0x3d, 0xff, 0xff, 0xff, 0x6c, 0x68, 0xff, 0xff, 0xff, 0xff, 0xfa, 0xe6, 0xf3, 0xff, 0xff, 0xff, 0xff, 0xff, 0xd2, 0x16, 0x00, 0x00, /* 行14 */
    0x53, 0xff, 0xff, 0xff, 0xa7, 0xfb, 0xff, 0xe1, 0x78, 0x23, 0x01, 0x00, 0x00, 0x1c, 0x6c, 0xe4, 0xff, 0xff, 0xff, 0xc0, 0x04, 0x00, /* 行15 */
    0x61, 0xff, 0xff, 0xff, 0xff, 0xff, 0x99, 0x0c, 0x00, 0x00, 0x00, 0x00, 0x00, 0x00, 0x00, 0x15, 0xcc, 0xff, 0xff, 0xff, 0x63, 0x00, /* 行16 */
    0x68, 0xff, 0xff, 0xff, 0xff, 0x9a, 0x00, 0x00, 0x00, 0x00, 0x00, 0x00, 0x00, 0x00, 0x00, 0x00, 0x20, 0xf5, 0xff, 0xff, 0xd9, 0x00, /* 行17 */
    0x67, 0xff, 0xff, 0xff, 0xe6, 0x09, 0x00, 0x00, 0x00, 0x00, 0x00, 0x00, 0x00, 0x00, 0x00, 0x00, 0x00, 0x98, 0xff, 0xff, 0xff, 0x23, /* 行18 */
    0x59, 0xff, 0xff, 0xff, 0x85, 0x00, 0x00, 0x00, 0x00, 0x00, 0x00, 0x00, 0x00, 0x00, 0x00, 0x00, 0x00, 0x4e, 0xff, 0xff, 0xff, 0x5d, /* 行19 */
    0x4a, 0xff, 0xff, 0xff, 0x5b, 0x00, 0x00, 0x00, 0x00, 0x00, 0x00, 0x00, 0x00, 0x00, 0x00, 0x00, 0x00, 0x25, 0xff, 0xff, 0xff, 0x74, /* 行20 */
    0x32, 0xff, 0xff, 0xff, 0x64, 0x00, 0x00, 0x00, 0x00, 0x00, 0x00, 0x00, 0x00, 0x00, 0x00, 0x00, 0x00, 0x18, 0xff, 0xff, 0xff, 0x83, /* 行21 */
    0x06, 0xf9, 0xff, 0xff, 0x80, 0x00, 0x00, 0x00, 0x00, 0x00, 0x00, 0x00, 0x00, 0x00, 0x00, 0x00, 0x00, 0x25, 0xff, 0xff, 0xff, 0x74, /* 行22 */
    0x00, 0xcd, 0xff, 0xff, 0xc0, 0x00, 0x00, 0x00, 0x00, 0x00, 0x00, 0x00, 0x00, 0x00, 0x00, 0x00, 0x00, 0x42, 0xff, 0xff, 0xff, 0x61, /* 行23 */
    0x00, 0x82, 0xff, 0xff, 0xfd, 0x1a, 0x00, 0x00, 0x00, 0x00, 0x00, 0x00, 0x00, 0x00, 0x00, 0x00, 0x00, 0x7c, 0xff, 0xff, 0xff, 0x30, /* 行24 */
    0x00, 0x21, 0xfe, 0xff, 0xff, 0xa0, 0x00, 0x00, 0x00, 0x00, 0x00, 0x00, 0x00, 0x00, 0x00, 0x00, 0x02, 0xdb, 0xff, 0xff, 0xee, 0x02, /* 行25 */
    0x00, 0x00, 0xaf, 0xff, 0xff, 0xff, 0x50, 0x00, 0x00, 0x00, 0x00, 0x00, 0x00, 0x00, 0x00, 0x00, 0x74, 0xff, 0xff, 0xff, 0x8c, 0x00, /* 行26 */
    0x00, 0x00, 0x1d, 0xf2, 0xff, 0xff, 0xfb, 0x60, 0x00, 0x00, 0x00, 0x00, 0x00, 0x00, 0x00, 0x67, 0xfc, 0xff, 0xff, 0xf4, 0x19, 0x00, /* 行27 */
    0x00, 0x00, 0x00, 0x5b, 0xfe, 0xff, 0xff, 0xff, 0xbe, 0x5c, 0x29, 0x1d, 0x30, 0x65, 0xc5, 0xff, 0xff, 0xff, 0xff, 0x58, 0x00, 0x00, /* 行28 */
    0x00, 0x00, 0x00, 0x00, 0x62, 0xfd, 0xff, 0xff, 0xff, 0xff, 0xff, 0xff, 0xff, 0xff, 0xff, 0xff, 0xff, 0xfc, 0x70, 0x00, 0x00, 0x00, /* 行29 */
    0x00, 0x00, 0x00, 0x00, 0x00, 0x38, 0xcf, 0xff, 0xff, 0xff, 0xff, 0xff, 0xff, 0xff, 0xff, 0xff, 0xd4, 0x44, 0x00, 0x00, 0x00, 0x00, /* 行30 */
    0x00, 0x00, 0x00, 0x00, 0x00, 0x00, 0x03, 0x47, 0x99, 0xd1, 0xea, 0xfa, 0xeb, 0xd2, 0x97, 0x4d, 0x02, 0x00, 0x00, 0x00, 0x00, 0x00, /* 行31 */
};

/* 字符  55: 7    */
/*
 * ██████████████████████████████████████████▒▒
 * ██████████████████████████████████████████▒▒
 * ██████████████████████████████████████████▒▒
 * ▒▒▒▒▒▒▒▒▒▒▒▒▒▒▒▒▒▒▒▒▒▒▒▒▒▒▒▒▒▒▒▒▒▒▓▓██████░░
 *                                 ░░██████▓▓  
 *                                 ▒▒██████▒▒  
 *                               ░░████████    
 *                               ▒▒██████▒▒    
 *                               ████████░░    
 *                             ▒▒██████▒▒      
 *                             ▓▓██████░░      
 *                           ░░██████▓▓        
 *                           ▓▓██████░░        
 *                         ░░██████▓▓          
 *                         ▓▓██████░░          
 *                       ░░████████            
 *                       ▓▓██████▒▒            
 *                     ░░████████░░            
 *                     ▒▒██████▒▒              
 *                   ░░████████░░              
 *                   ▒▒██████▒▒                
 *                 ░░████████░░                
 *                 ▒▒██████▓▓                  
 *                 ████████░░                  
 *               ▒▒██████▓▓                    
 *               ▓▓██████░░                    
 *             ░░████████                      
 *             ▓▓██████▒▒                      
 *           ░░████████░░                      
 *           ▓▓██████▒▒                        
 *         ░░████████░░                        
 *         ▓▓██████▓▓                          
 */
static const unsigned char open_sans_45px_char_055_bitmap[] = {
    0xf0, 0xff, 0xff, 0xff, 0xff, 0xff, 0xff, 0xff, 0xff, 0xff, 0xff, 0xff, 0xff, 0xff, 0xff, 0xff, 0xff, 0xff, 0xff, 0xff, 0xff, 0x70, /* 行 0 */
    0xf0, 0xff, 0xff, 0xff, 0xff, 0xff, 0xff, 0xff, 0xff, 0xff, 0xff, 0xff, 0xff, 0xff, 0xff, 0xff, 0xff, 0xff, 0xff, 0xff, 0xff, 0x70, /* 行 1 */
    0xf0, 0xff, 0xff, 0xff, 0xff, 0xff, 0xff, 0xff, 0xff, 0xff, 0xff, 0xff, 0xff, 0xff, 0xff, 0xff, 0xff, 0xff, 0xff, 0xff, 0xff, 0x6f, /* 行 2 */
    0x56, 0x5c, 0x5c, 0x5c, 0x5c, 0x5c, 0x5c, 0x5c, 0x5c, 0x5c, 0x5c, 0x5c, 0x5c, 0x5c, 0x5c, 0x5c, 0x5c, 0xb9, 0xff, 0xff, 0xff, 0x2c, /* 行 3 */
    0x00, 0x00, 0x00, 0x00, 0x00, 0x00, 0x00, 0x00, 0x00, 0x00, 0x00, 0x00, 0x00, 0x00, 0x00, 0x00, 0x09, 0xea, 0xff, 0xff, 0xb7, 0x00, /* 行 4 */
    0x00, 0x00, 0x00, 0x00, 0x00, 0x00, 0x00, 0x00, 0x00, 0x00, 0x00, 0x00, 0x00, 0x00, 0x00, 0x00, 0x6b, 0xff, 0xff, 0xff, 0x44, 0x00, /* 行 5 */
    0x00, 0x00, 0x00, 0x00, 0x00, 0x00, 0x00, 0x00, 0x00, 0x00, 0x00, 0x00, 0x00, 0x00, 0x00, 0x03, 0xde, 0xff, 0xff, 0xd0, 0x00, 0x00, /* 行 6 */
    0x00, 0x00, 0x00, 0x00, 0x00, 0x00, 0x00, 0x00, 0x00, 0x00, 0x00, 0x00, 0x00, 0x00, 0x00, 0x59, 0xff, 0xff, 0xff, 0x5d, 0x00, 0x00, /* 行 7 */
    0x00, 0x00, 0x00, 0x00, 0x00, 0x00, 0x00, 0x00, 0x00, 0x00, 0x00, 0x00, 0x00, 0x00, 0x00, 0xcf, 0xff, 0xff, 0xe4, 0x05, 0x00, 0x00, /* 行 8 */
    0x00, 0x00, 0x00, 0x00, 0x00, 0x00, 0x00, 0x00, 0x00, 0x00, 0x00, 0x00, 0x00, 0x00, 0x47, 0xff, 0xff, 0xff, 0x76, 0x00, 0x00, 0x00, /* 行 9 */
    0x00, 0x00, 0x00, 0x00, 0x00, 0x00, 0x00, 0x00, 0x00, 0x00, 0x00, 0x00, 0x00, 0x00, 0xbe, 0xff, 0xff, 0xf3, 0x0f, 0x00, 0x00, 0x00, /* 行10 */
    0x00, 0x00, 0x00, 0x00, 0x00, 0x00, 0x00, 0x00, 0x00, 0x00, 0x00, 0x00, 0x00, 0x35, 0xff, 0xff, 0xff, 0x8f, 0x00, 0x00, 0x00, 0x00, /* 行11 */
    0x00, 0x00, 0x00, 0x00, 0x00, 0x00, 0x00, 0x00, 0x00, 0x00, 0x00, 0x00, 0x00, 0xac, 0xff, 0xff, 0xfc, 0x1f, 0x00, 0x00, 0x00, 0x00, /* 行12 */
    0x00, 0x00, 0x00, 0x00, 0x00, 0x00, 0x00, 0x00, 0x00, 0x00, 0x00, 0x00, 0x25, 0xfd, 0xff, 0xff, 0xa8, 0x00, 0x00, 0x00, 0x00, 0x00, /* 行13 */
    0x00, 0x00, 0x00, 0x00, 0x00, 0x00, 0x00, 0x00, 0x00, 0x00, 0x00, 0x00, 0x9a, 0xff, 0xff, 0xff, 0x34, 0x00, 0x00, 0x00, 0x00, 0x00, /* 行14 */
    0x00, 0x00, 0x00, 0x00, 0x00, 0x00, 0x00, 0x00, 0x00, 0x00, 0x00, 0x18, 0xf8, 0xff, 0xff, 0xc1, 0x00, 0x00, 0x00, 0x00, 0x00, 0x00, /* 行15 */
    0x00, 0x00, 0x00, 0x00, 0x00, 0x00, 0x00, 0x00, 0x00, 0x00, 0x00, 0x88, 0xff, 0xff, 0xff, 0x4d, 0x00, 0x00, 0x00, 0x00, 0x00, 0x00, /* 行16 */
    0x00, 0x00, 0x00, 0x00, 0x00, 0x00, 0x00, 0x00, 0x00, 0x00, 0x0e, 0xf0, 0xff, 0xff, 0xd8, 0x01, 0x00, 0x00, 0x00, 0x00, 0x00, 0x00, /* 行17 */
    0x00, 0x00, 0x00, 0x00, 0x00, 0x00, 0x00, 0x00, 0x00, 0x00, 0x76, 0xff, 0xff, 0xff, 0x66, 0x00, 0x00, 0x00, 0x00, 0x00, 0x00, 0x00, /* 行18 */
    0x00, 0x00, 0x00, 0x00, 0x00, 0x00, 0x00, 0x00, 0x00, 0x06, 0xe6, 0xff, 0xff, 0xea, 0x08, 0x00, 0x00, 0x00, 0x00, 0x00, 0x00, 0x00, /* 行19 */
    0x00, 0x00, 0x00, 0x00, 0x00, 0x00, 0x00, 0x00, 0x00, 0x64, 0xff, 0xff, 0xff, 0x7f, 0x00, 0x00, 0x00, 0x00, 0x00, 0x00, 0x00, 0x00, /* 行20 */
    0x00, 0x00, 0x00, 0x00, 0x00, 0x00, 0x00, 0x00, 0x02, 0xd8, 0xff, 0xff, 0xf7, 0x15, 0x00, 0x00, 0x00, 0x00, 0x00, 0x00, 0x00, 0x00, /* 行21 */
    0x00, 0x00, 0x00, 0x00, 0x00, 0x00, 0x00, 0x00, 0x52, 0xff, 0xff, 0xff, 0x98, 0x00, 0x00, 0x00, 0x00, 0x00, 0x00, 0x00, 0x00, 0x00, /* 行22 */
    0x00, 0x00, 0x00, 0x00, 0x00, 0x00, 0x00, 0x00, 0xc8, 0xff, 0xff, 0xfe, 0x27, 0x00, 0x00, 0x00, 0x00, 0x00, 0x00, 0x00, 0x00, 0x00, /* 行23 */
    0x00, 0x00, 0x00, 0x00, 0x00, 0x00, 0x00, 0x40, 0xff, 0xff, 0xff, 0xb1, 0x00, 0x00, 0x00, 0x00, 0x00, 0x00, 0x00, 0x00, 0x00, 0x00, /* 行24 */
    0x00, 0x00, 0x00, 0x00, 0x00, 0x00, 0x00, 0xb7, 0xff, 0xff, 0xff, 0x3e, 0x00, 0x00, 0x00, 0x00, 0x00, 0x00, 0x00, 0x00, 0x00, 0x00, /* 行25 */
    0x00, 0x00, 0x00, 0x00, 0x00, 0x00, 0x2e, 0xff, 0xff, 0xff, 0xca, 0x00, 0x00, 0x00, 0x00, 0x00, 0x00, 0x00, 0x00, 0x00, 0x00, 0x00, /* 行26 */
    0x00, 0x00, 0x00, 0x00, 0x00, 0x00, 0xa5, 0xff, 0xff, 0xff, 0x57, 0x00, 0x00, 0x00, 0x00, 0x00, 0x00, 0x00, 0x00, 0x00, 0x00, 0x00, /* 行27 */
    0x00, 0x00, 0x00, 0x00, 0x00, 0x20, 0xfb, 0xff, 0xff, 0xe0, 0x03, 0x00, 0x00, 0x00, 0x00, 0x00, 0x00, 0x00, 0x00, 0x00, 0x00, 0x00, /* 行28 */
    0x00, 0x00, 0x00, 0x00, 0x00, 0x93, 0xff, 0xff, 0xff, 0x70, 0x00, 0x00, 0x00, 0x00, 0x00, 0x00, 0x00, 0x00, 0x00, 0x00, 0x00, 0x00, /* 行29 */
    0x00, 0x00, 0x00, 0x00, 0x14, 0xf5, 0xff, 0xff, 0xf0, 0x0c, 0x00, 0x00, 0x00, 0x00, 0x00, 0x00, 0x00, 0x00, 0x00, 0x00, 0x00, 0x00, /* 行30 */
    0x00, 0x00, 0x00, 0x00, 0x81, 0xff, 0xff, 0xff, 0x89, 0x00, 0x00, 0x00, 0x00, 0x00, 0x00, 0x00, 0x00, 0x00, 0x00, 0x00, 0x00, 0x00, /* 行31 */
};

/* 字符  56: 8    */
/*
 *           ░░▒▒▓▓████████████▓▓░░            
 *         ▒▒████████████████████████░░        
 *       ▓▓████████████████████████████▒▒      
 *     ▒▒████████▓▓▒▒░░  ░░░░▒▒██████████░░    
 *   ░░████████▒▒              ░░▓▓██████▓▓    
 *   ▒▒██████▒▒                  ░░████████░░  
 *   ▓▓██████░░                    ▒▒██████▒▒  
 *   ▓▓██████                      ▒▒██████▒▒  
 *   ▓▓██████░░                    ▒▒██████▒▒  
 *   ▒▒██████░░                    ▓▓██████░░  
 *   ░░██████▓▓░░                ░░██████▓▓    
 *     ▓▓██████▓▓░░            ░░████████░░    
 *     ░░██████████░░        ░░████████▒▒      
 *       ░░██████████▓▓░░░░▓▓████████▒▒        
 *         ░░▓▓██████████████████▓▓░░          
 *             ▒▒██████████████▓▓░░            
 *         ░░▓▓████████████████████▒▒░░        
 *       ▒▒██████████▒▒▒▒▓▓████████████░░      
 *     ▒▒████████▒▒░░      ░░▓▓██████████░░    
 *   ▒▒████████░░              ░░▓▓████████░░  
 * ░░████████░░                    ▓▓██████▓▓  
 * ▒▒██████▒▒                      ░░████████░░
 * ▓▓██████░░                        ▒▒██████▒▒
 * ▓▓██████                          ░░██████▒▒
 * ▓▓██████                          ▒▒██████▒▒
 * ▓▓██████░░                        ▓▓██████░░
 * ▒▒██████▓▓                      ░░████████░░
 * ░░████████▓▓░░                ░░████████▒▒  
 *   ▒▒██████████▒▒░░░░  ░░░░▒▒▓▓██████████░░  
 *     ▒▒████████████████████████████████░░    
 *       ░░▓▓████████████████████████▒▒░░      
 *           ░░▒▒▓▓████████████▓▓▒▒░░          
 */
static const unsigned char open_sans_45px_char_056_bitmap[] = {
    0x00, 0x00, 0x00, 0x00, 0x00, 0x03, 0x4e, 0x99, 0xce, 0xea, 0xf9, 0xf5, 0xe5, 0xc0, 0x8a, 0x35, 0x00, 0x00, 0x00, 0x00, 0x00, 0x00, /* 行 0 */
    0x00, 0x00, 0x00, 0x00, 0x4f, 0xe1, 0xff, 0xff, 0xff, 0xff, 0xff, 0xff, 0xff, 0xff, 0xff, 0xff, 0xc5, 0x2d, 0x00, 0x00, 0x00, 0x00, /* 行 1 */
    0x00, 0x00, 0x00, 0x85, 0xff, 0xff, 0xff, 0xff, 0xff, 0xff, 0xfc, 0xff, 0xff, 0xff, 0xff, 0xff, 0xff, 0xf8, 0x4c, 0x00, 0x00, 0x00, /* 行 2 */
    0x00, 0x00, 0x67, 0xff, 0xff, 0xff, 0xfe, 0xa6, 0x45, 0x11, 0x00, 0x04, 0x22, 0x63, 0xd2, 0xff, 0xff, 0xff, 0xf9, 0x2a, 0x00, 0x00, /* 行 3 */
    0x00, 0x0e, 0xf0, 0xff, 0xff, 0xf9, 0x4d, 0x00, 0x00, 0x00, 0x00, 0x00, 0x00, 0x00, 0x04, 0x98, 0xff, 0xff, 0xff, 0xb8, 0x00, 0x00, /* 行 4 */
    0x00, 0x5a, 0xff, 0xff, 0xff, 0x7c, 0x00, 0x00, 0x00, 0x00, 0x00, 0x00, 0x00, 0x00, 0x00, 0x02, 0xcc, 0xff, 0xff, 0xfc, 0x15, 0x00, /* 行 5 */
    0x00, 0x8d, 0xff, 0xff, 0xff, 0x18, 0x00, 0x00, 0x00, 0x00, 0x00, 0x00, 0x00, 0x00, 0x00, 0x00, 0x69, 0xff, 0xff, 0xff, 0x43, 0x00, /* 行 6 */
    0x00, 0xa2, 0xff, 0xff, 0xf2, 0x00, 0x00, 0x00, 0x00, 0x00, 0x00, 0x00, 0x00, 0x00, 0x00, 0x00, 0x43, 0xff, 0xff, 0xff, 0x59, 0x00, /* 行 7 */
    0x00, 0x96, 0xff, 0xff, 0xfa, 0x03, 0x00, 0x00, 0x00, 0x00, 0x00, 0x00, 0x00, 0x00, 0x00, 0x00, 0x4f, 0xff, 0xff, 0xff, 0x4b, 0x00, /* 行 8 */
    0x00, 0x69, 0xff, 0xff, 0xff, 0x3d, 0x00, 0x00, 0x00, 0x00, 0x00, 0x00, 0x00, 0x00, 0x00, 0x00, 0x8e, 0xff, 0xff, 0xfe, 0x18, 0x00, /* 行 9 */
    0x00, 0x1b, 0xfc, 0xff, 0xff, 0xbc, 0x01, 0x00, 0x00, 0x00, 0x00, 0x00, 0x00, 0x00, 0x00, 0x19, 0xf0, 0xff, 0xff, 0xb6, 0x00, 0x00, /* 行10 */
    0x00, 0x00, 0x9c, 0xff, 0xff, 0xff, 0x97, 0x03, 0x00, 0x00, 0x00, 0x00, 0x00, 0x00, 0x10, 0xc8, 0xff, 0xff, 0xf9, 0x2b, 0x00, 0x00, /* 行11 */
    0x00, 0x00, 0x10, 0xdb, 0xff, 0xff, 0xff, 0xc9, 0x32, 0x00, 0x00, 0x00, 0x00, 0x3e, 0xdd, 0xff, 0xff, 0xfd, 0x58, 0x00, 0x00, 0x00, /* 行12 */
    0x00, 0x00, 0x00, 0x1f, 0xda, 0xff, 0xff, 0xff, 0xfe, 0xac, 0x39, 0x38, 0xb0, 0xff, 0xff, 0xff, 0xf0, 0x4d, 0x00, 0x00, 0x00, 0x00, /* 行13 */
    0x00, 0x00, 0x00, 0x00, 0x10, 0xad, 0xff, 0xff, 0xff, 0xff, 0xff, 0xff, 0xff, 0xff, 0xff, 0xb0, 0x1c, 0x00, 0x00, 0x00, 0x00, 0x00, /* 行14 */
    0x00, 0x00, 0x00, 0x00, 0x00, 0x00, 0x73, 0xff, 0xff, 0xff, 0xff, 0xff, 0xff, 0xff, 0xa8, 0x09, 0x00, 0x00, 0x00, 0x00, 0x00, 0x00, /* 行15 */
    0x00, 0x00, 0x00, 0x00, 0x17, 0x9f, 0xfc, 0xff, 0xff, 0xff, 0xff, 0xff, 0xff, 0xff, 0xff, 0xe7, 0x64, 0x01, 0x00, 0x00, 0x00, 0x00, /* 行16 */
    0x00, 0x00, 0x00, 0x52, 0xf0, 0xff, 0xff, 0xff, 0xd7, 0x65, 0x46, 0xa5, 0xf7, 0xff, 0xff, 0xff, 0xff, 0xc4, 0x1d, 0x00, 0x00, 0x00, /* 行17 */
    0x00, 0x00, 0x6e, 0xff, 0xff, 0xff, 0xef, 0x65, 0x03, 0x00, 0x00, 0x00, 0x15, 0x80, 0xf2, 0xff, 0xff, 0xff, 0xeb, 0x2e, 0x00, 0x00, /* 行18 */
    0x00, 0x4b, 0xfe, 0xff, 0xff, 0xd4, 0x1e, 0x00, 0x00, 0x00, 0x00, 0x00, 0x00, 0x00, 0x17, 0xaf, 0xff, 0xff, 0xff, 0xe9, 0x17, 0x00, /* 行19 */
    0x06, 0xe3, 0xff, 0xff, 0xe7, 0x18, 0x00, 0x00, 0x00, 0x00, 0x00, 0x00, 0x00, 0x00, 0x00, 0x00, 0x92, 0xff, 0xff, 0xff, 0xa1, 0x00, /* 行20 */
    0x56, 0xff, 0xff, 0xff, 0x66, 0x00, 0x00, 0x00, 0x00, 0x00, 0x00, 0x00, 0x00, 0x00, 0x00, 0x00, 0x03, 0xce, 0xff, 0xff, 0xfb, 0x11, /* 行21 */
    0x97, 0xff, 0xff, 0xfd, 0x11, 0x00, 0x00, 0x00, 0x00, 0x00, 0x00, 0x00, 0x00, 0x00, 0x00, 0x00, 0x00, 0x64, 0xff, 0xff, 0xff, 0x4a, /* 行22 */
    0xb1, 0xff, 0xff, 0xeb, 0x00, 0x00, 0x00, 0x00, 0x00, 0x00, 0x00, 0x00, 0x00, 0x00, 0x00, 0x00, 0x00, 0x3c, 0xff, 0xff, 0xff, 0x61, /* 行23 */
    0xa8, 0xff, 0xff, 0xf4, 0x00, 0x00, 0x00, 0x00, 0x00, 0x00, 0x00, 0x00, 0x00, 0x00, 0x00, 0x00, 0x00, 0x4a, 0xff, 0xff, 0xff, 0x52, /* 行24 */
    0x8c, 0xff, 0xff, 0xff, 0x2c, 0x00, 0x00, 0x00, 0x00, 0x00, 0x00, 0x00, 0x00, 0x00, 0x00, 0x00, 0x00, 0x89, 0xff, 0xff, 0xff, 0x31, /* 行25 */
    0x47, 0xff, 0xff, 0xff, 0xa9, 0x00, 0x00, 0x00, 0x00, 0x00, 0x00, 0x00, 0x00, 0x00, 0x00, 0x00, 0x1b, 0xf0, 0xff, 0xff, 0xe3, 0x01, /* 行26 */
    0x05, 0xdb, 0xff, 0xff, 0xff, 0x8f, 0x06, 0x00, 0x00, 0x00, 0x00, 0x00, 0x00, 0x00, 0x00, 0x25, 0xd6, 0xff, 0xff, 0xff, 0x72, 0x00, /* 行27 */
    0x00, 0x44, 0xfc, 0xff, 0xff, 0xff, 0xdc, 0x77, 0x34, 0x0c, 0x00, 0x02, 0x15, 0x46, 0x99, 0xf7, 0xff, 0xff, 0xff, 0xc5, 0x04, 0x00, /* 行28 */
    0x00, 0x00, 0x57, 0xf9, 0xff, 0xff, 0xff, 0xff, 0xff, 0xff, 0xfc, 0xfe, 0xff, 0xff, 0xff, 0xff, 0xff, 0xff, 0xc3, 0x0e, 0x00, 0x00, /* 行29 */
    0x00, 0x00, 0x00, 0x29, 0xb9, 0xff, 0xff, 0xff, 0xff, 0xff, 0xff, 0xff, 0xff, 0xff, 0xff, 0xff, 0xed, 0x74, 0x03, 0x00, 0x00, 0x00, /* 行30 */
    0x00, 0x00, 0x00, 0x00, 0x00, 0x22, 0x77, 0xac, 0xd8, 0xec, 0xf9, 0xf8, 0xe8, 0xce, 0x9a, 0x59, 0x08, 0x00, 0x00, 0x00, 0x00, 0x00, /* 行31 */
};

/* 字符  57: 9    */
/*
 *           ░░▒▒▓▓██████████▓▓░░              
 *         ▒▒██████████████████████░░          
 *       ▒▒██████████████████████████▒▒        
 *     ▒▒████████▓▓▒▒░░░░░░▒▒██████████▒▒      
 *   ░░████████▒▒            ░░▒▒████████░░    
 *   ▓▓██████▒▒                  ▒▒██████▓▓    
 * ░░████████                      ▓▓██████░░  
 * ▒▒██████▒▒                      ░░██████▒▒  
 * ▓▓██████░░                        ██████▓▓  
 * ▓▓██████░░                        ▓▓██████  
 * ▓▓██████                          ▒▒██████░░
 * ▓▓██████░░                        ▒▒██████░░
 * ▓▓██████░░                        ▓▓██████▒▒
 * ▒▒██████▒▒                      ░░████████▒▒
 * ░░████████░░                  ░░▓▓████████▒▒
 *   ▓▓██████▓▓░░              ░░▓▓██████████▒▒
 *   ░░██████████▒▒░░    ░░░░▓▓██████▓▓██████░░
 *     ░░██████████████████████████▒▒▓▓██████░░
 *       ░░██████████████████████░░  ▓▓██████░░
 *           ░░▓▓██████████▓▓▒▒░░    ▓▓██████  
 *                                 ░░██████▓▓  
 *                                 ░░██████▒▒  
 *                                 ▒▒██████░░  
 *                               ░░████████    
 *                               ▒▒██████▒▒    
 *                             ░░████████░░    
 *                           ░░████████▒▒      
 *                       ░░▒▒████████▓▓        
 *     ░░▒▒░░░░░░░░░░▒▒▓▓██████████▓▓░░        
 *     ▒▒████████████████████████▒▒░░          
 *     ▒▒████████████████████▓▓░░              
 *     ░░▓▓████████████▓▓▒▒░░                  
 */
static const unsigned char open_sans_45px_char_057_bitmap[] = {
    0x00, 0x00, 0x00, 0x00, 0x00, 0x02, 0x4e, 0x98, 0xd2, 0xea, 0xfb, 0xef, 0xcf, 0x97, 0x3f, 0x00, 0x00, 0x00, 0x00, 0x00, 0x00, 0x00, /* 行 0 */
    0x00, 0x00, 0x00, 0x00, 0x46, 0xd4, 0xff, 0xff, 0xff, 0xff, 0xff, 0xff, 0xff, 0xff, 0xff, 0xc5, 0x2f, 0x00, 0x00, 0x00, 0x00, 0x00, /* 行 1 */
    0x00, 0x00, 0x00, 0x75, 0xfd, 0xff, 0xff, 0xff, 0xff, 0xff, 0xff, 0xff, 0xff, 0xff, 0xff, 0xff, 0xf6, 0x54, 0x00, 0x00, 0x00, 0x00, /* 行 2 */
    0x00, 0x00, 0x65, 0xff, 0xff, 0xff, 0xff, 0xbd, 0x65, 0x35, 0x25, 0x36, 0x6d, 0xd2, 0xff, 0xff, 0xff, 0xfa, 0x45, 0x00, 0x00, 0x00, /* 行 3 */
    0x00, 0x28, 0xf9, 0xff, 0xff, 0xf7, 0x56, 0x00, 0x00, 0x00, 0x00, 0x00, 0x00, 0x02, 0x7d, 0xff, 0xff, 0xff, 0xe7, 0x12, 0x00, 0x00, /* 行 4 */
    0x00, 0xa4, 0xff, 0xff, 0xff, 0x59, 0x00, 0x00, 0x00, 0x00, 0x00, 0x00, 0x00, 0x00, 0x00, 0x6b, 0xff, 0xff, 0xff, 0x8c, 0x00, 0x00, /* 行 5 */
    0x10, 0xfc, 0xff, 0xff, 0xc0, 0x00, 0x00, 0x00, 0x00, 0x00, 0x00, 0x00, 0x00, 0x00, 0x00, 0x00, 0xb7, 0xff, 0xff, 0xf5, 0x0f, 0x00, /* 行 6 */
    0x4f, 0xff, 0xff, 0xff, 0x5c, 0x00, 0x00, 0x00, 0x00, 0x00, 0x00, 0x00, 0x00, 0x00, 0x00, 0x00, 0x2e, 0xff, 0xff, 0xff, 0x61, 0x00, /* 行 7 */
    0x83, 0xff, 0xff, 0xff, 0x20, 0x00, 0x00, 0x00, 0x00, 0x00, 0x00, 0x00, 0x00, 0x00, 0x00, 0x00, 0x00, 0xd4, 0xff, 0xff, 0xad, 0x00, /* 行 8 */
    0x98, 0xff, 0xff, 0xfe, 0x02, 0x00, 0x00, 0x00, 0x00, 0x00, 0x00, 0x00, 0x00, 0x00, 0x00, 0x00, 0x00, 0x91, 0xff, 0xff, 0xe9, 0x00, /* 行 9 */
    0xa7, 0xff, 0xff, 0xf4, 0x00, 0x00, 0x00, 0x00, 0x00, 0x00, 0x00, 0x00, 0x00, 0x00, 0x00, 0x00, 0x00, 0x76, 0xff, 0xff, 0xff, 0x12, /* 行10 */
    0x9a, 0xff, 0xff, 0xfe, 0x02, 0x00, 0x00, 0x00, 0x00, 0x00, 0x00, 0x00, 0x00, 0x00, 0x00, 0x00, 0x00, 0x6c, 0xff, 0xff, 0xff, 0x32, /* 行11 */
    0x84, 0xff, 0xff, 0xff, 0x28, 0x00, 0x00, 0x00, 0x00, 0x00, 0x00, 0x00, 0x00, 0x00, 0x00, 0x00, 0x00, 0x96, 0xff, 0xff, 0xff, 0x42, /* 行12 */
    0x4f, 0xff, 0xff, 0xff, 0x72, 0x00, 0x00, 0x00, 0x00, 0x00, 0x00, 0x00, 0x00, 0x00, 0x00, 0x00, 0x12, 0xf0, 0xff, 0xff, 0xff, 0x4c, /* 行13 */
    0x10, 0xf7, 0xff, 0xff, 0xe1, 0x0d, 0x00, 0x00, 0x00, 0x00, 0x00, 0x00, 0x00, 0x00, 0x00, 0x03, 0xac, 0xff, 0xff, 0xff, 0xff, 0x4a, /* 行14 */
    0x00, 0x94, 0xff, 0xff, 0xff, 0xb3, 0x09, 0x00, 0x00, 0x00, 0x00, 0x00, 0x00, 0x00, 0x15, 0xad, 0xff, 0xff, 0xff, 0xff, 0xff, 0x43, /* 行15 */
    0x00, 0x16, 0xe4, 0xff, 0xff, 0xff, 0xd9, 0x64, 0x1c, 0x00, 0x00, 0x0a, 0x35, 0x88, 0xed, 0xff, 0xf6, 0xb4, 0xff, 0xff, 0xff, 0x34, /* 行16 */
    0x00, 0x00, 0x35, 0xec, 0xff, 0xff, 0xff, 0xff, 0xff, 0xfa, 0xf2, 0xff, 0xff, 0xff, 0xff, 0xfc, 0x4e, 0x87, 0xff, 0xff, 0xff, 0x1f, /* 行17 */
    0x00, 0x00, 0x00, 0x20, 0xc0, 0xff, 0xff, 0xff, 0xff, 0xff, 0xff, 0xff, 0xff, 0xff, 0xcf, 0x34, 0x00, 0x9e, 0xff, 0xff, 0xfc, 0x06, /* 行18 */
    0x00, 0x00, 0x00, 0x00, 0x00, 0x3c, 0x91, 0xd0, 0xeb, 0xfa, 0xea, 0xd1, 0x9a, 0x47, 0x03, 0x00, 0x00, 0xbc, 0xff, 0xff, 0xdc, 0x00, /* 行19 */
    0x00, 0x00, 0x00, 0x00, 0x00, 0x00, 0x00, 0x00, 0x00, 0x00, 0x00, 0x00, 0x00, 0x00, 0x00, 0x00, 0x02, 0xf1, 0xff, 0xff, 0xab, 0x00, /* 行20 */
    0x00, 0x00, 0x00, 0x00, 0x00, 0x00, 0x00, 0x00, 0x00, 0x00, 0x00, 0x00, 0x00, 0x00, 0x00, 0x00, 0x2c, 0xff, 0xff, 0xff, 0x71, 0x00, /* 行21 */
    0x00, 0x00, 0x00, 0x00, 0x00, 0x00, 0x00, 0x00, 0x00, 0x00, 0x00, 0x00, 0x00, 0x00, 0x00, 0x00, 0x7f, 0xff, 0xff, 0xff, 0x28, 0x00, /* 行22 */
    0x00, 0x00, 0x00, 0x00, 0x00, 0x00, 0x00, 0x00, 0x00, 0x00, 0x00, 0x00, 0x00, 0x00, 0x00, 0x03, 0xe4, 0xff, 0xff, 0xd2, 0x00, 0x00, /* 行23 */
    0x00, 0x00, 0x00, 0x00, 0x00, 0x00, 0x00, 0x00, 0x00, 0x00, 0x00, 0x00, 0x00, 0x00, 0x00, 0x6b, 0xff, 0xff, 0xff, 0x69, 0x00, 0x00, /* 行24 */
    0x00, 0x00, 0x00, 0x00, 0x00, 0x00, 0x00, 0x00, 0x00, 0x00, 0x00, 0x00, 0x00, 0x00, 0x24, 0xf4, 0xff, 0xff, 0xe1, 0x08, 0x00, 0x00, /* 行25 */
    0x00, 0x00, 0x00, 0x00, 0x00, 0x00, 0x00, 0x00, 0x00, 0x00, 0x00, 0x00, 0x00, 0x28, 0xe1, 0xff, 0xff, 0xff, 0x52, 0x00, 0x00, 0x00, /* 行26 */
    0x00, 0x00, 0x00, 0x00, 0x00, 0x00, 0x00, 0x00, 0x00, 0x00, 0x00, 0x05, 0x6b, 0xed, 0xff, 0xff, 0xff, 0x96, 0x00, 0x00, 0x00, 0x00, /* 行27 */
    0x00, 0x00, 0x2b, 0x64, 0x2f, 0x17, 0x08, 0x14, 0x27, 0x4d, 0x91, 0xe1, 0xff, 0xff, 0xff, 0xff, 0xa8, 0x03, 0x00, 0x00, 0x00, 0x00, /* 行28 */
    0x00, 0x00, 0x50, 0xff, 0xff, 0xff, 0xff, 0xff, 0xff, 0xff, 0xff, 0xff, 0xff, 0xff, 0xfa, 0x7f, 0x01, 0x00, 0x00, 0x00, 0x00, 0x00, /* 行29 */
    0x00, 0x00, 0x50, 0xff, 0xff, 0xff, 0xff, 0xff, 0xff, 0xff, 0xff, 0xff, 0xfc, 0xab, 0x2c, 0x00, 0x00, 0x00, 0x00, 0x00, 0x00, 0x00, /* 行30 */
    0x00, 0x00, 0x2f, 0xbe, 0xe3, 0xf7, 0xfe, 0xf9, 0xeb, 0xcd, 0xa2, 0x65, 0x16, 0x00, 0x00, 0x00, 0x00, 0x00, 0x00, 0x00, 0x00, 0x00, /* 行31 */
};

/* 字符  58: :    */
/*
 * ░░▓▓████▓▓░░
 * ▒▒████████▒▒
 * ▓▓████████▓▓
 * ▓▓████████▓▓
 * ▒▒████████▒▒
 * ░░▓▓████▒▒  
 *             
 *             
 *             
 *             
 *             
 *             
 *             
 *             
 *             
 *             
 *             
 *             
 * ░░▓▓████▒▒  
 * ▒▒████████▒▒
 * ▓▓████████▓▓
 * ▓▓████████▓▓
 * ▒▒████████▒▒
 * ░░▓▓████▓▓  
 */
static const unsigned char open_sans_45px_char_058_bitmap[] = {
    0x05, 0x98, 0xed, 0xe8, 0x8e, 0x02, /* 行 0 */
    0x62, 0xff, 0xff, 0xff, 0xff, 0x5a, /* 行 1 */
    0x99, 0xff, 0xff, 0xff, 0xff, 0x93, /* 行 2 */
    0x96, 0xff, 0xff, 0xff, 0xff, 0x8f, /* 行 3 */
    0x58, 0xff, 0xff, 0xff, 0xff, 0x49, /* 行 4 */
    0x01, 0x81, 0xdd, 0xd8, 0x70, 0x00, /* 行 5 */
    0x00, 0x00, 0x00, 0x00, 0x00, 0x00, /* 行 6 */
    0x00, 0x00, 0x00, 0x00, 0x00, 0x00, /* 行 7 */
    0x00, 0x00, 0x00, 0x00, 0x00, 0x00, /* 行 8 */
    0x00, 0x00, 0x00, 0x00, 0x00, 0x00, /* 行 9 */
    0x00, 0x00, 0x00, 0x00, 0x00, 0x00, /* 行10 */
    0x00, 0x00, 0x00, 0x00, 0x00, 0x00, /* 行11 */
    0x00, 0x00, 0x00, 0x00, 0x00, 0x00, /* 行12 */
    0x00, 0x00, 0x00, 0x00, 0x00, 0x00, /* 行13 */
    0x00, 0x00, 0x00, 0x00, 0x00, 0x00, /* 行14 */
    0x00, 0x00, 0x00, 0x00, 0x00, 0x00, /* 行15 */
    0x00, 0x00, 0x00, 0x00, 0x00, 0x00, /* 行16 */
    0x00, 0x00, 0x00, 0x00, 0x00, 0x00, /* 行17 */
    0x01, 0x85, 0xe0, 0xdb, 0x77, 0x00, /* 行18 */
    0x58, 0xff, 0xff, 0xff, 0xff, 0x4d, /* 行19 */
    0x96, 0xff, 0xff, 0xff, 0xff, 0x90, /* 行20 */
    0x98, 0xff, 0xff, 0xff, 0xff, 0x92, /* 行21 */
    0x5f, 0xff, 0xff, 0xff, 0xff, 0x51, /* 行22 */
    0x02, 0x91, 0xed, 0xe8, 0x80, 0x00, /* 行23 */
};

/* 字符  59: ;    */
/*
 *     ░░▓▓████▒▒  
 *     ▒▒████████▒▒
 *     ▓▓████████▒▒
 *     ▓▓████████▒▒
 *     ▒▒████████░░
 *     ░░▓▓████▒▒  
 *                 
 *                 
 *                 
 *                 
 *                 
 *                 
 *                 
 *                 
 *                 
 *                 
 *                 
 *                 
 *                 
 *     ▒▒████████  
 *     ▓▓██████▓▓  
 *     ▓▓██████▒▒  
 *     ████████░░  
 *   ░░██████▓▓    
 *   ▒▒██████▒▒    
 *   ▓▓██████░░    
 *   ██████▓▓      
 * ░░██████░░      
 * ░░██████        
 * ▒▒████▒▒        
 */
static const unsigned char open_sans_45px_char_059_bitmap[] = {
    0x00, 0x00, 0x0d, 0xa6, 0xf0, 0xe4, 0x7d, 0x00, /* 行 0 */
    0x00, 0x00, 0x7e, 0xff, 0xff, 0xff, 0xff, 0x42, /* 行 1 */
    0x00, 0x00, 0xb5, 0xff, 0xff, 0xff, 0xff, 0x7b, /* 行 2 */
    0x00, 0x00, 0xb2, 0xff, 0xff, 0xff, 0xff, 0x77, /* 行 3 */
    0x00, 0x00, 0x71, 0xff, 0xff, 0xff, 0xfe, 0x33, /* 行 4 */
    0x00, 0x00, 0x06, 0x91, 0xdf, 0xd3, 0x5f, 0x00, /* 行 5 */
    0x00, 0x00, 0x00, 0x00, 0x00, 0x00, 0x00, 0x00, /* 行 6 */
    0x00, 0x00, 0x00, 0x00, 0x00, 0x00, 0x00, 0x00, /* 行 7 */
    0x00, 0x00, 0x00, 0x00, 0x00, 0x00, 0x00, 0x00, /* 行 8 */
    0x00, 0x00, 0x00, 0x00, 0x00, 0x00, 0x00, 0x00, /* 行 9 */
    0x00, 0x00, 0x00, 0x00, 0x00, 0x00, 0x00, 0x00, /* 行10 */
    0x00, 0x00, 0x00, 0x00, 0x00, 0x00, 0x00, 0x00, /* 行11 */
    0x00, 0x00, 0x00, 0x00, 0x00, 0x00, 0x00, 0x00, /* 行12 */
    0x00, 0x00, 0x00, 0x00, 0x00, 0x00, 0x00, 0x00, /* 行13 */
    0x00, 0x00, 0x00, 0x00, 0x00, 0x00, 0x00, 0x00, /* 行14 */
    0x00, 0x00, 0x00, 0x00, 0x00, 0x00, 0x00, 0x00, /* 行15 */
    0x00, 0x00, 0x00, 0x00, 0x00, 0x00, 0x00, 0x00, /* 行16 */
    0x00, 0x00, 0x00, 0x00, 0x00, 0x00, 0x00, 0x00, /* 行17 */
    0x00, 0x00, 0x00, 0x00, 0x00, 0x00, 0x00, 0x00, /* 行18 */
    0x00, 0x00, 0x64, 0xff, 0xff, 0xff, 0xe4, 0x00, /* 行19 */
    0x00, 0x00, 0x8d, 0xff, 0xff, 0xff, 0xb7, 0x00, /* 行20 */
    0x00, 0x00, 0xbc, 0xff, 0xff, 0xff, 0x6b, 0x00, /* 行21 */
    0x00, 0x00, 0xed, 0xff, 0xff, 0xfd, 0x19, 0x00, /* 行22 */
    0x00, 0x22, 0xff, 0xff, 0xff, 0xbd, 0x00, 0x00, /* 行23 */
    0x00, 0x57, 0xff, 0xff, 0xff, 0x63, 0x00, 0x00, /* 行24 */
    0x00, 0x8e, 0xff, 0xff, 0xf4, 0x0d, 0x00, 0x00, /* 行25 */
    0x00, 0xc7, 0xff, 0xff, 0x9e, 0x00, 0x00, 0x00, /* 行26 */
    0x07, 0xf8, 0xff, 0xff, 0x38, 0x00, 0x00, 0x00, /* 行27 */
    0x3d, 0xff, 0xff, 0xc8, 0x00, 0x00, 0x00, 0x00, /* 行28 */
    0x7c, 0xff, 0xff, 0x58, 0x00, 0x00, 0x00, 0x00, /* 行29 */
};

/* 字符  60: <    */
/*
 *                                       ░░▓▓▒▒
 *                                   ░░▓▓████▒▒
 *                               ░░▓▓████████▒▒
 *                           ░░▓▓██████████▓▓░░
 *                       ░░▓▓██████████▓▓░░    
 *                   ░░▓▓██████████▓▓░░        
 *               ░░▓▓██████████▓▓░░            
 *           ░░▓▓██████████▓▓░░                
 *       ░░▓▓██████████▒▒░░                    
 *   ░░▓▓██████████▒▒░░                        
 * ▒▒██████████▒▒░░                            
 * ▓▓██████▓▓░░                                
 * ▓▓██████████▓▓░░                            
 *   ░░▓▓██████████▓▓▒▒░░                      
 *       ░░▓▓████████████▒▒░░                  
 *           ░░▒▒████████████▓▓░░              
 *               ░░▒▒██████████████▒▒░░        
 *                     ░░▓▓████████████▓▓░░    
 *                         ░░▓▓████████████▓▓░░
 *                             ░░▒▒██████████▒▒
 *                                 ░░▒▒▓▓████▒▒
 *                                       ░░▓▓▒▒
 */
static const unsigned char open_sans_45px_char_060_bitmap[] = {
    0x00, 0x00, 0x00, 0x00, 0x00, 0x00, 0x00, 0x00, 0x00, 0x00, 0x00, 0x00, 0x00, 0x00, 0x00, 0x00, 0x00, 0x00, 0x00, 0x16, 0x8c, 0x5d, /* 行 0 */
    0x00, 0x00, 0x00, 0x00, 0x00, 0x00, 0x00, 0x00, 0x00, 0x00, 0x00, 0x00, 0x00, 0x00, 0x00, 0x00, 0x00, 0x16, 0x8c, 0xf5, 0xff, 0x68, /* 行 1 */
    0x00, 0x00, 0x00, 0x00, 0x00, 0x00, 0x00, 0x00, 0x00, 0x00, 0x00, 0x00, 0x00, 0x00, 0x00, 0x17, 0x8c, 0xf5, 0xff, 0xff, 0xff, 0x68, /* 行 2 */
    0x00, 0x00, 0x00, 0x00, 0x00, 0x00, 0x00, 0x00, 0x00, 0x00, 0x00, 0x00, 0x00, 0x17, 0x8d, 0xf5, 0xff, 0xff, 0xff, 0xff, 0xb7, 0x27, /* 行 3 */
    0x00, 0x00, 0x00, 0x00, 0x00, 0x00, 0x00, 0x00, 0x00, 0x00, 0x00, 0x17, 0x8d, 0xf6, 0xff, 0xff, 0xff, 0xfd, 0xaa, 0x30, 0x00, 0x00, /* 行 4 */
    0x00, 0x00, 0x00, 0x00, 0x00, 0x00, 0x00, 0x00, 0x00, 0x17, 0x8d, 0xf6, 0xff, 0xff, 0xff, 0xfa, 0x9e, 0x26, 0x00, 0x00, 0x00, 0x00, /* 行 5 */
    0x00, 0x00, 0x00, 0x00, 0x00, 0x00, 0x00, 0x18, 0x8e, 0xf6, 0xff, 0xff, 0xff, 0xf5, 0x91, 0x1c, 0x00, 0x00, 0x00, 0x00, 0x00, 0x00, /* 行 6 */
    0x00, 0x00, 0x00, 0x00, 0x00, 0x18, 0x8e, 0xf6, 0xff, 0xff, 0xff, 0xef, 0x84, 0x14, 0x00, 0x00, 0x00, 0x00, 0x00, 0x00, 0x00, 0x00, /* 行 7 */
    0x00, 0x00, 0x00, 0x18, 0x8f, 0xf6, 0xff, 0xff, 0xff, 0xe8, 0x78, 0x0e, 0x00, 0x00, 0x00, 0x00, 0x00, 0x00, 0x00, 0x00, 0x00, 0x00, /* 行 8 */
    0x00, 0x18, 0x8f, 0xf6, 0xff, 0xff, 0xff, 0xe0, 0x6b, 0x08, 0x00, 0x00, 0x00, 0x00, 0x00, 0x00, 0x00, 0x00, 0x00, 0x00, 0x00, 0x00, /* 行 9 */
    0x74, 0xf6, 0xff, 0xff, 0xff, 0xd6, 0x5f, 0x04, 0x00, 0x00, 0x00, 0x00, 0x00, 0x00, 0x00, 0x00, 0x00, 0x00, 0x00, 0x00, 0x00, 0x00, /* 行10 */
    0xb8, 0xff, 0xff, 0xff, 0xb9, 0x10, 0x00, 0x00, 0x00, 0x00, 0x00, 0x00, 0x00, 0x00, 0x00, 0x00, 0x00, 0x00, 0x00, 0x00, 0x00, 0x00, /* 行11 */
    0x9e, 0xff, 0xff, 0xff, 0xff, 0xf3, 0x96, 0x2b, 0x00, 0x00, 0x00, 0x00, 0x00, 0x00, 0x00, 0x00, 0x00, 0x00, 0x00, 0x00, 0x00, 0x00, /* 行12 */
    0x00, 0x3d, 0xae, 0xfd, 0xff, 0xff, 0xff, 0xff, 0xbf, 0x53, 0x04, 0x00, 0x00, 0x00, 0x00, 0x00, 0x00, 0x00, 0x00, 0x00, 0x00, 0x00, /* 行13 */
    0x00, 0x00, 0x00, 0x21, 0x8f, 0xf2, 0xff, 0xff, 0xff, 0xff, 0xe3, 0x7c, 0x17, 0x00, 0x00, 0x00, 0x00, 0x00, 0x00, 0x00, 0x00, 0x00, /* 行14 */
    0x00, 0x00, 0x00, 0x00, 0x00, 0x0e, 0x71, 0xde, 0xff, 0xff, 0xff, 0xff, 0xf9, 0xa5, 0x3a, 0x00, 0x00, 0x00, 0x00, 0x00, 0x00, 0x00, /* 行15 */
    0x00, 0x00, 0x00, 0x00, 0x00, 0x00, 0x00, 0x02, 0x52, 0xc3, 0xff, 0xff, 0xff, 0xff, 0xff, 0xce, 0x63, 0x09, 0x00, 0x00, 0x00, 0x00, /* 行16 */
    0x00, 0x00, 0x00, 0x00, 0x00, 0x00, 0x00, 0x00, 0x00, 0x00, 0x33, 0xa4, 0xfa, 0xff, 0xff, 0xff, 0xff, 0xee, 0x8c, 0x22, 0x00, 0x00, /* 行17 */
    0x00, 0x00, 0x00, 0x00, 0x00, 0x00, 0x00, 0x00, 0x00, 0x00, 0x00, 0x00, 0x1a, 0x85, 0xec, 0xff, 0xff, 0xff, 0xff, 0xfd, 0xb5, 0x2a, /* 行18 */
    0x00, 0x00, 0x00, 0x00, 0x00, 0x00, 0x00, 0x00, 0x00, 0x00, 0x00, 0x00, 0x00, 0x00, 0x09, 0x67, 0xd6, 0xff, 0xff, 0xff, 0xff, 0x68, /* 行19 */
    0x00, 0x00, 0x00, 0x00, 0x00, 0x00, 0x00, 0x00, 0x00, 0x00, 0x00, 0x00, 0x00, 0x00, 0x00, 0x00, 0x01, 0x48, 0xb9, 0xff, 0xff, 0x68, /* 行20 */
    0x00, 0x00, 0x00, 0x00, 0x00, 0x00, 0x00, 0x00, 0x00, 0x00, 0x00, 0x00, 0x00, 0x00, 0x00, 0x00, 0x00, 0x00, 0x00, 0x2a, 0x9a, 0x5e, /* 行21 */
};

/* 字符  61: =    */
/*
 * ▒▒████████████████████████████████████████░░
 * ▒▒████████████████████████████████████████░░
 * ▒▒████████████████████████████████████████░░
 * ░░░░░░░░░░░░░░░░░░░░░░░░░░░░░░░░░░░░░░░░░░  
 *                                             
 *                                             
 *                                             
 *                                             
 * ░░░░░░░░░░░░░░░░░░░░░░░░░░░░░░░░░░░░░░░░░░  
 * ▒▒████████████████████████████████████████░░
 * ▒▒████████████████████████████████████████░░
 * ▒▒████████████████████████████████████████░░
 */
static const unsigned char open_sans_45px_char_061_bitmap[] = {
    0x64, 0xff, 0xff, 0xff, 0xff, 0xff, 0xff, 0xff, 0xff, 0xff, 0xff, 0xff, 0xff, 0xff, 0xff, 0xff, 0xff, 0xff, 0xff, 0xff, 0xff, 0x0c, /* 行 0 */
    0x64, 0xff, 0xff, 0xff, 0xff, 0xff, 0xff, 0xff, 0xff, 0xff, 0xff, 0xff, 0xff, 0xff, 0xff, 0xff, 0xff, 0xff, 0xff, 0xff, 0xff, 0x0c, /* 行 1 */
    0x64, 0xff, 0xff, 0xff, 0xff, 0xff, 0xff, 0xff, 0xff, 0xff, 0xff, 0xff, 0xff, 0xff, 0xff, 0xff, 0xff, 0xff, 0xff, 0xff, 0xff, 0x0c, /* 行 2 */
    0x01, 0x04, 0x04, 0x04, 0x04, 0x04, 0x04, 0x04, 0x04, 0x04, 0x04, 0x04, 0x04, 0x04, 0x04, 0x04, 0x04, 0x04, 0x04, 0x04, 0x04, 0x00, /* 行 3 */
    0x00, 0x00, 0x00, 0x00, 0x00, 0x00, 0x00, 0x00, 0x00, 0x00, 0x00, 0x00, 0x00, 0x00, 0x00, 0x00, 0x00, 0x00, 0x00, 0x00, 0x00, 0x00, /* 行 4 */
    0x00, 0x00, 0x00, 0x00, 0x00, 0x00, 0x00, 0x00, 0x00, 0x00, 0x00, 0x00, 0x00, 0x00, 0x00, 0x00, 0x00, 0x00, 0x00, 0x00, 0x00, 0x00, /* 行 5 */
    0x00, 0x00, 0x00, 0x00, 0x00, 0x00, 0x00, 0x00, 0x00, 0x00, 0x00, 0x00, 0x00, 0x00, 0x00, 0x00, 0x00, 0x00, 0x00, 0x00, 0x00, 0x00, /* 行 6 */
    0x00, 0x00, 0x00, 0x00, 0x00, 0x00, 0x00, 0x00, 0x00, 0x00, 0x00, 0x00, 0x00, 0x00, 0x00, 0x00, 0x00, 0x00, 0x00, 0x00, 0x00, 0x00, /* 行 7 */
    0x01, 0x04, 0x04, 0x04, 0x04, 0x04, 0x04, 0x04, 0x04, 0x04, 0x04, 0x04, 0x04, 0x04, 0x04, 0x04, 0x04, 0x04, 0x04, 0x04, 0x04, 0x00, /* 行 8 */
    0x64, 0xff, 0xff, 0xff, 0xff, 0xff, 0xff, 0xff, 0xff, 0xff, 0xff, 0xff, 0xff, 0xff, 0xff, 0xff, 0xff, 0xff, 0xff, 0xff, 0xff, 0x0c, /* 行 9 */
    0x64, 0xff, 0xff, 0xff, 0xff, 0xff, 0xff, 0xff, 0xff, 0xff, 0xff, 0xff, 0xff, 0xff, 0xff, 0xff, 0xff, 0xff, 0xff, 0xff, 0xff, 0x0c, /* 行10 */
    0x64, 0xff, 0xff, 0xff, 0xff, 0xff, 0xff, 0xff, 0xff, 0xff, 0xff, 0xff, 0xff, 0xff, 0xff, 0xff, 0xff, 0xff, 0xff, 0xff, 0xff, 0x0c, /* 行11 */
};

/* 字符  62: >    */
/*
 * ▓▓▒▒░░                                      
 * ▓▓████▒▒░░                                  
 * ▓▓████████▒▒░░                              
 * ▒▒████████████▒▒░░                          
 *   ░░▒▒████████████▒▒░░                      
 *         ▒▒████████████▒▒░░                  
 *             ▒▒▓▓██████████▒▒░░              
 *                 ░░▓▓██████████▒▒░░          
 *                     ░░▓▓██████████▒▒░░      
 *                         ░░▓▓██████████▒▒░░  
 *                             ░░▓▓██████████░░
 *                                 ░░████████▒▒
 *                             ▒▒▓▓██████████▒▒
 *                       ░░▒▒████████████▓▓░░  
 *                   ░░▓▓████████████▒▒░░      
 *             ░░▒▒████████████▓▓▒▒░░          
 *         ░░▓▓████████████▓▓░░                
 *     ▒▒▓▓████████████▓▓░░                    
 * ▒▒██████████████▒▒░░                        
 * ▓▓████████▓▓▒▒                              
 * ▓▓████▓▓░░                                  
 * ▓▓▒▒░░                                      
 */
static const unsigned char open_sans_45px_char_062_bitmap[] = {
    0x96, 0x64, 0x05, 0x00, 0x00, 0x00, 0x00, 0x00, 0x00, 0x00, 0x00, 0x00, 0x00, 0x00, 0x00, 0x00, 0x00, 0x00, 0x00, 0x00, 0x00, 0x00, /* 行 0 */
    0xb8, 0xff, 0xde, 0x64, 0x05, 0x00, 0x00, 0x00, 0x00, 0x00, 0x00, 0x00, 0x00, 0x00, 0x00, 0x00, 0x00, 0x00, 0x00, 0x00, 0x00, 0x00, /* 行 1 */
    0xb8, 0xff, 0xff, 0xff, 0xdf, 0x64, 0x05, 0x00, 0x00, 0x00, 0x00, 0x00, 0x00, 0x00, 0x00, 0x00, 0x00, 0x00, 0x00, 0x00, 0x00, 0x00, /* 行 2 */
    0x53, 0xda, 0xff, 0xff, 0xff, 0xff, 0xdf, 0x65, 0x05, 0x00, 0x00, 0x00, 0x00, 0x00, 0x00, 0x00, 0x00, 0x00, 0x00, 0x00, 0x00, 0x00, /* 行 3 */
    0x00, 0x02, 0x58, 0xd1, 0xff, 0xff, 0xff, 0xff, 0xdf, 0x65, 0x05, 0x00, 0x00, 0x00, 0x00, 0x00, 0x00, 0x00, 0x00, 0x00, 0x00, 0x00, /* 行 4 */
    0x00, 0x00, 0x00, 0x00, 0x4c, 0xc6, 0xff, 0xff, 0xff, 0xff, 0xe0, 0x66, 0x05, 0x00, 0x00, 0x00, 0x00, 0x00, 0x00, 0x00, 0x00, 0x00, /* 行 5 */
    0x00, 0x00, 0x00, 0x00, 0x00, 0x00, 0x41, 0xbb, 0xff, 0xff, 0xff, 0xff, 0xe0, 0x66, 0x05, 0x00, 0x00, 0x00, 0x00, 0x00, 0x00, 0x00, /* 行 6 */
    0x00, 0x00, 0x00, 0x00, 0x00, 0x00, 0x00, 0x00, 0x35, 0xb0, 0xfe, 0xff, 0xff, 0xff, 0xe0, 0x66, 0x05, 0x00, 0x00, 0x00, 0x00, 0x00, /* 行 7 */
    0x00, 0x00, 0x00, 0x00, 0x00, 0x00, 0x00, 0x00, 0x00, 0x00, 0x2b, 0xa4, 0xfc, 0xff, 0xff, 0xff, 0xe1, 0x67, 0x05, 0x00, 0x00, 0x00, /* 行 8 */
    0x00, 0x00, 0x00, 0x00, 0x00, 0x00, 0x00, 0x00, 0x00, 0x00, 0x00, 0x00, 0x22, 0x99, 0xf8, 0xff, 0xff, 0xff, 0xe1, 0x67, 0x06, 0x00, /* 行 9 */
    0x00, 0x00, 0x00, 0x00, 0x00, 0x00, 0x00, 0x00, 0x00, 0x00, 0x00, 0x00, 0x00, 0x00, 0x1a, 0x8e, 0xf4, 0xff, 0xff, 0xff, 0xe1, 0x39, /* 行10 */
    0x00, 0x00, 0x00, 0x00, 0x00, 0x00, 0x00, 0x00, 0x00, 0x00, 0x00, 0x00, 0x00, 0x00, 0x00, 0x00, 0x2e, 0xe5, 0xff, 0xff, 0xff, 0x68, /* 行11 */
    0x00, 0x00, 0x00, 0x00, 0x00, 0x00, 0x00, 0x00, 0x00, 0x00, 0x00, 0x00, 0x00, 0x00, 0x41, 0xab, 0xfb, 0xff, 0xff, 0xff, 0xfb, 0x52, /* 行12 */
    0x00, 0x00, 0x00, 0x00, 0x00, 0x00, 0x00, 0x00, 0x00, 0x00, 0x00, 0x0d, 0x6b, 0xd6, 0xff, 0xff, 0xff, 0xff, 0xef, 0x8b, 0x1e, 0x00, /* 行13 */
    0x00, 0x00, 0x00, 0x00, 0x00, 0x00, 0x00, 0x00, 0x00, 0x2c, 0x96, 0xf3, 0xff, 0xff, 0xff, 0xff, 0xda, 0x6c, 0x0b, 0x00, 0x00, 0x00, /* 行14 */
    0x00, 0x00, 0x00, 0x00, 0x00, 0x00, 0x05, 0x56, 0xc0, 0xff, 0xff, 0xff, 0xff, 0xff, 0xbe, 0x4e, 0x02, 0x00, 0x00, 0x00, 0x00, 0x00, /* 行15 */
    0x00, 0x00, 0x00, 0x00, 0x1a, 0x80, 0xe6, 0xff, 0xff, 0xff, 0xff, 0xf8, 0xa0, 0x2f, 0x00, 0x00, 0x00, 0x00, 0x00, 0x00, 0x00, 0x00, /* 行16 */
    0x00, 0x00, 0x40, 0xab, 0xfb, 0xff, 0xff, 0xff, 0xff, 0xe9, 0x81, 0x17, 0x00, 0x00, 0x00, 0x00, 0x00, 0x00, 0x00, 0x00, 0x00, 0x00, /* 行17 */
    0x57, 0xd5, 0xff, 0xff, 0xff, 0xff, 0xff, 0xd2, 0x62, 0x07, 0x00, 0x00, 0x00, 0x00, 0x00, 0x00, 0x00, 0x00, 0x00, 0x00, 0x00, 0x00, /* 行18 */
    0xb8, 0xff, 0xff, 0xff, 0xfe, 0xb4, 0x44, 0x00, 0x00, 0x00, 0x00, 0x00, 0x00, 0x00, 0x00, 0x00, 0x00, 0x00, 0x00, 0x00, 0x00, 0x00, /* 行19 */
    0xb8, 0xff, 0xf4, 0x96, 0x26, 0x00, 0x00, 0x00, 0x00, 0x00, 0x00, 0x00, 0x00, 0x00, 0x00, 0x00, 0x00, 0x00, 0x00, 0x00, 0x00, 0x00, /* 行20 */
    0x9b, 0x77, 0x11, 0x00, 0x00, 0x00, 0x00, 0x00, 0x00, 0x00, 0x00, 0x00, 0x00, 0x00, 0x00, 0x00, 0x00, 0x00, 0x00, 0x00, 0x00, 0x00, /* 行21 */
};

/* 字符  63: ?    */
/*
 *       ░░▒▒▓▓████████████▓▓▒▒░░        
 *   ░░▓▓████████████████████████░░      
 * ░░██████████████████████████████▒▒    
 *   ████████▓▓▓▓▒▒▒▒▒▒▒▒▓▓██████████░░  
 *   ▒▒██▒▒░░              ░░▓▓██████▓▓  
 *   ░░░░                    ░░████████  
 *                             ▓▓██████░░
 *                             ▒▒██████░░
 *                             ▒▒██████░░
 *                             ▓▓██████  
 *                           ░░██████▓▓  
 *                         ░░▓▓██████░░  
 *                       ░░▓▓██████▒▒    
 *                     ░░████████▓▓░░    
 *                   ░░████████▓▓░░      
 *                 ░░████████▒▒          
 *               ░░████████▒▒            
 *               ▓▓██████░░              
 *             ░░██████▒▒                
 *             ▒▒████▓▓                  
 *             ▓▓████▒▒                  
 *             ▓▓████▒▒                  
 *             ▓▓████░░                  
 *                                       
 *                                       
 *                                       
 *           ░░▓▓████▒▒                  
 *           ▒▒████████░░                
 *           ▓▓████████▒▒                
 *           ▓▓████████▒▒                
 *           ▒▒████████░░                
 *           ░░▓▓████▒▒                  
 */
static const unsigned char open_sans_45px_char_063_bitmap[] = {
    0x00, 0x00, 0x00, 0x0e, 0x58, 0x94, 0xc3, 0xe4, 0xf3, 0xfa, 0xec, 0xd0, 0x9a, 0x4b, 0x02, 0x00, 0x00, 0x00, 0x00, /* 行 0 */
    0x00, 0x3c, 0xae, 0xf9, 0xff, 0xff, 0xff, 0xff, 0xff, 0xff, 0xff, 0xff, 0xff, 0xff, 0xd7, 0x37, 0x00, 0x00, 0x00, /* 行 1 */
    0x39, 0xff, 0xff, 0xff, 0xff, 0xff, 0xff, 0xff, 0xff, 0xff, 0xff, 0xff, 0xff, 0xff, 0xff, 0xfa, 0x47, 0x00, 0x00, /* 行 2 */
    0x00, 0xd3, 0xff, 0xff, 0xf9, 0xb8, 0x82, 0x5a, 0x49, 0x47, 0x5e, 0x96, 0xee, 0xff, 0xff, 0xff, 0xf1, 0x16, 0x00, /* 行 3 */
    0x00, 0x64, 0xdb, 0x69, 0x0f, 0x00, 0x00, 0x00, 0x00, 0x00, 0x00, 0x00, 0x12, 0xb8, 0xff, 0xff, 0xff, 0x8b, 0x00, /* 行 4 */
    0x00, 0x04, 0x02, 0x00, 0x00, 0x00, 0x00, 0x00, 0x00, 0x00, 0x00, 0x00, 0x00, 0x0a, 0xe3, 0xff, 0xff, 0xda, 0x00, /* 行 5 */
    0x00, 0x00, 0x00, 0x00, 0x00, 0x00, 0x00, 0x00, 0x00, 0x00, 0x00, 0x00, 0x00, 0x00, 0x88, 0xff, 0xff, 0xff, 0x06, /* 行 6 */
    0x00, 0x00, 0x00, 0x00, 0x00, 0x00, 0x00, 0x00, 0x00, 0x00, 0x00, 0x00, 0x00, 0x00, 0x63, 0xff, 0xff, 0xff, 0x19, /* 行 7 */
    0x00, 0x00, 0x00, 0x00, 0x00, 0x00, 0x00, 0x00, 0x00, 0x00, 0x00, 0x00, 0x00, 0x00, 0x73, 0xff, 0xff, 0xff, 0x0f, /* 行 8 */
    0x00, 0x00, 0x00, 0x00, 0x00, 0x00, 0x00, 0x00, 0x00, 0x00, 0x00, 0x00, 0x00, 0x00, 0xa1, 0xff, 0xff, 0xe9, 0x00, /* 行 9 */
    0x00, 0x00, 0x00, 0x00, 0x00, 0x00, 0x00, 0x00, 0x00, 0x00, 0x00, 0x00, 0x00, 0x16, 0xf6, 0xff, 0xff, 0x9e, 0x00, /* 行10 */
    0x00, 0x00, 0x00, 0x00, 0x00, 0x00, 0x00, 0x00, 0x00, 0x00, 0x00, 0x00, 0x06, 0xbc, 0xff, 0xff, 0xfb, 0x2b, 0x00, /* 行11 */
    0x00, 0x00, 0x00, 0x00, 0x00, 0x00, 0x00, 0x00, 0x00, 0x00, 0x00, 0x09, 0xb5, 0xff, 0xff, 0xff, 0x7d, 0x00, 0x00, /* 行12 */
    0x00, 0x00, 0x00, 0x00, 0x00, 0x00, 0x00, 0x00, 0x00, 0x00, 0x16, 0xc6, 0xff, 0xff, 0xff, 0x9a, 0x01, 0x00, 0x00, /* 行13 */
    0x00, 0x00, 0x00, 0x00, 0x00, 0x00, 0x00, 0x00, 0x00, 0x2a, 0xe0, 0xff, 0xff, 0xff, 0x8d, 0x01, 0x00, 0x00, 0x00, /* 行14 */
    0x00, 0x00, 0x00, 0x00, 0x00, 0x00, 0x00, 0x00, 0x32, 0xee, 0xff, 0xff, 0xfd, 0x6f, 0x00, 0x00, 0x00, 0x00, 0x00, /* 行15 */
    0x00, 0x00, 0x00, 0x00, 0x00, 0x00, 0x00, 0x1c, 0xea, 0xff, 0xff, 0xf5, 0x4f, 0x00, 0x00, 0x00, 0x00, 0x00, 0x00, /* 行16 */
    0x00, 0x00, 0x00, 0x00, 0x00, 0x00, 0x00, 0xb3, 0xff, 0xff, 0xf3, 0x3c, 0x00, 0x00, 0x00, 0x00, 0x00, 0x00, 0x00, /* 行17 */
    0x00, 0x00, 0x00, 0x00, 0x00, 0x00, 0x1c, 0xfe, 0xff, 0xff, 0x4e, 0x00, 0x00, 0x00, 0x00, 0x00, 0x00, 0x00, 0x00, /* 行18 */
    0x00, 0x00, 0x00, 0x00, 0x00, 0x00, 0x69, 0xff, 0xff, 0xba, 0x00, 0x00, 0x00, 0x00, 0x00, 0x00, 0x00, 0x00, 0x00, /* 行19 */
    0x00, 0x00, 0x00, 0x00, 0x00, 0x00, 0x8a, 0xff, 0xff, 0x64, 0x00, 0x00, 0x00, 0x00, 0x00, 0x00, 0x00, 0x00, 0x00, /* 行20 */
    0x00, 0x00, 0x00, 0x00, 0x00, 0x00, 0xa0, 0xff, 0xff, 0x43, 0x00, 0x00, 0x00, 0x00, 0x00, 0x00, 0x00, 0x00, 0x00, /* 行21 */
    0x00, 0x00, 0x00, 0x00, 0x00, 0x00, 0xa8, 0xff, 0xff, 0x31, 0x00, 0x00, 0x00, 0x00, 0x00, 0x00, 0x00, 0x00, 0x00, /* 行22 */
    0x00, 0x00, 0x00, 0x00, 0x00, 0x00, 0x00, 0x00, 0x00, 0x00, 0x00, 0x00, 0x00, 0x00, 0x00, 0x00, 0x00, 0x00, 0x00, /* 行23 */
    0x00, 0x00, 0x00, 0x00, 0x00, 0x00, 0x00, 0x00, 0x00, 0x00, 0x00, 0x00, 0x00, 0x00, 0x00, 0x00, 0x00, 0x00, 0x00, /* 行24 */
    0x00, 0x00, 0x00, 0x00, 0x00, 0x00, 0x00, 0x00, 0x00, 0x00, 0x00, 0x00, 0x00, 0x00, 0x00, 0x00, 0x00, 0x00, 0x00, /* 行25 */
    0x00, 0x00, 0x00, 0x00, 0x00, 0x06, 0x92, 0xe2, 0xd9, 0x6f, 0x00, 0x00, 0x00, 0x00, 0x00, 0x00, 0x00, 0x00, 0x00, /* 行26 */
    0x00, 0x00, 0x00, 0x00, 0x00, 0x6b, 0xff, 0xff, 0xff, 0xff, 0x3d, 0x00, 0x00, 0x00, 0x00, 0x00, 0x00, 0x00, 0x00, /* 行27 */
    0x00, 0x00, 0x00, 0x00, 0x00, 0xa7, 0xff, 0xff, 0xff, 0xff, 0x7d, 0x00, 0x00, 0x00, 0x00, 0x00, 0x00, 0x00, 0x00, /* 行28 */
    0x00, 0x00, 0x00, 0x00, 0x00, 0xa8, 0xff, 0xff, 0xff, 0xff, 0x7f, 0x00, 0x00, 0x00, 0x00, 0x00, 0x00, 0x00, 0x00, /* 行29 */
    0x00, 0x00, 0x00, 0x00, 0x00, 0x6f, 0xff, 0xff, 0xff, 0xff, 0x3f, 0x00, 0x00, 0x00, 0x00, 0x00, 0x00, 0x00, 0x00, /* 行30 */
    0x00, 0x00, 0x00, 0x00, 0x00, 0x06, 0x9a, 0xee, 0xe5, 0x75, 0x00, 0x00, 0x00, 0x00, 0x00, 0x00, 0x00, 0x00, 0x00, /* 行31 */
};

/* 字符  64: @    */
/*
 *                           ░░▒▒▓▓██████████████▓▓▒▒░░                    
 *                     ░░▒▒████████████████████████████▓▓▒▒░░              
 *                 ░░▒▒██████████████████████████████████████░░            
 *               ░░████████████▓▓▒▒░░          ░░▒▒▓▓██████████▒▒          
 *             ░░████████▓▓░░                        ░░▒▒████████▒▒        
 *           ▒▒████████▒▒                                ░░▓▓██████▒▒      
 *         ░░████████░░                                    ░░▓▓██████░░    
 *       ░░████████░░                                        ░░██████▓▓    
 *       ▒▒██████░░                                            ░░██████░░  
 *     ░░██████▒▒              ░░▒▒▓▓██████████▓▓▓▓▒▒░░          ▓▓████▓▓  
 *     ▓▓████▓▓              ▒▒████████████████████████          ░░██████░░
 *   ░░██████░░            ▒▒████████████▓▓████████████            ██████▒▒
 *   ▒▒██████            ▒▒████████▒▒░░        ▒▒██████            ▓▓████▒▒
 *   ▓▓████▓▓          ░░████████░░            ▒▒██████            ▒▒████▓▓
 *   ██████░░          ▒▒██████░░              ▓▓████▓▓            ░░████▓▓
 * ░░██████░░          ██████▓▓                ▓▓████▓▓            ░░██████
 * ░░██████          ░░██████▒▒                ▓▓████▓▓            ░░████▓▓
 * ░░██████          ░░██████░░                ▓▓████▓▓            ░░████▓▓
 * ▒▒██████          ░░██████░░                ██████▒▒            ▒▒████▓▓
 * ▒▒████▓▓          ░░██████░░                ██████▒▒            ▓▓████▒▒
 * ▒▒██████          ░░██████░░              ░░██████▒▒            ██████░░
 * ▒▒██████          ░░██████▒▒              ▓▓██████▓▓          ░░██████  
 * ░░██████░░          ▓▓██████░░          ░░████████▓▓        ░░██████▒▒  
 * ░░██████░░          ░░██████▓▓░░      ░░██████▓▓████▒▒    ░░▓▓██████░░  
 *   ██████▒▒            ▓▓██████████▓▓████████░░░░████████▓▓████████░░    
 *   ▓▓██████            ░░▓▓████████████████░░    ▓▓██████████████░░      
 *   ░░██████░░              ▒▒▓▓████████▓▓░░        ▒▒████████▓▓░░        
 *     ██████▓▓                                                            
 *     ▒▒██████▒▒                                                          
 *       ▓▓██████▒▒                                                        
 *       ░░████████▒▒                                                      
 *         ░░██████████▒▒                          ░░▒▒▓▓░░                
 *           ░░████████████▓▓▒▒░░░░      ░░░░▒▒▒▒▓▓██████░░                
 *             ░░▓▓██████████████████████████████████████░░                
 *                 ░░▓▓██████████████████████████████▓▓▒▒░░                
 *                     ░░▒▒▒▒▓▓██████████████▓▓▓▓▒▒░░                      
 */
static const unsigned char open_sans_45px_char_064_bitmap[] = {
    0x00, 0x00, 0x00, 0x00, 0x00, 0x00, 0x00, 0x00, 0x00, 0x00, 0x00, 0x00, 0x00, 0x1d, 0x66, 0x96, 0xc4, 0xe0, 0xee, 0xfb, 0xf4, 0xe6, 0xc9, 0x9d, 0x65, 0x19, 0x00, 0x00, 0x00, 0x00, 0x00, 0x00, 0x00, 0x00, 0x00, 0x00, /* 行 0 */
    0x00, 0x00, 0x00, 0x00, 0x00, 0x00, 0x00, 0x00, 0x00, 0x00, 0x08, 0x68, 0xcc, 0xff, 0xff, 0xff, 0xff, 0xff, 0xff, 0xff, 0xff, 0xff, 0xff, 0xff, 0xff, 0xfe, 0xbe, 0x4b, 0x01, 0x00, 0x00, 0x00, 0x00, 0x00, 0x00, 0x00, /* 行 1 */
    0x00, 0x00, 0x00, 0x00, 0x00, 0x00, 0x00, 0x00, 0x02, 0x6b, 0xe7, 0xff, 0xff, 0xff, 0xff, 0xff, 0xff, 0xf4, 0xe5, 0xd8, 0xe0, 0xef, 0xff, 0xff, 0xff, 0xff, 0xff, 0xff, 0xc4, 0x2b, 0x00, 0x00, 0x00, 0x00, 0x00, 0x00, /* 行 2 */
    0x00, 0x00, 0x00, 0x00, 0x00, 0x00, 0x00, 0x24, 0xc4, 0xff, 0xff, 0xff, 0xff, 0xd6, 0x87, 0x45, 0x1a, 0x00, 0x00, 0x00, 0x00, 0x00, 0x16, 0x48, 0x94, 0xea, 0xff, 0xff, 0xff, 0xf9, 0x5f, 0x00, 0x00, 0x00, 0x00, 0x00, /* 行 3 */
    0x00, 0x00, 0x00, 0x00, 0x00, 0x00, 0x3a, 0xed, 0xff, 0xff, 0xff, 0xb5, 0x3d, 0x00, 0x00, 0x00, 0x00, 0x00, 0x00, 0x00, 0x00, 0x00, 0x00, 0x00, 0x00, 0x09, 0x6b, 0xed, 0xff, 0xff, 0xff, 0x77, 0x00, 0x00, 0x00, 0x00, /* 行 4 */
    0x00, 0x00, 0x00, 0x00, 0x00, 0x43, 0xf7, 0xff, 0xff, 0xe4, 0x4c, 0x00, 0x00, 0x00, 0x00, 0x00, 0x00, 0x00, 0x00, 0x00, 0x00, 0x00, 0x00, 0x00, 0x00, 0x00, 0x00, 0x15, 0xbb, 0xff, 0xff, 0xff, 0x5c, 0x00, 0x00, 0x00, /* 行 5 */
    0x00, 0x00, 0x00, 0x00, 0x28, 0xef, 0xff, 0xff, 0xcb, 0x16, 0x00, 0x00, 0x00, 0x00, 0x00, 0x00, 0x00, 0x00, 0x00, 0x00, 0x00, 0x00, 0x00, 0x00, 0x00, 0x00, 0x00, 0x00, 0x04, 0xa8, 0xff, 0xff, 0xf4, 0x20, 0x00, 0x00, /* 行 6 */
    0x00, 0x00, 0x00, 0x07, 0xd7, 0xff, 0xff, 0xc8, 0x0b, 0x00, 0x00, 0x00, 0x00, 0x00, 0x00, 0x00, 0x00, 0x00, 0x00, 0x00, 0x00, 0x00, 0x00, 0x00, 0x00, 0x00, 0x00, 0x00, 0x00, 0x06, 0xc5, 0xff, 0xff, 0xb6, 0x00, 0x00, /* 行 7 */
    0x00, 0x00, 0x00, 0x7f, 0xff, 0xff, 0xe4, 0x18, 0x00, 0x00, 0x00, 0x00, 0x00, 0x00, 0x00, 0x00, 0x00, 0x00, 0x00, 0x00, 0x00, 0x00, 0x00, 0x00, 0x00, 0x00, 0x00, 0x00, 0x00, 0x00, 0x25, 0xf7, 0xff, 0xff, 0x35, 0x00, /* 行 8 */
    0x00, 0x00, 0x1b, 0xf8, 0xff, 0xff, 0x4d, 0x00, 0x00, 0x00, 0x00, 0x00, 0x00, 0x00, 0x04, 0x58, 0xa4, 0xda, 0xf1, 0xfb, 0xf1, 0xd9, 0xbb, 0x90, 0x5f, 0x1e, 0x00, 0x00, 0x00, 0x00, 0x00, 0x8f, 0xff, 0xff, 0xa7, 0x00, /* 行 9 */
    0x00, 0x00, 0x88, 0xff, 0xff, 0xb6, 0x00, 0x00, 0x00, 0x00, 0x00, 0x00, 0x00, 0x42, 0xd9, 0xff, 0xff, 0xff, 0xff, 0xff, 0xff, 0xff, 0xff, 0xff, 0xff, 0xec, 0x00, 0x00, 0x00, 0x00, 0x00, 0x1e, 0xfe, 0xff, 0xf3, 0x08, /* 行10 */
    0x00, 0x08, 0xee, 0xff, 0xff, 0x3f, 0x00, 0x00, 0x00, 0x00, 0x00, 0x00, 0x62, 0xfb, 0xff, 0xff, 0xff, 0xe9, 0xc3, 0xb9, 0xc8, 0xea, 0xff, 0xff, 0xff, 0xdf, 0x00, 0x00, 0x00, 0x00, 0x00, 0x00, 0xca, 0xff, 0xff, 0x47, /* 行11 */
    0x00, 0x4b, 0xff, 0xff, 0xd4, 0x00, 0x00, 0x00, 0x00, 0x00, 0x00, 0x42, 0xfc, 0xff, 0xff, 0xd3, 0x44, 0x01, 0x00, 0x00, 0x00, 0x00, 0x74, 0xff, 0xff, 0xd1, 0x00, 0x00, 0x00, 0x00, 0x00, 0x00, 0x87, 0xff, 0xff, 0x78, /* 行12 */
    0x00, 0x98, 0xff, 0xff, 0x85, 0x00, 0x00, 0x00, 0x00, 0x00, 0x08, 0xe5, 0xff, 0xff, 0xc7, 0x0d, 0x00, 0x00, 0x00, 0x00, 0x00, 0x00, 0x78, 0xff, 0xff, 0xc3, 0x00, 0x00, 0x00, 0x00, 0x00, 0x00, 0x5a, 0xff, 0xff, 0xa2, /* 行13 */
    0x00, 0xd5, 0xff, 0xff, 0x3e, 0x00, 0x00, 0x00, 0x00, 0x00, 0x6b, 0xff, 0xff, 0xf8, 0x21, 0x00, 0x00, 0x00, 0x00, 0x00, 0x00, 0x00, 0x87, 0xff, 0xff, 0xb5, 0x00, 0x00, 0x00, 0x00, 0x00, 0x00, 0x3f, 0xff, 0xff, 0xb7, /* 行14 */
    0x05, 0xfa, 0xff, 0xff, 0x0f, 0x00, 0x00, 0x00, 0x00, 0x00, 0xc4, 0xff, 0xff, 0xa3, 0x00, 0x00, 0x00, 0x00, 0x00, 0x00, 0x00, 0x00, 0x95, 0xff, 0xff, 0xa7, 0x00, 0x00, 0x00, 0x00, 0x00, 0x00, 0x31, 0xff, 0xff, 0xc5, /* 行15 */
    0x2a, 0xff, 0xff, 0xe5, 0x00, 0x00, 0x00, 0x00, 0x00, 0x0a, 0xfa, 0xff, 0xff, 0x58, 0x00, 0x00, 0x00, 0x00, 0x00, 0x00, 0x00, 0x00, 0xa4, 0xff, 0xff, 0x99, 0x00, 0x00, 0x00, 0x00, 0x00, 0x00, 0x33, 0xff, 0xff, 0xbf, /* 行16 */
    0x3e, 0xff, 0xff, 0xce, 0x00, 0x00, 0x00, 0x00, 0x00, 0x26, 0xff, 0xff, 0xff, 0x2b, 0x00, 0x00, 0x00, 0x00, 0x00, 0x00, 0x00, 0x00, 0xb2, 0xff, 0xff, 0x8b, 0x00, 0x00, 0x00, 0x00, 0x00, 0x00, 0x3f, 0xff, 0xff, 0xaa, /* 行17 */
    0x4c, 0xff, 0xff, 0xc1, 0x00, 0x00, 0x00, 0x00, 0x00, 0x39, 0xff, 0xff, 0xff, 0x1a, 0x00, 0x00, 0x00, 0x00, 0x00, 0x00, 0x00, 0x00, 0xcb, 0xff, 0xff, 0x7d, 0x00, 0x00, 0x00, 0x00, 0x00, 0x00, 0x5f, 0xff, 0xff, 0x95, /* 行18 */
    0x55, 0xff, 0xff, 0xbc, 0x00, 0x00, 0x00, 0x00, 0x00, 0x36, 0xff, 0xff, 0xff, 0x1b, 0x00, 0x00, 0x00, 0x00, 0x00, 0x00, 0x00, 0x00, 0xed, 0xff, 0xff, 0x6f, 0x00, 0x00, 0x00, 0x00, 0x00, 0x00, 0x8d, 0xff, 0xff, 0x64, /* 行19 */
    0x4f, 0xff, 0xff, 0xcd, 0x00, 0x00, 0x00, 0x00, 0x00, 0x22, 0xff, 0xff, 0xff, 0x34, 0x00, 0x00, 0x00, 0x00, 0x00, 0x00, 0x00, 0x29, 0xff, 0xff, 0xff, 0x6b, 0x00, 0x00, 0x00, 0x00, 0x00, 0x00, 0xd3, 0xff, 0xff, 0x20, /* 行20 */
    0x41, 0xff, 0xff, 0xdf, 0x00, 0x00, 0x00, 0x00, 0x00, 0x01, 0xf0, 0xff, 0xff, 0x6f, 0x00, 0x00, 0x00, 0x00, 0x00, 0x00, 0x00, 0x84, 0xff, 0xff, 0xff, 0x83, 0x00, 0x00, 0x00, 0x00, 0x00, 0x38, 0xff, 0xff, 0xd7, 0x00, /* 行21 */
    0x25, 0xff, 0xff, 0xf5, 0x03, 0x00, 0x00, 0x00, 0x00, 0x00, 0xa9, 0xff, 0xff, 0xd9, 0x06, 0x00, 0x00, 0x00, 0x00, 0x00, 0x20, 0xf3, 0xff, 0xff, 0xff, 0xbe, 0x00, 0x00, 0x00, 0x00, 0x01, 0xc3, 0xff, 0xff, 0x6e, 0x00, /* 行22 */
    0x05, 0xf9, 0xff, 0xff, 0x32, 0x00, 0x00, 0x00, 0x00, 0x00, 0x3c, 0xff, 0xff, 0xff, 0xb2, 0x16, 0x00, 0x00, 0x00, 0x38, 0xdc, 0xff, 0xd4, 0x98, 0xff, 0xff, 0x61, 0x00, 0x00, 0x0b, 0xa0, 0xff, 0xff, 0xdb, 0x07, 0x00, /* 行23 */
    0x00, 0xca, 0xff, 0xff, 0x70, 0x00, 0x00, 0x00, 0x00, 0x00, 0x00, 0x98, 0xff, 0xff, 0xff, 0xfa, 0xc9, 0xba, 0xd9, 0xff, 0xff, 0xf8, 0x37, 0x35, 0xfe, 0xff, 0xff, 0xda, 0xbf, 0xed, 0xff, 0xff, 0xf6, 0x34, 0x00, 0x00, /* 行24 */
    0x00, 0x85, 0xff, 0xff, 0xc1, 0x00, 0x00, 0x00, 0x00, 0x00, 0x00, 0x04, 0x9f, 0xff, 0xff, 0xff, 0xff, 0xff, 0xff, 0xff, 0xec, 0x3c, 0x00, 0x00, 0x81, 0xff, 0xff, 0xff, 0xff, 0xff, 0xff, 0xe9, 0x3e, 0x00, 0x00, 0x00, /* 行25 */
    0x00, 0x31, 0xff, 0xff, 0xff, 0x37, 0x00, 0x00, 0x00, 0x00, 0x00, 0x00, 0x00, 0x43, 0xa8, 0xe2, 0xf9, 0xf4, 0xce, 0x82, 0x14, 0x00, 0x00, 0x00, 0x00, 0x51, 0xc2, 0xf5, 0xf7, 0xd3, 0x83, 0x14, 0x00, 0x00, 0x00, 0x00, /* 行26 */
    0x00, 0x00, 0xc8, 0xff, 0xff, 0xb6, 0x00, 0x00, 0x00, 0x00, 0x00, 0x00, 0x00, 0x00, 0x00, 0x00, 0x00, 0x00, 0x00, 0x00, 0x00, 0x00, 0x00, 0x00, 0x00, 0x00, 0x00, 0x00, 0x00, 0x00, 0x00, 0x00, 0x00, 0x00, 0x00, 0x00, /* 行27 */
    0x00, 0x00, 0x47, 0xff, 0xff, 0xff, 0x72, 0x00, 0x00, 0x00, 0x00, 0x00, 0x00, 0x00, 0x00, 0x00, 0x00, 0x00, 0x00, 0x00, 0x00, 0x00, 0x00, 0x00, 0x00, 0x00, 0x00, 0x00, 0x00, 0x00, 0x00, 0x00, 0x00, 0x00, 0x00, 0x00, /* 行28 */
    0x00, 0x00, 0x00, 0xad, 0xff, 0xff, 0xfb, 0x4b, 0x00, 0x00, 0x00, 0x00, 0x00, 0x00, 0x00, 0x00, 0x00, 0x00, 0x00, 0x00, 0x00, 0x00, 0x00, 0x00, 0x00, 0x00, 0x00, 0x00, 0x00, 0x00, 0x00, 0x00, 0x00, 0x00, 0x00, 0x00, /* 行29 */
    0x00, 0x00, 0x00, 0x13, 0xdf, 0xff, 0xff, 0xfd, 0x78, 0x00, 0x00, 0x00, 0x00, 0x00, 0x00, 0x00, 0x00, 0x00, 0x00, 0x00, 0x00, 0x00, 0x00, 0x00, 0x00, 0x00, 0x00, 0x00, 0x00, 0x00, 0x00, 0x00, 0x00, 0x00, 0x00, 0x00, /* 行30 */
    0x00, 0x00, 0x00, 0x00, 0x26, 0xe7, 0xff, 0xff, 0xff, 0xc5, 0x4a, 0x00, 0x00, 0x00, 0x00, 0x00, 0x00, 0x00, 0x00, 0x00, 0x00, 0x00, 0x00, 0x00, 0x03, 0x44, 0x9a, 0x06, 0x00, 0x00, 0x00, 0x00, 0x00, 0x00, 0x00, 0x00, /* 行31 */
    0x00, 0x00, 0x00, 0x00, 0x00, 0x20, 0xd3, 0xff, 0xff, 0xff, 0xff, 0xd6, 0x8e, 0x4f, 0x1b, 0x07, 0x00, 0x00, 0x00, 0x01, 0x1d, 0x43, 0x73, 0xb1, 0xee, 0xff, 0xff, 0x08, 0x00, 0x00, 0x00, 0x00, 0x00, 0x00, 0x00, 0x00, /* 行32 */
    0x00, 0x00, 0x00, 0x00, 0x00, 0x00, 0x08, 0x8a, 0xf9, 0xff, 0xff, 0xff, 0xff, 0xff, 0xff, 0xff, 0xf5, 0xe7, 0xf1, 0xfd, 0xff, 0xff, 0xff, 0xff, 0xff, 0xff, 0xff, 0x08, 0x00, 0x00, 0x00, 0x00, 0x00, 0x00, 0x00, 0x00, /* 行33 */
    0x00, 0x00, 0x00, 0x00, 0x00, 0x00, 0x00, 0x00, 0x20, 0x8f, 0xed, 0xff, 0xff, 0xff, 0xff, 0xff, 0xff, 0xff, 0xff, 0xff, 0xff, 0xff, 0xff, 0xff, 0xfc, 0xb7, 0x57, 0x01, 0x00, 0x00, 0x00, 0x00, 0x00, 0x00, 0x00, 0x00, /* 行34 */
    0x00, 0x00, 0x00, 0x00, 0x00, 0x00, 0x00, 0x00, 0x00, 0x00, 0x04, 0x40, 0x7f, 0xb0, 0xd3, 0xec, 0xf8, 0xfd, 0xf4, 0xe9, 0xd3, 0xaf, 0x87, 0x4b, 0x0e, 0x00, 0x00, 0x00, 0x00, 0x00, 0x00, 0x00, 0x00, 0x00, 0x00, 0x00, /* 行35 */
};

/* 字符  65: A    */
/*
 *                         ▒▒██████░░                        
 *                       ░░████████▒▒                        
 *                       ▒▒██████████                        
 *                       ▓▓██████████░░                      
 *                     ░░████████████▓▓                      
 *                     ▒▒██████▒▒██████░░                    
 *                   ░░██████▓▓░░██████▒▒                    
 *                   ▒▒██████▒▒  ████████                    
 *                   ▓▓██████░░  ▒▒██████░░                  
 *                 ░░██████▓▓    ░░██████▓▓                  
 *                 ▒▒██████░░      ▓▓██████░░                
 *               ░░████████        ▒▒██████▒▒                
 *               ▒▒██████▒▒        ░░████████                
 *               ▓▓██████░░          ▓▓██████░░              
 *             ░░██████▓▓            ░░██████▓▓              
 *             ▒▒██████▒▒              ████████░░            
 *             ████████░░              ▒▒██████▒▒            
 *           ░░██████▓▓                ░░████████            
 *           ▓▓██████░░                  ▓▓██████░░          
 *         ░░████████████████████████████████████▓▓          
 *         ▒▒██████████████████████████████████████░░        
 *         ████████████████████████████████████████▒▒        
 *       ░░██████▓▓▒▒▒▒▒▒▒▒▒▒▒▒▒▒▒▒▒▒▒▒▒▒▒▒▓▓██████▓▓        
 *       ▓▓██████▒▒                        ░░████████░░      
 *     ░░████████░░                          ▓▓██████▓▓      
 *     ▒▒██████▒▒                            ░░████████░░    
 *     ████████░░                              ▓▓██████▒▒    
 *   ░░██████▓▓                                ▒▒██████▓▓    
 *   ▓▓██████░░                                  ████████░░  
 * ░░████████                                    ▒▒██████▒▒  
 * ▒▒██████▒▒                                    ░░████████░░
 * ████████░░                                      ▓▓██████▒▒
 */
static const unsigned char open_sans_45px_char_065_bitmap[] = {
    0x00, 0x00, 0x00, 0x00, 0x00, 0x00, 0x00, 0x00, 0x00, 0x00, 0x00, 0x00, 0x7f, 0xff, 0xff, 0xf7, 0x12, 0x00, 0x00, 0x00, 0x00, 0x00, 0x00, 0x00, 0x00, 0x00, 0x00, 0x00, 0x00, /* 行 0 */
    0x00, 0x00, 0x00, 0x00, 0x00, 0x00, 0x00, 0x00, 0x00, 0x00, 0x00, 0x02, 0xe1, 0xff, 0xff, 0xff, 0x6f, 0x00, 0x00, 0x00, 0x00, 0x00, 0x00, 0x00, 0x00, 0x00, 0x00, 0x00, 0x00, /* 行 1 */
    0x00, 0x00, 0x00, 0x00, 0x00, 0x00, 0x00, 0x00, 0x00, 0x00, 0x00, 0x4a, 0xff, 0xff, 0xff, 0xff, 0xd4, 0x00, 0x00, 0x00, 0x00, 0x00, 0x00, 0x00, 0x00, 0x00, 0x00, 0x00, 0x00, /* 行 2 */
    0x00, 0x00, 0x00, 0x00, 0x00, 0x00, 0x00, 0x00, 0x00, 0x00, 0x00, 0xb0, 0xff, 0xff, 0xff, 0xff, 0xff, 0x39, 0x00, 0x00, 0x00, 0x00, 0x00, 0x00, 0x00, 0x00, 0x00, 0x00, 0x00, /* 行 3 */
    0x00, 0x00, 0x00, 0x00, 0x00, 0x00, 0x00, 0x00, 0x00, 0x00, 0x19, 0xfb, 0xff, 0xff, 0xcd, 0xff, 0xff, 0x9e, 0x00, 0x00, 0x00, 0x00, 0x00, 0x00, 0x00, 0x00, 0x00, 0x00, 0x00, /* 行 4 */
    0x00, 0x00, 0x00, 0x00, 0x00, 0x00, 0x00, 0x00, 0x00, 0x00, 0x7b, 0xff, 0xff, 0xdd, 0x63, 0xff, 0xff, 0xf5, 0x0e, 0x00, 0x00, 0x00, 0x00, 0x00, 0x00, 0x00, 0x00, 0x00, 0x00, /* 行 5 */
    0x00, 0x00, 0x00, 0x00, 0x00, 0x00, 0x00, 0x00, 0x00, 0x01, 0xde, 0xff, 0xff, 0x97, 0x19, 0xfe, 0xff, 0xff, 0x68, 0x00, 0x00, 0x00, 0x00, 0x00, 0x00, 0x00, 0x00, 0x00, 0x00, /* 行 6 */
    0x00, 0x00, 0x00, 0x00, 0x00, 0x00, 0x00, 0x00, 0x00, 0x47, 0xff, 0xff, 0xff, 0x45, 0x00, 0xc2, 0xff, 0xff, 0xcd, 0x00, 0x00, 0x00, 0x00, 0x00, 0x00, 0x00, 0x00, 0x00, 0x00, /* 行 7 */
    0x00, 0x00, 0x00, 0x00, 0x00, 0x00, 0x00, 0x00, 0x00, 0xac, 0xff, 0xff, 0xee, 0x04, 0x00, 0x69, 0xff, 0xff, 0xff, 0x33, 0x00, 0x00, 0x00, 0x00, 0x00, 0x00, 0x00, 0x00, 0x00, /* 行 8 */
    0x00, 0x00, 0x00, 0x00, 0x00, 0x00, 0x00, 0x00, 0x17, 0xfa, 0xff, 0xff, 0x98, 0x00, 0x00, 0x13, 0xf9, 0xff, 0xff, 0x98, 0x00, 0x00, 0x00, 0x00, 0x00, 0x00, 0x00, 0x00, 0x00, /* 行 9 */
    0x00, 0x00, 0x00, 0x00, 0x00, 0x00, 0x00, 0x00, 0x77, 0xff, 0xff, 0xff, 0x38, 0x00, 0x00, 0x00, 0xaf, 0xff, 0xff, 0xf2, 0x0b, 0x00, 0x00, 0x00, 0x00, 0x00, 0x00, 0x00, 0x00, /* 行10 */
    0x00, 0x00, 0x00, 0x00, 0x00, 0x00, 0x00, 0x01, 0xdb, 0xff, 0xff, 0xd8, 0x00, 0x00, 0x00, 0x00, 0x50, 0xff, 0xff, 0xff, 0x62, 0x00, 0x00, 0x00, 0x00, 0x00, 0x00, 0x00, 0x00, /* 行11 */
    0x00, 0x00, 0x00, 0x00, 0x00, 0x00, 0x00, 0x43, 0xff, 0xff, 0xff, 0x79, 0x00, 0x00, 0x00, 0x00, 0x05, 0xec, 0xff, 0xff, 0xc7, 0x00, 0x00, 0x00, 0x00, 0x00, 0x00, 0x00, 0x00, /* 行12 */
    0x00, 0x00, 0x00, 0x00, 0x00, 0x00, 0x00, 0xa8, 0xff, 0xff, 0xfd, 0x1c, 0x00, 0x00, 0x00, 0x00, 0x00, 0x94, 0xff, 0xff, 0xff, 0x2c, 0x00, 0x00, 0x00, 0x00, 0x00, 0x00, 0x00, /* 行13 */
    0x00, 0x00, 0x00, 0x00, 0x00, 0x00, 0x14, 0xf9, 0xff, 0xff, 0xba, 0x00, 0x00, 0x00, 0x00, 0x00, 0x00, 0x35, 0xff, 0xff, 0xff, 0x91, 0x00, 0x00, 0x00, 0x00, 0x00, 0x00, 0x00, /* 行14 */
    0x00, 0x00, 0x00, 0x00, 0x00, 0x00, 0x74, 0xff, 0xff, 0xff, 0x5a, 0x00, 0x00, 0x00, 0x00, 0x00, 0x00, 0x00, 0xd6, 0xff, 0xff, 0xee, 0x08, 0x00, 0x00, 0x00, 0x00, 0x00, 0x00, /* 行15 */
    0x00, 0x00, 0x00, 0x00, 0x00, 0x00, 0xd8, 0xff, 0xff, 0xf1, 0x09, 0x00, 0x00, 0x00, 0x00, 0x00, 0x00, 0x00, 0x78, 0xff, 0xff, 0xff, 0x5c, 0x00, 0x00, 0x00, 0x00, 0x00, 0x00, /* 行16 */
    0x00, 0x00, 0x00, 0x00, 0x00, 0x3f, 0xff, 0xff, 0xff, 0x9b, 0x00, 0x00, 0x00, 0x00, 0x00, 0x00, 0x00, 0x00, 0x1c, 0xfd, 0xff, 0xff, 0xc1, 0x00, 0x00, 0x00, 0x00, 0x00, 0x00, /* 行17 */
    0x00, 0x00, 0x00, 0x00, 0x00, 0xa4, 0xff, 0xff, 0xff, 0x3b, 0x00, 0x00, 0x00, 0x00, 0x00, 0x00, 0x00, 0x00, 0x00, 0xbb, 0xff, 0xff, 0xff, 0x27, 0x00, 0x00, 0x00, 0x00, 0x00, /* 行18 */
    0x00, 0x00, 0x00, 0x00, 0x12, 0xf7, 0xff, 0xff, 0xff, 0xff, 0xff, 0xff, 0xff, 0xff, 0xff, 0xff, 0xff, 0xff, 0xff, 0xff, 0xff, 0xff, 0xff, 0x8b, 0x00, 0x00, 0x00, 0x00, 0x00, /* 行19 */
    0x00, 0x00, 0x00, 0x00, 0x70, 0xff, 0xff, 0xff, 0xff, 0xff, 0xff, 0xff, 0xff, 0xff, 0xff, 0xff, 0xff, 0xff, 0xff, 0xff, 0xff, 0xff, 0xff, 0xea, 0x06, 0x00, 0x00, 0x00, 0x00, /* 行20 */
    0x00, 0x00, 0x00, 0x00, 0xd4, 0xff, 0xff, 0xff, 0xff, 0xff, 0xff, 0xff, 0xff, 0xff, 0xff, 0xff, 0xff, 0xff, 0xff, 0xff, 0xff, 0xff, 0xff, 0xff, 0x55, 0x00, 0x00, 0x00, 0x00, /* 行21 */
    0x00, 0x00, 0x00, 0x3b, 0xff, 0xff, 0xff, 0xbe, 0x5c, 0x5c, 0x5c, 0x5c, 0x5c, 0x5c, 0x5c, 0x5c, 0x5c, 0x5c, 0x5c, 0x5c, 0x86, 0xff, 0xff, 0xff, 0xba, 0x00, 0x00, 0x00, 0x00, /* 行22 */
    0x00, 0x00, 0x00, 0xa1, 0xff, 0xff, 0xff, 0x43, 0x00, 0x00, 0x00, 0x00, 0x00, 0x00, 0x00, 0x00, 0x00, 0x00, 0x00, 0x00, 0x04, 0xe6, 0xff, 0xff, 0xfe, 0x21, 0x00, 0x00, 0x00, /* 行23 */
    0x00, 0x00, 0x0f, 0xf6, 0xff, 0xff, 0xd9, 0x01, 0x00, 0x00, 0x00, 0x00, 0x00, 0x00, 0x00, 0x00, 0x00, 0x00, 0x00, 0x00, 0x00, 0x81, 0xff, 0xff, 0xff, 0x85, 0x00, 0x00, 0x00, /* 行24 */
    0x00, 0x00, 0x6c, 0xff, 0xff, 0xff, 0x71, 0x00, 0x00, 0x00, 0x00, 0x00, 0x00, 0x00, 0x00, 0x00, 0x00, 0x00, 0x00, 0x00, 0x00, 0x1b, 0xfb, 0xff, 0xff, 0xe6, 0x04, 0x00, 0x00, /* 行25 */
    0x00, 0x00, 0xd1, 0xff, 0xff, 0xf6, 0x11, 0x00, 0x00, 0x00, 0x00, 0x00, 0x00, 0x00, 0x00, 0x00, 0x00, 0x00, 0x00, 0x00, 0x00, 0x00, 0xad, 0xff, 0xff, 0xff, 0x4f, 0x00, 0x00, /* 行26 */
    0x00, 0x37, 0xff, 0xff, 0xff, 0x9f, 0x00, 0x00, 0x00, 0x00, 0x00, 0x00, 0x00, 0x00, 0x00, 0x00, 0x00, 0x00, 0x00, 0x00, 0x00, 0x00, 0x42, 0xff, 0xff, 0xff, 0xb4, 0x00, 0x00, /* 行27 */
    0x00, 0x9d, 0xff, 0xff, 0xff, 0x36, 0x00, 0x00, 0x00, 0x00, 0x00, 0x00, 0x00, 0x00, 0x00, 0x00, 0x00, 0x00, 0x00, 0x00, 0x00, 0x00, 0x00, 0xd7, 0xff, 0xff, 0xfc, 0x1c, 0x00, /* 行28 */
    0x0d, 0xf4, 0xff, 0xff, 0xce, 0x00, 0x00, 0x00, 0x00, 0x00, 0x00, 0x00, 0x00, 0x00, 0x00, 0x00, 0x00, 0x00, 0x00, 0x00, 0x00, 0x00, 0x00, 0x6e, 0xff, 0xff, 0xff, 0x7e, 0x00, /* 行29 */
    0x68, 0xff, 0xff, 0xff, 0x64, 0x00, 0x00, 0x00, 0x00, 0x00, 0x00, 0x00, 0x00, 0x00, 0x00, 0x00, 0x00, 0x00, 0x00, 0x00, 0x00, 0x00, 0x00, 0x0f, 0xf4, 0xff, 0xff, 0xe1, 0x02, /* 行30 */
    0xcd, 0xff, 0xff, 0xf1, 0x0b, 0x00, 0x00, 0x00, 0x00, 0x00, 0x00, 0x00, 0x00, 0x00, 0x00, 0x00, 0x00, 0x00, 0x00, 0x00, 0x00, 0x00, 0x00, 0x00, 0x99, 0xff, 0xff, 0xff, 0x49, /* 行31 */
};

/* 字符  66: B    */
/*
 * ▓▓████████████████████████▓▓▓▓▒▒░░            
 * ▓▓████████████████████████████████▓▓░░        
 * ▓▓████████████████████████████████████▒▒      
 * ▓▓██████▒▒░░░░░░░░░░▒▒▒▒▒▒▓▓████████████▒▒    
 * ▓▓██████░░                  ░░▒▒██████████░░  
 * ▓▓██████░░                      ░░████████░░  
 * ▓▓██████░░                        ▓▓██████▒▒  
 * ▓▓██████░░                        ▒▒██████▓▓  
 * ▓▓██████░░                        ▒▒██████▓▓  
 * ▓▓██████░░                        ▒▒██████▒▒  
 * ▓▓██████░░                        ▓▓██████░░  
 * ▓▓██████░░                      ░░████████░░  
 * ▓▓██████░░                    ░░▓▓██████▒▒    
 * ▓▓██████░░          ░░░░░░▒▒▓▓████████▒▒      
 * ▓▓████████████████████████████████▓▓░░        
 * ▓▓██████████████████████████████░░░░          
 * ▓▓██████████████████████████████████▓▓░░      
 * ▓▓██████▒▒░░░░░░░░░░░░░░▒▒▒▒▓▓██████████▒▒    
 * ▓▓██████░░                    ░░▒▒████████░░  
 * ▓▓██████░░                        ▒▒████████░░
 * ▓▓██████░░                          ████████▒▒
 * ▓▓██████░░                          ▒▒██████▓▓
 * ▓▓██████░░                          ▒▒██████▓▓
 * ▓▓██████░░                          ▒▒██████▓▓
 * ▓▓██████░░                          ▓▓██████▓▓
 * ▓▓██████░░                        ░░████████▒▒
 * ▓▓██████░░                        ▒▒████████░░
 * ▓▓██████░░                    ░░▓▓████████▓▓  
 * ▓▓██████▒▒░░░░░░░░░░░░░░▒▒▒▒▓▓████████████░░  
 * ▓▓██████████████████████████████████████░░    
 * ▓▓██████████████████████████████████▒▒░░      
 * ▓▓████████████████████████████▓▓▒▒░░          
 */
static const unsigned char open_sans_45px_char_066_bitmap[] = {
    0x94, 0xff, 0xff, 0xff, 0xff, 0xff, 0xff, 0xff, 0xff, 0xfe, 0xf4, 0xea, 0xdb, 0xb9, 0x95, 0x5d, 0x14, 0x00, 0x00, 0x00, 0x00, 0x00, 0x00, /* 行 0 */
    0x94, 0xff, 0xff, 0xff, 0xff, 0xff, 0xff, 0xff, 0xff, 0xff, 0xff, 0xff, 0xff, 0xff, 0xff, 0xff, 0xfd, 0xaf, 0x2c, 0x00, 0x00, 0x00, 0x00, /* 行 1 */
    0x94, 0xff, 0xff, 0xff, 0xff, 0xff, 0xff, 0xff, 0xff, 0xff, 0xff, 0xff, 0xff, 0xff, 0xff, 0xff, 0xff, 0xff, 0xfa, 0x5d, 0x00, 0x00, 0x00, /* 行 2 */
    0x94, 0xff, 0xff, 0xff, 0x5a, 0x3c, 0x3c, 0x3c, 0x3c, 0x3c, 0x45, 0x50, 0x6f, 0x9a, 0xe1, 0xff, 0xff, 0xff, 0xff, 0xff, 0x43, 0x00, 0x00, /* 行 3 */
    0x94, 0xff, 0xff, 0xff, 0x28, 0x00, 0x00, 0x00, 0x00, 0x00, 0x00, 0x00, 0x00, 0x00, 0x01, 0x55, 0xec, 0xff, 0xff, 0xff, 0xda, 0x01, 0x00, /* 行 4 */
    0x94, 0xff, 0xff, 0xff, 0x28, 0x00, 0x00, 0x00, 0x00, 0x00, 0x00, 0x00, 0x00, 0x00, 0x00, 0x00, 0x2c, 0xf8, 0xff, 0xff, 0xff, 0x35, 0x00, /* 行 5 */
    0x94, 0xff, 0xff, 0xff, 0x28, 0x00, 0x00, 0x00, 0x00, 0x00, 0x00, 0x00, 0x00, 0x00, 0x00, 0x00, 0x00, 0x9c, 0xff, 0xff, 0xff, 0x71, 0x00, /* 行 6 */
    0x94, 0xff, 0xff, 0xff, 0x28, 0x00, 0x00, 0x00, 0x00, 0x00, 0x00, 0x00, 0x00, 0x00, 0x00, 0x00, 0x00, 0x5b, 0xff, 0xff, 0xff, 0x89, 0x00, /* 行 7 */
    0x94, 0xff, 0xff, 0xff, 0x28, 0x00, 0x00, 0x00, 0x00, 0x00, 0x00, 0x00, 0x00, 0x00, 0x00, 0x00, 0x00, 0x49, 0xff, 0xff, 0xff, 0x8f, 0x00, /* 行 8 */
    0x94, 0xff, 0xff, 0xff, 0x28, 0x00, 0x00, 0x00, 0x00, 0x00, 0x00, 0x00, 0x00, 0x00, 0x00, 0x00, 0x00, 0x59, 0xff, 0xff, 0xff, 0x77, 0x00, /* 行 9 */
    0x94, 0xff, 0xff, 0xff, 0x28, 0x00, 0x00, 0x00, 0x00, 0x00, 0x00, 0x00, 0x00, 0x00, 0x00, 0x00, 0x00, 0x8e, 0xff, 0xff, 0xff, 0x3e, 0x00, /* 行10 */
    0x94, 0xff, 0xff, 0xff, 0x28, 0x00, 0x00, 0x00, 0x00, 0x00, 0x00, 0x00, 0x00, 0x00, 0x00, 0x00, 0x0e, 0xe9, 0xff, 0xff, 0xd9, 0x01, 0x00, /* 行11 */
    0x94, 0xff, 0xff, 0xff, 0x28, 0x00, 0x00, 0x00, 0x00, 0x00, 0x00, 0x00, 0x00, 0x00, 0x00, 0x10, 0xba, 0xff, 0xff, 0xfd, 0x43, 0x00, 0x00, /* 行12 */
    0x94, 0xff, 0xff, 0xff, 0x28, 0x00, 0x00, 0x00, 0x00, 0x00, 0x02, 0x0c, 0x21, 0x4a, 0x8e, 0xed, 0xff, 0xff, 0xf8, 0x5d, 0x00, 0x00, 0x00, /* 行13 */
    0x94, 0xff, 0xff, 0xff, 0xff, 0xff, 0xff, 0xff, 0xff, 0xff, 0xff, 0xff, 0xff, 0xff, 0xff, 0xff, 0xfb, 0xaa, 0x29, 0x00, 0x00, 0x00, 0x00, /* 行14 */
    0x94, 0xff, 0xff, 0xff, 0xff, 0xff, 0xff, 0xff, 0xff, 0xff, 0xff, 0xff, 0xff, 0xff, 0xff, 0xc2, 0x3f, 0x02, 0x00, 0x00, 0x00, 0x00, 0x00, /* 行15 */
    0x94, 0xff, 0xff, 0xff, 0xff, 0xff, 0xff, 0xff, 0xff, 0xff, 0xff, 0xff, 0xff, 0xff, 0xff, 0xff, 0xff, 0xe5, 0x86, 0x11, 0x00, 0x00, 0x00, /* 行16 */
    0x94, 0xff, 0xff, 0xff, 0x4d, 0x2c, 0x2c, 0x2c, 0x2c, 0x2c, 0x2d, 0x37, 0x46, 0x6a, 0xa0, 0xec, 0xff, 0xff, 0xff, 0xec, 0x44, 0x00, 0x00, /* 行17 */
    0x94, 0xff, 0xff, 0xff, 0x28, 0x00, 0x00, 0x00, 0x00, 0x00, 0x00, 0x00, 0x00, 0x00, 0x00, 0x08, 0x78, 0xfc, 0xff, 0xff, 0xfa, 0x3a, 0x00, /* 行18 */
    0x94, 0xff, 0xff, 0xff, 0x28, 0x00, 0x00, 0x00, 0x00, 0x00, 0x00, 0x00, 0x00, 0x00, 0x00, 0x00, 0x00, 0x5d, 0xff, 0xff, 0xff, 0xd8, 0x02, /* 行19 */
    0x94, 0xff, 0xff, 0xff, 0x28, 0x00, 0x00, 0x00, 0x00, 0x00, 0x00, 0x00, 0x00, 0x00, 0x00, 0x00, 0x00, 0x00, 0xc6, 0xff, 0xff, 0xff, 0x46, /* 行20 */
    0x94, 0xff, 0xff, 0xff, 0x28, 0x00, 0x00, 0x00, 0x00, 0x00, 0x00, 0x00, 0x00, 0x00, 0x00, 0x00, 0x00, 0x00, 0x79, 0xff, 0xff, 0xff, 0x84, /* 行21 */
    0x94, 0xff, 0xff, 0xff, 0x28, 0x00, 0x00, 0x00, 0x00, 0x00, 0x00, 0x00, 0x00, 0x00, 0x00, 0x00, 0x00, 0x00, 0x5c, 0xff, 0xff, 0xff, 0xa0, /* 行22 */
    0x94, 0xff, 0xff, 0xff, 0x28, 0x00, 0x00, 0x00, 0x00, 0x00, 0x00, 0x00, 0x00, 0x00, 0x00, 0x00, 0x00, 0x00, 0x64, 0xff, 0xff, 0xff, 0xa1, /* 行23 */
    0x94, 0xff, 0xff, 0xff, 0x28, 0x00, 0x00, 0x00, 0x00, 0x00, 0x00, 0x00, 0x00, 0x00, 0x00, 0x00, 0x00, 0x00, 0x89, 0xff, 0xff, 0xff, 0x89, /* 行24 */
    0x94, 0xff, 0xff, 0xff, 0x28, 0x00, 0x00, 0x00, 0x00, 0x00, 0x00, 0x00, 0x00, 0x00, 0x00, 0x00, 0x00, 0x03, 0xd9, 0xff, 0xff, 0xff, 0x59, /* 行25 */
    0x94, 0xff, 0xff, 0xff, 0x28, 0x00, 0x00, 0x00, 0x00, 0x00, 0x00, 0x00, 0x00, 0x00, 0x00, 0x00, 0x00, 0x79, 0xff, 0xff, 0xff, 0xf9, 0x0f, /* 行26 */
    0x94, 0xff, 0xff, 0xff, 0x28, 0x00, 0x00, 0x00, 0x00, 0x00, 0x00, 0x00, 0x00, 0x00, 0x00, 0x0c, 0x8a, 0xff, 0xff, 0xff, 0xff, 0x88, 0x00, /* 行27 */
    0x94, 0xff, 0xff, 0xff, 0x50, 0x30, 0x30, 0x30, 0x30, 0x30, 0x30, 0x37, 0x46, 0x6b, 0xa3, 0xf1, 0xff, 0xff, 0xff, 0xff, 0xce, 0x0b, 0x00, /* 行28 */
    0x94, 0xff, 0xff, 0xff, 0xff, 0xff, 0xff, 0xff, 0xff, 0xff, 0xff, 0xff, 0xff, 0xff, 0xff, 0xff, 0xff, 0xff, 0xff, 0xc7, 0x13, 0x00, 0x00, /* 行29 */
    0x94, 0xff, 0xff, 0xff, 0xff, 0xff, 0xff, 0xff, 0xff, 0xff, 0xff, 0xff, 0xff, 0xff, 0xff, 0xff, 0xff, 0xe9, 0x72, 0x03, 0x00, 0x00, 0x00, /* 行30 */
    0x94, 0xff, 0xff, 0xff, 0xff, 0xff, 0xff, 0xff, 0xff, 0xff, 0xff, 0xff, 0xf3, 0xe4, 0xc5, 0x91, 0x50, 0x05, 0x00, 0x00, 0x00, 0x00, 0x00, /* 行31 */
};

/* 字符  67: C    */
/*
 *                     ░░▒▒▓▓██████████████▓▓▒▒░░      
 *                 ▒▒▓▓████████████████████████████▒▒  
 *             ░░▓▓████████████████████████████████▓▓  
 *           ░░██████████████▓▓▒▒▒▒▒▒▒▒▓▓▓▓████████░░  
 *         ▒▒██████████▓▓░░                ░░▒▒▓▓▓▓    
 *       ░░██████████▒▒                          ░░    
 *       ██████████░░                                  
 *     ▒▒████████▒▒                                    
 *     ████████▓▓                                      
 *   ░░████████░░                                      
 *   ▓▓██████▓▓                                        
 *   ████████▒▒                                        
 *   ████████░░                                        
 * ░░████████                                          
 * ░░████████                                          
 * ░░████████                                          
 * ░░████████                                          
 * ░░████████                                          
 * ░░████████                                          
 * ░░████████░░                                        
 *   ████████▒▒                                        
 *   ▓▓██████▓▓                                        
 *   ▒▒████████░░                                      
 *   ░░████████▒▒                                      
 *     ▓▓████████░░                                    
 *     ░░██████████░░                                  
 *       ▒▒██████████░░                                
 *         ▓▓██████████▓▓░░                  ░░░░▒▒    
 *         ░░▓▓██████████████▓▓▒▒▒▒▒▒▒▒▒▒▓▓████████    
 *           ░░▒▒██████████████████████████████████    
 *               ░░▓▓████████████████████████████▓▓    
 *                   ░░▒▒▓▓████████████████▓▓▒▒░░      
 */
static const unsigned char open_sans_45px_char_067_bitmap[] = {
    0x00, 0x00, 0x00, 0x00, 0x00, 0x00, 0x00, 0x00, 0x00, 0x00, 0x1c, 0x6a, 0xa1, 0xcd, 0xe8, 0xf5, 0xfb, 0xf0, 0xe2, 0xc1, 0x9a, 0x63, 0x1d, 0x00, 0x00, 0x00, /* 行 0 */
    0x00, 0x00, 0x00, 0x00, 0x00, 0x00, 0x00, 0x00, 0x47, 0xbf, 0xff, 0xff, 0xff, 0xff, 0xff, 0xff, 0xff, 0xff, 0xff, 0xff, 0xff, 0xff, 0xff, 0xc9, 0x60, 0x00, /* 行 1 */
    0x00, 0x00, 0x00, 0x00, 0x00, 0x00, 0x1e, 0xb8, 0xff, 0xff, 0xff, 0xff, 0xff, 0xff, 0xff, 0xff, 0xff, 0xff, 0xff, 0xff, 0xff, 0xff, 0xff, 0xff, 0xb9, 0x00, /* 行 2 */
    0x00, 0x00, 0x00, 0x00, 0x00, 0x3e, 0xef, 0xff, 0xff, 0xff, 0xff, 0xff, 0xe3, 0x9d, 0x7d, 0x67, 0x5d, 0x6c, 0x8b, 0xb8, 0xf3, 0xff, 0xff, 0xff, 0x3b, 0x00, /* 行 3 */
    0x00, 0x00, 0x00, 0x00, 0x44, 0xf8, 0xff, 0xff, 0xff, 0xff, 0xb3, 0x32, 0x00, 0x00, 0x00, 0x00, 0x00, 0x00, 0x00, 0x00, 0x06, 0x47, 0xaa, 0xb8, 0x00, 0x00, /* 行 4 */
    0x00, 0x00, 0x00, 0x24, 0xee, 0xff, 0xff, 0xff, 0xf1, 0x48, 0x00, 0x00, 0x00, 0x00, 0x00, 0x00, 0x00, 0x00, 0x00, 0x00, 0x00, 0x00, 0x00, 0x01, 0x00, 0x00, /* 行 5 */
    0x00, 0x00, 0x00, 0xc1, 0xff, 0xff, 0xff, 0xe8, 0x2e, 0x00, 0x00, 0x00, 0x00, 0x00, 0x00, 0x00, 0x00, 0x00, 0x00, 0x00, 0x00, 0x00, 0x00, 0x00, 0x00, 0x00, /* 行 6 */
    0x00, 0x00, 0x58, 0xff, 0xff, 0xff, 0xfe, 0x43, 0x00, 0x00, 0x00, 0x00, 0x00, 0x00, 0x00, 0x00, 0x00, 0x00, 0x00, 0x00, 0x00, 0x00, 0x00, 0x00, 0x00, 0x00, /* 行 7 */
    0x00, 0x00, 0xcd, 0xff, 0xff, 0xff, 0x8e, 0x00, 0x00, 0x00, 0x00, 0x00, 0x00, 0x00, 0x00, 0x00, 0x00, 0x00, 0x00, 0x00, 0x00, 0x00, 0x00, 0x00, 0x00, 0x00, /* 行 8 */
    0x00, 0x36, 0xff, 0xff, 0xff, 0xf9, 0x18, 0x00, 0x00, 0x00, 0x00, 0x00, 0x00, 0x00, 0x00, 0x00, 0x00, 0x00, 0x00, 0x00, 0x00, 0x00, 0x00, 0x00, 0x00, 0x00, /* 行 9 */
    0x00, 0x83, 0xff, 0xff, 0xff, 0xa1, 0x00, 0x00, 0x00, 0x00, 0x00, 0x00, 0x00, 0x00, 0x00, 0x00, 0x00, 0x00, 0x00, 0x00, 0x00, 0x00, 0x00, 0x00, 0x00, 0x00, /* 行10 */
    0x00, 0xc7, 0xff, 0xff, 0xff, 0x57, 0x00, 0x00, 0x00, 0x00, 0x00, 0x00, 0x00, 0x00, 0x00, 0x00, 0x00, 0x00, 0x00, 0x00, 0x00, 0x00, 0x00, 0x00, 0x00, 0x00, /* 行11 */
    0x00, 0xf3, 0xff, 0xff, 0xff, 0x1b, 0x00, 0x00, 0x00, 0x00, 0x00, 0x00, 0x00, 0x00, 0x00, 0x00, 0x00, 0x00, 0x00, 0x00, 0x00, 0x00, 0x00, 0x00, 0x00, 0x00, /* 行12 */
    0x1b, 0xff, 0xff, 0xff, 0xed, 0x00, 0x00, 0x00, 0x00, 0x00, 0x00, 0x00, 0x00, 0x00, 0x00, 0x00, 0x00, 0x00, 0x00, 0x00, 0x00, 0x00, 0x00, 0x00, 0x00, 0x00, /* 行13 */
    0x2e, 0xff, 0xff, 0xff, 0xda, 0x00, 0x00, 0x00, 0x00, 0x00, 0x00, 0x00, 0x00, 0x00, 0x00, 0x00, 0x00, 0x00, 0x00, 0x00, 0x00, 0x00, 0x00, 0x00, 0x00, 0x00, /* 行14 */
    0x3a, 0xff, 0xff, 0xff, 0xc8, 0x00, 0x00, 0x00, 0x00, 0x00, 0x00, 0x00, 0x00, 0x00, 0x00, 0x00, 0x00, 0x00, 0x00, 0x00, 0x00, 0x00, 0x00, 0x00, 0x00, 0x00, /* 行15 */
    0x37, 0xff, 0xff, 0xff, 0xc7, 0x00, 0x00, 0x00, 0x00, 0x00, 0x00, 0x00, 0x00, 0x00, 0x00, 0x00, 0x00, 0x00, 0x00, 0x00, 0x00, 0x00, 0x00, 0x00, 0x00, 0x00, /* 行16 */
    0x26, 0xff, 0xff, 0xff, 0xd8, 0x00, 0x00, 0x00, 0x00, 0x00, 0x00, 0x00, 0x00, 0x00, 0x00, 0x00, 0x00, 0x00, 0x00, 0x00, 0x00, 0x00, 0x00, 0x00, 0x00, 0x00, /* 行17 */
    0x15, 0xff, 0xff, 0xff, 0xe8, 0x00, 0x00, 0x00, 0x00, 0x00, 0x00, 0x00, 0x00, 0x00, 0x00, 0x00, 0x00, 0x00, 0x00, 0x00, 0x00, 0x00, 0x00, 0x00, 0x00, 0x00, /* 行18 */
    0x04, 0xfc, 0xff, 0xff, 0xff, 0x12, 0x00, 0x00, 0x00, 0x00, 0x00, 0x00, 0x00, 0x00, 0x00, 0x00, 0x00, 0x00, 0x00, 0x00, 0x00, 0x00, 0x00, 0x00, 0x00, 0x00, /* 行19 */
    0x00, 0xce, 0xff, 0xff, 0xff, 0x4a, 0x00, 0x00, 0x00, 0x00, 0x00, 0x00, 0x00, 0x00, 0x00, 0x00, 0x00, 0x00, 0x00, 0x00, 0x00, 0x00, 0x00, 0x00, 0x00, 0x00, /* 行20 */
    0x00, 0x94, 0xff, 0xff, 0xff, 0x8c, 0x00, 0x00, 0x00, 0x00, 0x00, 0x00, 0x00, 0x00, 0x00, 0x00, 0x00, 0x00, 0x00, 0x00, 0x00, 0x00, 0x00, 0x00, 0x00, 0x00, /* 行21 */
    0x00, 0x58, 0xff, 0xff, 0xff, 0xec, 0x08, 0x00, 0x00, 0x00, 0x00, 0x00, 0x00, 0x00, 0x00, 0x00, 0x00, 0x00, 0x00, 0x00, 0x00, 0x00, 0x00, 0x00, 0x00, 0x00, /* 行22 */
    0x00, 0x0a, 0xed, 0xff, 0xff, 0xff, 0x68, 0x00, 0x00, 0x00, 0x00, 0x00, 0x00, 0x00, 0x00, 0x00, 0x00, 0x00, 0x00, 0x00, 0x00, 0x00, 0x00, 0x00, 0x00, 0x00, /* 行23 */
    0x00, 0x00, 0x88, 0xff, 0xff, 0xff, 0xf1, 0x20, 0x00, 0x00, 0x00, 0x00, 0x00, 0x00, 0x00, 0x00, 0x00, 0x00, 0x00, 0x00, 0x00, 0x00, 0x00, 0x00, 0x00, 0x00, /* 行24 */
    0x00, 0x00, 0x1b, 0xf3, 0xff, 0xff, 0xff, 0xca, 0x11, 0x00, 0x00, 0x00, 0x00, 0x00, 0x00, 0x00, 0x00, 0x00, 0x00, 0x00, 0x00, 0x00, 0x00, 0x00, 0x00, 0x00, /* 行25 */
    0x00, 0x00, 0x00, 0x5e, 0xff, 0xff, 0xff, 0xff, 0xd5, 0x21, 0x00, 0x00, 0x00, 0x00, 0x00, 0x00, 0x00, 0x00, 0x00, 0x00, 0x00, 0x00, 0x00, 0x00, 0x00, 0x00, /* 行26 */
    0x00, 0x00, 0x00, 0x00, 0xa0, 0xff, 0xff, 0xff, 0xff, 0xf7, 0x8c, 0x18, 0x00, 0x00, 0x00, 0x00, 0x00, 0x00, 0x00, 0x00, 0x00, 0x02, 0x32, 0x57, 0x00, 0x00, /* 行27 */
    0x00, 0x00, 0x00, 0x00, 0x05, 0xab, 0xff, 0xff, 0xff, 0xff, 0xff, 0xfe, 0xcd, 0x8c, 0x70, 0x5c, 0x54, 0x5e, 0x77, 0x97, 0xc3, 0xf3, 0xff, 0xcc, 0x00, 0x00, /* 行28 */
    0x00, 0x00, 0x00, 0x00, 0x00, 0x01, 0x78, 0xf8, 0xff, 0xff, 0xff, 0xff, 0xff, 0xff, 0xff, 0xff, 0xff, 0xff, 0xff, 0xff, 0xff, 0xff, 0xff, 0xcc, 0x00, 0x00, /* 行29 */
    0x00, 0x00, 0x00, 0x00, 0x00, 0x00, 0x00, 0x22, 0x9d, 0xf7, 0xff, 0xff, 0xff, 0xff, 0xff, 0xff, 0xff, 0xff, 0xff, 0xff, 0xff, 0xff, 0xff, 0xb2, 0x00, 0x00, /* 行30 */
    0x00, 0x00, 0x00, 0x00, 0x00, 0x00, 0x00, 0x00, 0x00, 0x0e, 0x58, 0x97, 0xc6, 0xe5, 0xf6, 0xfd, 0xf8, 0xef, 0xdc, 0xc0, 0x9a, 0x67, 0x26, 0x00, 0x00, 0x00, /* 行31 */
};

/* 字符  68: D    */
/*
 * ▓▓██████████████████████████▓▓▒▒░░                    
 * ▓▓████████████████████████████████▓▓▒▒                
 * ▓▓████████████████████████████████████▓▓░░            
 * ▓▓██████▒▒░░░░░░░░░░▒▒▒▒▒▒▓▓██████████████░░          
 * ▓▓██████░░                    ░░▓▓██████████▒▒        
 * ▓▓██████░░                        ▒▒██████████░░      
 * ▓▓██████░░                          ░░██████████      
 * ▓▓██████░░                            ░░████████▒▒    
 * ▓▓██████░░                              ▓▓████████    
 * ▓▓██████░░                              ░░████████░░  
 * ▓▓██████░░                                ▓▓██████▒▒  
 * ▓▓██████░░                                ▒▒██████▓▓  
 * ▓▓██████░░                                ░░████████  
 * ▓▓██████░░                                ░░████████  
 * ▓▓██████░░                                  ████████░░
 * ▓▓██████░░                                  ████████░░
 * ▓▓██████░░                                  ████████░░
 * ▓▓██████░░                                ░░████████  
 * ▓▓██████░░                                ░░████████  
 * ▓▓██████░░                                ▒▒████████  
 * ▓▓██████░░                                ▓▓██████▓▓  
 * ▓▓██████░░                                ████████▒▒  
 * ▓▓██████░░                              ░░████████░░  
 * ▓▓██████░░                              ▓▓██████▓▓    
 * ▓▓██████░░                            ▒▒████████░░    
 * ▓▓██████░░                          ▒▒████████▓▓      
 * ▓▓██████░░                      ░░▓▓██████████░░      
 * ▓▓██████░░                  ░░▒▒████████████░░        
 * ▓▓██████▒▒░░░░░░░░▒▒▒▒▒▒▓▓████████████████░░          
 * ▓▓████████████████████████████████████▓▓░░            
 * ▓▓████████████████████████████████▓▓░░                
 * ▓▓████████████████████████▓▓▒▒░░░░                    
 */
static const unsigned char open_sans_45px_char_068_bitmap[] = {
    0x94, 0xff, 0xff, 0xff, 0xff, 0xff, 0xff, 0xff, 0xff, 0xff, 0xfd, 0xf4, 0xe2, 0xc5, 0x98, 0x61, 0x18, 0x00, 0x00, 0x00, 0x00, 0x00, 0x00, 0x00, 0x00, 0x00, 0x00, /* 行 0 */
    0x94, 0xff, 0xff, 0xff, 0xff, 0xff, 0xff, 0xff, 0xff, 0xff, 0xff, 0xff, 0xff, 0xff, 0xff, 0xff, 0xfe, 0xb8, 0x45, 0x00, 0x00, 0x00, 0x00, 0x00, 0x00, 0x00, 0x00, /* 行 1 */
    0x94, 0xff, 0xff, 0xff, 0xff, 0xff, 0xff, 0xff, 0xff, 0xff, 0xff, 0xff, 0xff, 0xff, 0xff, 0xff, 0xff, 0xff, 0xff, 0xb8, 0x1c, 0x00, 0x00, 0x00, 0x00, 0x00, 0x00, /* 行 2 */
    0x94, 0xff, 0xff, 0xff, 0x5a, 0x3c, 0x3c, 0x3c, 0x3c, 0x3d, 0x4c, 0x5e, 0x74, 0xac, 0xe7, 0xff, 0xff, 0xff, 0xff, 0xff, 0xee, 0x3f, 0x00, 0x00, 0x00, 0x00, 0x00, /* 行 3 */
    0x94, 0xff, 0xff, 0xff, 0x28, 0x00, 0x00, 0x00, 0x00, 0x00, 0x00, 0x00, 0x00, 0x00, 0x00, 0x3e, 0xb5, 0xfe, 0xff, 0xff, 0xff, 0xf8, 0x40, 0x00, 0x00, 0x00, 0x00, /* 行 4 */
    0x94, 0xff, 0xff, 0xff, 0x28, 0x00, 0x00, 0x00, 0x00, 0x00, 0x00, 0x00, 0x00, 0x00, 0x00, 0x00, 0x00, 0x47, 0xed, 0xff, 0xff, 0xff, 0xf0, 0x20, 0x00, 0x00, 0x00, /* 行 5 */
    0x94, 0xff, 0xff, 0xff, 0x28, 0x00, 0x00, 0x00, 0x00, 0x00, 0x00, 0x00, 0x00, 0x00, 0x00, 0x00, 0x00, 0x00, 0x20, 0xe4, 0xff, 0xff, 0xff, 0xc0, 0x00, 0x00, 0x00, /* 行 6 */
    0x94, 0xff, 0xff, 0xff, 0x28, 0x00, 0x00, 0x00, 0x00, 0x00, 0x00, 0x00, 0x00, 0x00, 0x00, 0x00, 0x00, 0x00, 0x00, 0x39, 0xfa, 0xff, 0xff, 0xff, 0x50, 0x00, 0x00, /* 行 7 */
    0x94, 0xff, 0xff, 0xff, 0x28, 0x00, 0x00, 0x00, 0x00, 0x00, 0x00, 0x00, 0x00, 0x00, 0x00, 0x00, 0x00, 0x00, 0x00, 0x00, 0x87, 0xff, 0xff, 0xff, 0xc5, 0x00, 0x00, /* 行 8 */
    0x94, 0xff, 0xff, 0xff, 0x28, 0x00, 0x00, 0x00, 0x00, 0x00, 0x00, 0x00, 0x00, 0x00, 0x00, 0x00, 0x00, 0x00, 0x00, 0x00, 0x18, 0xf8, 0xff, 0xff, 0xff, 0x24, 0x00, /* 行 9 */
    0x94, 0xff, 0xff, 0xff, 0x28, 0x00, 0x00, 0x00, 0x00, 0x00, 0x00, 0x00, 0x00, 0x00, 0x00, 0x00, 0x00, 0x00, 0x00, 0x00, 0x00, 0xa8, 0xff, 0xff, 0xff, 0x70, 0x00, /* 行10 */
    0x94, 0xff, 0xff, 0xff, 0x28, 0x00, 0x00, 0x00, 0x00, 0x00, 0x00, 0x00, 0x00, 0x00, 0x00, 0x00, 0x00, 0x00, 0x00, 0x00, 0x00, 0x6a, 0xff, 0xff, 0xff, 0xa9, 0x00, /* 行11 */
    0x94, 0xff, 0xff, 0xff, 0x28, 0x00, 0x00, 0x00, 0x00, 0x00, 0x00, 0x00, 0x00, 0x00, 0x00, 0x00, 0x00, 0x00, 0x00, 0x00, 0x00, 0x2f, 0xff, 0xff, 0xff, 0xd5, 0x00, /* 行12 */
    0x94, 0xff, 0xff, 0xff, 0x28, 0x00, 0x00, 0x00, 0x00, 0x00, 0x00, 0x00, 0x00, 0x00, 0x00, 0x00, 0x00, 0x00, 0x00, 0x00, 0x00, 0x0d, 0xff, 0xff, 0xff, 0xf3, 0x00, /* 行13 */
    0x94, 0xff, 0xff, 0xff, 0x28, 0x00, 0x00, 0x00, 0x00, 0x00, 0x00, 0x00, 0x00, 0x00, 0x00, 0x00, 0x00, 0x00, 0x00, 0x00, 0x00, 0x00, 0xfa, 0xff, 0xff, 0xff, 0x04, /* 行14 */
    0x94, 0xff, 0xff, 0xff, 0x28, 0x00, 0x00, 0x00, 0x00, 0x00, 0x00, 0x00, 0x00, 0x00, 0x00, 0x00, 0x00, 0x00, 0x00, 0x00, 0x00, 0x00, 0xea, 0xff, 0xff, 0xff, 0x0d, /* 行15 */
    0x94, 0xff, 0xff, 0xff, 0x28, 0x00, 0x00, 0x00, 0x00, 0x00, 0x00, 0x00, 0x00, 0x00, 0x00, 0x00, 0x00, 0x00, 0x00, 0x00, 0x00, 0x00, 0xf1, 0xff, 0xff, 0xff, 0x08, /* 行16 */
    0x94, 0xff, 0xff, 0xff, 0x28, 0x00, 0x00, 0x00, 0x00, 0x00, 0x00, 0x00, 0x00, 0x00, 0x00, 0x00, 0x00, 0x00, 0x00, 0x00, 0x00, 0x03, 0xfe, 0xff, 0xff, 0xfc, 0x00, /* 行17 */
    0x94, 0xff, 0xff, 0xff, 0x28, 0x00, 0x00, 0x00, 0x00, 0x00, 0x00, 0x00, 0x00, 0x00, 0x00, 0x00, 0x00, 0x00, 0x00, 0x00, 0x00, 0x14, 0xff, 0xff, 0xff, 0xe4, 0x00, /* 行18 */
    0x94, 0xff, 0xff, 0xff, 0x28, 0x00, 0x00, 0x00, 0x00, 0x00, 0x00, 0x00, 0x00, 0x00, 0x00, 0x00, 0x00, 0x00, 0x00, 0x00, 0x00, 0x43, 0xff, 0xff, 0xff, 0xc3, 0x00, /* 行19 */
    0x94, 0xff, 0xff, 0xff, 0x28, 0x00, 0x00, 0x00, 0x00, 0x00, 0x00, 0x00, 0x00, 0x00, 0x00, 0x00, 0x00, 0x00, 0x00, 0x00, 0x00, 0x81, 0xff, 0xff, 0xff, 0x92, 0x00, /* 行20 */
    0x94, 0xff, 0xff, 0xff, 0x28, 0x00, 0x00, 0x00, 0x00, 0x00, 0x00, 0x00, 0x00, 0x00, 0x00, 0x00, 0x00, 0x00, 0x00, 0x00, 0x00, 0xc7, 0xff, 0xff, 0xff, 0x55, 0x00, /* 行21 */
    0x94, 0xff, 0xff, 0xff, 0x28, 0x00, 0x00, 0x00, 0x00, 0x00, 0x00, 0x00, 0x00, 0x00, 0x00, 0x00, 0x00, 0x00, 0x00, 0x00, 0x3a, 0xff, 0xff, 0xff, 0xf8, 0x0e, 0x00, /* 行22 */
    0x94, 0xff, 0xff, 0xff, 0x28, 0x00, 0x00, 0x00, 0x00, 0x00, 0x00, 0x00, 0x00, 0x00, 0x00, 0x00, 0x00, 0x00, 0x00, 0x00, 0xb7, 0xff, 0xff, 0xff, 0xa3, 0x00, 0x00, /* 行23 */
    0x94, 0xff, 0xff, 0xff, 0x28, 0x00, 0x00, 0x00, 0x00, 0x00, 0x00, 0x00, 0x00, 0x00, 0x00, 0x00, 0x00, 0x00, 0x00, 0x73, 0xff, 0xff, 0xff, 0xfd, 0x2e, 0x00, 0x00, /* 行24 */
    0x94, 0xff, 0xff, 0xff, 0x28, 0x00, 0x00, 0x00, 0x00, 0x00, 0x00, 0x00, 0x00, 0x00, 0x00, 0x00, 0x00, 0x00, 0x54, 0xfc, 0xff, 0xff, 0xff, 0x97, 0x00, 0x00, 0x00, /* 行25 */
    0x94, 0xff, 0xff, 0xff, 0x28, 0x00, 0x00, 0x00, 0x00, 0x00, 0x00, 0x00, 0x00, 0x00, 0x00, 0x00, 0x05, 0x8d, 0xff, 0xff, 0xff, 0xff, 0xd7, 0x0b, 0x00, 0x00, 0x00, /* 行26 */
    0x94, 0xff, 0xff, 0xff, 0x28, 0x00, 0x00, 0x00, 0x00, 0x00, 0x00, 0x00, 0x00, 0x00, 0x12, 0x77, 0xe4, 0xff, 0xff, 0xff, 0xff, 0xe4, 0x1f, 0x00, 0x00, 0x00, 0x00, /* 行27 */
    0x94, 0xff, 0xff, 0xff, 0x5a, 0x3c, 0x3c, 0x3c, 0x3c, 0x48, 0x59, 0x6a, 0x96, 0xcf, 0xfc, 0xff, 0xff, 0xff, 0xff, 0xff, 0xd0, 0x1d, 0x00, 0x00, 0x00, 0x00, 0x00, /* 行28 */
    0x94, 0xff, 0xff, 0xff, 0xff, 0xff, 0xff, 0xff, 0xff, 0xff, 0xff, 0xff, 0xff, 0xff, 0xff, 0xff, 0xff, 0xff, 0xf8, 0x87, 0x07, 0x00, 0x00, 0x00, 0x00, 0x00, 0x00, /* 行29 */
    0x94, 0xff, 0xff, 0xff, 0xff, 0xff, 0xff, 0xff, 0xff, 0xff, 0xff, 0xff, 0xff, 0xff, 0xff, 0xff, 0xeb, 0x8d, 0x1d, 0x00, 0x00, 0x00, 0x00, 0x00, 0x00, 0x00, 0x00, /* 行30 */
    0x94, 0xff, 0xff, 0xff, 0xff, 0xff, 0xff, 0xff, 0xff, 0xfe, 0xf7, 0xe9, 0xcf, 0xab, 0x7b, 0x3c, 0x03, 0x00, 0x00, 0x00, 0x00, 0x00, 0x00, 0x00, 0x00, 0x00, 0x00, /* 行31 */
};

/* 字符  69: E    */
/*
 * ▓▓██████████████████████████████████▒▒
 * ▓▓██████████████████████████████████▒▒
 * ▓▓██████████████████████████████████▒▒
 * ▓▓██████▒▒▒▒▒▒▒▒▒▒▒▒▒▒▒▒▒▒▒▒▒▒▒▒▒▒▒▒░░
 * ▓▓██████░░                            
 * ▓▓██████░░                            
 * ▓▓██████░░                            
 * ▓▓██████░░                            
 * ▓▓██████░░                            
 * ▓▓██████░░                            
 * ▓▓██████░░                            
 * ▓▓██████░░                            
 * ▓▓██████░░                            
 * ▓▓██████░░                            
 * ▓▓████████████████████████████████▒▒  
 * ▓▓████████████████████████████████▒▒  
 * ▓▓████████████████████████████████▒▒  
 * ▓▓██████▒▒▒▒▒▒▒▒▒▒▒▒▒▒▒▒▒▒▒▒▒▒▒▒▒▒░░  
 * ▓▓██████░░                            
 * ▓▓██████░░                            
 * ▓▓██████░░                            
 * ▓▓██████░░                            
 * ▓▓██████░░                            
 * ▓▓██████░░                            
 * ▓▓██████░░                            
 * ▓▓██████░░                            
 * ▓▓██████░░                            
 * ▓▓██████░░                            
 * ▓▓██████▒▒▒▒▒▒▒▒▒▒▒▒▒▒▒▒▒▒▒▒▒▒▒▒▒▒▒▒░░
 * ▓▓██████████████████████████████████▒▒
 * ▓▓██████████████████████████████████▒▒
 * ▓▓██████████████████████████████████▒▒
 */
static const unsigned char open_sans_45px_char_069_bitmap[] = {
    0x94, 0xff, 0xff, 0xff, 0xff, 0xff, 0xff, 0xff, 0xff, 0xff, 0xff, 0xff, 0xff, 0xff, 0xff, 0xff, 0xff, 0xff, 0x54, /* 行 0 */
    0x94, 0xff, 0xff, 0xff, 0xff, 0xff, 0xff, 0xff, 0xff, 0xff, 0xff, 0xff, 0xff, 0xff, 0xff, 0xff, 0xff, 0xff, 0x54, /* 行 1 */
    0x94, 0xff, 0xff, 0xff, 0xff, 0xff, 0xff, 0xff, 0xff, 0xff, 0xff, 0xff, 0xff, 0xff, 0xff, 0xff, 0xff, 0xff, 0x54, /* 行 2 */
    0x94, 0xff, 0xff, 0xff, 0x6b, 0x50, 0x50, 0x50, 0x50, 0x50, 0x50, 0x50, 0x50, 0x50, 0x50, 0x50, 0x50, 0x50, 0x1a, /* 行 3 */
    0x94, 0xff, 0xff, 0xff, 0x28, 0x00, 0x00, 0x00, 0x00, 0x00, 0x00, 0x00, 0x00, 0x00, 0x00, 0x00, 0x00, 0x00, 0x00, /* 行 4 */
    0x94, 0xff, 0xff, 0xff, 0x28, 0x00, 0x00, 0x00, 0x00, 0x00, 0x00, 0x00, 0x00, 0x00, 0x00, 0x00, 0x00, 0x00, 0x00, /* 行 5 */
    0x94, 0xff, 0xff, 0xff, 0x28, 0x00, 0x00, 0x00, 0x00, 0x00, 0x00, 0x00, 0x00, 0x00, 0x00, 0x00, 0x00, 0x00, 0x00, /* 行 6 */
    0x94, 0xff, 0xff, 0xff, 0x28, 0x00, 0x00, 0x00, 0x00, 0x00, 0x00, 0x00, 0x00, 0x00, 0x00, 0x00, 0x00, 0x00, 0x00, /* 行 7 */
    0x94, 0xff, 0xff, 0xff, 0x28, 0x00, 0x00, 0x00, 0x00, 0x00, 0x00, 0x00, 0x00, 0x00, 0x00, 0x00, 0x00, 0x00, 0x00, /* 行 8 */
    0x94, 0xff, 0xff, 0xff, 0x28, 0x00, 0x00, 0x00, 0x00, 0x00, 0x00, 0x00, 0x00, 0x00, 0x00, 0x00, 0x00, 0x00, 0x00, /* 行 9 */
    0x94, 0xff, 0xff, 0xff, 0x28, 0x00, 0x00, 0x00, 0x00, 0x00, 0x00, 0x00, 0x00, 0x00, 0x00, 0x00, 0x00, 0x00, 0x00, /* 行10 */
    0x94, 0xff, 0xff, 0xff, 0x28, 0x00, 0x00, 0x00, 0x00, 0x00, 0x00, 0x00, 0x00, 0x00, 0x00, 0x00, 0x00, 0x00, 0x00, /* 行11 */
    0x94, 0xff, 0xff, 0xff, 0x28, 0x00, 0x00, 0x00, 0x00, 0x00, 0x00, 0x00, 0x00, 0x00, 0x00, 0x00, 0x00, 0x00, 0x00, /* 行12 */
    0x94, 0xff, 0xff, 0xff, 0x28, 0x00, 0x00, 0x00, 0x00, 0x00, 0x00, 0x00, 0x00, 0x00, 0x00, 0x00, 0x00, 0x00, 0x00, /* 行13 */
    0x94, 0xff, 0xff, 0xff, 0xff, 0xff, 0xff, 0xff, 0xff, 0xff, 0xff, 0xff, 0xff, 0xff, 0xff, 0xff, 0xff, 0x78, 0x00, /* 行14 */
    0x94, 0xff, 0xff, 0xff, 0xff, 0xff, 0xff, 0xff, 0xff, 0xff, 0xff, 0xff, 0xff, 0xff, 0xff, 0xff, 0xff, 0x78, 0x00, /* 行15 */
    0x94, 0xff, 0xff, 0xff, 0xff, 0xff, 0xff, 0xff, 0xff, 0xff, 0xff, 0xff, 0xff, 0xff, 0xff, 0xff, 0xff, 0x78, 0x00, /* 行16 */
    0x94, 0xff, 0xff, 0xff, 0x68, 0x4c, 0x4c, 0x4c, 0x4c, 0x4c, 0x4c, 0x4c, 0x4c, 0x4c, 0x4c, 0x4c, 0x4c, 0x23, 0x00, /* 行17 */
    0x94, 0xff, 0xff, 0xff, 0x28, 0x00, 0x00, 0x00, 0x00, 0x00, 0x00, 0x00, 0x00, 0x00, 0x00, 0x00, 0x00, 0x00, 0x00, /* 行18 */
    0x94, 0xff, 0xff, 0xff, 0x28, 0x00, 0x00, 0x00, 0x00, 0x00, 0x00, 0x00, 0x00, 0x00, 0x00, 0x00, 0x00, 0x00, 0x00, /* 行19 */
    0x94, 0xff, 0xff, 0xff, 0x28, 0x00, 0x00, 0x00, 0x00, 0x00, 0x00, 0x00, 0x00, 0x00, 0x00, 0x00, 0x00, 0x00, 0x00, /* 行20 */
    0x94, 0xff, 0xff, 0xff, 0x28, 0x00, 0x00, 0x00, 0x00, 0x00, 0x00, 0x00, 0x00, 0x00, 0x00, 0x00, 0x00, 0x00, 0x00, /* 行21 */
    0x94, 0xff, 0xff, 0xff, 0x28, 0x00, 0x00, 0x00, 0x00, 0x00, 0x00, 0x00, 0x00, 0x00, 0x00, 0x00, 0x00, 0x00, 0x00, /* 行22 */
    0x94, 0xff, 0xff, 0xff, 0x28, 0x00, 0x00, 0x00, 0x00, 0x00, 0x00, 0x00, 0x00, 0x00, 0x00, 0x00, 0x00, 0x00, 0x00, /* 行23 */
    0x94, 0xff, 0xff, 0xff, 0x28, 0x00, 0x00, 0x00, 0x00, 0x00, 0x00, 0x00, 0x00, 0x00, 0x00, 0x00, 0x00, 0x00, 0x00, /* 行24 */
    0x94, 0xff, 0xff, 0xff, 0x28, 0x00, 0x00, 0x00, 0x00, 0x00, 0x00, 0x00, 0x00, 0x00, 0x00, 0x00, 0x00, 0x00, 0x00, /* 行25 */
    0x94, 0xff, 0xff, 0xff, 0x28, 0x00, 0x00, 0x00, 0x00, 0x00, 0x00, 0x00, 0x00, 0x00, 0x00, 0x00, 0x00, 0x00, 0x00, /* 行26 */
    0x94, 0xff, 0xff, 0xff, 0x28, 0x00, 0x00, 0x00, 0x00, 0x00, 0x00, 0x00, 0x00, 0x00, 0x00, 0x00, 0x00, 0x00, 0x00, /* 行27 */
    0x94, 0xff, 0xff, 0xff, 0x72, 0x58, 0x58, 0x58, 0x58, 0x58, 0x58, 0x58, 0x58, 0x58, 0x58, 0x58, 0x58, 0x58, 0x1c, /* 行28 */
    0x94, 0xff, 0xff, 0xff, 0xff, 0xff, 0xff, 0xff, 0xff, 0xff, 0xff, 0xff, 0xff, 0xff, 0xff, 0xff, 0xff, 0xff, 0x54, /* 行29 */
    0x94, 0xff, 0xff, 0xff, 0xff, 0xff, 0xff, 0xff, 0xff, 0xff, 0xff, 0xff, 0xff, 0xff, 0xff, 0xff, 0xff, 0xff, 0x54, /* 行30 */
    0x94, 0xff, 0xff, 0xff, 0xff, 0xff, 0xff, 0xff, 0xff, 0xff, 0xff, 0xff, 0xff, 0xff, 0xff, 0xff, 0xff, 0xff, 0x54, /* 行31 */
};

/* 字符  70: F    */
/*
 * ▓▓██████████████████████████████████▒▒
 * ▓▓██████████████████████████████████▒▒
 * ▓▓██████████████████████████████████▒▒
 * ▓▓██████▒▒▒▒▒▒▒▒▒▒▒▒▒▒▒▒▒▒▒▒▒▒▒▒▒▒▒▒░░
 * ▓▓██████░░                            
 * ▓▓██████░░                            
 * ▓▓██████░░                            
 * ▓▓██████░░                            
 * ▓▓██████░░                            
 * ▓▓██████░░                            
 * ▓▓██████░░                            
 * ▓▓██████░░                            
 * ▓▓██████░░                            
 * ▓▓██████░░                            
 * ▓▓██████░░                            
 * ▓▓████████████████████████████████▒▒  
 * ▓▓████████████████████████████████▒▒  
 * ▓▓████████████████████████████████▒▒  
 * ▓▓██████▒▒▒▒▒▒▒▒▒▒▒▒▒▒▒▒▒▒▒▒▒▒▒▒▒▒░░  
 * ▓▓██████░░                            
 * ▓▓██████░░                            
 * ▓▓██████░░                            
 * ▓▓██████░░                            
 * ▓▓██████░░                            
 * ▓▓██████░░                            
 * ▓▓██████░░                            
 * ▓▓██████░░                            
 * ▓▓██████░░                            
 * ▓▓██████░░                            
 * ▓▓██████░░                            
 * ▓▓██████░░                            
 * ▓▓██████░░                            
 */
static const unsigned char open_sans_45px_char_070_bitmap[] = {
    0x94, 0xff, 0xff, 0xff, 0xff, 0xff, 0xff, 0xff, 0xff, 0xff, 0xff, 0xff, 0xff, 0xff, 0xff, 0xff, 0xff, 0xff, 0x54, /* 行 0 */
    0x94, 0xff, 0xff, 0xff, 0xff, 0xff, 0xff, 0xff, 0xff, 0xff, 0xff, 0xff, 0xff, 0xff, 0xff, 0xff, 0xff, 0xff, 0x54, /* 行 1 */
    0x94, 0xff, 0xff, 0xff, 0xff, 0xff, 0xff, 0xff, 0xff, 0xff, 0xff, 0xff, 0xff, 0xff, 0xff, 0xff, 0xff, 0xff, 0x54, /* 行 2 */
    0x94, 0xff, 0xff, 0xff, 0x6b, 0x50, 0x50, 0x50, 0x50, 0x50, 0x50, 0x50, 0x50, 0x50, 0x50, 0x50, 0x50, 0x50, 0x1a, /* 行 3 */
    0x94, 0xff, 0xff, 0xff, 0x28, 0x00, 0x00, 0x00, 0x00, 0x00, 0x00, 0x00, 0x00, 0x00, 0x00, 0x00, 0x00, 0x00, 0x00, /* 行 4 */
    0x94, 0xff, 0xff, 0xff, 0x28, 0x00, 0x00, 0x00, 0x00, 0x00, 0x00, 0x00, 0x00, 0x00, 0x00, 0x00, 0x00, 0x00, 0x00, /* 行 5 */
    0x94, 0xff, 0xff, 0xff, 0x28, 0x00, 0x00, 0x00, 0x00, 0x00, 0x00, 0x00, 0x00, 0x00, 0x00, 0x00, 0x00, 0x00, 0x00, /* 行 6 */
    0x94, 0xff, 0xff, 0xff, 0x28, 0x00, 0x00, 0x00, 0x00, 0x00, 0x00, 0x00, 0x00, 0x00, 0x00, 0x00, 0x00, 0x00, 0x00, /* 行 7 */
    0x94, 0xff, 0xff, 0xff, 0x28, 0x00, 0x00, 0x00, 0x00, 0x00, 0x00, 0x00, 0x00, 0x00, 0x00, 0x00, 0x00, 0x00, 0x00, /* 行 8 */
    0x94, 0xff, 0xff, 0xff, 0x28, 0x00, 0x00, 0x00, 0x00, 0x00, 0x00, 0x00, 0x00, 0x00, 0x00, 0x00, 0x00, 0x00, 0x00, /* 行 9 */
    0x94, 0xff, 0xff, 0xff, 0x28, 0x00, 0x00, 0x00, 0x00, 0x00, 0x00, 0x00, 0x00, 0x00, 0x00, 0x00, 0x00, 0x00, 0x00, /* 行10 */
    0x94, 0xff, 0xff, 0xff, 0x28, 0x00, 0x00, 0x00, 0x00, 0x00, 0x00, 0x00, 0x00, 0x00, 0x00, 0x00, 0x00, 0x00, 0x00, /* 行11 */
    0x94, 0xff, 0xff, 0xff, 0x28, 0x00, 0x00, 0x00, 0x00, 0x00, 0x00, 0x00, 0x00, 0x00, 0x00, 0x00, 0x00, 0x00, 0x00, /* 行12 */
    0x94, 0xff, 0xff, 0xff, 0x28, 0x00, 0x00, 0x00, 0x00, 0x00, 0x00, 0x00, 0x00, 0x00, 0x00, 0x00, 0x00, 0x00, 0x00, /* 行13 */
    0x94, 0xff, 0xff, 0xff, 0x28, 0x00, 0x00, 0x00, 0x00, 0x00, 0x00, 0x00, 0x00, 0x00, 0x00, 0x00, 0x00, 0x00, 0x00, /* 行14 */
    0x94, 0xff, 0xff, 0xff, 0xff, 0xff, 0xff, 0xff, 0xff, 0xff, 0xff, 0xff, 0xff, 0xff, 0xff, 0xff, 0xff, 0x78, 0x00, /* 行15 */
    0x94, 0xff, 0xff, 0xff, 0xff, 0xff, 0xff, 0xff, 0xff, 0xff, 0xff, 0xff, 0xff, 0xff, 0xff, 0xff, 0xff, 0x78, 0x00, /* 行16 */
    0x94, 0xff, 0xff, 0xff, 0xff, 0xff, 0xff, 0xff, 0xff, 0xff, 0xff, 0xff, 0xff, 0xff, 0xff, 0xff, 0xff, 0x78, 0x00, /* 行17 */
    0x94, 0xff, 0xff, 0xff, 0x6b, 0x50, 0x50, 0x50, 0x50, 0x50, 0x50, 0x50, 0x50, 0x50, 0x50, 0x50, 0x50, 0x25, 0x00, /* 行18 */
    0x94, 0xff, 0xff, 0xff, 0x28, 0x00, 0x00, 0x00, 0x00, 0x00, 0x00, 0x00, 0x00, 0x00, 0x00, 0x00, 0x00, 0x00, 0x00, /* 行19 */
    0x94, 0xff, 0xff, 0xff, 0x28, 0x00, 0x00, 0x00, 0x00, 0x00, 0x00, 0x00, 0x00, 0x00, 0x00, 0x00, 0x00, 0x00, 0x00, /* 行20 */
    0x94, 0xff, 0xff, 0xff, 0x28, 0x00, 0x00, 0x00, 0x00, 0x00, 0x00, 0x00, 0x00, 0x00, 0x00, 0x00, 0x00, 0x00, 0x00, /* 行21 */
    0x94, 0xff, 0xff, 0xff, 0x28, 0x00, 0x00, 0x00, 0x00, 0x00, 0x00, 0x00, 0x00, 0x00, 0x00, 0x00, 0x00, 0x00, 0x00, /* 行22 */
    0x94, 0xff, 0xff, 0xff, 0x28, 0x00, 0x00, 0x00, 0x00, 0x00, 0x00, 0x00, 0x00, 0x00, 0x00, 0x00, 0x00, 0x00, 0x00, /* 行23 */
    0x94, 0xff, 0xff, 0xff, 0x28, 0x00, 0x00, 0x00, 0x00, 0x00, 0x00, 0x00, 0x00, 0x00, 0x00, 0x00, 0x00, 0x00, 0x00, /* 行24 */
    0x94, 0xff, 0xff, 0xff, 0x28, 0x00, 0x00, 0x00, 0x00, 0x00, 0x00, 0x00, 0x00, 0x00, 0x00, 0x00, 0x00, 0x00, 0x00, /* 行25 */
    0x94, 0xff, 0xff, 0xff, 0x28, 0x00, 0x00, 0x00, 0x00, 0x00, 0x00, 0x00, 0x00, 0x00, 0x00, 0x00, 0x00, 0x00, 0x00, /* 行26 */
    0x94, 0xff, 0xff, 0xff, 0x28, 0x00, 0x00, 0x00, 0x00, 0x00, 0x00, 0x00, 0x00, 0x00, 0x00, 0x00, 0x00, 0x00, 0x00, /* 行27 */
    0x94, 0xff, 0xff, 0xff, 0x28, 0x00, 0x00, 0x00, 0x00, 0x00, 0x00, 0x00, 0x00, 0x00, 0x00, 0x00, 0x00, 0x00, 0x00, /* 行28 */
    0x94, 0xff, 0xff, 0xff, 0x28, 0x00, 0x00, 0x00, 0x00, 0x00, 0x00, 0x00, 0x00, 0x00, 0x00, 0x00, 0x00, 0x00, 0x00, /* 行29 */
    0x94, 0xff, 0xff, 0xff, 0x28, 0x00, 0x00, 0x00, 0x00, 0x00, 0x00, 0x00, 0x00, 0x00, 0x00, 0x00, 0x00, 0x00, 0x00, /* 行30 */
    0x94, 0xff, 0xff, 0xff, 0x28, 0x00, 0x00, 0x00, 0x00, 0x00, 0x00, 0x00, 0x00, 0x00, 0x00, 0x00, 0x00, 0x00, 0x00, /* 行31 */
};

/* 字符  71: G    */
/*
 *                     ░░░░▒▒▓▓██████████████▓▓▒▒░░░░      
 *                 ░░▒▒██████████████████████████████▓▓▒▒  
 *             ░░▒▒████████████████████████████████████▓▓  
 *           ░░████████████████▓▓▒▒▒▒▒▒▒▒▓▓▓▓██████████▒▒  
 *         ░░████████████▒▒░░                  ░░▒▒████    
 *       ░░██████████▒▒░░                            ░░    
 *       ▓▓████████▒▒                                      
 *     ░░████████▒▒                                        
 *     ▓▓██████▓▓                                          
 *   ░░████████░░                                          
 *   ▒▒██████▓▓                                            
 *   ▓▓██████▒▒                                            
 *   ████████░░                                            
 * ░░████████                                              
 * ░░████████                                              
 * ░░██████▓▓                      ▒▒████████████████████▒▒
 * ░░██████▓▓                      ▒▒████████████████████▒▒
 * ░░████████                      ▒▒████████████████████▒▒
 * ░░████████                      ░░▒▒▒▒▒▒▒▒▒▒▒▒▓▓██████▒▒
 * ░░████████░░                                  ▒▒██████▒▒
 *   ████████▒▒                                  ▒▒██████▒▒
 *   ▓▓██████▓▓                                  ▒▒██████▒▒
 *   ▒▒████████░░                                ▒▒██████▒▒
 *   ░░████████▒▒                                ▒▒██████▒▒
 *     ▒▒████████░░                              ▒▒██████▒▒
 *     ░░██████████░░                            ▒▒██████▒▒
 *       ▒▒██████████░░                          ▒▒██████▒▒
 *         ▒▒██████████▓▓░░                      ▒▒██████▒▒
 *           ▒▒██████████████▓▓▒▒▒▒▒▒▒▒▒▒▒▒▒▒▓▓██████████▒▒
 *             ▒▒████████████████████████████████████████▒▒
 *               ░░▒▒██████████████████████████████████▓▓░░
 *                   ░░░░▒▒▓▓████████████████▓▓▓▓▒▒░░░░    
 */
static const unsigned char open_sans_45px_char_071_bitmap[] = {
    0x00, 0x00, 0x00, 0x00, 0x00, 0x00, 0x00, 0x00, 0x00, 0x00, 0x01, 0x30, 0x76, 0xa6, 0xce, 0xe7, 0xf4, 0xfc, 0xf2, 0xe6, 0xcb, 0xa6, 0x7c, 0x3d, 0x06, 0x00, 0x00, 0x00, /* 行 0 */
    0x00, 0x00, 0x00, 0x00, 0x00, 0x00, 0x00, 0x00, 0x13, 0x78, 0xe1, 0xff, 0xff, 0xff, 0xff, 0xff, 0xff, 0xff, 0xff, 0xff, 0xff, 0xff, 0xff, 0xff, 0xf5, 0xa5, 0x47, 0x00, /* 行 1 */
    0x00, 0x00, 0x00, 0x00, 0x00, 0x00, 0x03, 0x6e, 0xf0, 0xff, 0xff, 0xff, 0xff, 0xff, 0xff, 0xff, 0xff, 0xff, 0xff, 0xff, 0xff, 0xff, 0xff, 0xff, 0xff, 0xff, 0xb6, 0x00, /* 行 2 */
    0x00, 0x00, 0x00, 0x00, 0x00, 0x14, 0xc0, 0xff, 0xff, 0xff, 0xff, 0xff, 0xfc, 0xc9, 0x8f, 0x79, 0x65, 0x5d, 0x6c, 0x83, 0xae, 0xdf, 0xff, 0xff, 0xff, 0xff, 0x45, 0x00, /* 行 3 */
    0x00, 0x00, 0x00, 0x00, 0x19, 0xdd, 0xff, 0xff, 0xff, 0xff, 0xdf, 0x66, 0x0e, 0x00, 0x00, 0x00, 0x00, 0x00, 0x00, 0x00, 0x00, 0x00, 0x25, 0x6f, 0xce, 0xd4, 0x00, 0x00, /* 行 4 */
    0x00, 0x00, 0x00, 0x0c, 0xd0, 0xff, 0xff, 0xff, 0xfe, 0x7e, 0x05, 0x00, 0x00, 0x00, 0x00, 0x00, 0x00, 0x00, 0x00, 0x00, 0x00, 0x00, 0x00, 0x00, 0x00, 0x0e, 0x00, 0x00, /* 行 5 */
    0x00, 0x00, 0x00, 0x97, 0xff, 0xff, 0xff, 0xf7, 0x4d, 0x00, 0x00, 0x00, 0x00, 0x00, 0x00, 0x00, 0x00, 0x00, 0x00, 0x00, 0x00, 0x00, 0x00, 0x00, 0x00, 0x00, 0x00, 0x00, /* 行 6 */
    0x00, 0x00, 0x39, 0xfe, 0xff, 0xff, 0xff, 0x60, 0x00, 0x00, 0x00, 0x00, 0x00, 0x00, 0x00, 0x00, 0x00, 0x00, 0x00, 0x00, 0x00, 0x00, 0x00, 0x00, 0x00, 0x00, 0x00, 0x00, /* 行 7 */
    0x00, 0x00, 0xb5, 0xff, 0xff, 0xff, 0x9f, 0x00, 0x00, 0x00, 0x00, 0x00, 0x00, 0x00, 0x00, 0x00, 0x00, 0x00, 0x00, 0x00, 0x00, 0x00, 0x00, 0x00, 0x00, 0x00, 0x00, 0x00, /* 行 8 */
    0x00, 0x24, 0xfe, 0xff, 0xff, 0xfb, 0x1e, 0x00, 0x00, 0x00, 0x00, 0x00, 0x00, 0x00, 0x00, 0x00, 0x00, 0x00, 0x00, 0x00, 0x00, 0x00, 0x00, 0x00, 0x00, 0x00, 0x00, 0x00, /* 行 9 */
    0x00, 0x75, 0xff, 0xff, 0xff, 0xa2, 0x00, 0x00, 0x00, 0x00, 0x00, 0x00, 0x00, 0x00, 0x00, 0x00, 0x00, 0x00, 0x00, 0x00, 0x00, 0x00, 0x00, 0x00, 0x00, 0x00, 0x00, 0x00, /* 行10 */
    0x00, 0xbe, 0xff, 0xff, 0xff, 0x54, 0x00, 0x00, 0x00, 0x00, 0x00, 0x00, 0x00, 0x00, 0x00, 0x00, 0x00, 0x00, 0x00, 0x00, 0x00, 0x00, 0x00, 0x00, 0x00, 0x00, 0x00, 0x00, /* 行11 */
    0x00, 0xed, 0xff, 0xff, 0xfe, 0x15, 0x00, 0x00, 0x00, 0x00, 0x00, 0x00, 0x00, 0x00, 0x00, 0x00, 0x00, 0x00, 0x00, 0x00, 0x00, 0x00, 0x00, 0x00, 0x00, 0x00, 0x00, 0x00, /* 行12 */
    0x17, 0xff, 0xff, 0xff, 0xe3, 0x00, 0x00, 0x00, 0x00, 0x00, 0x00, 0x00, 0x00, 0x00, 0x00, 0x00, 0x00, 0x00, 0x00, 0x00, 0x00, 0x00, 0x00, 0x00, 0x00, 0x00, 0x00, 0x00, /* 行13 */
    0x2c, 0xff, 0xff, 0xff, 0xcf, 0x00, 0x00, 0x00, 0x00, 0x00, 0x00, 0x00, 0x00, 0x00, 0x00, 0x00, 0x00, 0x00, 0x00, 0x00, 0x00, 0x00, 0x00, 0x00, 0x00, 0x00, 0x00, 0x00, /* 行14 */
    0x39, 0xff, 0xff, 0xff, 0xbd, 0x00, 0x00, 0x00, 0x00, 0x00, 0x00, 0x00, 0x00, 0x00, 0x00, 0x00, 0x74, 0xff, 0xff, 0xff, 0xff, 0xff, 0xff, 0xff, 0xff, 0xff, 0xff, 0x78, /* 行15 */
    0x3c, 0xff, 0xff, 0xff, 0xbb, 0x00, 0x00, 0x00, 0x00, 0x00, 0x00, 0x00, 0x00, 0x00, 0x00, 0x00, 0x74, 0xff, 0xff, 0xff, 0xff, 0xff, 0xff, 0xff, 0xff, 0xff, 0xff, 0x78, /* 行16 */
    0x33, 0xff, 0xff, 0xff, 0xcc, 0x00, 0x00, 0x00, 0x00, 0x00, 0x00, 0x00, 0x00, 0x00, 0x00, 0x00, 0x74, 0xff, 0xff, 0xff, 0xff, 0xff, 0xff, 0xff, 0xff, 0xff, 0xff, 0x78, /* 行17 */
    0x1e, 0xff, 0xff, 0xff, 0xdd, 0x00, 0x00, 0x00, 0x00, 0x00, 0x00, 0x00, 0x00, 0x00, 0x00, 0x00, 0x27, 0x58, 0x58, 0x58, 0x58, 0x58, 0x58, 0x84, 0xff, 0xff, 0xff, 0x78, /* 行18 */
    0x04, 0xfb, 0xff, 0xff, 0xfb, 0x0a, 0x00, 0x00, 0x00, 0x00, 0x00, 0x00, 0x00, 0x00, 0x00, 0x00, 0x00, 0x00, 0x00, 0x00, 0x00, 0x00, 0x00, 0x44, 0xff, 0xff, 0xff, 0x78, /* 行19 */
    0x00, 0xd2, 0xff, 0xff, 0xff, 0x42, 0x00, 0x00, 0x00, 0x00, 0x00, 0x00, 0x00, 0x00, 0x00, 0x00, 0x00, 0x00, 0x00, 0x00, 0x00, 0x00, 0x00, 0x44, 0xff, 0xff, 0xff, 0x78, /* 行20 */
    0x00, 0x99, 0xff, 0xff, 0xff, 0x84, 0x00, 0x00, 0x00, 0x00, 0x00, 0x00, 0x00, 0x00, 0x00, 0x00, 0x00, 0x00, 0x00, 0x00, 0x00, 0x00, 0x00, 0x44, 0xff, 0xff, 0xff, 0x78, /* 行21 */
    0x00, 0x4e, 0xff, 0xff, 0xff, 0xe9, 0x07, 0x00, 0x00, 0x00, 0x00, 0x00, 0x00, 0x00, 0x00, 0x00, 0x00, 0x00, 0x00, 0x00, 0x00, 0x00, 0x00, 0x44, 0xff, 0xff, 0xff, 0x78, /* 行22 */
    0x00, 0x05, 0xe9, 0xff, 0xff, 0xff, 0x68, 0x00, 0x00, 0x00, 0x00, 0x00, 0x00, 0x00, 0x00, 0x00, 0x00, 0x00, 0x00, 0x00, 0x00, 0x00, 0x00, 0x44, 0xff, 0xff, 0xff, 0x78, /* 行23 */
    0x00, 0x00, 0x7d, 0xff, 0xff, 0xff, 0xf2, 0x27, 0x00, 0x00, 0x00, 0x00, 0x00, 0x00, 0x00, 0x00, 0x00, 0x00, 0x00, 0x00, 0x00, 0x00, 0x00, 0x44, 0xff, 0xff, 0xff, 0x78, /* 行24 */
    0x00, 0x00, 0x0c, 0xe4, 0xff, 0xff, 0xff, 0xd5, 0x19, 0x00, 0x00, 0x00, 0x00, 0x00, 0x00, 0x00, 0x00, 0x00, 0x00, 0x00, 0x00, 0x00, 0x00, 0x44, 0xff, 0xff, 0xff, 0x78, /* 行25 */
    0x00, 0x00, 0x00, 0x46, 0xfd, 0xff, 0xff, 0xff, 0xe6, 0x3b, 0x00, 0x00, 0x00, 0x00, 0x00, 0x00, 0x00, 0x00, 0x00, 0x00, 0x00, 0x00, 0x00, 0x44, 0xff, 0xff, 0xff, 0x78, /* 行26 */
    0x00, 0x00, 0x00, 0x00, 0x70, 0xff, 0xff, 0xff, 0xff, 0xfe, 0xb0, 0x39, 0x00, 0x00, 0x00, 0x00, 0x00, 0x00, 0x00, 0x00, 0x00, 0x00, 0x00, 0x44, 0xff, 0xff, 0xff, 0x78, /* 行27 */
    0x00, 0x00, 0x00, 0x00, 0x00, 0x6f, 0xfd, 0xff, 0xff, 0xff, 0xff, 0xff, 0xe9, 0xac, 0x79, 0x65, 0x54, 0x4c, 0x5a, 0x69, 0x7b, 0xa3, 0xd0, 0xf9, 0xff, 0xff, 0xff, 0x78, /* 行28 */
    0x00, 0x00, 0x00, 0x00, 0x00, 0x00, 0x40, 0xde, 0xff, 0xff, 0xff, 0xff, 0xff, 0xff, 0xff, 0xff, 0xff, 0xff, 0xff, 0xff, 0xff, 0xff, 0xff, 0xff, 0xff, 0xff, 0xff, 0x78, /* 行29 */
    0x00, 0x00, 0x00, 0x00, 0x00, 0x00, 0x00, 0x07, 0x6f, 0xdc, 0xff, 0xff, 0xff, 0xff, 0xff, 0xff, 0xff, 0xff, 0xff, 0xff, 0xff, 0xff, 0xff, 0xff, 0xff, 0xe8, 0xa4, 0x34, /* 行30 */
    0x00, 0x00, 0x00, 0x00, 0x00, 0x00, 0x00, 0x00, 0x00, 0x01, 0x35, 0x7b, 0xb0, 0xd5, 0xef, 0xfa, 0xfd, 0xf6, 0xee, 0xe2, 0xc9, 0xae, 0x8c, 0x5b, 0x28, 0x01, 0x00, 0x00, /* 行31 */
};

/* 字符  72: H    */
/*
 * ▓▓██████░░                                ████████
 * ▓▓██████░░                                ████████
 * ▓▓██████░░                                ████████
 * ▓▓██████░░                                ████████
 * ▓▓██████░░                                ████████
 * ▓▓██████░░                                ████████
 * ▓▓██████░░                                ████████
 * ▓▓██████░░                                ████████
 * ▓▓██████░░                                ████████
 * ▓▓██████░░                                ████████
 * ▓▓██████░░                                ████████
 * ▓▓██████░░                                ████████
 * ▓▓██████░░                                ████████
 * ▓▓██████░░                                ████████
 * ▓▓████████████████████████████████████████████████
 * ▓▓████████████████████████████████████████████████
 * ▓▓████████████████████████████████████████████████
 * ▓▓██████▒▒▒▒▒▒▒▒▒▒▒▒▒▒▒▒▒▒▒▒▒▒▒▒▒▒▒▒▒▒▒▒▒▒████████
 * ▓▓██████░░                                ████████
 * ▓▓██████░░                                ████████
 * ▓▓██████░░                                ████████
 * ▓▓██████░░                                ████████
 * ▓▓██████░░                                ████████
 * ▓▓██████░░                                ████████
 * ▓▓██████░░                                ████████
 * ▓▓██████░░                                ████████
 * ▓▓██████░░                                ████████
 * ▓▓██████░░                                ████████
 * ▓▓██████░░                                ████████
 * ▓▓██████░░                                ████████
 * ▓▓██████░░                                ████████
 * ▓▓██████░░                                ████████
 */
static const unsigned char open_sans_45px_char_072_bitmap[] = {
    0x94, 0xff, 0xff, 0xff, 0x28, 0x00, 0x00, 0x00, 0x00, 0x00, 0x00, 0x00, 0x00, 0x00, 0x00, 0x00, 0x00, 0x00, 0x00, 0x00, 0x00, 0xec, 0xff, 0xff, 0xd0, /* 行 0 */
    0x94, 0xff, 0xff, 0xff, 0x28, 0x00, 0x00, 0x00, 0x00, 0x00, 0x00, 0x00, 0x00, 0x00, 0x00, 0x00, 0x00, 0x00, 0x00, 0x00, 0x00, 0xec, 0xff, 0xff, 0xd0, /* 行 1 */
    0x94, 0xff, 0xff, 0xff, 0x28, 0x00, 0x00, 0x00, 0x00, 0x00, 0x00, 0x00, 0x00, 0x00, 0x00, 0x00, 0x00, 0x00, 0x00, 0x00, 0x00, 0xec, 0xff, 0xff, 0xd0, /* 行 2 */
    0x94, 0xff, 0xff, 0xff, 0x28, 0x00, 0x00, 0x00, 0x00, 0x00, 0x00, 0x00, 0x00, 0x00, 0x00, 0x00, 0x00, 0x00, 0x00, 0x00, 0x00, 0xec, 0xff, 0xff, 0xd0, /* 行 3 */
    0x94, 0xff, 0xff, 0xff, 0x28, 0x00, 0x00, 0x00, 0x00, 0x00, 0x00, 0x00, 0x00, 0x00, 0x00, 0x00, 0x00, 0x00, 0x00, 0x00, 0x00, 0xec, 0xff, 0xff, 0xd0, /* 行 4 */
    0x94, 0xff, 0xff, 0xff, 0x28, 0x00, 0x00, 0x00, 0x00, 0x00, 0x00, 0x00, 0x00, 0x00, 0x00, 0x00, 0x00, 0x00, 0x00, 0x00, 0x00, 0xec, 0xff, 0xff, 0xd0, /* 行 5 */
    0x94, 0xff, 0xff, 0xff, 0x28, 0x00, 0x00, 0x00, 0x00, 0x00, 0x00, 0x00, 0x00, 0x00, 0x00, 0x00, 0x00, 0x00, 0x00, 0x00, 0x00, 0xec, 0xff, 0xff, 0xd0, /* 行 6 */
    0x94, 0xff, 0xff, 0xff, 0x28, 0x00, 0x00, 0x00, 0x00, 0x00, 0x00, 0x00, 0x00, 0x00, 0x00, 0x00, 0x00, 0x00, 0x00, 0x00, 0x00, 0xec, 0xff, 0xff, 0xd0, /* 行 7 */
    0x94, 0xff, 0xff, 0xff, 0x28, 0x00, 0x00, 0x00, 0x00, 0x00, 0x00, 0x00, 0x00, 0x00, 0x00, 0x00, 0x00, 0x00, 0x00, 0x00, 0x00, 0xec, 0xff, 0xff, 0xd0, /* 行 8 */
    0x94, 0xff, 0xff, 0xff, 0x28, 0x00, 0x00, 0x00, 0x00, 0x00, 0x00, 0x00, 0x00, 0x00, 0x00, 0x00, 0x00, 0x00, 0x00, 0x00, 0x00, 0xec, 0xff, 0xff, 0xd0, /* 行 9 */
    0x94, 0xff, 0xff, 0xff, 0x28, 0x00, 0x00, 0x00, 0x00, 0x00, 0x00, 0x00, 0x00, 0x00, 0x00, 0x00, 0x00, 0x00, 0x00, 0x00, 0x00, 0xec, 0xff, 0xff, 0xd0, /* 行10 */
    0x94, 0xff, 0xff, 0xff, 0x28, 0x00, 0x00, 0x00, 0x00, 0x00, 0x00, 0x00, 0x00, 0x00, 0x00, 0x00, 0x00, 0x00, 0x00, 0x00, 0x00, 0xec, 0xff, 0xff, 0xd0, /* 行11 */
    0x94, 0xff, 0xff, 0xff, 0x28, 0x00, 0x00, 0x00, 0x00, 0x00, 0x00, 0x00, 0x00, 0x00, 0x00, 0x00, 0x00, 0x00, 0x00, 0x00, 0x00, 0xec, 0xff, 0xff, 0xd0, /* 行12 */
    0x94, 0xff, 0xff, 0xff, 0x28, 0x00, 0x00, 0x00, 0x00, 0x00, 0x00, 0x00, 0x00, 0x00, 0x00, 0x00, 0x00, 0x00, 0x00, 0x00, 0x00, 0xec, 0xff, 0xff, 0xd0, /* 行13 */
    0x94, 0xff, 0xff, 0xff, 0xff, 0xff, 0xff, 0xff, 0xff, 0xff, 0xff, 0xff, 0xff, 0xff, 0xff, 0xff, 0xff, 0xff, 0xff, 0xff, 0xff, 0xff, 0xff, 0xff, 0xd0, /* 行14 */
    0x94, 0xff, 0xff, 0xff, 0xff, 0xff, 0xff, 0xff, 0xff, 0xff, 0xff, 0xff, 0xff, 0xff, 0xff, 0xff, 0xff, 0xff, 0xff, 0xff, 0xff, 0xff, 0xff, 0xff, 0xd0, /* 行15 */
    0x94, 0xff, 0xff, 0xff, 0xff, 0xff, 0xff, 0xff, 0xff, 0xff, 0xff, 0xff, 0xff, 0xff, 0xff, 0xff, 0xff, 0xff, 0xff, 0xff, 0xff, 0xff, 0xff, 0xff, 0xd0, /* 行16 */
    0x94, 0xff, 0xff, 0xff, 0x72, 0x58, 0x58, 0x58, 0x58, 0x58, 0x58, 0x58, 0x58, 0x58, 0x58, 0x58, 0x58, 0x58, 0x58, 0x58, 0x58, 0xf2, 0xff, 0xff, 0xd0, /* 行17 */
    0x94, 0xff, 0xff, 0xff, 0x28, 0x00, 0x00, 0x00, 0x00, 0x00, 0x00, 0x00, 0x00, 0x00, 0x00, 0x00, 0x00, 0x00, 0x00, 0x00, 0x00, 0xec, 0xff, 0xff, 0xd0, /* 行18 */
    0x94, 0xff, 0xff, 0xff, 0x28, 0x00, 0x00, 0x00, 0x00, 0x00, 0x00, 0x00, 0x00, 0x00, 0x00, 0x00, 0x00, 0x00, 0x00, 0x00, 0x00, 0xec, 0xff, 0xff, 0xd0, /* 行19 */
    0x94, 0xff, 0xff, 0xff, 0x28, 0x00, 0x00, 0x00, 0x00, 0x00, 0x00, 0x00, 0x00, 0x00, 0x00, 0x00, 0x00, 0x00, 0x00, 0x00, 0x00, 0xec, 0xff, 0xff, 0xd0, /* 行20 */
    0x94, 0xff, 0xff, 0xff, 0x28, 0x00, 0x00, 0x00, 0x00, 0x00, 0x00, 0x00, 0x00, 0x00, 0x00, 0x00, 0x00, 0x00, 0x00, 0x00, 0x00, 0xec, 0xff, 0xff, 0xd0, /* 行21 */
    0x94, 0xff, 0xff, 0xff, 0x28, 0x00, 0x00, 0x00, 0x00, 0x00, 0x00, 0x00, 0x00, 0x00, 0x00, 0x00, 0x00, 0x00, 0x00, 0x00, 0x00, 0xec, 0xff, 0xff, 0xd0, /* 行22 */
    0x94, 0xff, 0xff, 0xff, 0x28, 0x00, 0x00, 0x00, 0x00, 0x00, 0x00, 0x00, 0x00, 0x00, 0x00, 0x00, 0x00, 0x00, 0x00, 0x00, 0x00, 0xec, 0xff, 0xff, 0xd0, /* 行23 */
    0x94, 0xff, 0xff, 0xff, 0x28, 0x00, 0x00, 0x00, 0x00, 0x00, 0x00, 0x00, 0x00, 0x00, 0x00, 0x00, 0x00, 0x00, 0x00, 0x00, 0x00, 0xec, 0xff, 0xff, 0xd0, /* 行24 */
    0x94, 0xff, 0xff, 0xff, 0x28, 0x00, 0x00, 0x00, 0x00, 0x00, 0x00, 0x00, 0x00, 0x00, 0x00, 0x00, 0x00, 0x00, 0x00, 0x00, 0x00, 0xec, 0xff, 0xff, 0xd0, /* 行25 */
    0x94, 0xff, 0xff, 0xff, 0x28, 0x00, 0x00, 0x00, 0x00, 0x00, 0x00, 0x00, 0x00, 0x00, 0x00, 0x00, 0x00, 0x00, 0x00, 0x00, 0x00, 0xec, 0xff, 0xff, 0xd0, /* 行26 */
    0x94, 0xff, 0xff, 0xff, 0x28, 0x00, 0x00, 0x00, 0x00, 0x00, 0x00, 0x00, 0x00, 0x00, 0x00, 0x00, 0x00, 0x00, 0x00, 0x00, 0x00, 0xec, 0xff, 0xff, 0xd0, /* 行27 */
    0x94, 0xff, 0xff, 0xff, 0x28, 0x00, 0x00, 0x00, 0x00, 0x00, 0x00, 0x00, 0x00, 0x00, 0x00, 0x00, 0x00, 0x00, 0x00, 0x00, 0x00, 0xec, 0xff, 0xff, 0xd0, /* 行28 */
    0x94, 0xff, 0xff, 0xff, 0x28, 0x00, 0x00, 0x00, 0x00, 0x00, 0x00, 0x00, 0x00, 0x00, 0x00, 0x00, 0x00, 0x00, 0x00, 0x00, 0x00, 0xec, 0xff, 0xff, 0xd0, /* 行29 */
    0x94, 0xff, 0xff, 0xff, 0x28, 0x00, 0x00, 0x00, 0x00, 0x00, 0x00, 0x00, 0x00, 0x00, 0x00, 0x00, 0x00, 0x00, 0x00, 0x00, 0x00, 0xec, 0xff, 0xff, 0xd0, /* 行30 */
    0x94, 0xff, 0xff, 0xff, 0x28, 0x00, 0x00, 0x00, 0x00, 0x00, 0x00, 0x00, 0x00, 0x00, 0x00, 0x00, 0x00, 0x00, 0x00, 0x00, 0x00, 0xec, 0xff, 0xff, 0xd0, /* 行31 */
};

/* 字符  73: I    */
/*
 * ▓▓██████░░
 * ▓▓██████░░
 * ▓▓██████░░
 * ▓▓██████░░
 * ▓▓██████░░
 * ▓▓██████░░
 * ▓▓██████░░
 * ▓▓██████░░
 * ▓▓██████░░
 * ▓▓██████░░
 * ▓▓██████░░
 * ▓▓██████░░
 * ▓▓██████░░
 * ▓▓██████░░
 * ▓▓██████░░
 * ▓▓██████░░
 * ▓▓██████░░
 * ▓▓██████░░
 * ▓▓██████░░
 * ▓▓██████░░
 * ▓▓██████░░
 * ▓▓██████░░
 * ▓▓██████░░
 * ▓▓██████░░
 * ▓▓██████░░
 * ▓▓██████░░
 * ▓▓██████░░
 * ▓▓██████░░
 * ▓▓██████░░
 * ▓▓██████░░
 * ▓▓██████░░
 * ▓▓██████░░
 */
static const unsigned char open_sans_45px_char_073_bitmap[] = {
    0x94, 0xff, 0xff, 0xff, 0x28, /* 行 0 */
    0x94, 0xff, 0xff, 0xff, 0x28, /* 行 1 */
    0x94, 0xff, 0xff, 0xff, 0x28, /* 行 2 */
    0x94, 0xff, 0xff, 0xff, 0x28, /* 行 3 */
    0x94, 0xff, 0xff, 0xff, 0x28, /* 行 4 */
    0x94, 0xff, 0xff, 0xff, 0x28, /* 行 5 */
    0x94, 0xff, 0xff, 0xff, 0x28, /* 行 6 */
    0x94, 0xff, 0xff, 0xff, 0x28, /* 行 7 */
    0x94, 0xff, 0xff, 0xff, 0x28, /* 行 8 */
    0x94, 0xff, 0xff, 0xff, 0x28, /* 行 9 */
    0x94, 0xff, 0xff, 0xff, 0x28, /* 行10 */
    0x94, 0xff, 0xff, 0xff, 0x28, /* 行11 */
    0x94, 0xff, 0xff, 0xff, 0x28, /* 行12 */
    0x94, 0xff, 0xff, 0xff, 0x28, /* 行13 */
    0x94, 0xff, 0xff, 0xff, 0x28, /* 行14 */
    0x94, 0xff, 0xff, 0xff, 0x28, /* 行15 */
    0x94, 0xff, 0xff, 0xff, 0x28, /* 行16 */
    0x94, 0xff, 0xff, 0xff, 0x28, /* 行17 */
    0x94, 0xff, 0xff, 0xff, 0x28, /* 行18 */
    0x94, 0xff, 0xff, 0xff, 0x28, /* 行19 */
    0x94, 0xff, 0xff, 0xff, 0x28, /* 行20 */
    0x94, 0xff, 0xff, 0xff, 0x28, /* 行21 */
    0x94, 0xff, 0xff, 0xff, 0x28, /* 行22 */
    0x94, 0xff, 0xff, 0xff, 0x28, /* 行23 */
    0x94, 0xff, 0xff, 0xff, 0x28, /* 行24 */
    0x94, 0xff, 0xff, 0xff, 0x28, /* 行25 */
    0x94, 0xff, 0xff, 0xff, 0x28, /* 行26 */
    0x94, 0xff, 0xff, 0xff, 0x28, /* 行27 */
    0x94, 0xff, 0xff, 0xff, 0x28, /* 行28 */
    0x94, 0xff, 0xff, 0xff, 0x28, /* 行29 */
    0x94, 0xff, 0xff, 0xff, 0x28, /* 行30 */
    0x94, 0xff, 0xff, 0xff, 0x28, /* 行31 */
};

/* 字符  74: J    */
/*
 *                 ████████
 *                 ████████
 *                 ████████
 *                 ████████
 *                 ████████
 *                 ████████
 *                 ████████
 *                 ████████
 *                 ████████
 *                 ████████
 *                 ████████
 *                 ████████
 *                 ████████
 *                 ████████
 *                 ████████
 *                 ████████
 *                 ████████
 *                 ████████
 *                 ████████
 *                 ████████
 *                 ████████
 *                 ████████
 *                 ████████
 *                 ████████
 *                 ████████
 *                 ████████
 *                 ████████
 *                 ████████
 *                 ████████
 *                 ████████
 *                 ████████
 *                 ████████
 *                 ████████
 *               ░░██████▓▓
 *               ▒▒██████▒▒
 *             ░░████████░░
 * ▒▒▓▓▒▒▒▒▒▒▓▓████████▓▓  
 * ▓▓██████████████████░░  
 * ▓▓████████████████░░    
 * ▒▒▓▓████████▓▓▒▒        
 */
static const unsigned char open_sans_45px_char_074_bitmap[] = {
    0x00, 0x00, 0x00, 0x00, 0x00, 0x00, 0x00, 0x00, 0xd4, 0xff, 0xff, 0xe8, /* 行 0 */
    0x00, 0x00, 0x00, 0x00, 0x00, 0x00, 0x00, 0x00, 0xd4, 0xff, 0xff, 0xe8, /* 行 1 */
    0x00, 0x00, 0x00, 0x00, 0x00, 0x00, 0x00, 0x00, 0xd4, 0xff, 0xff, 0xe8, /* 行 2 */
    0x00, 0x00, 0x00, 0x00, 0x00, 0x00, 0x00, 0x00, 0xd4, 0xff, 0xff, 0xe8, /* 行 3 */
    0x00, 0x00, 0x00, 0x00, 0x00, 0x00, 0x00, 0x00, 0xd4, 0xff, 0xff, 0xe8, /* 行 4 */
    0x00, 0x00, 0x00, 0x00, 0x00, 0x00, 0x00, 0x00, 0xd4, 0xff, 0xff, 0xe8, /* 行 5 */
    0x00, 0x00, 0x00, 0x00, 0x00, 0x00, 0x00, 0x00, 0xd4, 0xff, 0xff, 0xe8, /* 行 6 */
    0x00, 0x00, 0x00, 0x00, 0x00, 0x00, 0x00, 0x00, 0xd4, 0xff, 0xff, 0xe8, /* 行 7 */
    0x00, 0x00, 0x00, 0x00, 0x00, 0x00, 0x00, 0x00, 0xd4, 0xff, 0xff, 0xe8, /* 行 8 */
    0x00, 0x00, 0x00, 0x00, 0x00, 0x00, 0x00, 0x00, 0xd4, 0xff, 0xff, 0xe8, /* 行 9 */
    0x00, 0x00, 0x00, 0x00, 0x00, 0x00, 0x00, 0x00, 0xd4, 0xff, 0xff, 0xe8, /* 行10 */
    0x00, 0x00, 0x00, 0x00, 0x00, 0x00, 0x00, 0x00, 0xd4, 0xff, 0xff, 0xe8, /* 行11 */
    0x00, 0x00, 0x00, 0x00, 0x00, 0x00, 0x00, 0x00, 0xd4, 0xff, 0xff, 0xe8, /* 行12 */
    0x00, 0x00, 0x00, 0x00, 0x00, 0x00, 0x00, 0x00, 0xd4, 0xff, 0xff, 0xe8, /* 行13 */
    0x00, 0x00, 0x00, 0x00, 0x00, 0x00, 0x00, 0x00, 0xd4, 0xff, 0xff, 0xe8, /* 行14 */
    0x00, 0x00, 0x00, 0x00, 0x00, 0x00, 0x00, 0x00, 0xd4, 0xff, 0xff, 0xe8, /* 行15 */
    0x00, 0x00, 0x00, 0x00, 0x00, 0x00, 0x00, 0x00, 0xd4, 0xff, 0xff, 0xe8, /* 行16 */
    0x00, 0x00, 0x00, 0x00, 0x00, 0x00, 0x00, 0x00, 0xd4, 0xff, 0xff, 0xe8, /* 行17 */
    0x00, 0x00, 0x00, 0x00, 0x00, 0x00, 0x00, 0x00, 0xd4, 0xff, 0xff, 0xe8, /* 行18 */
    0x00, 0x00, 0x00, 0x00, 0x00, 0x00, 0x00, 0x00, 0xd4, 0xff, 0xff, 0xe8, /* 行19 */
    0x00, 0x00, 0x00, 0x00, 0x00, 0x00, 0x00, 0x00, 0xd4, 0xff, 0xff, 0xe8, /* 行20 */
    0x00, 0x00, 0x00, 0x00, 0x00, 0x00, 0x00, 0x00, 0xd4, 0xff, 0xff, 0xe8, /* 行21 */
    0x00, 0x00, 0x00, 0x00, 0x00, 0x00, 0x00, 0x00, 0xd4, 0xff, 0xff, 0xe8, /* 行22 */
    0x00, 0x00, 0x00, 0x00, 0x00, 0x00, 0x00, 0x00, 0xd4, 0xff, 0xff, 0xe8, /* 行23 */
    0x00, 0x00, 0x00, 0x00, 0x00, 0x00, 0x00, 0x00, 0xd4, 0xff, 0xff, 0xe8, /* 行24 */
    0x00, 0x00, 0x00, 0x00, 0x00, 0x00, 0x00, 0x00, 0xd4, 0xff, 0xff, 0xe8, /* 行25 */
    0x00, 0x00, 0x00, 0x00, 0x00, 0x00, 0x00, 0x00, 0xd4, 0xff, 0xff, 0xe8, /* 行26 */
    0x00, 0x00, 0x00, 0x00, 0x00, 0x00, 0x00, 0x00, 0xd4, 0xff, 0xff, 0xe8, /* 行27 */
    0x00, 0x00, 0x00, 0x00, 0x00, 0x00, 0x00, 0x00, 0xd4, 0xff, 0xff, 0xe8, /* 行28 */
    0x00, 0x00, 0x00, 0x00, 0x00, 0x00, 0x00, 0x00, 0xd4, 0xff, 0xff, 0xe8, /* 行29 */
    0x00, 0x00, 0x00, 0x00, 0x00, 0x00, 0x00, 0x00, 0xd4, 0xff, 0xff, 0xe8, /* 行30 */
    0x00, 0x00, 0x00, 0x00, 0x00, 0x00, 0x00, 0x00, 0xd5, 0xff, 0xff, 0xe4, /* 行31 */
    0x00, 0x00, 0x00, 0x00, 0x00, 0x00, 0x00, 0x00, 0xe3, 0xff, 0xff, 0xd3, /* 行32 */
    0x00, 0x00, 0x00, 0x00, 0x00, 0x00, 0x00, 0x10, 0xfe, 0xff, 0xff, 0xb8, /* 行33 */
    0x00, 0x00, 0x00, 0x00, 0x00, 0x00, 0x00, 0x6e, 0xff, 0xff, 0xff, 0x7e, /* 行34 */
    0x00, 0x00, 0x00, 0x00, 0x00, 0x00, 0x35, 0xf1, 0xff, 0xff, 0xfe, 0x2a, /* 行35 */
    0x5f, 0x92, 0x6c, 0x5d, 0x68, 0xa4, 0xfb, 0xff, 0xff, 0xff, 0xac, 0x00, /* 行36 */
    0x84, 0xff, 0xff, 0xff, 0xff, 0xff, 0xff, 0xff, 0xff, 0xe0, 0x14, 0x00, /* 行37 */
    0x84, 0xff, 0xff, 0xff, 0xff, 0xff, 0xff, 0xff, 0xc3, 0x19, 0x00, 0x00, /* 行38 */
    0x40, 0xba, 0xe7, 0xf9, 0xf1, 0xda, 0xa0, 0x4a, 0x00, 0x00, 0x00, 0x00, /* 行39 */
};

/* 字符  75: K    */
/*
 * ▓▓██████░░                        ░░▓▓██████▓▓░░
 * ▓▓██████░░                      ░░▓▓██████▓▓░░  
 * ▓▓██████░░                      ▓▓████████░░    
 * ▓▓██████░░                    ▒▒████████░░      
 * ▓▓██████░░                  ▒▒████████░░        
 * ▓▓██████░░                ▒▒████████░░          
 * ▓▓██████░░              ▒▒████████░░            
 * ▓▓██████░░            ░░████████░░              
 * ▓▓██████░░          ░░████████▒▒                
 * ▓▓██████░░        ░░████████▒▒                  
 * ▓▓██████░░      ░░████████▒▒                    
 * ▓▓██████░░    ░░████████▒▒                      
 * ▓▓██████░░  ░░▓▓██████▓▓                        
 * ▓▓██████░░░░▓▓██████▓▓                          
 * ▓▓██████░░▓▓████████▓▓                          
 * ▓▓██████▓▓████████████▒▒                        
 * ▓▓██████████████████████░░                      
 * ▓▓██████████▒▒░░▓▓████████░░                    
 * ▓▓████████▒▒    ░░████████▓▓                    
 * ▓▓██████▒▒        ░░████████▒▒                  
 * ▓▓██████░░          ▒▒████████░░                
 * ▓▓██████░░            ▓▓████████░░              
 * ▓▓██████░░            ░░████████▓▓              
 * ▓▓██████░░              ░░████████▒▒            
 * ▓▓██████░░                ▒▒████████░░          
 * ▓▓██████░░                  ▓▓████████░░        
 * ▓▓██████░░                  ░░████████▓▓        
 * ▓▓██████░░                    ░░████████▒▒      
 * ▓▓██████░░                      ▒▒████████░░    
 * ▓▓██████░░                        ▓▓████████░░  
 * ▓▓██████░░                        ░░████████▓▓  
 * ▓▓██████░░                          ░░████████▒▒
 */
static const unsigned char open_sans_45px_char_075_bitmap[] = {
    0x94, 0xff, 0xff, 0xff, 0x28, 0x00, 0x00, 0x00, 0x00, 0x00, 0x00, 0x00, 0x00, 0x00, 0x00, 0x00, 0x00, 0x05, 0xb8, 0xff, 0xff, 0xff, 0xaa, 0x02, /* 行 0 */
    0x94, 0xff, 0xff, 0xff, 0x28, 0x00, 0x00, 0x00, 0x00, 0x00, 0x00, 0x00, 0x00, 0x00, 0x00, 0x00, 0x01, 0xa6, 0xff, 0xff, 0xff, 0xb9, 0x06, 0x00, /* 行 1 */
    0x94, 0xff, 0xff, 0xff, 0x28, 0x00, 0x00, 0x00, 0x00, 0x00, 0x00, 0x00, 0x00, 0x00, 0x00, 0x00, 0x92, 0xff, 0xff, 0xff, 0xc6, 0x0a, 0x00, 0x00, /* 行 2 */
    0x94, 0xff, 0xff, 0xff, 0x28, 0x00, 0x00, 0x00, 0x00, 0x00, 0x00, 0x00, 0x00, 0x00, 0x00, 0x7e, 0xff, 0xff, 0xff, 0xd2, 0x11, 0x00, 0x00, 0x00, /* 行 3 */
    0x94, 0xff, 0xff, 0xff, 0x28, 0x00, 0x00, 0x00, 0x00, 0x00, 0x00, 0x00, 0x00, 0x00, 0x69, 0xff, 0xff, 0xff, 0xdc, 0x18, 0x00, 0x00, 0x00, 0x00, /* 行 4 */
    0x94, 0xff, 0xff, 0xff, 0x28, 0x00, 0x00, 0x00, 0x00, 0x00, 0x00, 0x00, 0x00, 0x56, 0xfd, 0xff, 0xff, 0xe5, 0x21, 0x00, 0x00, 0x00, 0x00, 0x00, /* 行 5 */
    0x94, 0xff, 0xff, 0xff, 0x28, 0x00, 0x00, 0x00, 0x00, 0x00, 0x00, 0x00, 0x44, 0xf9, 0xff, 0xff, 0xed, 0x2b, 0x00, 0x00, 0x00, 0x00, 0x00, 0x00, /* 行 6 */
    0x94, 0xff, 0xff, 0xff, 0x28, 0x00, 0x00, 0x00, 0x00, 0x00, 0x00, 0x35, 0xf3, 0xff, 0xff, 0xf4, 0x37, 0x00, 0x00, 0x00, 0x00, 0x00, 0x00, 0x00, /* 行 7 */
    0x94, 0xff, 0xff, 0xff, 0x28, 0x00, 0x00, 0x00, 0x00, 0x00, 0x28, 0xeb, 0xff, 0xff, 0xf9, 0x44, 0x00, 0x00, 0x00, 0x00, 0x00, 0x00, 0x00, 0x00, /* 行 8 */
    0x94, 0xff, 0xff, 0xff, 0x28, 0x00, 0x00, 0x00, 0x00, 0x1c, 0xe2, 0xff, 0xff, 0xfc, 0x53, 0x00, 0x00, 0x00, 0x00, 0x00, 0x00, 0x00, 0x00, 0x00, /* 行 9 */
    0x94, 0xff, 0xff, 0xff, 0x28, 0x00, 0x00, 0x00, 0x13, 0xd6, 0xff, 0xff, 0xff, 0x63, 0x00, 0x00, 0x00, 0x00, 0x00, 0x00, 0x00, 0x00, 0x00, 0x00, /* 行10 */
    0x94, 0xff, 0xff, 0xff, 0x28, 0x00, 0x00, 0x0b, 0xc9, 0xff, 0xff, 0xff, 0x74, 0x00, 0x00, 0x00, 0x00, 0x00, 0x00, 0x00, 0x00, 0x00, 0x00, 0x00, /* 行11 */
    0x94, 0xff, 0xff, 0xff, 0x28, 0x00, 0x05, 0xb9, 0xff, 0xff, 0xff, 0x86, 0x00, 0x00, 0x00, 0x00, 0x00, 0x00, 0x00, 0x00, 0x00, 0x00, 0x00, 0x00, /* 行12 */
    0x94, 0xff, 0xff, 0xff, 0x28, 0x02, 0xa7, 0xff, 0xff, 0xff, 0x9a, 0x00, 0x00, 0x00, 0x00, 0x00, 0x00, 0x00, 0x00, 0x00, 0x00, 0x00, 0x00, 0x00, /* 行13 */
    0x94, 0xff, 0xff, 0xff, 0x28, 0x94, 0xff, 0xff, 0xff, 0xff, 0xa8, 0x00, 0x00, 0x00, 0x00, 0x00, 0x00, 0x00, 0x00, 0x00, 0x00, 0x00, 0x00, 0x00, /* 行14 */
    0x94, 0xff, 0xff, 0xff, 0xa6, 0xff, 0xff, 0xff, 0xff, 0xff, 0xff, 0x66, 0x00, 0x00, 0x00, 0x00, 0x00, 0x00, 0x00, 0x00, 0x00, 0x00, 0x00, 0x00, /* 行15 */
    0x94, 0xff, 0xff, 0xff, 0xff, 0xff, 0xff, 0xc0, 0xff, 0xff, 0xff, 0xf6, 0x2c, 0x00, 0x00, 0x00, 0x00, 0x00, 0x00, 0x00, 0x00, 0x00, 0x00, 0x00, /* 行16 */
    0x94, 0xff, 0xff, 0xff, 0xff, 0xfb, 0x62, 0x01, 0xb6, 0xff, 0xff, 0xff, 0xd6, 0x0a, 0x00, 0x00, 0x00, 0x00, 0x00, 0x00, 0x00, 0x00, 0x00, 0x00, /* 行17 */
    0x94, 0xff, 0xff, 0xff, 0xf3, 0x48, 0x00, 0x00, 0x13, 0xe3, 0xff, 0xff, 0xff, 0x9f, 0x00, 0x00, 0x00, 0x00, 0x00, 0x00, 0x00, 0x00, 0x00, 0x00, /* 行18 */
    0x94, 0xff, 0xff, 0xff, 0x45, 0x00, 0x00, 0x00, 0x00, 0x3a, 0xfb, 0xff, 0xff, 0xff, 0x5c, 0x00, 0x00, 0x00, 0x00, 0x00, 0x00, 0x00, 0x00, 0x00, /* 行19 */
    0x94, 0xff, 0xff, 0xff, 0x28, 0x00, 0x00, 0x00, 0x00, 0x00, 0x74, 0xff, 0xff, 0xff, 0xf3, 0x26, 0x00, 0x00, 0x00, 0x00, 0x00, 0x00, 0x00, 0x00, /* 行20 */
    0x94, 0xff, 0xff, 0xff, 0x28, 0x00, 0x00, 0x00, 0x00, 0x00, 0x00, 0xb1, 0xff, 0xff, 0xff, 0xd0, 0x07, 0x00, 0x00, 0x00, 0x00, 0x00, 0x00, 0x00, /* 行21 */
    0x94, 0xff, 0xff, 0xff, 0x28, 0x00, 0x00, 0x00, 0x00, 0x00, 0x00, 0x11, 0xdf, 0xff, 0xff, 0xff, 0x95, 0x00, 0x00, 0x00, 0x00, 0x00, 0x00, 0x00, /* 行22 */
    0x94, 0xff, 0xff, 0xff, 0x28, 0x00, 0x00, 0x00, 0x00, 0x00, 0x00, 0x00, 0x36, 0xf9, 0xff, 0xff, 0xff, 0x53, 0x00, 0x00, 0x00, 0x00, 0x00, 0x00, /* 行23 */
    0x94, 0xff, 0xff, 0xff, 0x28, 0x00, 0x00, 0x00, 0x00, 0x00, 0x00, 0x00, 0x00, 0x6e, 0xff, 0xff, 0xff, 0xf0, 0x21, 0x00, 0x00, 0x00, 0x00, 0x00, /* 行24 */
    0x94, 0xff, 0xff, 0xff, 0x28, 0x00, 0x00, 0x00, 0x00, 0x00, 0x00, 0x00, 0x00, 0x00, 0xac, 0xff, 0xff, 0xff, 0xc9, 0x05, 0x00, 0x00, 0x00, 0x00, /* 行25 */
    0x94, 0xff, 0xff, 0xff, 0x28, 0x00, 0x00, 0x00, 0x00, 0x00, 0x00, 0x00, 0x00, 0x00, 0x0f, 0xdc, 0xff, 0xff, 0xff, 0x8c, 0x00, 0x00, 0x00, 0x00, /* 行26 */
    0x94, 0xff, 0xff, 0xff, 0x28, 0x00, 0x00, 0x00, 0x00, 0x00, 0x00, 0x00, 0x00, 0x00, 0x00, 0x31, 0xf8, 0xff, 0xff, 0xfe, 0x4b, 0x00, 0x00, 0x00, /* 行27 */
    0x94, 0xff, 0xff, 0xff, 0x28, 0x00, 0x00, 0x00, 0x00, 0x00, 0x00, 0x00, 0x00, 0x00, 0x00, 0x00, 0x69, 0xff, 0xff, 0xff, 0xeb, 0x1b, 0x00, 0x00, /* 行28 */
    0x94, 0xff, 0xff, 0xff, 0x28, 0x00, 0x00, 0x00, 0x00, 0x00, 0x00, 0x00, 0x00, 0x00, 0x00, 0x00, 0x00, 0xa7, 0xff, 0xff, 0xff, 0xc1, 0x03, 0x00, /* 行29 */
    0x94, 0xff, 0xff, 0xff, 0x28, 0x00, 0x00, 0x00, 0x00, 0x00, 0x00, 0x00, 0x00, 0x00, 0x00, 0x00, 0x00, 0x0d, 0xd9, 0xff, 0xff, 0xff, 0x83, 0x00, /* 行30 */
    0x94, 0xff, 0xff, 0xff, 0x28, 0x00, 0x00, 0x00, 0x00, 0x00, 0x00, 0x00, 0x00, 0x00, 0x00, 0x00, 0x00, 0x00, 0x2e, 0xf6, 0xff, 0xff, 0xfd, 0x43, /* 行31 */
};

/* 字符  76: L    */
/*
 * ▓▓██████░░                            
 * ▓▓██████░░                            
 * ▓▓██████░░                            
 * ▓▓██████░░                            
 * ▓▓██████░░                            
 * ▓▓██████░░                            
 * ▓▓██████░░                            
 * ▓▓██████░░                            
 * ▓▓██████░░                            
 * ▓▓██████░░                            
 * ▓▓██████░░                            
 * ▓▓██████░░                            
 * ▓▓██████░░                            
 * ▓▓██████░░                            
 * ▓▓██████░░                            
 * ▓▓██████░░                            
 * ▓▓██████░░                            
 * ▓▓██████░░                            
 * ▓▓██████░░                            
 * ▓▓██████░░                            
 * ▓▓██████░░                            
 * ▓▓██████░░                            
 * ▓▓██████░░                            
 * ▓▓██████░░                            
 * ▓▓██████░░                            
 * ▓▓██████░░                            
 * ▓▓██████░░                            
 * ▓▓██████░░                            
 * ▓▓██████▒▒▒▒▒▒▒▒▒▒▒▒▒▒▒▒▒▒▒▒▒▒▒▒▒▒▒▒░░
 * ▓▓██████████████████████████████████▒▒
 * ▓▓██████████████████████████████████▒▒
 * ▓▓██████████████████████████████████▒▒
 */
static const unsigned char open_sans_45px_char_076_bitmap[] = {
    0x94, 0xff, 0xff, 0xff, 0x28, 0x00, 0x00, 0x00, 0x00, 0x00, 0x00, 0x00, 0x00, 0x00, 0x00, 0x00, 0x00, 0x00, 0x00, /* 行 0 */
    0x94, 0xff, 0xff, 0xff, 0x28, 0x00, 0x00, 0x00, 0x00, 0x00, 0x00, 0x00, 0x00, 0x00, 0x00, 0x00, 0x00, 0x00, 0x00, /* 行 1 */
    0x94, 0xff, 0xff, 0xff, 0x28, 0x00, 0x00, 0x00, 0x00, 0x00, 0x00, 0x00, 0x00, 0x00, 0x00, 0x00, 0x00, 0x00, 0x00, /* 行 2 */
    0x94, 0xff, 0xff, 0xff, 0x28, 0x00, 0x00, 0x00, 0x00, 0x00, 0x00, 0x00, 0x00, 0x00, 0x00, 0x00, 0x00, 0x00, 0x00, /* 行 3 */
    0x94, 0xff, 0xff, 0xff, 0x28, 0x00, 0x00, 0x00, 0x00, 0x00, 0x00, 0x00, 0x00, 0x00, 0x00, 0x00, 0x00, 0x00, 0x00, /* 行 4 */
    0x94, 0xff, 0xff, 0xff, 0x28, 0x00, 0x00, 0x00, 0x00, 0x00, 0x00, 0x00, 0x00, 0x00, 0x00, 0x00, 0x00, 0x00, 0x00, /* 行 5 */
    0x94, 0xff, 0xff, 0xff, 0x28, 0x00, 0x00, 0x00, 0x00, 0x00, 0x00, 0x00, 0x00, 0x00, 0x00, 0x00, 0x00, 0x00, 0x00, /* 行 6 */
    0x94, 0xff, 0xff, 0xff, 0x28, 0x00, 0x00, 0x00, 0x00, 0x00, 0x00, 0x00, 0x00, 0x00, 0x00, 0x00, 0x00, 0x00, 0x00, /* 行 7 */
    0x94, 0xff, 0xff, 0xff, 0x28, 0x00, 0x00, 0x00, 0x00, 0x00, 0x00, 0x00, 0x00, 0x00, 0x00, 0x00, 0x00, 0x00, 0x00, /* 行 8 */
    0x94, 0xff, 0xff, 0xff, 0x28, 0x00, 0x00, 0x00, 0x00, 0x00, 0x00, 0x00, 0x00, 0x00, 0x00, 0x00, 0x00, 0x00, 0x00, /* 行 9 */
    0x94, 0xff, 0xff, 0xff, 0x28, 0x00, 0x00, 0x00, 0x00, 0x00, 0x00, 0x00, 0x00, 0x00, 0x00, 0x00, 0x00, 0x00, 0x00, /* 行10 */
    0x94, 0xff, 0xff, 0xff, 0x28, 0x00, 0x00, 0x00, 0x00, 0x00, 0x00, 0x00, 0x00, 0x00, 0x00, 0x00, 0x00, 0x00, 0x00, /* 行11 */
    0x94, 0xff, 0xff, 0xff, 0x28, 0x00, 0x00, 0x00, 0x00, 0x00, 0x00, 0x00, 0x00, 0x00, 0x00, 0x00, 0x00, 0x00, 0x00, /* 行12 */
    0x94, 0xff, 0xff, 0xff, 0x28, 0x00, 0x00, 0x00, 0x00, 0x00, 0x00, 0x00, 0x00, 0x00, 0x00, 0x00, 0x00, 0x00, 0x00, /* 行13 */
    0x94, 0xff, 0xff, 0xff, 0x28, 0x00, 0x00, 0x00, 0x00, 0x00, 0x00, 0x00, 0x00, 0x00, 0x00, 0x00, 0x00, 0x00, 0x00, /* 行14 */
    0x94, 0xff, 0xff, 0xff, 0x28, 0x00, 0x00, 0x00, 0x00, 0x00, 0x00, 0x00, 0x00, 0x00, 0x00, 0x00, 0x00, 0x00, 0x00, /* 行15 */
    0x94, 0xff, 0xff, 0xff, 0x28, 0x00, 0x00, 0x00, 0x00, 0x00, 0x00, 0x00, 0x00, 0x00, 0x00, 0x00, 0x00, 0x00, 0x00, /* 行16 */
    0x94, 0xff, 0xff, 0xff, 0x28, 0x00, 0x00, 0x00, 0x00, 0x00, 0x00, 0x00, 0x00, 0x00, 0x00, 0x00, 0x00, 0x00, 0x00, /* 行17 */
    0x94, 0xff, 0xff, 0xff, 0x28, 0x00, 0x00, 0x00, 0x00, 0x00, 0x00, 0x00, 0x00, 0x00, 0x00, 0x00, 0x00, 0x00, 0x00, /* 行18 */
    0x94, 0xff, 0xff, 0xff, 0x28, 0x00, 0x00, 0x00, 0x00, 0x00, 0x00, 0x00, 0x00, 0x00, 0x00, 0x00, 0x00, 0x00, 0x00, /* 行19 */
    0x94, 0xff, 0xff, 0xff, 0x28, 0x00, 0x00, 0x00, 0x00, 0x00, 0x00, 0x00, 0x00, 0x00, 0x00, 0x00, 0x00, 0x00, 0x00, /* 行20 */
    0x94, 0xff, 0xff, 0xff, 0x28, 0x00, 0x00, 0x00, 0x00, 0x00, 0x00, 0x00, 0x00, 0x00, 0x00, 0x00, 0x00, 0x00, 0x00, /* 行21 */
    0x94, 0xff, 0xff, 0xff, 0x28, 0x00, 0x00, 0x00, 0x00, 0x00, 0x00, 0x00, 0x00, 0x00, 0x00, 0x00, 0x00, 0x00, 0x00, /* 行22 */
    0x94, 0xff, 0xff, 0xff, 0x28, 0x00, 0x00, 0x00, 0x00, 0x00, 0x00, 0x00, 0x00, 0x00, 0x00, 0x00, 0x00, 0x00, 0x00, /* 行23 */
    0x94, 0xff, 0xff, 0xff, 0x28, 0x00, 0x00, 0x00, 0x00, 0x00, 0x00, 0x00, 0x00, 0x00, 0x00, 0x00, 0x00, 0x00, 0x00, /* 行24 */
    0x94, 0xff, 0xff, 0xff, 0x28, 0x00, 0x00, 0x00, 0x00, 0x00, 0x00, 0x00, 0x00, 0x00, 0x00, 0x00, 0x00, 0x00, 0x00, /* 行25 */
    0x94, 0xff, 0xff, 0xff, 0x28, 0x00, 0x00, 0x00, 0x00, 0x00, 0x00, 0x00, 0x00, 0x00, 0x00, 0x00, 0x00, 0x00, 0x00, /* 行26 */
    0x94, 0xff, 0xff, 0xff, 0x28, 0x00, 0x00, 0x00, 0x00, 0x00, 0x00, 0x00, 0x00, 0x00, 0x00, 0x00, 0x00, 0x00, 0x00, /* 行27 */
    0x94, 0xff, 0xff, 0xff, 0x7c, 0x64, 0x64, 0x64, 0x64, 0x64, 0x64, 0x64, 0x64, 0x64, 0x64, 0x64, 0x64, 0x64, 0x20, /* 行28 */
    0x94, 0xff, 0xff, 0xff, 0xff, 0xff, 0xff, 0xff, 0xff, 0xff, 0xff, 0xff, 0xff, 0xff, 0xff, 0xff, 0xff, 0xff, 0x54, /* 行29 */
    0x94, 0xff, 0xff, 0xff, 0xff, 0xff, 0xff, 0xff, 0xff, 0xff, 0xff, 0xff, 0xff, 0xff, 0xff, 0xff, 0xff, 0xff, 0x54, /* 行30 */
    0x94, 0xff, 0xff, 0xff, 0xff, 0xff, 0xff, 0xff, 0xff, 0xff, 0xff, 0xff, 0xff, 0xff, 0xff, 0xff, 0xff, 0xff, 0x54, /* 行31 */
};

/* 字符  77: M    */
/*
 * ▓▓██████████░░                                      ▓▓██████████░░
 * ▓▓██████████▓▓                                    ░░████████████░░
 * ▓▓████████████░░                                  ▒▒████████████░░
 * ▓▓████████████▒▒                                  ▓▓████████████░░
 * ▓▓████▓▓████████                                ░░██████▓▓██████░░
 * ▓▓████▓▓▓▓██████░░                              ▒▒██████▒▒██████░░
 * ▓▓████▓▓░░██████▓▓                            ░░██████▓▓▒▒██████░░
 * ▓▓██████  ████████░░                          ▒▒██████░░▒▒██████░░
 * ▓▓██████  ▒▒██████▒▒                          ▓▓██████  ▒▒██████░░
 * ▓▓██████  ░░██████▓▓                        ░░██████▒▒  ▒▒██████░░
 * ▓▓██████    ▓▓██████░░                      ▒▒██████░░  ▒▒██████░░
 * ▓▓██████    ▒▒██████▒▒                      ██████▓▓    ▒▒██████░░
 * ▓▓██████    ░░████████░░                  ░░██████░░    ▓▓██████░░
 * ▓▓██████      ▒▒██████░░                  ▓▓██████      ▓▓██████░░
 * ▓▓██████      ░░██████▓▓                ░░██████▒▒      ▓▓██████░░
 * ▓▓██████        ▓▓██████░░              ▒▒██████░░      ▓▓██████░░
 * ▓▓██████        ▒▒██████▒▒              ██████▓▓        ▓▓██████░░
 * ▓▓██████        ░░████████            ░░██████▒▒        ▓▓██████░░
 * ▓▓██████          ▓▓██████░░          ▓▓██████░░        ▓▓██████░░
 * ▓▓██████          ░░██████▓▓        ░░██████▒▒          ▓▓██████░░
 * ▓▓██████            ████████░░      ▒▒██████░░          ▓▓██████░░
 * ▓▓██████            ▒▒██████▒▒      ▓▓████▓▓            ▓▓██████░░
 * ▓▓██████            ░░██████▓▓    ░░██████▒▒            ▓▓██████░░
 * ▓▓██████              ▓▓██████░░  ▒▒██████░░            ▓▓██████░░
 * ▓▓██████              ▒▒██████▒▒░░██████▓▓              ▓▓██████░░
 * ▓▓██████              ░░████████▒▒██████░░              ▓▓██████░░
 * ▓▓██████                ▒▒██████████████                ▓▓██████░░
 * ▓▓██████                ░░████████████▒▒                ▓▓██████░░
 * ▓▓██████                  ▓▓██████████░░                ▓▓██████░░
 * ▓▓██████                  ▒▒████████▓▓                  ▓▓██████░░
 * ▓▓██████                  ░░████████░░                  ▓▓██████░░
 * ▓▓██████                    ▓▓██████                    ▓▓██████░░
 */
static const unsigned char open_sans_45px_char_077_bitmap[] = {
    0x94, 0xff, 0xff, 0xff, 0xff, 0xff, 0x3c, 0x00, 0x00, 0x00, 0x00, 0x00, 0x00, 0x00, 0x00, 0x00, 0x00, 0x00, 0x00, 0x00, 0x00, 0x00, 0x00, 0x00, 0x00, 0x00, 0x8a, 0xff, 0xff, 0xff, 0xff, 0xff, 0x3c, /* 行 0 */
    0x94, 0xff, 0xff, 0xff, 0xff, 0xff, 0x9f, 0x00, 0x00, 0x00, 0x00, 0x00, 0x00, 0x00, 0x00, 0x00, 0x00, 0x00, 0x00, 0x00, 0x00, 0x00, 0x00, 0x00, 0x00, 0x05, 0xe8, 0xff, 0xff, 0xff, 0xff, 0xff, 0x3c, /* 行 1 */
    0x94, 0xff, 0xff, 0xff, 0xff, 0xff, 0xf4, 0x0d, 0x00, 0x00, 0x00, 0x00, 0x00, 0x00, 0x00, 0x00, 0x00, 0x00, 0x00, 0x00, 0x00, 0x00, 0x00, 0x00, 0x00, 0x51, 0xff, 0xff, 0xff, 0xff, 0xff, 0xff, 0x3c, /* 行 2 */
    0x94, 0xff, 0xff, 0xea, 0xff, 0xff, 0xff, 0x65, 0x00, 0x00, 0x00, 0x00, 0x00, 0x00, 0x00, 0x00, 0x00, 0x00, 0x00, 0x00, 0x00, 0x00, 0x00, 0x00, 0x00, 0xb5, 0xff, 0xff, 0xeb, 0xff, 0xff, 0xff, 0x3c, /* 行 3 */
    0x94, 0xff, 0xff, 0xa5, 0xea, 0xff, 0xff, 0xc7, 0x00, 0x00, 0x00, 0x00, 0x00, 0x00, 0x00, 0x00, 0x00, 0x00, 0x00, 0x00, 0x00, 0x00, 0x00, 0x00, 0x1b, 0xfc, 0xff, 0xff, 0x8a, 0xff, 0xff, 0xff, 0x3c, /* 行 4 */
    0x94, 0xff, 0xff, 0xb1, 0x8e, 0xff, 0xff, 0xff, 0x2a, 0x00, 0x00, 0x00, 0x00, 0x00, 0x00, 0x00, 0x00, 0x00, 0x00, 0x00, 0x00, 0x00, 0x00, 0x00, 0x7c, 0xff, 0xff, 0xe6, 0x4f, 0xff, 0xff, 0xff, 0x3c, /* 行 5 */
    0x94, 0xff, 0xff, 0xbe, 0x2b, 0xff, 0xff, 0xff, 0x8d, 0x00, 0x00, 0x00, 0x00, 0x00, 0x00, 0x00, 0x00, 0x00, 0x00, 0x00, 0x00, 0x00, 0x00, 0x01, 0xdd, 0xff, 0xff, 0x86, 0x5a, 0xff, 0xff, 0xff, 0x3c, /* 行 6 */
    0x94, 0xff, 0xff, 0xc9, 0x00, 0xc9, 0xff, 0xff, 0xea, 0x05, 0x00, 0x00, 0x00, 0x00, 0x00, 0x00, 0x00, 0x00, 0x00, 0x00, 0x00, 0x00, 0x00, 0x43, 0xff, 0xff, 0xff, 0x24, 0x68, 0xff, 0xff, 0xff, 0x3c, /* 行 7 */
    0x94, 0xff, 0xff, 0xd0, 0x00, 0x67, 0xff, 0xff, 0xff, 0x52, 0x00, 0x00, 0x00, 0x00, 0x00, 0x00, 0x00, 0x00, 0x00, 0x00, 0x00, 0x00, 0x00, 0xa7, 0xff, 0xff, 0xc0, 0x00, 0x71, 0xff, 0xff, 0xff, 0x3c, /* 行 8 */
    0x94, 0xff, 0xff, 0xd6, 0x00, 0x0e, 0xf5, 0xff, 0xff, 0xb5, 0x00, 0x00, 0x00, 0x00, 0x00, 0x00, 0x00, 0x00, 0x00, 0x00, 0x00, 0x00, 0x11, 0xf8, 0xff, 0xff, 0x5d, 0x00, 0x76, 0xff, 0xff, 0xff, 0x3c, /* 行 9 */
    0x94, 0xff, 0xff, 0xd9, 0x00, 0x00, 0xa2, 0xff, 0xff, 0xfc, 0x1b, 0x00, 0x00, 0x00, 0x00, 0x00, 0x00, 0x00, 0x00, 0x00, 0x00, 0x00, 0x6e, 0xff, 0xff, 0xf0, 0x09, 0x00, 0x7b, 0xff, 0xff, 0xff, 0x3c, /* 行10 */
    0x94, 0xff, 0xff, 0xdb, 0x00, 0x00, 0x40, 0xff, 0xff, 0xff, 0x7a, 0x00, 0x00, 0x00, 0x00, 0x00, 0x00, 0x00, 0x00, 0x00, 0x00, 0x00, 0xd1, 0xff, 0xff, 0x96, 0x00, 0x00, 0x7f, 0xff, 0xff, 0xff, 0x3c, /* 行11 */
    0x94, 0xff, 0xff, 0xdc, 0x00, 0x00, 0x01, 0xdc, 0xff, 0xff, 0xdc, 0x01, 0x00, 0x00, 0x00, 0x00, 0x00, 0x00, 0x00, 0x00, 0x00, 0x35, 0xff, 0xff, 0xff, 0x33, 0x00, 0x00, 0x80, 0xff, 0xff, 0xff, 0x3c, /* 行12 */
    0x94, 0xff, 0xff, 0xdc, 0x00, 0x00, 0x00, 0x7b, 0xff, 0xff, 0xff, 0x3f, 0x00, 0x00, 0x00, 0x00, 0x00, 0x00, 0x00, 0x00, 0x00, 0x99, 0xff, 0xff, 0xd0, 0x00, 0x00, 0x00, 0x80, 0xff, 0xff, 0xff, 0x3c, /* 行13 */
    0x94, 0xff, 0xff, 0xdc, 0x00, 0x00, 0x00, 0x1b, 0xfd, 0xff, 0xff, 0xa2, 0x00, 0x00, 0x00, 0x00, 0x00, 0x00, 0x00, 0x00, 0x0a, 0xf1, 0xff, 0xff, 0x6c, 0x00, 0x00, 0x00, 0x80, 0xff, 0xff, 0xff, 0x3c, /* 行14 */
    0x94, 0xff, 0xff, 0xdc, 0x00, 0x00, 0x00, 0x00, 0xb6, 0xff, 0xff, 0xf6, 0x0e, 0x00, 0x00, 0x00, 0x00, 0x00, 0x00, 0x00, 0x60, 0xff, 0xff, 0xf8, 0x11, 0x00, 0x00, 0x00, 0x80, 0xff, 0xff, 0xff, 0x3c, /* 行15 */
    0x94, 0xff, 0xff, 0xdc, 0x00, 0x00, 0x00, 0x00, 0x54, 0xff, 0xff, 0xff, 0x67, 0x00, 0x00, 0x00, 0x00, 0x00, 0x00, 0x00, 0xc3, 0xff, 0xff, 0xa6, 0x00, 0x00, 0x00, 0x00, 0x80, 0xff, 0xff, 0xff, 0x3c, /* 行16 */
    0x94, 0xff, 0xff, 0xdc, 0x00, 0x00, 0x00, 0x00, 0x06, 0xeb, 0xff, 0xff, 0xca, 0x00, 0x00, 0x00, 0x00, 0x00, 0x00, 0x27, 0xff, 0xff, 0xff, 0x42, 0x00, 0x00, 0x00, 0x00, 0x80, 0xff, 0xff, 0xff, 0x3c, /* 行17 */
    0x94, 0xff, 0xff, 0xdc, 0x00, 0x00, 0x00, 0x00, 0x00, 0x90, 0xff, 0xff, 0xff, 0x2c, 0x00, 0x00, 0x00, 0x00, 0x00, 0x8b, 0xff, 0xff, 0xde, 0x01, 0x00, 0x00, 0x00, 0x00, 0x80, 0xff, 0xff, 0xff, 0x3c, /* 行18 */
    0x94, 0xff, 0xff, 0xdc, 0x00, 0x00, 0x00, 0x00, 0x00, 0x2d, 0xff, 0xff, 0xff, 0x8f, 0x00, 0x00, 0x00, 0x00, 0x05, 0xe9, 0xff, 0xff, 0x7c, 0x00, 0x00, 0x00, 0x00, 0x00, 0x80, 0xff, 0xff, 0xff, 0x3c, /* 行19 */
    0x94, 0xff, 0xff, 0xdc, 0x00, 0x00, 0x00, 0x00, 0x00, 0x00, 0xcb, 0xff, 0xff, 0xeb, 0x06, 0x00, 0x00, 0x00, 0x52, 0xff, 0xff, 0xfc, 0x1c, 0x00, 0x00, 0x00, 0x00, 0x00, 0x80, 0xff, 0xff, 0xff, 0x3c, /* 行20 */
    0x94, 0xff, 0xff, 0xdc, 0x00, 0x00, 0x00, 0x00, 0x00, 0x00, 0x69, 0xff, 0xff, 0xff, 0x55, 0x00, 0x00, 0x00, 0xb5, 0xff, 0xff, 0xb5, 0x00, 0x00, 0x00, 0x00, 0x00, 0x00, 0x80, 0xff, 0xff, 0xff, 0x3c, /* 行21 */
    0x94, 0xff, 0xff, 0xdc, 0x00, 0x00, 0x00, 0x00, 0x00, 0x00, 0x0f, 0xf6, 0xff, 0xff, 0xb7, 0x00, 0x00, 0x1b, 0xfc, 0xff, 0xff, 0x52, 0x00, 0x00, 0x00, 0x00, 0x00, 0x00, 0x80, 0xff, 0xff, 0xff, 0x3c, /* 行22 */
    0x94, 0xff, 0xff, 0xdc, 0x00, 0x00, 0x00, 0x00, 0x00, 0x00, 0x00, 0xa4, 0xff, 0xff, 0xfd, 0x1d, 0x00, 0x7c, 0xff, 0xff, 0xea, 0x05, 0x00, 0x00, 0x00, 0x00, 0x00, 0x00, 0x80, 0xff, 0xff, 0xff, 0x3c, /* 行23 */
    0x94, 0xff, 0xff, 0xdc, 0x00, 0x00, 0x00, 0x00, 0x00, 0x00, 0x00, 0x42, 0xff, 0xff, 0xff, 0x7d, 0x01, 0xde, 0xff, 0xff, 0x8c, 0x00, 0x00, 0x00, 0x00, 0x00, 0x00, 0x00, 0x80, 0xff, 0xff, 0xff, 0x3c, /* 行24 */
    0x94, 0xff, 0xff, 0xdc, 0x00, 0x00, 0x00, 0x00, 0x00, 0x00, 0x00, 0x01, 0xdd, 0xff, 0xff, 0xde, 0x45, 0xff, 0xff, 0xff, 0x29, 0x00, 0x00, 0x00, 0x00, 0x00, 0x00, 0x00, 0x80, 0xff, 0xff, 0xff, 0x3c, /* 行25 */
    0x94, 0xff, 0xff, 0xdc, 0x00, 0x00, 0x00, 0x00, 0x00, 0x00, 0x00, 0x00, 0x7d, 0xff, 0xff, 0xff, 0xdf, 0xff, 0xff, 0xc5, 0x00, 0x00, 0x00, 0x00, 0x00, 0x00, 0x00, 0x00, 0x80, 0xff, 0xff, 0xff, 0x3c, /* 行26 */
    0x94, 0xff, 0xff, 0xdc, 0x00, 0x00, 0x00, 0x00, 0x00, 0x00, 0x00, 0x00, 0x1d, 0xfd, 0xff, 0xff, 0xff, 0xff, 0xff, 0x62, 0x00, 0x00, 0x00, 0x00, 0x00, 0x00, 0x00, 0x00, 0x80, 0xff, 0xff, 0xff, 0x3c, /* 行27 */
    0x94, 0xff, 0xff, 0xdc, 0x00, 0x00, 0x00, 0x00, 0x00, 0x00, 0x00, 0x00, 0x00, 0xb8, 0xff, 0xff, 0xff, 0xff, 0xf3, 0x0c, 0x00, 0x00, 0x00, 0x00, 0x00, 0x00, 0x00, 0x00, 0x80, 0xff, 0xff, 0xff, 0x3c, /* 行28 */
    0x94, 0xff, 0xff, 0xdc, 0x00, 0x00, 0x00, 0x00, 0x00, 0x00, 0x00, 0x00, 0x00, 0x56, 0xff, 0xff, 0xff, 0xff, 0x9b, 0x00, 0x00, 0x00, 0x00, 0x00, 0x00, 0x00, 0x00, 0x00, 0x80, 0xff, 0xff, 0xff, 0x3c, /* 行29 */
    0x94, 0xff, 0xff, 0xdc, 0x00, 0x00, 0x00, 0x00, 0x00, 0x00, 0x00, 0x00, 0x00, 0x06, 0xec, 0xff, 0xff, 0xff, 0x38, 0x00, 0x00, 0x00, 0x00, 0x00, 0x00, 0x00, 0x00, 0x00, 0x80, 0xff, 0xff, 0xff, 0x3c, /* 行30 */
    0x94, 0xff, 0xff, 0xdc, 0x00, 0x00, 0x00, 0x00, 0x00, 0x00, 0x00, 0x00, 0x00, 0x00, 0x91, 0xff, 0xff, 0xd5, 0x00, 0x00, 0x00, 0x00, 0x00, 0x00, 0x00, 0x00, 0x00, 0x00, 0x80, 0xff, 0xff, 0xff, 0x3c, /* 行31 */
};

/* 字符  78: N    */
/*
 * ▓▓████████░░                                ██████▓▓
 * ▓▓████████▓▓                                ██████▓▓
 * ▓▓██████████▒▒                              ██████▓▓
 * ▓▓████████████░░                            ██████▓▓
 * ▓▓████████████▓▓                            ██████▓▓
 * ▓▓████▓▓████████░░                          ██████▓▓
 * ▓▓████▓▓▒▒████████░░                        ██████▓▓
 * ▓▓████▓▓░░████████▓▓                        ██████▓▓
 * ▓▓████▓▓  ░░████████░░                      ██████▓▓
 * ▓▓██████    ▒▒████████░░                    ██████▓▓
 * ▓▓██████    ░░████████▓▓                    ██████▓▓
 * ▓▓██████      ░░████████░░                  ██████▓▓
 * ▓▓██████        ▓▓████████░░                ██████▓▓
 * ▓▓██████        ░░████████▒▒                ██████▓▓
 * ▓▓██████          ░░████████░░              ██████▓▓
 * ▓▓██████            ▓▓████████░░            ██████▓▓
 * ▓▓██████            ░░████████▒▒            ██████▓▓
 * ▓▓██████              ░░████████░░          ██████▓▓
 * ▓▓██████                ▓▓██████▓▓          ██████▓▓
 * ▓▓██████                ░░████████▒▒        ██████▓▓
 * ▓▓██████                  ▒▒████████░░      ██████▓▓
 * ▓▓██████                    ▓▓██████▓▓      ██████▓▓
 * ▓▓██████                    ░░████████▒▒    ██████▓▓
 * ▓▓██████                      ▒▒████████░░  ██████▓▓
 * ▓▓██████                        ▓▓██████▓▓  ██████▓▓
 * ▓▓██████                        ░░████████▒▒▓▓████▓▓
 * ▓▓██████                          ▒▒██████████████▓▓
 * ▓▓██████                            ▓▓████████████▓▓
 * ▓▓██████                            ░░████████████▓▓
 * ▓▓██████                              ▒▒██████████▓▓
 * ▓▓██████                                ▓▓████████▓▓
 * ▓▓██████                                ░░████████▓▓
 */
static const unsigned char open_sans_45px_char_078_bitmap[] = {
    0x94, 0xff, 0xff, 0xff, 0xe6, 0x10, 0x00, 0x00, 0x00, 0x00, 0x00, 0x00, 0x00, 0x00, 0x00, 0x00, 0x00, 0x00, 0x00, 0x00, 0x00, 0x00, 0xfc, 0xff, 0xff, 0x84, /* 行 0 */
    0x94, 0xff, 0xff, 0xff, 0xff, 0x9e, 0x00, 0x00, 0x00, 0x00, 0x00, 0x00, 0x00, 0x00, 0x00, 0x00, 0x00, 0x00, 0x00, 0x00, 0x00, 0x00, 0xfc, 0xff, 0xff, 0x84, /* 行 1 */
    0x94, 0xff, 0xff, 0xff, 0xff, 0xff, 0x46, 0x00, 0x00, 0x00, 0x00, 0x00, 0x00, 0x00, 0x00, 0x00, 0x00, 0x00, 0x00, 0x00, 0x00, 0x00, 0xfc, 0xff, 0xff, 0x84, /* 行 2 */
    0x94, 0xff, 0xff, 0xff, 0xff, 0xff, 0xe0, 0x0c, 0x00, 0x00, 0x00, 0x00, 0x00, 0x00, 0x00, 0x00, 0x00, 0x00, 0x00, 0x00, 0x00, 0x00, 0xfc, 0xff, 0xff, 0x84, /* 行 3 */
    0x94, 0xff, 0xff, 0xff, 0xff, 0xff, 0xff, 0x95, 0x00, 0x00, 0x00, 0x00, 0x00, 0x00, 0x00, 0x00, 0x00, 0x00, 0x00, 0x00, 0x00, 0x00, 0xfc, 0xff, 0xff, 0x84, /* 行 4 */
    0x94, 0xff, 0xff, 0xad, 0xf4, 0xff, 0xff, 0xfe, 0x3e, 0x00, 0x00, 0x00, 0x00, 0x00, 0x00, 0x00, 0x00, 0x00, 0x00, 0x00, 0x00, 0x00, 0xfc, 0xff, 0xff, 0x84, /* 行 5 */
    0x94, 0xff, 0xff, 0x97, 0x6d, 0xff, 0xff, 0xff, 0xda, 0x09, 0x00, 0x00, 0x00, 0x00, 0x00, 0x00, 0x00, 0x00, 0x00, 0x00, 0x00, 0x00, 0xfc, 0xff, 0xff, 0x84, /* 行 6 */
    0x94, 0xff, 0xff, 0xa6, 0x01, 0xc3, 0xff, 0xff, 0xff, 0x8b, 0x00, 0x00, 0x00, 0x00, 0x00, 0x00, 0x00, 0x00, 0x00, 0x00, 0x00, 0x00, 0xfc, 0xff, 0xff, 0x84, /* 行 7 */
    0x94, 0xff, 0xff, 0xb4, 0x00, 0x26, 0xf7, 0xff, 0xff, 0xfc, 0x36, 0x00, 0x00, 0x00, 0x00, 0x00, 0x00, 0x00, 0x00, 0x00, 0x00, 0x00, 0xfc, 0xff, 0xff, 0x84, /* 行 8 */
    0x94, 0xff, 0xff, 0xc2, 0x00, 0x00, 0x76, 0xff, 0xff, 0xff, 0xd4, 0x06, 0x00, 0x00, 0x00, 0x00, 0x00, 0x00, 0x00, 0x00, 0x00, 0x00, 0xfc, 0xff, 0xff, 0x84, /* 行 9 */
    0x94, 0xff, 0xff, 0xca, 0x00, 0x00, 0x03, 0xcb, 0xff, 0xff, 0xff, 0x82, 0x00, 0x00, 0x00, 0x00, 0x00, 0x00, 0x00, 0x00, 0x00, 0x00, 0xfc, 0xff, 0xff, 0x84, /* 行10 */
    0x94, 0xff, 0xff, 0xcf, 0x00, 0x00, 0x00, 0x2d, 0xfa, 0xff, 0xff, 0xfa, 0x2e, 0x00, 0x00, 0x00, 0x00, 0x00, 0x00, 0x00, 0x00, 0x00, 0xfc, 0xff, 0xff, 0x84, /* 行11 */
    0x94, 0xff, 0xff, 0xd4, 0x00, 0x00, 0x00, 0x00, 0x80, 0xff, 0xff, 0xff, 0xcc, 0x04, 0x00, 0x00, 0x00, 0x00, 0x00, 0x00, 0x00, 0x00, 0xfc, 0xff, 0xff, 0x84, /* 行12 */
    0x94, 0xff, 0xff, 0xd9, 0x00, 0x00, 0x00, 0x00, 0x05, 0xd3, 0xff, 0xff, 0xff, 0x78, 0x00, 0x00, 0x00, 0x00, 0x00, 0x00, 0x00, 0x00, 0xfc, 0xff, 0xff, 0x84, /* 行13 */
    0x94, 0xff, 0xff, 0xdc, 0x00, 0x00, 0x00, 0x00, 0x00, 0x35, 0xfc, 0xff, 0xff, 0xf7, 0x28, 0x00, 0x00, 0x00, 0x00, 0x00, 0x00, 0x00, 0xfc, 0xff, 0xff, 0x84, /* 行14 */
    0x94, 0xff, 0xff, 0xdc, 0x00, 0x00, 0x00, 0x00, 0x00, 0x00, 0x8a, 0xff, 0xff, 0xff, 0xc5, 0x02, 0x00, 0x00, 0x00, 0x00, 0x00, 0x00, 0xfc, 0xff, 0xff, 0x84, /* 行15 */
    0x94, 0xff, 0xff, 0xdc, 0x00, 0x00, 0x00, 0x00, 0x00, 0x00, 0x08, 0xd9, 0xff, 0xff, 0xff, 0x6f, 0x00, 0x00, 0x00, 0x00, 0x00, 0x00, 0xfc, 0xff, 0xff, 0x84, /* 行16 */
    0x94, 0xff, 0xff, 0xdc, 0x00, 0x00, 0x00, 0x00, 0x00, 0x00, 0x00, 0x3d, 0xfe, 0xff, 0xff, 0xf4, 0x21, 0x00, 0x00, 0x00, 0x00, 0x00, 0xfc, 0xff, 0xff, 0x84, /* 行17 */
    0x94, 0xff, 0xff, 0xdc, 0x00, 0x00, 0x00, 0x00, 0x00, 0x00, 0x00, 0x00, 0x94, 0xff, 0xff, 0xff, 0xbc, 0x00, 0x00, 0x00, 0x00, 0x00, 0xfc, 0xff, 0xff, 0x84, /* 行18 */
    0x94, 0xff, 0xff, 0xdc, 0x00, 0x00, 0x00, 0x00, 0x00, 0x00, 0x00, 0x00, 0x0c, 0xe0, 0xff, 0xff, 0xff, 0x65, 0x00, 0x00, 0x00, 0x00, 0xfd, 0xff, 0xff, 0x84, /* 行19 */
    0x94, 0xff, 0xff, 0xdc, 0x00, 0x00, 0x00, 0x00, 0x00, 0x00, 0x00, 0x00, 0x00, 0x45, 0xff, 0xff, 0xff, 0xf1, 0x1c, 0x00, 0x00, 0x00, 0xf8, 0xff, 0xff, 0x84, /* 行20 */
    0x94, 0xff, 0xff, 0xdc, 0x00, 0x00, 0x00, 0x00, 0x00, 0x00, 0x00, 0x00, 0x00, 0x00, 0x9e, 0xff, 0xff, 0xff, 0xb4, 0x00, 0x00, 0x00, 0xf0, 0xff, 0xff, 0x84, /* 行21 */
    0x94, 0xff, 0xff, 0xdc, 0x00, 0x00, 0x00, 0x00, 0x00, 0x00, 0x00, 0x00, 0x00, 0x00, 0x10, 0xe6, 0xff, 0xff, 0xff, 0x5b, 0x00, 0x00, 0xe5, 0xff, 0xff, 0x84, /* 行22 */
    0x94, 0xff, 0xff, 0xdc, 0x00, 0x00, 0x00, 0x00, 0x00, 0x00, 0x00, 0x00, 0x00, 0x00, 0x00, 0x4f, 0xff, 0xff, 0xff, 0xec, 0x16, 0x00, 0xd9, 0xff, 0xff, 0x84, /* 行23 */
    0x94, 0xff, 0xff, 0xdc, 0x00, 0x00, 0x00, 0x00, 0x00, 0x00, 0x00, 0x00, 0x00, 0x00, 0x00, 0x00, 0xa8, 0xff, 0xff, 0xff, 0xaa, 0x00, 0xcc, 0xff, 0xff, 0x84, /* 行24 */
    0x94, 0xff, 0xff, 0xdc, 0x00, 0x00, 0x00, 0x00, 0x00, 0x00, 0x00, 0x00, 0x00, 0x00, 0x00, 0x00, 0x15, 0xeb, 0xff, 0xff, 0xff, 0x52, 0xbf, 0xff, 0xff, 0x84, /* 行25 */
    0x94, 0xff, 0xff, 0xdc, 0x00, 0x00, 0x00, 0x00, 0x00, 0x00, 0x00, 0x00, 0x00, 0x00, 0x00, 0x00, 0x00, 0x59, 0xff, 0xff, 0xff, 0xe7, 0xc9, 0xff, 0xff, 0x84, /* 行26 */
    0x94, 0xff, 0xff, 0xdc, 0x00, 0x00, 0x00, 0x00, 0x00, 0x00, 0x00, 0x00, 0x00, 0x00, 0x00, 0x00, 0x00, 0x00, 0xb1, 0xff, 0xff, 0xff, 0xff, 0xff, 0xff, 0x84, /* 行27 */
    0x94, 0xff, 0xff, 0xdc, 0x00, 0x00, 0x00, 0x00, 0x00, 0x00, 0x00, 0x00, 0x00, 0x00, 0x00, 0x00, 0x00, 0x00, 0x1a, 0xf0, 0xff, 0xff, 0xff, 0xff, 0xff, 0x84, /* 行28 */
    0x94, 0xff, 0xff, 0xdc, 0x00, 0x00, 0x00, 0x00, 0x00, 0x00, 0x00, 0x00, 0x00, 0x00, 0x00, 0x00, 0x00, 0x00, 0x00, 0x63, 0xff, 0xff, 0xff, 0xff, 0xff, 0x84, /* 行29 */
    0x94, 0xff, 0xff, 0xdc, 0x00, 0x00, 0x00, 0x00, 0x00, 0x00, 0x00, 0x00, 0x00, 0x00, 0x00, 0x00, 0x00, 0x00, 0x00, 0x00, 0xba, 0xff, 0xff, 0xff, 0xff, 0x84, /* 行30 */
    0x94, 0xff, 0xff, 0xdc, 0x00, 0x00, 0x00, 0x00, 0x00, 0x00, 0x00, 0x00, 0x00, 0x00, 0x00, 0x00, 0x00, 0x00, 0x00, 0x00, 0x20, 0xf3, 0xff, 0xff, 0xff, 0x84, /* 行31 */
};

/* 字符  79: O    */
/*
 *                   ░░▒▒▓▓██████████████▓▓▒▒░░                  
 *               ░░▓▓██████████████████████████▓▓░░              
 *           ░░▒▒██████████████████████████████████▒▒            
 *         ░░▓▓████████████▓▓▓▓▒▒▒▒▒▒▓▓▓▓████████████▓▓░░        
 *         ▓▓██████████▒▒░░              ░░▒▒██████████▓▓        
 *       ▒▒████████▓▓░░                      ░░▓▓████████▒▒      
 *     ░░████████▓▓░░                            ▒▒████████░░    
 *     ▓▓████████░░                              ░░▓▓██████▓▓    
 *   ░░████████░░                                  ░░████████░░  
 *   ▒▒████████                                      ▓▓██████▒▒  
 *   ▓▓██████▒▒                                      ▒▒██████▓▓  
 *   ████████░░                                      ░░████████  
 * ░░████████░░                                      ░░████████░░
 * ░░████████                                          ████████░░
 * ░░████████                                          ▓▓██████░░
 * ░░██████▓▓                                          ▓▓██████▒▒
 * ░░██████▓▓                                          ▓▓██████▒▒
 * ░░████████                                          ▓▓██████░░
 * ░░████████                                          ████████░░
 * ░░████████░░                                      ░░████████░░
 *   ████████░░                                      ░░████████  
 *   ▓▓██████▒▒                                      ▒▒██████▓▓  
 *   ▒▒████████                                      ▓▓██████▒▒  
 *   ░░████████░░                                  ░░████████░░  
 *     ▓▓████████░░                                ▓▓██████▒▒    
 *     ░░████████▓▓                              ▒▒████████░░    
 *       ▒▒████████▓▓░░                        ▒▒████████▒▒      
 *         ▓▓██████████▒▒░░                ░░██████████▓▓        
 *         ░░▓▓████████████▓▓▒▒▒▒▒▒▒▒▒▒▓▓████████████▓▓░░        
 *           ░░▒▒██████████████████████████████████▒▒            
 *               ░░▓▓██████████████████████████▓▓░░              
 *                   ░░▒▒▓▓██████████████▓▓▒▒░░                  
 */
static const unsigned char open_sans_45px_char_079_bitmap[] = {
    0x00, 0x00, 0x00, 0x00, 0x00, 0x00, 0x00, 0x00, 0x00, 0x0c, 0x56, 0x93, 0xc4, 0xe3, 0xf5, 0xfd, 0xf6, 0xe6, 0xc7, 0x97, 0x58, 0x0d, 0x00, 0x00, 0x00, 0x00, 0x00, 0x00, 0x00, 0x00, 0x00, /* 行 0 */
    0x00, 0x00, 0x00, 0x00, 0x00, 0x00, 0x00, 0x1f, 0x99, 0xf6, 0xff, 0xff, 0xff, 0xff, 0xff, 0xff, 0xff, 0xff, 0xff, 0xff, 0xff, 0xf7, 0x98, 0x1d, 0x00, 0x00, 0x00, 0x00, 0x00, 0x00, 0x00, /* 行 1 */
    0x00, 0x00, 0x00, 0x00, 0x00, 0x01, 0x73, 0xf6, 0xff, 0xff, 0xff, 0xff, 0xff, 0xff, 0xff, 0xff, 0xff, 0xff, 0xff, 0xff, 0xff, 0xff, 0xff, 0xf4, 0x6c, 0x00, 0x00, 0x00, 0x00, 0x00, 0x00, /* 行 2 */
    0x00, 0x00, 0x00, 0x00, 0x04, 0xa7, 0xff, 0xff, 0xff, 0xff, 0xff, 0xf5, 0xb6, 0x84, 0x6f, 0x5d, 0x6b, 0x80, 0xa9, 0xed, 0xff, 0xff, 0xff, 0xff, 0xff, 0x9d, 0x02, 0x00, 0x00, 0x00, 0x00, /* 行 3 */
    0x00, 0x00, 0x00, 0x00, 0x9d, 0xff, 0xff, 0xff, 0xff, 0xe1, 0x5f, 0x07, 0x00, 0x00, 0x00, 0x00, 0x00, 0x00, 0x00, 0x02, 0x49, 0xd0, 0xff, 0xff, 0xff, 0xff, 0x94, 0x00, 0x00, 0x00, 0x00, /* 行 4 */
    0x00, 0x00, 0x00, 0x5b, 0xff, 0xff, 0xff, 0xff, 0xa4, 0x07, 0x00, 0x00, 0x00, 0x00, 0x00, 0x00, 0x00, 0x00, 0x00, 0x00, 0x00, 0x02, 0x85, 0xff, 0xff, 0xff, 0xff, 0x51, 0x00, 0x00, 0x00, /* 行 5 */
    0x00, 0x00, 0x1a, 0xf2, 0xff, 0xff, 0xff, 0x99, 0x01, 0x00, 0x00, 0x00, 0x00, 0x00, 0x00, 0x00, 0x00, 0x00, 0x00, 0x00, 0x00, 0x00, 0x00, 0x7b, 0xff, 0xff, 0xff, 0xee, 0x17, 0x00, 0x00, /* 行 6 */
    0x00, 0x00, 0x87, 0xff, 0xff, 0xff, 0xd4, 0x07, 0x00, 0x00, 0x00, 0x00, 0x00, 0x00, 0x00, 0x00, 0x00, 0x00, 0x00, 0x00, 0x00, 0x00, 0x00, 0x01, 0xbf, 0xff, 0xff, 0xff, 0x84, 0x00, 0x00, /* 行 7 */
    0x00, 0x0a, 0xed, 0xff, 0xff, 0xff, 0x3c, 0x00, 0x00, 0x00, 0x00, 0x00, 0x00, 0x00, 0x00, 0x00, 0x00, 0x00, 0x00, 0x00, 0x00, 0x00, 0x00, 0x00, 0x27, 0xfe, 0xff, 0xff, 0xec, 0x09, 0x00, /* 行 8 */
    0x00, 0x58, 0xff, 0xff, 0xff, 0xd0, 0x00, 0x00, 0x00, 0x00, 0x00, 0x00, 0x00, 0x00, 0x00, 0x00, 0x00, 0x00, 0x00, 0x00, 0x00, 0x00, 0x00, 0x00, 0x00, 0xbd, 0xff, 0xff, 0xff, 0x5b, 0x00, /* 行 9 */
    0x00, 0x95, 0xff, 0xff, 0xff, 0x6f, 0x00, 0x00, 0x00, 0x00, 0x00, 0x00, 0x00, 0x00, 0x00, 0x00, 0x00, 0x00, 0x00, 0x00, 0x00, 0x00, 0x00, 0x00, 0x00, 0x5e, 0xff, 0xff, 0xff, 0x99, 0x00, /* 行10 */
    0x00, 0xd0, 0xff, 0xff, 0xff, 0x33, 0x00, 0x00, 0x00, 0x00, 0x00, 0x00, 0x00, 0x00, 0x00, 0x00, 0x00, 0x00, 0x00, 0x00, 0x00, 0x00, 0x00, 0x00, 0x00, 0x24, 0xff, 0xff, 0xff, 0xd4, 0x00, /* 行11 */
    0x05, 0xfd, 0xff, 0xff, 0xf8, 0x06, 0x00, 0x00, 0x00, 0x00, 0x00, 0x00, 0x00, 0x00, 0x00, 0x00, 0x00, 0x00, 0x00, 0x00, 0x00, 0x00, 0x00, 0x00, 0x00, 0x01, 0xf0, 0xff, 0xff, 0xfe, 0x0b, /* 行12 */
    0x16, 0xff, 0xff, 0xff, 0xd9, 0x00, 0x00, 0x00, 0x00, 0x00, 0x00, 0x00, 0x00, 0x00, 0x00, 0x00, 0x00, 0x00, 0x00, 0x00, 0x00, 0x00, 0x00, 0x00, 0x00, 0x00, 0xcd, 0xff, 0xff, 0xff, 0x1f, /* 行13 */
    0x27, 0xff, 0xff, 0xff, 0xca, 0x00, 0x00, 0x00, 0x00, 0x00, 0x00, 0x00, 0x00, 0x00, 0x00, 0x00, 0x00, 0x00, 0x00, 0x00, 0x00, 0x00, 0x00, 0x00, 0x00, 0x00, 0xbe, 0xff, 0xff, 0xff, 0x31, /* 行14 */
    0x38, 0xff, 0xff, 0xff, 0xba, 0x00, 0x00, 0x00, 0x00, 0x00, 0x00, 0x00, 0x00, 0x00, 0x00, 0x00, 0x00, 0x00, 0x00, 0x00, 0x00, 0x00, 0x00, 0x00, 0x00, 0x00, 0xaf, 0xff, 0xff, 0xff, 0x43, /* 行15 */
    0x37, 0xff, 0xff, 0xff, 0xbb, 0x00, 0x00, 0x00, 0x00, 0x00, 0x00, 0x00, 0x00, 0x00, 0x00, 0x00, 0x00, 0x00, 0x00, 0x00, 0x00, 0x00, 0x00, 0x00, 0x00, 0x00, 0xb0, 0xff, 0xff, 0xff, 0x42, /* 行16 */
    0x26, 0xff, 0xff, 0xff, 0xca, 0x00, 0x00, 0x00, 0x00, 0x00, 0x00, 0x00, 0x00, 0x00, 0x00, 0x00, 0x00, 0x00, 0x00, 0x00, 0x00, 0x00, 0x00, 0x00, 0x00, 0x00, 0xbf, 0xff, 0xff, 0xff, 0x30, /* 行17 */
    0x15, 0xff, 0xff, 0xff, 0xd9, 0x00, 0x00, 0x00, 0x00, 0x00, 0x00, 0x00, 0x00, 0x00, 0x00, 0x00, 0x00, 0x00, 0x00, 0x00, 0x00, 0x00, 0x00, 0x00, 0x00, 0x00, 0xce, 0xff, 0xff, 0xff, 0x1f, /* 行18 */
    0x04, 0xfb, 0xff, 0xff, 0xf8, 0x05, 0x00, 0x00, 0x00, 0x00, 0x00, 0x00, 0x00, 0x00, 0x00, 0x00, 0x00, 0x00, 0x00, 0x00, 0x00, 0x00, 0x00, 0x00, 0x00, 0x01, 0xef, 0xff, 0xff, 0xfd, 0x0a, /* 行19 */
    0x00, 0xcd, 0xff, 0xff, 0xff, 0x31, 0x00, 0x00, 0x00, 0x00, 0x00, 0x00, 0x00, 0x00, 0x00, 0x00, 0x00, 0x00, 0x00, 0x00, 0x00, 0x00, 0x00, 0x00, 0x00, 0x24, 0xff, 0xff, 0xff, 0xd2, 0x00, /* 行20 */
    0x00, 0x92, 0xff, 0xff, 0xff, 0x6c, 0x00, 0x00, 0x00, 0x00, 0x00, 0x00, 0x00, 0x00, 0x00, 0x00, 0x00, 0x00, 0x00, 0x00, 0x00, 0x00, 0x00, 0x00, 0x00, 0x5d, 0xff, 0xff, 0xff, 0x96, 0x00, /* 行21 */
    0x00, 0x55, 0xff, 0xff, 0xff, 0xcc, 0x00, 0x00, 0x00, 0x00, 0x00, 0x00, 0x00, 0x00, 0x00, 0x00, 0x00, 0x00, 0x00, 0x00, 0x00, 0x00, 0x00, 0x00, 0x00, 0xbb, 0xff, 0xff, 0xff, 0x57, 0x00, /* 行22 */
    0x00, 0x08, 0xeb, 0xff, 0xff, 0xff, 0x35, 0x00, 0x00, 0x00, 0x00, 0x00, 0x00, 0x00, 0x00, 0x00, 0x00, 0x00, 0x00, 0x00, 0x00, 0x00, 0x00, 0x00, 0x23, 0xfe, 0xff, 0xff, 0xe9, 0x07, 0x00, /* 行23 */
    0x00, 0x00, 0x85, 0xff, 0xff, 0xff, 0xcc, 0x04, 0x00, 0x00, 0x00, 0x00, 0x00, 0x00, 0x00, 0x00, 0x00, 0x00, 0x00, 0x00, 0x00, 0x00, 0x00, 0x00, 0xb9, 0xff, 0xff, 0xff, 0x7f, 0x00, 0x00, /* 行24 */
    0x00, 0x00, 0x19, 0xf1, 0xff, 0xff, 0xff, 0x8c, 0x00, 0x00, 0x00, 0x00, 0x00, 0x00, 0x00, 0x00, 0x00, 0x00, 0x00, 0x00, 0x00, 0x00, 0x00, 0x71, 0xff, 0xff, 0xff, 0xeb, 0x14, 0x00, 0x00, /* 行25 */
    0x00, 0x00, 0x00, 0x59, 0xff, 0xff, 0xff, 0xff, 0x94, 0x03, 0x00, 0x00, 0x00, 0x00, 0x00, 0x00, 0x00, 0x00, 0x00, 0x00, 0x00, 0x00, 0x79, 0xff, 0xff, 0xff, 0xff, 0x4b, 0x00, 0x00, 0x00, /* 行26 */
    0x00, 0x00, 0x00, 0x00, 0x9d, 0xff, 0xff, 0xff, 0xff, 0xd4, 0x4d, 0x01, 0x00, 0x00, 0x00, 0x00, 0x00, 0x00, 0x00, 0x00, 0x3b, 0xc4, 0xff, 0xff, 0xff, 0xff, 0x8d, 0x00, 0x00, 0x00, 0x00, /* 行27 */
    0x00, 0x00, 0x00, 0x00, 0x04, 0xa8, 0xff, 0xff, 0xff, 0xff, 0xff, 0xe9, 0xa3, 0x71, 0x5d, 0x4c, 0x5a, 0x6f, 0x99, 0xe0, 0xff, 0xff, 0xff, 0xff, 0xff, 0x97, 0x01, 0x00, 0x00, 0x00, 0x00, /* 行28 */
    0x00, 0x00, 0x00, 0x00, 0x00, 0x01, 0x75, 0xf7, 0xff, 0xff, 0xff, 0xff, 0xff, 0xff, 0xff, 0xff, 0xff, 0xff, 0xff, 0xff, 0xff, 0xff, 0xff, 0xf3, 0x67, 0x00, 0x00, 0x00, 0x00, 0x00, 0x00, /* 行29 */
    0x00, 0x00, 0x00, 0x00, 0x00, 0x00, 0x00, 0x21, 0x9c, 0xf7, 0xff, 0xff, 0xff, 0xff, 0xff, 0xff, 0xff, 0xff, 0xff, 0xff, 0xff, 0xf5, 0x96, 0x1b, 0x00, 0x00, 0x00, 0x00, 0x00, 0x00, 0x00, /* 行30 */
    0x00, 0x00, 0x00, 0x00, 0x00, 0x00, 0x00, 0x00, 0x00, 0x0d, 0x58, 0x96, 0xc5, 0xe5, 0xf6, 0xfd, 0xf7, 0xe6, 0xc6, 0x97, 0x57, 0x0c, 0x00, 0x00, 0x00, 0x00, 0x00, 0x00, 0x00, 0x00, 0x00, /* 行31 */
};

/* 字符  80: P    */
/*
 * ▓▓██████████████████████▓▓▓▓▒▒░░          
 * ▓▓██████████████████████████████▒▒░░      
 * ▓▓██████████████████████████████████░░    
 * ▓▓██████▒▒░░░░░░░░▒▒▒▒▓▓▓▓████████████░░  
 * ▓▓██████░░                ░░▓▓████████▓▓  
 * ▓▓██████░░                    ▒▒████████░░
 * ▓▓██████░░                      ▓▓██████▒▒
 * ▓▓██████░░                      ▒▒██████▓▓
 * ▓▓██████░░                      ░░██████▓▓
 * ▓▓██████░░                      ░░████████
 * ▓▓██████░░                      ░░██████▓▓
 * ▓▓██████░░                      ▒▒██████▓▓
 * ▓▓██████░░                      ▓▓██████▒▒
 * ▓▓██████░░                    ▒▒████████░░
 * ▓▓██████░░                ░░▒▒████████▒▒  
 * ▓▓██████░░    ░░░░░░░░▒▒▓▓██████████▓▓    
 * ▓▓████████████████████████████████▓▓      
 * ▓▓██████████████████████████████░░        
 * ▓▓██████████████████████▓▓▓▓░░            
 * ▓▓██████▒▒░░░░░░░░░░░░                    
 * ▓▓██████░░                                
 * ▓▓██████░░                                
 * ▓▓██████░░                                
 * ▓▓██████░░                                
 * ▓▓██████░░                                
 * ▓▓██████░░                                
 * ▓▓██████░░                                
 * ▓▓██████░░                                
 * ▓▓██████░░                                
 * ▓▓██████░░                                
 * ▓▓██████░░                                
 * ▓▓██████░░                                
 */
static const unsigned char open_sans_45px_char_080_bitmap[] = {
    0x94, 0xff, 0xff, 0xff, 0xff, 0xff, 0xff, 0xff, 0xff, 0xf5, 0xe8, 0xd8, 0xb0, 0x82, 0x40, 0x02, 0x00, 0x00, 0x00, 0x00, 0x00, /* 行 0 */
    0x94, 0xff, 0xff, 0xff, 0xff, 0xff, 0xff, 0xff, 0xff, 0xff, 0xff, 0xff, 0xff, 0xff, 0xff, 0xe4, 0x73, 0x05, 0x00, 0x00, 0x00, /* 行 1 */
    0x94, 0xff, 0xff, 0xff, 0xff, 0xff, 0xff, 0xff, 0xff, 0xff, 0xff, 0xff, 0xff, 0xff, 0xff, 0xff, 0xff, 0xd3, 0x1c, 0x00, 0x00, /* 行 2 */
    0x94, 0xff, 0xff, 0xff, 0x5a, 0x3c, 0x3c, 0x3c, 0x3f, 0x4b, 0x5c, 0x83, 0xba, 0xfb, 0xff, 0xff, 0xff, 0xff, 0xdd, 0x15, 0x00, /* 行 3 */
    0x94, 0xff, 0xff, 0xff, 0x28, 0x00, 0x00, 0x00, 0x00, 0x00, 0x00, 0x00, 0x00, 0x16, 0x96, 0xff, 0xff, 0xff, 0xff, 0x9e, 0x00, /* 行 4 */
    0x94, 0xff, 0xff, 0xff, 0x28, 0x00, 0x00, 0x00, 0x00, 0x00, 0x00, 0x00, 0x00, 0x00, 0x00, 0x6c, 0xff, 0xff, 0xff, 0xfe, 0x1f, /* 行 5 */
    0x94, 0xff, 0xff, 0xff, 0x28, 0x00, 0x00, 0x00, 0x00, 0x00, 0x00, 0x00, 0x00, 0x00, 0x00, 0x00, 0xbb, 0xff, 0xff, 0xff, 0x6b, /* 行 6 */
    0x94, 0xff, 0xff, 0xff, 0x28, 0x00, 0x00, 0x00, 0x00, 0x00, 0x00, 0x00, 0x00, 0x00, 0x00, 0x00, 0x59, 0xff, 0xff, 0xff, 0xa0, /* 行 7 */
    0x94, 0xff, 0xff, 0xff, 0x28, 0x00, 0x00, 0x00, 0x00, 0x00, 0x00, 0x00, 0x00, 0x00, 0x00, 0x00, 0x29, 0xff, 0xff, 0xff, 0xb7, /* 行 8 */
    0x94, 0xff, 0xff, 0xff, 0x28, 0x00, 0x00, 0x00, 0x00, 0x00, 0x00, 0x00, 0x00, 0x00, 0x00, 0x00, 0x1a, 0xff, 0xff, 0xff, 0xc0, /* 行 9 */
    0x94, 0xff, 0xff, 0xff, 0x28, 0x00, 0x00, 0x00, 0x00, 0x00, 0x00, 0x00, 0x00, 0x00, 0x00, 0x00, 0x2d, 0xff, 0xff, 0xff, 0xa9, /* 行10 */
    0x94, 0xff, 0xff, 0xff, 0x28, 0x00, 0x00, 0x00, 0x00, 0x00, 0x00, 0x00, 0x00, 0x00, 0x00, 0x00, 0x5d, 0xff, 0xff, 0xff, 0x8a, /* 行11 */
    0x94, 0xff, 0xff, 0xff, 0x28, 0x00, 0x00, 0x00, 0x00, 0x00, 0x00, 0x00, 0x00, 0x00, 0x00, 0x00, 0xb8, 0xff, 0xff, 0xff, 0x41, /* 行12 */
    0x94, 0xff, 0xff, 0xff, 0x28, 0x00, 0x00, 0x00, 0x00, 0x00, 0x00, 0x00, 0x00, 0x00, 0x00, 0x5c, 0xff, 0xff, 0xff, 0xe2, 0x03, /* 行13 */
    0x94, 0xff, 0xff, 0xff, 0x28, 0x00, 0x00, 0x00, 0x00, 0x00, 0x00, 0x00, 0x00, 0x08, 0x78, 0xfc, 0xff, 0xff, 0xff, 0x53, 0x00, /* 行14 */
    0x94, 0xff, 0xff, 0xff, 0x28, 0x00, 0x00, 0x01, 0x0a, 0x15, 0x32, 0x59, 0x99, 0xe8, 0xff, 0xff, 0xff, 0xff, 0x95, 0x00, 0x00, /* 行15 */
    0x94, 0xff, 0xff, 0xff, 0xff, 0xff, 0xff, 0xff, 0xff, 0xff, 0xff, 0xff, 0xff, 0xff, 0xff, 0xff, 0xfe, 0x8a, 0x00, 0x00, 0x00, /* 行16 */
    0x94, 0xff, 0xff, 0xff, 0xff, 0xff, 0xff, 0xff, 0xff, 0xff, 0xff, 0xff, 0xff, 0xff, 0xff, 0xc6, 0x37, 0x00, 0x00, 0x00, 0x00, /* 行17 */
    0x94, 0xff, 0xff, 0xff, 0xff, 0xff, 0xff, 0xff, 0xff, 0xff, 0xff, 0xeb, 0xbb, 0x82, 0x29, 0x00, 0x00, 0x00, 0x00, 0x00, 0x00, /* 行18 */
    0x94, 0xff, 0xff, 0xff, 0x53, 0x34, 0x34, 0x34, 0x2d, 0x1e, 0x0f, 0x00, 0x00, 0x00, 0x00, 0x00, 0x00, 0x00, 0x00, 0x00, 0x00, /* 行19 */
    0x94, 0xff, 0xff, 0xff, 0x28, 0x00, 0x00, 0x00, 0x00, 0x00, 0x00, 0x00, 0x00, 0x00, 0x00, 0x00, 0x00, 0x00, 0x00, 0x00, 0x00, /* 行20 */
    0x94, 0xff, 0xff, 0xff, 0x28, 0x00, 0x00, 0x00, 0x00, 0x00, 0x00, 0x00, 0x00, 0x00, 0x00, 0x00, 0x00, 0x00, 0x00, 0x00, 0x00, /* 行21 */
    0x94, 0xff, 0xff, 0xff, 0x28, 0x00, 0x00, 0x00, 0x00, 0x00, 0x00, 0x00, 0x00, 0x00, 0x00, 0x00, 0x00, 0x00, 0x00, 0x00, 0x00, /* 行22 */
    0x94, 0xff, 0xff, 0xff, 0x28, 0x00, 0x00, 0x00, 0x00, 0x00, 0x00, 0x00, 0x00, 0x00, 0x00, 0x00, 0x00, 0x00, 0x00, 0x00, 0x00, /* 行23 */
    0x94, 0xff, 0xff, 0xff, 0x28, 0x00, 0x00, 0x00, 0x00, 0x00, 0x00, 0x00, 0x00, 0x00, 0x00, 0x00, 0x00, 0x00, 0x00, 0x00, 0x00, /* 行24 */
    0x94, 0xff, 0xff, 0xff, 0x28, 0x00, 0x00, 0x00, 0x00, 0x00, 0x00, 0x00, 0x00, 0x00, 0x00, 0x00, 0x00, 0x00, 0x00, 0x00, 0x00, /* 行25 */
    0x94, 0xff, 0xff, 0xff, 0x28, 0x00, 0x00, 0x00, 0x00, 0x00, 0x00, 0x00, 0x00, 0x00, 0x00, 0x00, 0x00, 0x00, 0x00, 0x00, 0x00, /* 行26 */
    0x94, 0xff, 0xff, 0xff, 0x28, 0x00, 0x00, 0x00, 0x00, 0x00, 0x00, 0x00, 0x00, 0x00, 0x00, 0x00, 0x00, 0x00, 0x00, 0x00, 0x00, /* 行27 */
    0x94, 0xff, 0xff, 0xff, 0x28, 0x00, 0x00, 0x00, 0x00, 0x00, 0x00, 0x00, 0x00, 0x00, 0x00, 0x00, 0x00, 0x00, 0x00, 0x00, 0x00, /* 行28 */
    0x94, 0xff, 0xff, 0xff, 0x28, 0x00, 0x00, 0x00, 0x00, 0x00, 0x00, 0x00, 0x00, 0x00, 0x00, 0x00, 0x00, 0x00, 0x00, 0x00, 0x00, /* 行29 */
    0x94, 0xff, 0xff, 0xff, 0x28, 0x00, 0x00, 0x00, 0x00, 0x00, 0x00, 0x00, 0x00, 0x00, 0x00, 0x00, 0x00, 0x00, 0x00, 0x00, 0x00, /* 行30 */
    0x94, 0xff, 0xff, 0xff, 0x28, 0x00, 0x00, 0x00, 0x00, 0x00, 0x00, 0x00, 0x00, 0x00, 0x00, 0x00, 0x00, 0x00, 0x00, 0x00, 0x00, /* 行31 */
};

/* 字符  81: Q    */
/*
 *                   ░░▒▒▓▓██████████████▓▓▒▒░░                  
 *               ░░▓▓██████████████████████████▓▓░░              
 *           ░░▒▒██████████████████████████████████▒▒            
 *         ░░▓▓████████████▓▓▓▓▒▒▒▒▒▒▓▓▓▓████████████▓▓░░        
 *         ▓▓██████████▒▒░░              ░░▒▒██████████▓▓        
 *       ▒▒████████▓▓░░                      ░░▓▓████████▒▒      
 *     ░░████████▓▓░░                            ▒▒████████░░    
 *     ▓▓████████░░                              ░░▓▓██████▓▓    
 *   ░░████████░░                                  ░░████████░░  
 *   ▒▒████████                                      ▓▓██████▒▒  
 *   ▓▓██████▒▒                                      ▒▒██████▓▓  
 *   ████████░░                                      ░░████████  
 * ░░████████░░                                      ░░████████░░
 * ░░████████                                          ████████░░
 * ░░████████                                          ▓▓██████░░
 * ░░██████▓▓                                          ▓▓██████▒▒
 * ░░██████▓▓                                          ▓▓██████▒▒
 * ░░████████                                          ▓▓██████░░
 * ░░████████                                          ████████░░
 * ░░████████░░                                      ░░████████░░
 *   ████████░░                                      ░░████████  
 *   ▓▓██████▒▒                                      ▒▒██████▓▓  
 *   ▒▒████████                                      ▓▓██████▒▒  
 *   ░░████████░░                                  ░░████████░░  
 *     ▓▓████████░░                                ▓▓██████▓▓    
 *     ░░████████▓▓                              ▒▒████████░░    
 *       ▒▒████████▓▓░░                        ▒▒████████▒▒      
 *         ▓▓██████████▒▒░░                ░░██████████▓▓        
 *         ░░▓▓████████████▓▓▒▒▒▒▒▒▒▒▒▒▓▓████████████▓▓░░        
 *             ▒▒██████████████████████████████████▒▒            
 *               ░░▓▓██████████████████████████▓▓░░              
 *                   ░░▒▒▓▓██████████████████░░                  
 *                                 ░░▓▓████████░░                
 *                                   ░░██████████░░              
 *                                     ░░██████████░░            
 *                                       ░░██████████░░          
 *                                         ░░██████████░░        
 *                                           ▒▒██████████░░      
 *                                             ▒▒██████████░░    
 */
static const unsigned char open_sans_45px_char_081_bitmap[] = {
    0x00, 0x00, 0x00, 0x00, 0x00, 0x00, 0x00, 0x00, 0x00, 0x0c, 0x56, 0x93, 0xc4, 0xe3, 0xf5, 0xfd, 0xf6, 0xe6, 0xc7, 0x97, 0x58, 0x0d, 0x00, 0x00, 0x00, 0x00, 0x00, 0x00, 0x00, 0x00, 0x00, /* 行 0 */
    0x00, 0x00, 0x00, 0x00, 0x00, 0x00, 0x00, 0x1f, 0x99, 0xf6, 0xff, 0xff, 0xff, 0xff, 0xff, 0xff, 0xff, 0xff, 0xff, 0xff, 0xff, 0xf7, 0x98, 0x1d, 0x00, 0x00, 0x00, 0x00, 0x00, 0x00, 0x00, /* 行 1 */
    0x00, 0x00, 0x00, 0x00, 0x00, 0x01, 0x73, 0xf6, 0xff, 0xff, 0xff, 0xff, 0xff, 0xff, 0xff, 0xff, 0xff, 0xff, 0xff, 0xff, 0xff, 0xff, 0xff, 0xf4, 0x6c, 0x00, 0x00, 0x00, 0x00, 0x00, 0x00, /* 行 2 */
    0x00, 0x00, 0x00, 0x00, 0x04, 0xa7, 0xff, 0xff, 0xff, 0xff, 0xff, 0xf5, 0xb6, 0x84, 0x6f, 0x5d, 0x6b, 0x80, 0xa9, 0xed, 0xff, 0xff, 0xff, 0xff, 0xff, 0x9d, 0x02, 0x00, 0x00, 0x00, 0x00, /* 行 3 */
    0x00, 0x00, 0x00, 0x00, 0x9d, 0xff, 0xff, 0xff, 0xff, 0xe1, 0x5f, 0x07, 0x00, 0x00, 0x00, 0x00, 0x00, 0x00, 0x00, 0x02, 0x49, 0xd0, 0xff, 0xff, 0xff, 0xff, 0x94, 0x00, 0x00, 0x00, 0x00, /* 行 4 */
    0x00, 0x00, 0x00, 0x5b, 0xff, 0xff, 0xff, 0xff, 0xa4, 0x07, 0x00, 0x00, 0x00, 0x00, 0x00, 0x00, 0x00, 0x00, 0x00, 0x00, 0x00, 0x02, 0x85, 0xff, 0xff, 0xff, 0xff, 0x51, 0x00, 0x00, 0x00, /* 行 5 */
    0x00, 0x00, 0x1a, 0xf2, 0xff, 0xff, 0xff, 0x99, 0x01, 0x00, 0x00, 0x00, 0x00, 0x00, 0x00, 0x00, 0x00, 0x00, 0x00, 0x00, 0x00, 0x00, 0x00, 0x7b, 0xff, 0xff, 0xff, 0xee, 0x17, 0x00, 0x00, /* 行 6 */
    0x00, 0x00, 0x87, 0xff, 0xff, 0xff, 0xd4, 0x07, 0x00, 0x00, 0x00, 0x00, 0x00, 0x00, 0x00, 0x00, 0x00, 0x00, 0x00, 0x00, 0x00, 0x00, 0x00, 0x01, 0xbf, 0xff, 0xff, 0xff, 0x84, 0x00, 0x00, /* 行 7 */
    0x00, 0x0a, 0xed, 0xff, 0xff, 0xff, 0x3c, 0x00, 0x00, 0x00, 0x00, 0x00, 0x00, 0x00, 0x00, 0x00, 0x00, 0x00, 0x00, 0x00, 0x00, 0x00, 0x00, 0x00, 0x27, 0xfe, 0xff, 0xff, 0xec, 0x09, 0x00, /* 行 8 */
    0x00, 0x58, 0xff, 0xff, 0xff, 0xd0, 0x00, 0x00, 0x00, 0x00, 0x00, 0x00, 0x00, 0x00, 0x00, 0x00, 0x00, 0x00, 0x00, 0x00, 0x00, 0x00, 0x00, 0x00, 0x00, 0xbd, 0xff, 0xff, 0xff, 0x5b, 0x00, /* 行 9 */
    0x00, 0x95, 0xff, 0xff, 0xff, 0x6f, 0x00, 0x00, 0x00, 0x00, 0x00, 0x00, 0x00, 0x00, 0x00, 0x00, 0x00, 0x00, 0x00, 0x00, 0x00, 0x00, 0x00, 0x00, 0x00, 0x5e, 0xff, 0xff, 0xff, 0x99, 0x00, /* 行10 */
    0x00, 0xd0, 0xff, 0xff, 0xff, 0x33, 0x00, 0x00, 0x00, 0x00, 0x00, 0x00, 0x00, 0x00, 0x00, 0x00, 0x00, 0x00, 0x00, 0x00, 0x00, 0x00, 0x00, 0x00, 0x00, 0x24, 0xff, 0xff, 0xff, 0xd4, 0x00, /* 行11 */
    0x05, 0xfd, 0xff, 0xff, 0xf8, 0x06, 0x00, 0x00, 0x00, 0x00, 0x00, 0x00, 0x00, 0x00, 0x00, 0x00, 0x00, 0x00, 0x00, 0x00, 0x00, 0x00, 0x00, 0x00, 0x00, 0x01, 0xf0, 0xff, 0xff, 0xfe, 0x0b, /* 行12 */
    0x16, 0xff, 0xff, 0xff, 0xd9, 0x00, 0x00, 0x00, 0x00, 0x00, 0x00, 0x00, 0x00, 0x00, 0x00, 0x00, 0x00, 0x00, 0x00, 0x00, 0x00, 0x00, 0x00, 0x00, 0x00, 0x00, 0xcd, 0xff, 0xff, 0xff, 0x1f, /* 行13 */
    0x27, 0xff, 0xff, 0xff, 0xca, 0x00, 0x00, 0x00, 0x00, 0x00, 0x00, 0x00, 0x00, 0x00, 0x00, 0x00, 0x00, 0x00, 0x00, 0x00, 0x00, 0x00, 0x00, 0x00, 0x00, 0x00, 0xbe, 0xff, 0xff, 0xff, 0x31, /* 行14 */
    0x38, 0xff, 0xff, 0xff, 0xba, 0x00, 0x00, 0x00, 0x00, 0x00, 0x00, 0x00, 0x00, 0x00, 0x00, 0x00, 0x00, 0x00, 0x00, 0x00, 0x00, 0x00, 0x00, 0x00, 0x00, 0x00, 0xaf, 0xff, 0xff, 0xff, 0x43, /* 行15 */
    0x37, 0xff, 0xff, 0xff, 0xbb, 0x00, 0x00, 0x00, 0x00, 0x00, 0x00, 0x00, 0x00, 0x00, 0x00, 0x00, 0x00, 0x00, 0x00, 0x00, 0x00, 0x00, 0x00, 0x00, 0x00, 0x00, 0xb0, 0xff, 0xff, 0xff, 0x44, /* 行16 */
    0x26, 0xff, 0xff, 0xff, 0xca, 0x00, 0x00, 0x00, 0x00, 0x00, 0x00, 0x00, 0x00, 0x00, 0x00, 0x00, 0x00, 0x00, 0x00, 0x00, 0x00, 0x00, 0x00, 0x00, 0x00, 0x00, 0xbf, 0xff, 0xff, 0xff, 0x36, /* 行17 */
    0x15, 0xff, 0xff, 0xff, 0xd9, 0x00, 0x00, 0x00, 0x00, 0x00, 0x00, 0x00, 0x00, 0x00, 0x00, 0x00, 0x00, 0x00, 0x00, 0x00, 0x00, 0x00, 0x00, 0x00, 0x00, 0x00, 0xce, 0xff, 0xff, 0xff, 0x28, /* 行18 */
    0x04, 0xfb, 0xff, 0xff, 0xf8, 0x05, 0x00, 0x00, 0x00, 0x00, 0x00, 0x00, 0x00, 0x00, 0x00, 0x00, 0x00, 0x00, 0x00, 0x00, 0x00, 0x00, 0x00, 0x00, 0x00, 0x01, 0xef, 0xff, 0xff, 0xfc, 0x09, /* 行19 */
    0x00, 0xcc, 0xff, 0xff, 0xff, 0x31, 0x00, 0x00, 0x00, 0x00, 0x00, 0x00, 0x00, 0x00, 0x00, 0x00, 0x00, 0x00, 0x00, 0x00, 0x00, 0x00, 0x00, 0x00, 0x00, 0x24, 0xff, 0xff, 0xff, 0xd8, 0x00, /* 行20 */
    0x00, 0x92, 0xff, 0xff, 0xff, 0x6c, 0x00, 0x00, 0x00, 0x00, 0x00, 0x00, 0x00, 0x00, 0x00, 0x00, 0x00, 0x00, 0x00, 0x00, 0x00, 0x00, 0x00, 0x00, 0x00, 0x5d, 0xff, 0xff, 0xff, 0xa5, 0x00, /* 行21 */
    0x00, 0x55, 0xff, 0xff, 0xff, 0xcc, 0x00, 0x00, 0x00, 0x00, 0x00, 0x00, 0x00, 0x00, 0x00, 0x00, 0x00, 0x00, 0x00, 0x00, 0x00, 0x00, 0x00, 0x00, 0x00, 0xbb, 0xff, 0xff, 0xff, 0x55, 0x00, /* 行22 */
    0x00, 0x08, 0xeb, 0xff, 0xff, 0xff, 0x35, 0x00, 0x00, 0x00, 0x00, 0x00, 0x00, 0x00, 0x00, 0x00, 0x00, 0x00, 0x00, 0x00, 0x00, 0x00, 0x00, 0x00, 0x23, 0xfe, 0xff, 0xff, 0xf5, 0x0b, 0x00, /* 行23 */
    0x00, 0x00, 0x83, 0xff, 0xff, 0xff, 0xcc, 0x04, 0x00, 0x00, 0x00, 0x00, 0x00, 0x00, 0x00, 0x00, 0x00, 0x00, 0x00, 0x00, 0x00, 0x00, 0x00, 0x00, 0xb9, 0xff, 0xff, 0xff, 0x8b, 0x00, 0x00, /* 行24 */
    0x00, 0x00, 0x18, 0xf0, 0xff, 0xff, 0xff, 0x8c, 0x00, 0x00, 0x00, 0x00, 0x00, 0x00, 0x00, 0x00, 0x00, 0x00, 0x00, 0x00, 0x00, 0x00, 0x00, 0x71, 0xff, 0xff, 0xff, 0xf3, 0x14, 0x00, 0x00, /* 行25 */
    0x00, 0x00, 0x00, 0x56, 0xff, 0xff, 0xff, 0xff, 0x94, 0x03, 0x00, 0x00, 0x00, 0x00, 0x00, 0x00, 0x00, 0x00, 0x00, 0x00, 0x00, 0x00, 0x79, 0xff, 0xff, 0xff, 0xff, 0x60, 0x00, 0x00, 0x00, /* 行26 */
    0x00, 0x00, 0x00, 0x00, 0x99, 0xff, 0xff, 0xff, 0xff, 0xd4, 0x4d, 0x01, 0x00, 0x00, 0x00, 0x00, 0x00, 0x00, 0x00, 0x00, 0x3b, 0xc4, 0xff, 0xff, 0xff, 0xff, 0x9d, 0x00, 0x00, 0x00, 0x00, /* 行27 */
    0x00, 0x00, 0x00, 0x00, 0x04, 0xa5, 0xff, 0xff, 0xff, 0xff, 0xff, 0xe9, 0xa3, 0x71, 0x5d, 0x4c, 0x5a, 0x6f, 0x99, 0xe0, 0xff, 0xff, 0xff, 0xff, 0xff, 0x9b, 0x03, 0x00, 0x00, 0x00, 0x00, /* 行28 */
    0x00, 0x00, 0x00, 0x00, 0x00, 0x00, 0x73, 0xf6, 0xff, 0xff, 0xff, 0xff, 0xff, 0xff, 0xff, 0xff, 0xff, 0xff, 0xff, 0xff, 0xff, 0xff, 0xff, 0xf3, 0x6f, 0x00, 0x00, 0x00, 0x00, 0x00, 0x00, /* 行29 */
    0x00, 0x00, 0x00, 0x00, 0x00, 0x00, 0x00, 0x20, 0x9a, 0xf7, 0xff, 0xff, 0xff, 0xff, 0xff, 0xff, 0xff, 0xff, 0xff, 0xff, 0xff, 0xf3, 0x99, 0x1e, 0x00, 0x00, 0x00, 0x00, 0x00, 0x00, 0x00, /* 行30 */
    0x00, 0x00, 0x00, 0x00, 0x00, 0x00, 0x00, 0x00, 0x00, 0x0d, 0x57, 0x96, 0xc5, 0xe5, 0xf6, 0xfd, 0xf9, 0xff, 0xff, 0xff, 0xf9, 0x30, 0x00, 0x00, 0x00, 0x00, 0x00, 0x00, 0x00, 0x00, 0x00, /* 行31 */
    0x00, 0x00, 0x00, 0x00, 0x00, 0x00, 0x00, 0x00, 0x00, 0x00, 0x00, 0x00, 0x00, 0x00, 0x00, 0x00, 0x05, 0xba, 0xff, 0xff, 0xff, 0xe2, 0x21, 0x00, 0x00, 0x00, 0x00, 0x00, 0x00, 0x00, 0x00, /* 行32 */
    0x00, 0x00, 0x00, 0x00, 0x00, 0x00, 0x00, 0x00, 0x00, 0x00, 0x00, 0x00, 0x00, 0x00, 0x00, 0x00, 0x00, 0x0d, 0xcf, 0xff, 0xff, 0xff, 0xe1, 0x20, 0x00, 0x00, 0x00, 0x00, 0x00, 0x00, 0x00, /* 行33 */
    0x00, 0x00, 0x00, 0x00, 0x00, 0x00, 0x00, 0x00, 0x00, 0x00, 0x00, 0x00, 0x00, 0x00, 0x00, 0x00, 0x00, 0x00, 0x19, 0xdf, 0xff, 0xff, 0xff, 0xdf, 0x1f, 0x00, 0x00, 0x00, 0x00, 0x00, 0x00, /* 行34 */
    0x00, 0x00, 0x00, 0x00, 0x00, 0x00, 0x00, 0x00, 0x00, 0x00, 0x00, 0x00, 0x00, 0x00, 0x00, 0x00, 0x00, 0x00, 0x00, 0x28, 0xed, 0xff, 0xff, 0xff, 0xde, 0x1e, 0x00, 0x00, 0x00, 0x00, 0x00, /* 行35 */
    0x00, 0x00, 0x00, 0x00, 0x00, 0x00, 0x00, 0x00, 0x00, 0x00, 0x00, 0x00, 0x00, 0x00, 0x00, 0x00, 0x00, 0x00, 0x00, 0x00, 0x3a, 0xf7, 0xff, 0xff, 0xff, 0xdd, 0x1c, 0x00, 0x00, 0x00, 0x00, /* 行36 */
    0x00, 0x00, 0x00, 0x00, 0x00, 0x00, 0x00, 0x00, 0x00, 0x00, 0x00, 0x00, 0x00, 0x00, 0x00, 0x00, 0x00, 0x00, 0x00, 0x00, 0x00, 0x51, 0xfd, 0xff, 0xff, 0xff, 0xdb, 0x1b, 0x00, 0x00, 0x00, /* 行37 */
    0x00, 0x00, 0x00, 0x00, 0x00, 0x00, 0x00, 0x00, 0x00, 0x00, 0x00, 0x00, 0x00, 0x00, 0x00, 0x00, 0x00, 0x00, 0x00, 0x00, 0x00, 0x00, 0x6a, 0xff, 0xff, 0xff, 0xff, 0xda, 0x1a, 0x00, 0x00, /* 行38 */
};

/* 字符  82: R    */
/*
 * ▓▓████████████████████████▓▓▒▒░░                
 * ▓▓██████████████████████████████▓▓░░            
 * ▓▓██████████████████████████████████▒▒          
 * ▓▓██████▒▒▒▒▒▒▒▒▒▒▒▒▒▒▒▒▓▓████████████░░        
 * ▓▓██████░░                ░░▒▒██████████░░      
 * ▓▓██████░░                    ░░████████░░      
 * ▓▓██████░░                      ▓▓██████▓▓      
 * ▓▓██████░░                      ░░██████▓▓      
 * ▓▓██████░░                      ░░████████      
 * ▓▓██████░░                      ░░██████▓▓      
 * ▓▓██████░░                      ░░██████▓▓      
 * ▓▓██████░░                      ▓▓██████▒▒      
 * ▓▓██████░░                    ░░████████░░      
 * ▓▓██████░░                  ░░████████▒▒        
 * ▓▓██████░░        ░░░░░░▒▒▓▓████████▓▓░░        
 * ▓▓████████████████████████████████▓▓░░          
 * ▓▓████████████████████████████▓▓░░              
 * ▓▓██████████████████████████▓▓                  
 * ▓▓██████▒▒░░░░░░░░░░░░████████░░                
 * ▓▓██████░░            ▒▒██████▓▓                
 * ▓▓██████░░            ░░████████▒▒              
 * ▓▓██████░░              ▒▒████████░░            
 * ▓▓██████░░                ▓▓██████▒▒            
 * ▓▓██████░░                ░░████████░░          
 * ▓▓██████░░                  ▓▓██████▓▓          
 * ▓▓██████░░                  ░░████████░░        
 * ▓▓██████░░                    ▒▒████████░░      
 * ▓▓██████░░                    ░░████████▒▒      
 * ▓▓██████░░                      ▒▒████████░░    
 * ▓▓██████░░                        ████████▓▓    
 * ▓▓██████░░                        ░░████████░░  
 * ▓▓██████░░                          ▓▓██████▓▓  
 */
static const unsigned char open_sans_45px_char_082_bitmap[] = {
    0x94, 0xff, 0xff, 0xff, 0xff, 0xff, 0xff, 0xff, 0xff, 0xfc, 0xef, 0xe2, 0xc6, 0x9a, 0x65, 0x14, 0x00, 0x00, 0x00, 0x00, 0x00, 0x00, 0x00, 0x00, /* 行 0 */
    0x94, 0xff, 0xff, 0xff, 0xff, 0xff, 0xff, 0xff, 0xff, 0xff, 0xff, 0xff, 0xff, 0xff, 0xff, 0xfb, 0xaa, 0x1e, 0x00, 0x00, 0x00, 0x00, 0x00, 0x00, /* 行 1 */
    0x94, 0xff, 0xff, 0xff, 0xff, 0xff, 0xff, 0xff, 0xff, 0xff, 0xff, 0xff, 0xff, 0xff, 0xff, 0xff, 0xff, 0xf5, 0x4a, 0x00, 0x00, 0x00, 0x00, 0x00, /* 行 2 */
    0x94, 0xff, 0xff, 0xff, 0x64, 0x48, 0x48, 0x48, 0x48, 0x4d, 0x59, 0x73, 0x9d, 0xe4, 0xff, 0xff, 0xff, 0xff, 0xf8, 0x39, 0x00, 0x00, 0x00, 0x00, /* 行 3 */
    0x94, 0xff, 0xff, 0xff, 0x28, 0x00, 0x00, 0x00, 0x00, 0x00, 0x00, 0x00, 0x00, 0x01, 0x54, 0xe8, 0xff, 0xff, 0xff, 0xcf, 0x02, 0x00, 0x00, 0x00, /* 行 4 */
    0x94, 0xff, 0xff, 0xff, 0x28, 0x00, 0x00, 0x00, 0x00, 0x00, 0x00, 0x00, 0x00, 0x00, 0x00, 0x27, 0xf5, 0xff, 0xff, 0xff, 0x3d, 0x00, 0x00, 0x00, /* 行 5 */
    0x94, 0xff, 0xff, 0xff, 0x28, 0x00, 0x00, 0x00, 0x00, 0x00, 0x00, 0x00, 0x00, 0x00, 0x00, 0x00, 0x8a, 0xff, 0xff, 0xff, 0x87, 0x00, 0x00, 0x00, /* 行 6 */
    0x94, 0xff, 0xff, 0xff, 0x28, 0x00, 0x00, 0x00, 0x00, 0x00, 0x00, 0x00, 0x00, 0x00, 0x00, 0x00, 0x3d, 0xff, 0xff, 0xff, 0xab, 0x00, 0x00, 0x00, /* 行 7 */
    0x94, 0xff, 0xff, 0xff, 0x28, 0x00, 0x00, 0x00, 0x00, 0x00, 0x00, 0x00, 0x00, 0x00, 0x00, 0x00, 0x1f, 0xff, 0xff, 0xff, 0xc0, 0x00, 0x00, 0x00, /* 行 8 */
    0x94, 0xff, 0xff, 0xff, 0x28, 0x00, 0x00, 0x00, 0x00, 0x00, 0x00, 0x00, 0x00, 0x00, 0x00, 0x00, 0x1f, 0xff, 0xff, 0xff, 0xbb, 0x00, 0x00, 0x00, /* 行 9 */
    0x94, 0xff, 0xff, 0xff, 0x28, 0x00, 0x00, 0x00, 0x00, 0x00, 0x00, 0x00, 0x00, 0x00, 0x00, 0x00, 0x3d, 0xff, 0xff, 0xff, 0x9e, 0x00, 0x00, 0x00, /* 行10 */
    0x94, 0xff, 0xff, 0xff, 0x28, 0x00, 0x00, 0x00, 0x00, 0x00, 0x00, 0x00, 0x00, 0x00, 0x00, 0x00, 0x86, 0xff, 0xff, 0xff, 0x62, 0x00, 0x00, 0x00, /* 行11 */
    0x94, 0xff, 0xff, 0xff, 0x28, 0x00, 0x00, 0x00, 0x00, 0x00, 0x00, 0x00, 0x00, 0x00, 0x00, 0x1b, 0xf1, 0xff, 0xff, 0xf3, 0x0e, 0x00, 0x00, 0x00, /* 行12 */
    0x94, 0xff, 0xff, 0xff, 0x28, 0x00, 0x00, 0x00, 0x00, 0x00, 0x00, 0x00, 0x00, 0x00, 0x29, 0xd6, 0xff, 0xff, 0xff, 0x74, 0x00, 0x00, 0x00, 0x00, /* 行13 */
    0x94, 0xff, 0xff, 0xff, 0x28, 0x00, 0x00, 0x00, 0x00, 0x03, 0x0f, 0x28, 0x58, 0xa7, 0xfa, 0xff, 0xff, 0xff, 0xa6, 0x02, 0x00, 0x00, 0x00, 0x00, /* 行14 */
    0x94, 0xff, 0xff, 0xff, 0xff, 0xff, 0xff, 0xff, 0xff, 0xff, 0xff, 0xff, 0xff, 0xff, 0xff, 0xff, 0xfc, 0x84, 0x02, 0x00, 0x00, 0x00, 0x00, 0x00, /* 行15 */
    0x94, 0xff, 0xff, 0xff, 0xff, 0xff, 0xff, 0xff, 0xff, 0xff, 0xff, 0xff, 0xff, 0xff, 0xf9, 0xa7, 0x2a, 0x00, 0x00, 0x00, 0x00, 0x00, 0x00, 0x00, /* 行16 */
    0x94, 0xff, 0xff, 0xff, 0xff, 0xff, 0xff, 0xff, 0xff, 0xff, 0xff, 0xff, 0xff, 0xff, 0x92, 0x00, 0x00, 0x00, 0x00, 0x00, 0x00, 0x00, 0x00, 0x00, /* 行17 */
    0x94, 0xff, 0xff, 0xff, 0x53, 0x34, 0x34, 0x34, 0x34, 0x34, 0x38, 0xea, 0xff, 0xff, 0xfa, 0x27, 0x00, 0x00, 0x00, 0x00, 0x00, 0x00, 0x00, 0x00, /* 行18 */
    0x94, 0xff, 0xff, 0xff, 0x28, 0x00, 0x00, 0x00, 0x00, 0x00, 0x00, 0x6a, 0xff, 0xff, 0xff, 0xb7, 0x00, 0x00, 0x00, 0x00, 0x00, 0x00, 0x00, 0x00, /* 行19 */
    0x94, 0xff, 0xff, 0xff, 0x28, 0x00, 0x00, 0x00, 0x00, 0x00, 0x00, 0x03, 0xd5, 0xff, 0xff, 0xff, 0x4e, 0x00, 0x00, 0x00, 0x00, 0x00, 0x00, 0x00, /* 行20 */
    0x94, 0xff, 0xff, 0xff, 0x28, 0x00, 0x00, 0x00, 0x00, 0x00, 0x00, 0x00, 0x49, 0xff, 0xff, 0xff, 0xdc, 0x07, 0x00, 0x00, 0x00, 0x00, 0x00, 0x00, /* 行21 */
    0x94, 0xff, 0xff, 0xff, 0x28, 0x00, 0x00, 0x00, 0x00, 0x00, 0x00, 0x00, 0x00, 0xb9, 0xff, 0xff, 0xff, 0x7a, 0x00, 0x00, 0x00, 0x00, 0x00, 0x00, /* 行22 */
    0x94, 0xff, 0xff, 0xff, 0x28, 0x00, 0x00, 0x00, 0x00, 0x00, 0x00, 0x00, 0x00, 0x2c, 0xfc, 0xff, 0xff, 0xf4, 0x1b, 0x00, 0x00, 0x00, 0x00, 0x00, /* 行23 */
    0x94, 0xff, 0xff, 0xff, 0x28, 0x00, 0x00, 0x00, 0x00, 0x00, 0x00, 0x00, 0x00, 0x00, 0x99, 0xff, 0xff, 0xff, 0xa6, 0x00, 0x00, 0x00, 0x00, 0x00, /* 行24 */
    0x94, 0xff, 0xff, 0xff, 0x28, 0x00, 0x00, 0x00, 0x00, 0x00, 0x00, 0x00, 0x00, 0x00, 0x16, 0xf2, 0xff, 0xff, 0xff, 0x3c, 0x00, 0x00, 0x00, 0x00, /* 行25 */
    0x94, 0xff, 0xff, 0xff, 0x28, 0x00, 0x00, 0x00, 0x00, 0x00, 0x00, 0x00, 0x00, 0x00, 0x00, 0x79, 0xff, 0xff, 0xff, 0xcf, 0x02, 0x00, 0x00, 0x00, /* 行26 */
    0x94, 0xff, 0xff, 0xff, 0x28, 0x00, 0x00, 0x00, 0x00, 0x00, 0x00, 0x00, 0x00, 0x00, 0x00, 0x08, 0xe0, 0xff, 0xff, 0xff, 0x68, 0x00, 0x00, 0x00, /* 行27 */
    0x94, 0xff, 0xff, 0xff, 0x28, 0x00, 0x00, 0x00, 0x00, 0x00, 0x00, 0x00, 0x00, 0x00, 0x00, 0x00, 0x59, 0xff, 0xff, 0xff, 0xec, 0x11, 0x00, 0x00, /* 行28 */
    0x94, 0xff, 0xff, 0xff, 0x28, 0x00, 0x00, 0x00, 0x00, 0x00, 0x00, 0x00, 0x00, 0x00, 0x00, 0x00, 0x00, 0xc7, 0xff, 0xff, 0xff, 0x94, 0x00, 0x00, /* 行29 */
    0x94, 0xff, 0xff, 0xff, 0x28, 0x00, 0x00, 0x00, 0x00, 0x00, 0x00, 0x00, 0x00, 0x00, 0x00, 0x00, 0x00, 0x39, 0xff, 0xff, 0xff, 0xfc, 0x2d, 0x00, /* 行30 */
    0x94, 0xff, 0xff, 0xff, 0x28, 0x00, 0x00, 0x00, 0x00, 0x00, 0x00, 0x00, 0x00, 0x00, 0x00, 0x00, 0x00, 0x00, 0xa8, 0xff, 0xff, 0xff, 0xbf, 0x00, /* 行31 */
};

/* 字符  83: S    */
/*
 *           ░░▒▒▓▓████████████▓▓▓▓▒▒░░      
 *       ░░▒▒██████████████████████████▓▓▒▒  
 *     ░░████████████████████████████████▒▒  
 *   ░░████████████▓▓▒▒▒▒▒▒▒▒▓▓▓▓████████░░  
 *   ▒▒████████▒▒░░              ░░▒▒▓▓▓▓    
 *   ████████▒▒                              
 * ░░████████                                
 * ░░██████▓▓                                
 * ░░██████▓▓                                
 * ░░██████▓▓                                
 *   ████████░░                              
 *   ▓▓████████░░                            
 *   ░░██████████▒▒░░                        
 *     ░░████████████▒▒░░                    
 *       ░░██████████████▓▓▒▒░░              
 *         ░░▓▓████████████████▓▓░░          
 *             ░░▒▒████████████████▒▒░░      
 *                 ░░░░▓▓██████████████░░    
 *                       ░░▒▒████████████░░  
 *                           ░░▓▓████████▓▓  
 *                               ▒▒████████░░
 *                                 ▓▓██████▒▒
 *                                 ▒▒██████▒▒
 *                                 ▒▒██████▓▓
 *                                 ▒▒██████▒▒
 *                                 ▓▓██████▒▒
 * ░░                            ░░████████░░
 * ▓▓▓▓▒▒░░                  ░░▒▒████████▒▒  
 * ▓▓████████▓▓▒▒▒▒▒▒▒▒▒▒▒▒▓▓██████████▓▓░░  
 * ▓▓████████████████████████████████▓▓░░    
 * ▒▒██████████████████████████████▒▒        
 *   ░░▒▒▓▓▓▓██████████████▓▓▒▒░░            
 */
static const unsigned char open_sans_45px_char_083_bitmap[] = {
    0x00, 0x00, 0x00, 0x00, 0x00, 0x09, 0x5b, 0x9d, 0xd0, 0xe9, 0xf9, 0xf8, 0xec, 0xd9, 0xb4, 0x8c, 0x4e, 0x0f, 0x00, 0x00, 0x00, /* 行 0 */
    0x00, 0x00, 0x00, 0x05, 0x78, 0xf1, 0xff, 0xff, 0xff, 0xff, 0xff, 0xff, 0xff, 0xff, 0xff, 0xff, 0xff, 0xfb, 0xb1, 0x43, 0x00, /* 行 1 */
    0x00, 0x00, 0x12, 0xc9, 0xff, 0xff, 0xff, 0xff, 0xff, 0xff, 0xff, 0xff, 0xff, 0xff, 0xff, 0xff, 0xff, 0xff, 0xff, 0x78, 0x00, /* 行 2 */
    0x00, 0x04, 0xcb, 0xff, 0xff, 0xff, 0xff, 0xe3, 0x99, 0x6e, 0x5d, 0x62, 0x70, 0x93, 0xbe, 0xf6, 0xff, 0xff, 0xfe, 0x1d, 0x00, /* 行 3 */
    0x00, 0x74, 0xff, 0xff, 0xff, 0xf6, 0x65, 0x02, 0x00, 0x00, 0x00, 0x00, 0x00, 0x00, 0x00, 0x07, 0x45, 0x9f, 0xb2, 0x00, 0x00, /* 行 4 */
    0x00, 0xdb, 0xff, 0xff, 0xff, 0x4b, 0x00, 0x00, 0x00, 0x00, 0x00, 0x00, 0x00, 0x00, 0x00, 0x00, 0x00, 0x00, 0x00, 0x00, 0x00, /* 行 5 */
    0x1c, 0xff, 0xff, 0xff, 0xc5, 0x00, 0x00, 0x00, 0x00, 0x00, 0x00, 0x00, 0x00, 0x00, 0x00, 0x00, 0x00, 0x00, 0x00, 0x00, 0x00, /* 行 6 */
    0x36, 0xff, 0xff, 0xff, 0x92, 0x00, 0x00, 0x00, 0x00, 0x00, 0x00, 0x00, 0x00, 0x00, 0x00, 0x00, 0x00, 0x00, 0x00, 0x00, 0x00, /* 行 7 */
    0x35, 0xff, 0xff, 0xff, 0x97, 0x00, 0x00, 0x00, 0x00, 0x00, 0x00, 0x00, 0x00, 0x00, 0x00, 0x00, 0x00, 0x00, 0x00, 0x00, 0x00, /* 行 8 */
    0x1c, 0xff, 0xff, 0xff, 0xbf, 0x00, 0x00, 0x00, 0x00, 0x00, 0x00, 0x00, 0x00, 0x00, 0x00, 0x00, 0x00, 0x00, 0x00, 0x00, 0x00, /* 行 9 */
    0x00, 0xe2, 0xff, 0xff, 0xfd, 0x2a, 0x00, 0x00, 0x00, 0x00, 0x00, 0x00, 0x00, 0x00, 0x00, 0x00, 0x00, 0x00, 0x00, 0x00, 0x00, /* 行10 */
    0x00, 0x86, 0xff, 0xff, 0xff, 0xdb, 0x20, 0x00, 0x00, 0x00, 0x00, 0x00, 0x00, 0x00, 0x00, 0x00, 0x00, 0x00, 0x00, 0x00, 0x00, /* 行11 */
    0x00, 0x15, 0xe8, 0xff, 0xff, 0xff, 0xf0, 0x66, 0x04, 0x00, 0x00, 0x00, 0x00, 0x00, 0x00, 0x00, 0x00, 0x00, 0x00, 0x00, 0x00, /* 行12 */
    0x00, 0x00, 0x3e, 0xf4, 0xff, 0xff, 0xff, 0xff, 0xe1, 0x77, 0x17, 0x00, 0x00, 0x00, 0x00, 0x00, 0x00, 0x00, 0x00, 0x00, 0x00, /* 行13 */
    0x00, 0x00, 0x00, 0x35, 0xdc, 0xff, 0xff, 0xff, 0xff, 0xff, 0xfb, 0xb5, 0x54, 0x06, 0x00, 0x00, 0x00, 0x00, 0x00, 0x00, 0x00, /* 行14 */
    0x00, 0x00, 0x00, 0x00, 0x0a, 0x85, 0xf3, 0xff, 0xff, 0xff, 0xff, 0xff, 0xff, 0xec, 0x86, 0x16, 0x00, 0x00, 0x00, 0x00, 0x00, /* 行15 */
    0x00, 0x00, 0x00, 0x00, 0x00, 0x00, 0x13, 0x7a, 0xdc, 0xff, 0xff, 0xff, 0xff, 0xff, 0xff, 0xf6, 0x7f, 0x07, 0x00, 0x00, 0x00, /* 行16 */
    0x00, 0x00, 0x00, 0x00, 0x00, 0x00, 0x00, 0x00, 0x01, 0x3f, 0x9c, 0xf3, 0xff, 0xff, 0xff, 0xff, 0xff, 0xd1, 0x1c, 0x00, 0x00, /* 行17 */
    0x00, 0x00, 0x00, 0x00, 0x00, 0x00, 0x00, 0x00, 0x00, 0x00, 0x00, 0x0c, 0x6c, 0xe1, 0xff, 0xff, 0xff, 0xff, 0xde, 0x11, 0x00, /* 行18 */
    0x00, 0x00, 0x00, 0x00, 0x00, 0x00, 0x00, 0x00, 0x00, 0x00, 0x00, 0x00, 0x00, 0x06, 0x84, 0xfb, 0xff, 0xff, 0xff, 0x9f, 0x00, /* 行19 */
    0x00, 0x00, 0x00, 0x00, 0x00, 0x00, 0x00, 0x00, 0x00, 0x00, 0x00, 0x00, 0x00, 0x00, 0x00, 0x57, 0xfd, 0xff, 0xff, 0xfb, 0x17, /* 行20 */
    0x00, 0x00, 0x00, 0x00, 0x00, 0x00, 0x00, 0x00, 0x00, 0x00, 0x00, 0x00, 0x00, 0x00, 0x00, 0x00, 0xae, 0xff, 0xff, 0xff, 0x59, /* 行21 */
    0x00, 0x00, 0x00, 0x00, 0x00, 0x00, 0x00, 0x00, 0x00, 0x00, 0x00, 0x00, 0x00, 0x00, 0x00, 0x00, 0x5e, 0xff, 0xff, 0xff, 0x7b, /* 行22 */
    0x00, 0x00, 0x00, 0x00, 0x00, 0x00, 0x00, 0x00, 0x00, 0x00, 0x00, 0x00, 0x00, 0x00, 0x00, 0x00, 0x44, 0xff, 0xff, 0xff, 0x84, /* 行23 */
    0x00, 0x00, 0x00, 0x00, 0x00, 0x00, 0x00, 0x00, 0x00, 0x00, 0x00, 0x00, 0x00, 0x00, 0x00, 0x00, 0x56, 0xff, 0xff, 0xff, 0x6c, /* 行24 */
    0x00, 0x00, 0x00, 0x00, 0x00, 0x00, 0x00, 0x00, 0x00, 0x00, 0x00, 0x00, 0x00, 0x00, 0x00, 0x00, 0x9f, 0xff, 0xff, 0xff, 0x41, /* 行25 */
    0x03, 0x00, 0x00, 0x00, 0x00, 0x00, 0x00, 0x00, 0x00, 0x00, 0x00, 0x00, 0x00, 0x00, 0x00, 0x3f, 0xfc, 0xff, 0xff, 0xea, 0x03, /* 行26 */
    0xa3, 0xaa, 0x52, 0x10, 0x00, 0x00, 0x00, 0x00, 0x00, 0x00, 0x00, 0x00, 0x00, 0x04, 0x6b, 0xf6, 0xff, 0xff, 0xff, 0x6c, 0x00, /* 行27 */
    0xac, 0xff, 0xff, 0xfd, 0xce, 0xa1, 0x79, 0x5f, 0x51, 0x4b, 0x56, 0x72, 0xa1, 0xeb, 0xff, 0xff, 0xff, 0xff, 0xb3, 0x01, 0x00, /* 行28 */
    0xac, 0xff, 0xff, 0xff, 0xff, 0xff, 0xff, 0xff, 0xff, 0xff, 0xff, 0xff, 0xff, 0xff, 0xff, 0xff, 0xff, 0xa3, 0x05, 0x00, 0x00, /* 行29 */
    0x71, 0xf0, 0xff, 0xff, 0xff, 0xff, 0xff, 0xff, 0xff, 0xff, 0xff, 0xff, 0xff, 0xff, 0xff, 0xd0, 0x49, 0x00, 0x00, 0x00, 0x00, /* 行30 */
    0x00, 0x09, 0x48, 0x82, 0xaf, 0xce, 0xe7, 0xf2, 0xfb, 0xfa, 0xec, 0xdb, 0xb1, 0x7e, 0x30, 0x00, 0x00, 0x00, 0x00, 0x00, 0x00, /* 行31 */
};

/* 字符  84: T    */
/*
 * ▓▓██████████████████████████████████████████████▒▒
 * ▓▓██████████████████████████████████████████████▒▒
 * ▓▓██████████████████████████████████████████████▒▒
 * ░░▒▒▒▒▒▒▒▒▒▒▒▒▒▒▒▒▒▒▓▓██████▓▓▒▒▒▒▒▒▒▒▒▒▒▒▒▒▒▒▒▒░░
 *                     ▒▒██████▒▒                    
 *                     ▒▒██████▒▒                    
 *                     ▒▒██████▒▒                    
 *                     ▒▒██████▒▒                    
 *                     ▒▒██████▒▒                    
 *                     ▒▒██████▒▒                    
 *                     ▒▒██████▒▒                    
 *                     ▒▒██████▒▒                    
 *                     ▒▒██████▒▒                    
 *                     ▒▒██████▒▒                    
 *                     ▒▒██████▒▒                    
 *                     ▒▒██████▒▒                    
 *                     ▒▒██████▒▒                    
 *                     ▒▒██████▒▒                    
 *                     ▒▒██████▒▒                    
 *                     ▒▒██████▒▒                    
 *                     ▒▒██████▒▒                    
 *                     ▒▒██████▒▒                    
 *                     ▒▒██████▒▒                    
 *                     ▒▒██████▒▒                    
 *                     ▒▒██████▒▒                    
 *                     ▒▒██████▒▒                    
 *                     ▒▒██████▒▒                    
 *                     ▒▒██████▒▒                    
 *                     ▒▒██████▒▒                    
 *                     ▒▒██████▒▒                    
 *                     ▒▒██████▒▒                    
 *                     ▒▒██████▒▒                    
 */
static const unsigned char open_sans_45px_char_084_bitmap[] = {
    0x9c, 0xff, 0xff, 0xff, 0xff, 0xff, 0xff, 0xff, 0xff, 0xff, 0xff, 0xff, 0xff, 0xff, 0xff, 0xff, 0xff, 0xff, 0xff, 0xff, 0xff, 0xff, 0xff, 0xff, 0x7c, /* 行 0 */
    0x9c, 0xff, 0xff, 0xff, 0xff, 0xff, 0xff, 0xff, 0xff, 0xff, 0xff, 0xff, 0xff, 0xff, 0xff, 0xff, 0xff, 0xff, 0xff, 0xff, 0xff, 0xff, 0xff, 0xff, 0x7c, /* 行 1 */
    0x9c, 0xff, 0xff, 0xff, 0xff, 0xff, 0xff, 0xff, 0xff, 0xff, 0xff, 0xff, 0xff, 0xff, 0xff, 0xff, 0xff, 0xff, 0xff, 0xff, 0xff, 0xff, 0xff, 0xff, 0x7c, /* 行 2 */
    0x30, 0x50, 0x50, 0x50, 0x50, 0x50, 0x50, 0x50, 0x50, 0x50, 0x9d, 0xff, 0xff, 0xff, 0x84, 0x50, 0x50, 0x50, 0x50, 0x50, 0x50, 0x50, 0x50, 0x50, 0x26, /* 行 3 */
    0x00, 0x00, 0x00, 0x00, 0x00, 0x00, 0x00, 0x00, 0x00, 0x00, 0x70, 0xff, 0xff, 0xff, 0x4c, 0x00, 0x00, 0x00, 0x00, 0x00, 0x00, 0x00, 0x00, 0x00, 0x00, /* 行 4 */
    0x00, 0x00, 0x00, 0x00, 0x00, 0x00, 0x00, 0x00, 0x00, 0x00, 0x70, 0xff, 0xff, 0xff, 0x4c, 0x00, 0x00, 0x00, 0x00, 0x00, 0x00, 0x00, 0x00, 0x00, 0x00, /* 行 5 */
    0x00, 0x00, 0x00, 0x00, 0x00, 0x00, 0x00, 0x00, 0x00, 0x00, 0x70, 0xff, 0xff, 0xff, 0x4c, 0x00, 0x00, 0x00, 0x00, 0x00, 0x00, 0x00, 0x00, 0x00, 0x00, /* 行 6 */
    0x00, 0x00, 0x00, 0x00, 0x00, 0x00, 0x00, 0x00, 0x00, 0x00, 0x70, 0xff, 0xff, 0xff, 0x4c, 0x00, 0x00, 0x00, 0x00, 0x00, 0x00, 0x00, 0x00, 0x00, 0x00, /* 行 7 */
    0x00, 0x00, 0x00, 0x00, 0x00, 0x00, 0x00, 0x00, 0x00, 0x00, 0x70, 0xff, 0xff, 0xff, 0x4c, 0x00, 0x00, 0x00, 0x00, 0x00, 0x00, 0x00, 0x00, 0x00, 0x00, /* 行 8 */
    0x00, 0x00, 0x00, 0x00, 0x00, 0x00, 0x00, 0x00, 0x00, 0x00, 0x70, 0xff, 0xff, 0xff, 0x4c, 0x00, 0x00, 0x00, 0x00, 0x00, 0x00, 0x00, 0x00, 0x00, 0x00, /* 行 9 */
    0x00, 0x00, 0x00, 0x00, 0x00, 0x00, 0x00, 0x00, 0x00, 0x00, 0x70, 0xff, 0xff, 0xff, 0x4c, 0x00, 0x00, 0x00, 0x00, 0x00, 0x00, 0x00, 0x00, 0x00, 0x00, /* 行10 */
    0x00, 0x00, 0x00, 0x00, 0x00, 0x00, 0x00, 0x00, 0x00, 0x00, 0x70, 0xff, 0xff, 0xff, 0x4c, 0x00, 0x00, 0x00, 0x00, 0x00, 0x00, 0x00, 0x00, 0x00, 0x00, /* 行11 */
    0x00, 0x00, 0x00, 0x00, 0x00, 0x00, 0x00, 0x00, 0x00, 0x00, 0x70, 0xff, 0xff, 0xff, 0x4c, 0x00, 0x00, 0x00, 0x00, 0x00, 0x00, 0x00, 0x00, 0x00, 0x00, /* 行12 */
    0x00, 0x00, 0x00, 0x00, 0x00, 0x00, 0x00, 0x00, 0x00, 0x00, 0x70, 0xff, 0xff, 0xff, 0x4c, 0x00, 0x00, 0x00, 0x00, 0x00, 0x00, 0x00, 0x00, 0x00, 0x00, /* 行13 */
    0x00, 0x00, 0x00, 0x00, 0x00, 0x00, 0x00, 0x00, 0x00, 0x00, 0x70, 0xff, 0xff, 0xff, 0x4c, 0x00, 0x00, 0x00, 0x00, 0x00, 0x00, 0x00, 0x00, 0x00, 0x00, /* 行14 */
    0x00, 0x00, 0x00, 0x00, 0x00, 0x00, 0x00, 0x00, 0x00, 0x00, 0x70, 0xff, 0xff, 0xff, 0x4c, 0x00, 0x00, 0x00, 0x00, 0x00, 0x00, 0x00, 0x00, 0x00, 0x00, /* 行15 */
    0x00, 0x00, 0x00, 0x00, 0x00, 0x00, 0x00, 0x00, 0x00, 0x00, 0x70, 0xff, 0xff, 0xff, 0x4c, 0x00, 0x00, 0x00, 0x00, 0x00, 0x00, 0x00, 0x00, 0x00, 0x00, /* 行16 */
    0x00, 0x00, 0x00, 0x00, 0x00, 0x00, 0x00, 0x00, 0x00, 0x00, 0x70, 0xff, 0xff, 0xff, 0x4c, 0x00, 0x00, 0x00, 0x00, 0x00, 0x00, 0x00, 0x00, 0x00, 0x00, /* 行17 */
    0x00, 0x00, 0x00, 0x00, 0x00, 0x00, 0x00, 0x00, 0x00, 0x00, 0x70, 0xff, 0xff, 0xff, 0x4c, 0x00, 0x00, 0x00, 0x00, 0x00, 0x00, 0x00, 0x00, 0x00, 0x00, /* 行18 */
    0x00, 0x00, 0x00, 0x00, 0x00, 0x00, 0x00, 0x00, 0x00, 0x00, 0x70, 0xff, 0xff, 0xff, 0x4c, 0x00, 0x00, 0x00, 0x00, 0x00, 0x00, 0x00, 0x00, 0x00, 0x00, /* 行19 */
    0x00, 0x00, 0x00, 0x00, 0x00, 0x00, 0x00, 0x00, 0x00, 0x00, 0x70, 0xff, 0xff, 0xff, 0x4c, 0x00, 0x00, 0x00, 0x00, 0x00, 0x00, 0x00, 0x00, 0x00, 0x00, /* 行20 */
    0x00, 0x00, 0x00, 0x00, 0x00, 0x00, 0x00, 0x00, 0x00, 0x00, 0x70, 0xff, 0xff, 0xff, 0x4c, 0x00, 0x00, 0x00, 0x00, 0x00, 0x00, 0x00, 0x00, 0x00, 0x00, /* 行21 */
    0x00, 0x00, 0x00, 0x00, 0x00, 0x00, 0x00, 0x00, 0x00, 0x00, 0x70, 0xff, 0xff, 0xff, 0x4c, 0x00, 0x00, 0x00, 0x00, 0x00, 0x00, 0x00, 0x00, 0x00, 0x00, /* 行22 */
    0x00, 0x00, 0x00, 0x00, 0x00, 0x00, 0x00, 0x00, 0x00, 0x00, 0x70, 0xff, 0xff, 0xff, 0x4c, 0x00, 0x00, 0x00, 0x00, 0x00, 0x00, 0x00, 0x00, 0x00, 0x00, /* 行23 */
    0x00, 0x00, 0x00, 0x00, 0x00, 0x00, 0x00, 0x00, 0x00, 0x00, 0x70, 0xff, 0xff, 0xff, 0x4c, 0x00, 0x00, 0x00, 0x00, 0x00, 0x00, 0x00, 0x00, 0x00, 0x00, /* 行24 */
    0x00, 0x00, 0x00, 0x00, 0x00, 0x00, 0x00, 0x00, 0x00, 0x00, 0x70, 0xff, 0xff, 0xff, 0x4c, 0x00, 0x00, 0x00, 0x00, 0x00, 0x00, 0x00, 0x00, 0x00, 0x00, /* 行25 */
    0x00, 0x00, 0x00, 0x00, 0x00, 0x00, 0x00, 0x00, 0x00, 0x00, 0x70, 0xff, 0xff, 0xff, 0x4c, 0x00, 0x00, 0x00, 0x00, 0x00, 0x00, 0x00, 0x00, 0x00, 0x00, /* 行26 */
    0x00, 0x00, 0x00, 0x00, 0x00, 0x00, 0x00, 0x00, 0x00, 0x00, 0x70, 0xff, 0xff, 0xff, 0x4c, 0x00, 0x00, 0x00, 0x00, 0x00, 0x00, 0x00, 0x00, 0x00, 0x00, /* 行27 */
    0x00, 0x00, 0x00, 0x00, 0x00, 0x00, 0x00, 0x00, 0x00, 0x00, 0x70, 0xff, 0xff, 0xff, 0x4c, 0x00, 0x00, 0x00, 0x00, 0x00, 0x00, 0x00, 0x00, 0x00, 0x00, /* 行28 */
    0x00, 0x00, 0x00, 0x00, 0x00, 0x00, 0x00, 0x00, 0x00, 0x00, 0x70, 0xff, 0xff, 0xff, 0x4c, 0x00, 0x00, 0x00, 0x00, 0x00, 0x00, 0x00, 0x00, 0x00, 0x00, /* 行29 */
    0x00, 0x00, 0x00, 0x00, 0x00, 0x00, 0x00, 0x00, 0x00, 0x00, 0x70, 0xff, 0xff, 0xff, 0x4c, 0x00, 0x00, 0x00, 0x00, 0x00, 0x00, 0x00, 0x00, 0x00, 0x00, /* 行30 */
    0x00, 0x00, 0x00, 0x00, 0x00, 0x00, 0x00, 0x00, 0x00, 0x00, 0x70, 0xff, 0xff, 0xff, 0x4c, 0x00, 0x00, 0x00, 0x00, 0x00, 0x00, 0x00, 0x00, 0x00, 0x00, /* 行31 */
};

/* 字符  85: U    */
/*
 * ████████                                ░░██████▓▓
 * ████████                                ░░██████▓▓
 * ████████                                ░░██████▓▓
 * ████████                                ░░██████▓▓
 * ████████                                ░░██████▓▓
 * ████████                                ░░██████▓▓
 * ████████                                ░░██████▓▓
 * ████████                                ░░██████▓▓
 * ████████                                ░░██████▓▓
 * ████████                                ░░██████▓▓
 * ████████                                ░░██████▓▓
 * ████████                                ░░██████▓▓
 * ████████                                ░░██████▓▓
 * ████████                                ░░██████▓▓
 * ████████                                ░░██████▓▓
 * ████████                                ░░██████▓▓
 * ████████                                ░░██████▓▓
 * ████████                                ░░██████▓▓
 * ████████                                ░░██████▓▓
 * ████████                                ░░██████▓▓
 * ████████                                ░░██████▓▓
 * ████████                                ░░██████▓▓
 * ▓▓██████░░                              ░░██████▒▒
 * ▓▓██████░░                              ▒▒██████▒▒
 * ▒▒██████▓▓                            ░░████████░░
 * ░░████████░░                          ▒▒██████▓▓  
 *   ▒▒████████░░                      ▒▒████████░░  
 *   ░░██████████▒▒░░              ░░▒▒████████▓▓    
 *     ░░████████████▓▓▒▒▒▒▒▒▒▒▒▒▓▓██████████▓▓░░    
 *       ░░████████████████████████████████▓▓░░      
 *         ░░▒▒████████████████████████▓▓▒▒          
 *             ░░▒▒▓▓████████████▓▓▒▒░░              
 */
static const unsigned char open_sans_45px_char_085_bitmap[] = {
    0xe8, 0xff, 0xff, 0xd4, 0x00, 0x00, 0x00, 0x00, 0x00, 0x00, 0x00, 0x00, 0x00, 0x00, 0x00, 0x00, 0x00, 0x00, 0x00, 0x00, 0x10, 0xff, 0xff, 0xff, 0xac, /* 行 0 */
    0xe8, 0xff, 0xff, 0xd4, 0x00, 0x00, 0x00, 0x00, 0x00, 0x00, 0x00, 0x00, 0x00, 0x00, 0x00, 0x00, 0x00, 0x00, 0x00, 0x00, 0x10, 0xff, 0xff, 0xff, 0xac, /* 行 1 */
    0xe8, 0xff, 0xff, 0xd4, 0x00, 0x00, 0x00, 0x00, 0x00, 0x00, 0x00, 0x00, 0x00, 0x00, 0x00, 0x00, 0x00, 0x00, 0x00, 0x00, 0x10, 0xff, 0xff, 0xff, 0xac, /* 行 2 */
    0xe8, 0xff, 0xff, 0xd4, 0x00, 0x00, 0x00, 0x00, 0x00, 0x00, 0x00, 0x00, 0x00, 0x00, 0x00, 0x00, 0x00, 0x00, 0x00, 0x00, 0x10, 0xff, 0xff, 0xff, 0xac, /* 行 3 */
    0xe8, 0xff, 0xff, 0xd4, 0x00, 0x00, 0x00, 0x00, 0x00, 0x00, 0x00, 0x00, 0x00, 0x00, 0x00, 0x00, 0x00, 0x00, 0x00, 0x00, 0x10, 0xff, 0xff, 0xff, 0xac, /* 行 4 */
    0xe8, 0xff, 0xff, 0xd4, 0x00, 0x00, 0x00, 0x00, 0x00, 0x00, 0x00, 0x00, 0x00, 0x00, 0x00, 0x00, 0x00, 0x00, 0x00, 0x00, 0x10, 0xff, 0xff, 0xff, 0xac, /* 行 5 */
    0xe8, 0xff, 0xff, 0xd4, 0x00, 0x00, 0x00, 0x00, 0x00, 0x00, 0x00, 0x00, 0x00, 0x00, 0x00, 0x00, 0x00, 0x00, 0x00, 0x00, 0x10, 0xff, 0xff, 0xff, 0xac, /* 行 6 */
    0xe8, 0xff, 0xff, 0xd4, 0x00, 0x00, 0x00, 0x00, 0x00, 0x00, 0x00, 0x00, 0x00, 0x00, 0x00, 0x00, 0x00, 0x00, 0x00, 0x00, 0x10, 0xff, 0xff, 0xff, 0xac, /* 行 7 */
    0xe8, 0xff, 0xff, 0xd4, 0x00, 0x00, 0x00, 0x00, 0x00, 0x00, 0x00, 0x00, 0x00, 0x00, 0x00, 0x00, 0x00, 0x00, 0x00, 0x00, 0x10, 0xff, 0xff, 0xff, 0xac, /* 行 8 */
    0xe8, 0xff, 0xff, 0xd4, 0x00, 0x00, 0x00, 0x00, 0x00, 0x00, 0x00, 0x00, 0x00, 0x00, 0x00, 0x00, 0x00, 0x00, 0x00, 0x00, 0x10, 0xff, 0xff, 0xff, 0xac, /* 行 9 */
    0xe8, 0xff, 0xff, 0xd4, 0x00, 0x00, 0x00, 0x00, 0x00, 0x00, 0x00, 0x00, 0x00, 0x00, 0x00, 0x00, 0x00, 0x00, 0x00, 0x00, 0x10, 0xff, 0xff, 0xff, 0xac, /* 行10 */
    0xe8, 0xff, 0xff, 0xd4, 0x00, 0x00, 0x00, 0x00, 0x00, 0x00, 0x00, 0x00, 0x00, 0x00, 0x00, 0x00, 0x00, 0x00, 0x00, 0x00, 0x10, 0xff, 0xff, 0xff, 0xac, /* 行11 */
    0xe8, 0xff, 0xff, 0xd4, 0x00, 0x00, 0x00, 0x00, 0x00, 0x00, 0x00, 0x00, 0x00, 0x00, 0x00, 0x00, 0x00, 0x00, 0x00, 0x00, 0x10, 0xff, 0xff, 0xff, 0xac, /* 行12 */
    0xe8, 0xff, 0xff, 0xd4, 0x00, 0x00, 0x00, 0x00, 0x00, 0x00, 0x00, 0x00, 0x00, 0x00, 0x00, 0x00, 0x00, 0x00, 0x00, 0x00, 0x10, 0xff, 0xff, 0xff, 0xac, /* 行13 */
    0xe8, 0xff, 0xff, 0xd4, 0x00, 0x00, 0x00, 0x00, 0x00, 0x00, 0x00, 0x00, 0x00, 0x00, 0x00, 0x00, 0x00, 0x00, 0x00, 0x00, 0x10, 0xff, 0xff, 0xff, 0xac, /* 行14 */
    0xe8, 0xff, 0xff, 0xd4, 0x00, 0x00, 0x00, 0x00, 0x00, 0x00, 0x00, 0x00, 0x00, 0x00, 0x00, 0x00, 0x00, 0x00, 0x00, 0x00, 0x10, 0xff, 0xff, 0xff, 0xac, /* 行15 */
    0xe8, 0xff, 0xff, 0xd4, 0x00, 0x00, 0x00, 0x00, 0x00, 0x00, 0x00, 0x00, 0x00, 0x00, 0x00, 0x00, 0x00, 0x00, 0x00, 0x00, 0x10, 0xff, 0xff, 0xff, 0xac, /* 行16 */
    0xe8, 0xff, 0xff, 0xd4, 0x00, 0x00, 0x00, 0x00, 0x00, 0x00, 0x00, 0x00, 0x00, 0x00, 0x00, 0x00, 0x00, 0x00, 0x00, 0x00, 0x10, 0xff, 0xff, 0xff, 0xac, /* 行17 */
    0xe8, 0xff, 0xff, 0xd4, 0x00, 0x00, 0x00, 0x00, 0x00, 0x00, 0x00, 0x00, 0x00, 0x00, 0x00, 0x00, 0x00, 0x00, 0x00, 0x00, 0x10, 0xff, 0xff, 0xff, 0xac, /* 行18 */
    0xe8, 0xff, 0xff, 0xd4, 0x00, 0x00, 0x00, 0x00, 0x00, 0x00, 0x00, 0x00, 0x00, 0x00, 0x00, 0x00, 0x00, 0x00, 0x00, 0x00, 0x10, 0xff, 0xff, 0xff, 0xac, /* 行19 */
    0xe4, 0xff, 0xff, 0xd5, 0x00, 0x00, 0x00, 0x00, 0x00, 0x00, 0x00, 0x00, 0x00, 0x00, 0x00, 0x00, 0x00, 0x00, 0x00, 0x00, 0x12, 0xff, 0xff, 0xff, 0xa8, /* 行20 */
    0xd2, 0xff, 0xff, 0xe5, 0x00, 0x00, 0x00, 0x00, 0x00, 0x00, 0x00, 0x00, 0x00, 0x00, 0x00, 0x00, 0x00, 0x00, 0x00, 0x00, 0x23, 0xff, 0xff, 0xff, 0x94, /* 行21 */
    0xbe, 0xff, 0xff, 0xfa, 0x06, 0x00, 0x00, 0x00, 0x00, 0x00, 0x00, 0x00, 0x00, 0x00, 0x00, 0x00, 0x00, 0x00, 0x00, 0x00, 0x3f, 0xff, 0xff, 0xff, 0x7f, /* 行22 */
    0x8f, 0xff, 0xff, 0xff, 0x3d, 0x00, 0x00, 0x00, 0x00, 0x00, 0x00, 0x00, 0x00, 0x00, 0x00, 0x00, 0x00, 0x00, 0x00, 0x00, 0x7c, 0xff, 0xff, 0xff, 0x51, /* 行23 */
    0x4c, 0xff, 0xff, 0xff, 0x99, 0x00, 0x00, 0x00, 0x00, 0x00, 0x00, 0x00, 0x00, 0x00, 0x00, 0x00, 0x00, 0x00, 0x00, 0x02, 0xd7, 0xff, 0xff, 0xfc, 0x0f, /* 行24 */
    0x0a, 0xeb, 0xff, 0xff, 0xf9, 0x29, 0x00, 0x00, 0x00, 0x00, 0x00, 0x00, 0x00, 0x00, 0x00, 0x00, 0x00, 0x00, 0x00, 0x66, 0xff, 0xff, 0xff, 0xb2, 0x00, /* 行25 */
    0x00, 0x78, 0xff, 0xff, 0xff, 0xdb, 0x1b, 0x00, 0x00, 0x00, 0x00, 0x00, 0x00, 0x00, 0x00, 0x00, 0x00, 0x00, 0x42, 0xf8, 0xff, 0xff, 0xfe, 0x2f, 0x00, /* 行26 */
    0x00, 0x0b, 0xd3, 0xff, 0xff, 0xff, 0xea, 0x5c, 0x04, 0x00, 0x00, 0x00, 0x00, 0x00, 0x00, 0x00, 0x0f, 0x7f, 0xfb, 0xff, 0xff, 0xff, 0x8e, 0x00, 0x00, /* 行27 */
    0x00, 0x00, 0x21, 0xeb, 0xff, 0xff, 0xff, 0xff, 0xe6, 0xa2, 0x6d, 0x57, 0x4c, 0x59, 0x73, 0xac, 0xf2, 0xff, 0xff, 0xff, 0xff, 0xb1, 0x02, 0x00, 0x00, /* 行28 */
    0x00, 0x00, 0x00, 0x23, 0xd0, 0xff, 0xff, 0xff, 0xff, 0xff, 0xff, 0xff, 0xff, 0xff, 0xff, 0xff, 0xff, 0xff, 0xff, 0xfe, 0x8d, 0x05, 0x00, 0x00, 0x00, /* 行29 */
    0x00, 0x00, 0x00, 0x00, 0x09, 0x7b, 0xe9, 0xff, 0xff, 0xff, 0xff, 0xff, 0xff, 0xff, 0xff, 0xff, 0xff, 0xff, 0xbd, 0x41, 0x00, 0x00, 0x00, 0x00, 0x00, /* 行30 */
    0x00, 0x00, 0x00, 0x00, 0x00, 0x00, 0x08, 0x52, 0x91, 0xc9, 0xe1, 0xf3, 0xfa, 0xea, 0xd7, 0xaf, 0x72, 0x2c, 0x00, 0x00, 0x00, 0x00, 0x00, 0x00, 0x00, /* 行31 */
};

/* 字符  86: V    */
/*
 * ████████░░                                  ▒▒██████▓▓
 * ▒▒██████▒▒                                  ████████░░
 * ░░████████                                ░░████████░░
 *   ▓▓██████░░                              ▒▒██████▓▓  
 *   ▒▒██████▓▓                              ████████░░  
 *   ░░████████░░                          ░░████████    
 *     ▓▓██████▒▒                          ▓▓██████▒▒    
 *     ▒▒██████▓▓                        ░░████████░░    
 *     ░░████████░░                      ▒▒██████▓▓      
 *       ▓▓██████▒▒                      ▓▓██████▒▒      
 *       ░░██████▓▓                    ░░████████░░      
 *         ████████░░                  ▒▒██████▓▓        
 *         ▓▓██████▒▒                  ▓▓██████▒▒        
 *         ░░████████                ░░████████░░        
 *           ████████░░              ▒▒██████▓▓          
 *           ▒▒██████▒▒              ████████░░          
 *           ░░████████            ░░████████            
 *             ▓▓██████░░          ▒▒██████▒▒            
 *             ▒▒██████▓▓          ████████░░            
 *             ░░████████░░      ░░██████▓▓              
 *               ▓▓██████▒▒      ▓▓██████▒▒              
 *               ▒▒██████▓▓      ████████░░              
 *               ░░████████░░  ░░██████▓▓                
 *                 ▓▓██████░░  ▓▓██████▒▒                
 *                 ░░██████▓▓  ████████░░                
 *                   ████████░░██████▓▓                  
 *                   ▒▒██████▒▒██████░░                  
 *                   ░░██████████████                    
 *                     ▓▓██████████▒▒                    
 *                     ▒▒██████████░░                    
 *                     ░░████████▓▓                      
 *                       ▓▓██████▒▒                      
 */
static const unsigned char open_sans_45px_char_086_bitmap[] = {
    0xd2, 0xff, 0xff, 0xff, 0x22, 0x00, 0x00, 0x00, 0x00, 0x00, 0x00, 0x00, 0x00, 0x00, 0x00, 0x00, 0x00, 0x00, 0x00, 0x00, 0x00, 0x00, 0x6a, 0xff, 0xff, 0xff, 0x99, /* 行 0 */
    0x76, 0xff, 0xff, 0xff, 0x7c, 0x00, 0x00, 0x00, 0x00, 0x00, 0x00, 0x00, 0x00, 0x00, 0x00, 0x00, 0x00, 0x00, 0x00, 0x00, 0x00, 0x00, 0xc5, 0xff, 0xff, 0xff, 0x3c, /* 行 1 */
    0x1c, 0xfd, 0xff, 0xff, 0xd7, 0x00, 0x00, 0x00, 0x00, 0x00, 0x00, 0x00, 0x00, 0x00, 0x00, 0x00, 0x00, 0x00, 0x00, 0x00, 0x00, 0x21, 0xff, 0xff, 0xff, 0xdf, 0x01, /* 行 2 */
    0x00, 0xbe, 0xff, 0xff, 0xff, 0x33, 0x00, 0x00, 0x00, 0x00, 0x00, 0x00, 0x00, 0x00, 0x00, 0x00, 0x00, 0x00, 0x00, 0x00, 0x00, 0x7c, 0xff, 0xff, 0xff, 0x83, 0x00, /* 行 3 */
    0x00, 0x62, 0xff, 0xff, 0xff, 0x8e, 0x00, 0x00, 0x00, 0x00, 0x00, 0x00, 0x00, 0x00, 0x00, 0x00, 0x00, 0x00, 0x00, 0x00, 0x00, 0xd7, 0xff, 0xff, 0xff, 0x27, 0x00, /* 行 4 */
    0x00, 0x0e, 0xf7, 0xff, 0xff, 0xe7, 0x03, 0x00, 0x00, 0x00, 0x00, 0x00, 0x00, 0x00, 0x00, 0x00, 0x00, 0x00, 0x00, 0x00, 0x33, 0xff, 0xff, 0xff, 0xca, 0x00, 0x00, /* 行 5 */
    0x00, 0x00, 0xaa, 0xff, 0xff, 0xff, 0x45, 0x00, 0x00, 0x00, 0x00, 0x00, 0x00, 0x00, 0x00, 0x00, 0x00, 0x00, 0x00, 0x00, 0x8e, 0xff, 0xff, 0xff, 0x6d, 0x00, 0x00, /* 行 6 */
    0x00, 0x00, 0x4e, 0xff, 0xff, 0xff, 0xa1, 0x00, 0x00, 0x00, 0x00, 0x00, 0x00, 0x00, 0x00, 0x00, 0x00, 0x00, 0x00, 0x02, 0xe6, 0xff, 0xff, 0xfb, 0x15, 0x00, 0x00, /* 行 7 */
    0x00, 0x00, 0x05, 0xeb, 0xff, 0xff, 0xf2, 0x09, 0x00, 0x00, 0x00, 0x00, 0x00, 0x00, 0x00, 0x00, 0x00, 0x00, 0x00, 0x45, 0xff, 0xff, 0xff, 0xb4, 0x00, 0x00, 0x00, /* 行 8 */
    0x00, 0x00, 0x00, 0x95, 0xff, 0xff, 0xff, 0x57, 0x00, 0x00, 0x00, 0x00, 0x00, 0x00, 0x00, 0x00, 0x00, 0x00, 0x00, 0xa0, 0xff, 0xff, 0xff, 0x57, 0x00, 0x00, 0x00, /* 行 9 */
    0x00, 0x00, 0x00, 0x39, 0xff, 0xff, 0xff, 0xb3, 0x00, 0x00, 0x00, 0x00, 0x00, 0x00, 0x00, 0x00, 0x00, 0x00, 0x09, 0xf2, 0xff, 0xff, 0xf2, 0x09, 0x00, 0x00, 0x00, /* 行10 */
    0x00, 0x00, 0x00, 0x00, 0xdc, 0xff, 0xff, 0xfa, 0x13, 0x00, 0x00, 0x00, 0x00, 0x00, 0x00, 0x00, 0x00, 0x00, 0x57, 0xff, 0xff, 0xff, 0x9e, 0x00, 0x00, 0x00, 0x00, /* 行11 */
    0x00, 0x00, 0x00, 0x00, 0x81, 0xff, 0xff, 0xff, 0x6a, 0x00, 0x00, 0x00, 0x00, 0x00, 0x00, 0x00, 0x00, 0x00, 0xb2, 0xff, 0xff, 0xff, 0x41, 0x00, 0x00, 0x00, 0x00, /* 行12 */
    0x00, 0x00, 0x00, 0x00, 0x25, 0xff, 0xff, 0xff, 0xc5, 0x00, 0x00, 0x00, 0x00, 0x00, 0x00, 0x00, 0x00, 0x13, 0xfa, 0xff, 0xff, 0xe3, 0x02, 0x00, 0x00, 0x00, 0x00, /* 行13 */
    0x00, 0x00, 0x00, 0x00, 0x00, 0xc9, 0xff, 0xff, 0xff, 0x21, 0x00, 0x00, 0x00, 0x00, 0x00, 0x00, 0x00, 0x69, 0xff, 0xff, 0xff, 0x88, 0x00, 0x00, 0x00, 0x00, 0x00, /* 行14 */
    0x00, 0x00, 0x00, 0x00, 0x00, 0x6d, 0xff, 0xff, 0xff, 0x7c, 0x00, 0x00, 0x00, 0x00, 0x00, 0x00, 0x00, 0xc4, 0xff, 0xff, 0xff, 0x2c, 0x00, 0x00, 0x00, 0x00, 0x00, /* 行15 */
    0x00, 0x00, 0x00, 0x00, 0x00, 0x15, 0xfb, 0xff, 0xff, 0xd7, 0x00, 0x00, 0x00, 0x00, 0x00, 0x00, 0x20, 0xfe, 0xff, 0xff, 0xcf, 0x00, 0x00, 0x00, 0x00, 0x00, 0x00, /* 行16 */
    0x00, 0x00, 0x00, 0x00, 0x00, 0x00, 0xb4, 0xff, 0xff, 0xff, 0x32, 0x00, 0x00, 0x00, 0x00, 0x00, 0x7b, 0xff, 0xff, 0xff, 0x72, 0x00, 0x00, 0x00, 0x00, 0x00, 0x00, /* 行17 */
    0x00, 0x00, 0x00, 0x00, 0x00, 0x00, 0x58, 0xff, 0xff, 0xff, 0x8e, 0x00, 0x00, 0x00, 0x00, 0x00, 0xd6, 0xff, 0xff, 0xfc, 0x19, 0x00, 0x00, 0x00, 0x00, 0x00, 0x00, /* 行18 */
    0x00, 0x00, 0x00, 0x00, 0x00, 0x00, 0x09, 0xf2, 0xff, 0xff, 0xe6, 0x02, 0x00, 0x00, 0x00, 0x32, 0xff, 0xff, 0xff, 0xb9, 0x00, 0x00, 0x00, 0x00, 0x00, 0x00, 0x00, /* 行19 */
    0x00, 0x00, 0x00, 0x00, 0x00, 0x00, 0x00, 0xa0, 0xff, 0xff, 0xff, 0x44, 0x00, 0x00, 0x00, 0x8c, 0xff, 0xff, 0xff, 0x5c, 0x00, 0x00, 0x00, 0x00, 0x00, 0x00, 0x00, /* 行20 */
    0x00, 0x00, 0x00, 0x00, 0x00, 0x00, 0x00, 0x44, 0xff, 0xff, 0xff, 0x99, 0x00, 0x00, 0x00, 0xe0, 0xff, 0xff, 0xf4, 0x0b, 0x00, 0x00, 0x00, 0x00, 0x00, 0x00, 0x00, /* 行21 */
    0x00, 0x00, 0x00, 0x00, 0x00, 0x00, 0x00, 0x02, 0xe5, 0xff, 0xff, 0xe9, 0x02, 0x00, 0x35, 0xff, 0xff, 0xff, 0xa3, 0x00, 0x00, 0x00, 0x00, 0x00, 0x00, 0x00, 0x00, /* 行22 */
    0x00, 0x00, 0x00, 0x00, 0x00, 0x00, 0x00, 0x00, 0x8c, 0xff, 0xff, 0xff, 0x3f, 0x00, 0x88, 0xff, 0xff, 0xff, 0x46, 0x00, 0x00, 0x00, 0x00, 0x00, 0x00, 0x00, 0x00, /* 行23 */
    0x00, 0x00, 0x00, 0x00, 0x00, 0x00, 0x00, 0x00, 0x2f, 0xff, 0xff, 0xff, 0x8c, 0x00, 0xd4, 0xff, 0xff, 0xe7, 0x03, 0x00, 0x00, 0x00, 0x00, 0x00, 0x00, 0x00, 0x00, /* 行24 */
    0x00, 0x00, 0x00, 0x00, 0x00, 0x00, 0x00, 0x00, 0x00, 0xd3, 0xff, 0xff, 0xcf, 0x17, 0xff, 0xff, 0xff, 0x8d, 0x00, 0x00, 0x00, 0x00, 0x00, 0x00, 0x00, 0x00, 0x00, /* 行25 */
    0x00, 0x00, 0x00, 0x00, 0x00, 0x00, 0x00, 0x00, 0x00, 0x77, 0xff, 0xff, 0xfe, 0x6b, 0xff, 0xff, 0xff, 0x31, 0x00, 0x00, 0x00, 0x00, 0x00, 0x00, 0x00, 0x00, 0x00, /* 行26 */
    0x00, 0x00, 0x00, 0x00, 0x00, 0x00, 0x00, 0x00, 0x00, 0x1c, 0xfd, 0xff, 0xff, 0xe4, 0xff, 0xff, 0xd4, 0x00, 0x00, 0x00, 0x00, 0x00, 0x00, 0x00, 0x00, 0x00, 0x00, /* 行27 */
    0x00, 0x00, 0x00, 0x00, 0x00, 0x00, 0x00, 0x00, 0x00, 0x00, 0xbf, 0xff, 0xff, 0xff, 0xff, 0xff, 0x77, 0x00, 0x00, 0x00, 0x00, 0x00, 0x00, 0x00, 0x00, 0x00, 0x00, /* 行28 */
    0x00, 0x00, 0x00, 0x00, 0x00, 0x00, 0x00, 0x00, 0x00, 0x00, 0x63, 0xff, 0xff, 0xff, 0xff, 0xfe, 0x1d, 0x00, 0x00, 0x00, 0x00, 0x00, 0x00, 0x00, 0x00, 0x00, 0x00, /* 行29 */
    0x00, 0x00, 0x00, 0x00, 0x00, 0x00, 0x00, 0x00, 0x00, 0x00, 0x0f, 0xf7, 0xff, 0xff, 0xff, 0xbe, 0x00, 0x00, 0x00, 0x00, 0x00, 0x00, 0x00, 0x00, 0x00, 0x00, 0x00, /* 行30 */
    0x00, 0x00, 0x00, 0x00, 0x00, 0x00, 0x00, 0x00, 0x00, 0x00, 0x00, 0xaa, 0xff, 0xff, 0xff, 0x62, 0x00, 0x00, 0x00, 0x00, 0x00, 0x00, 0x00, 0x00, 0x00, 0x00, 0x00, /* 行31 */
};

/* 字符  87: W    */
/*
 * ▒▒██████▓▓                          ▒▒████████                          ░░████████  
 * ░░████████░░                        ██████████░░                        ▒▒██████▓▓  
 *   ▓▓██████░░                      ░░██████████▒▒                        ▓▓██████▒▒  
 *   ▒▒██████▒▒                      ▒▒██████████▓▓                        ████████░░  
 *   ░░██████▓▓                      ▓▓████████████░░                    ░░████████    
 *   ░░████████░░                  ░░██████▓▓██████▒▒                    ▒▒██████▓▓    
 *     ▓▓██████░░                  ▒▒██████░░██████▓▓                    ▓▓██████▒▒    
 *     ▒▒██████▒▒                  ▓▓██████░░▓▓██████░░                  ████████░░    
 *     ░░██████▓▓                  ██████▓▓  ▒▒██████░░                ░░████████      
 *       ████████░░              ░░██████▒▒  ░░██████▓▓                ▒▒██████▒▒      
 *       ▓▓██████░░              ▒▒██████░░    ▓▓██████                ▓▓██████░░      
 *       ▒▒██████▓▓              ▓▓██████      ▒▒██████░░              ████████░░      
 *       ░░████████            ░░██████▓▓      ░░██████▒▒            ░░██████▓▓        
 *         ████████░░          ▒▒██████▒▒        ████████            ▒▒██████▒▒        
 *         ▓▓██████▒▒          ▓▓██████░░        ▓▓██████░░          ▓▓██████░░        
 *         ▒▒██████▓▓        ░░██████▓▓          ░░██████▒▒          ████████          
 *         ░░████████        ░░██████▒▒          ░░██████▓▓        ░░██████▓▓          
 *           ▓▓██████░░      ▓▓██████░░            ▓▓██████░░      ▒▒██████▒▒          
 *           ▒▒██████▒▒      ████████              ▒▒██████▒▒      ▓▓██████░░          
 *           ░░██████▓▓    ░░██████▓▓              ░░██████▓▓      ████████            
 *           ░░████████    ▒▒██████░░                ▓▓██████    ░░██████▓▓            
 *             ▓▓██████░░  ▓▓██████░░                ▒▒██████░░  ▒▒██████▒▒            
 *             ▒▒██████░░  ██████▓▓                  ░░██████▒▒  ▓▓██████░░            
 *             ░░██████▒▒░░██████▒▒                    ██████▓▓  ██████▓▓              
 *               ██████▓▓▒▒██████░░                    ▓▓██████░░██████▒▒              
 *               ▓▓██████▓▓████▓▓                      ░░██████▒▒██████░░              
 *               ▒▒██████▓▓████▒▒                      ░░██████▓▓██████░░              
 *               ░░████████████░░                        ▓▓██████████▓▓                
 *                 ████████████                          ▒▒██████████▒▒                
 *                 ▓▓████████▓▓                          ░░██████████░░                
 *                 ▒▒████████▒▒                            ▓▓████████                  
 *                 ░░████████░░                            ▒▒██████▓▓                  
 */
static const unsigned char open_sans_45px_char_087_bitmap[] = {
    0x46, 0xff, 0xff, 0xff, 0xac, 0x00, 0x00, 0x00, 0x00, 0x00, 0x00, 0x00, 0x00, 0x00, 0x00, 0x00, 0x00, 0x00, 0x7a, 0xff, 0xff, 0xff, 0xca, 0x00, 0x00, 0x00, 0x00, 0x00, 0x00, 0x00, 0x00, 0x00, 0x00, 0x00, 0x00, 0x00, 0x0d, 0xfb, 0xff, 0xff, 0xe8, 0x00, /* 行 0 */
    0x09, 0xf8, 0xff, 0xff, 0xec, 0x01, 0x00, 0x00, 0x00, 0x00, 0x00, 0x00, 0x00, 0x00, 0x00, 0x00, 0x00, 0x00, 0xc6, 0xff, 0xff, 0xff, 0xfe, 0x1a, 0x00, 0x00, 0x00, 0x00, 0x00, 0x00, 0x00, 0x00, 0x00, 0x00, 0x00, 0x00, 0x4b, 0xff, 0xff, 0xff, 0xa4, 0x00, /* 行 1 */
    0x00, 0xbd, 0xff, 0xff, 0xff, 0x30, 0x00, 0x00, 0x00, 0x00, 0x00, 0x00, 0x00, 0x00, 0x00, 0x00, 0x00, 0x14, 0xfd, 0xff, 0xff, 0xff, 0xff, 0x68, 0x00, 0x00, 0x00, 0x00, 0x00, 0x00, 0x00, 0x00, 0x00, 0x00, 0x00, 0x00, 0x8d, 0xff, 0xff, 0xff, 0x5f, 0x00, /* 行 2 */
    0x00, 0x79, 0xff, 0xff, 0xff, 0x72, 0x00, 0x00, 0x00, 0x00, 0x00, 0x00, 0x00, 0x00, 0x00, 0x00, 0x00, 0x5d, 0xff, 0xff, 0xff, 0xff, 0xff, 0xb6, 0x00, 0x00, 0x00, 0x00, 0x00, 0x00, 0x00, 0x00, 0x00, 0x00, 0x00, 0x00, 0xce, 0xff, 0xff, 0xff, 0x1b, 0x00, /* 行 3 */
    0x00, 0x35, 0xff, 0xff, 0xff, 0xb3, 0x00, 0x00, 0x00, 0x00, 0x00, 0x00, 0x00, 0x00, 0x00, 0x00, 0x00, 0xa9, 0xff, 0xff, 0xee, 0xff, 0xff, 0xf8, 0x0c, 0x00, 0x00, 0x00, 0x00, 0x00, 0x00, 0x00, 0x00, 0x00, 0x00, 0x12, 0xfd, 0xff, 0xff, 0xd6, 0x00, 0x00, /* 行 4 */
    0x00, 0x02, 0xed, 0xff, 0xff, 0xf1, 0x03, 0x00, 0x00, 0x00, 0x00, 0x00, 0x00, 0x00, 0x00, 0x00, 0x04, 0xef, 0xff, 0xff, 0x8e, 0xff, 0xff, 0xff, 0x54, 0x00, 0x00, 0x00, 0x00, 0x00, 0x00, 0x00, 0x00, 0x00, 0x00, 0x52, 0xff, 0xff, 0xff, 0x91, 0x00, 0x00, /* 行 5 */
    0x00, 0x00, 0xac, 0xff, 0xff, 0xff, 0x37, 0x00, 0x00, 0x00, 0x00, 0x00, 0x00, 0x00, 0x00, 0x00, 0x40, 0xff, 0xff, 0xff, 0x37, 0xe3, 0xff, 0xff, 0xa2, 0x00, 0x00, 0x00, 0x00, 0x00, 0x00, 0x00, 0x00, 0x00, 0x00, 0x94, 0xff, 0xff, 0xff, 0x4c, 0x00, 0x00, /* 行 6 */
    0x00, 0x00, 0x68, 0xff, 0xff, 0xff, 0x79, 0x00, 0x00, 0x00, 0x00, 0x00, 0x00, 0x00, 0x00, 0x00, 0x8c, 0xff, 0xff, 0xf7, 0x07, 0x9f, 0xff, 0xff, 0xed, 0x03, 0x00, 0x00, 0x00, 0x00, 0x00, 0x00, 0x00, 0x00, 0x00, 0xd5, 0xff, 0xff, 0xfa, 0x0d, 0x00, 0x00, /* 行 7 */
    0x00, 0x00, 0x23, 0xff, 0xff, 0xff, 0xba, 0x00, 0x00, 0x00, 0x00, 0x00, 0x00, 0x00, 0x00, 0x00, 0xd8, 0xff, 0xff, 0xba, 0x00, 0x57, 0xff, 0xff, 0xff, 0x3f, 0x00, 0x00, 0x00, 0x00, 0x00, 0x00, 0x00, 0x00, 0x17, 0xff, 0xff, 0xff, 0xc3, 0x00, 0x00, 0x00, /* 行 8 */
    0x00, 0x00, 0x00, 0xde, 0xff, 0xff, 0xf5, 0x06, 0x00, 0x00, 0x00, 0x00, 0x00, 0x00, 0x00, 0x22, 0xff, 0xff, 0xff, 0x74, 0x00, 0x10, 0xfb, 0xff, 0xff, 0x8e, 0x00, 0x00, 0x00, 0x00, 0x00, 0x00, 0x00, 0x00, 0x59, 0xff, 0xff, 0xff, 0x7e, 0x00, 0x00, 0x00, /* 行 9 */
    0x00, 0x00, 0x00, 0x9a, 0xff, 0xff, 0xff, 0x3e, 0x00, 0x00, 0x00, 0x00, 0x00, 0x00, 0x00, 0x6f, 0xff, 0xff, 0xff, 0x2d, 0x00, 0x00, 0xbd, 0xff, 0xff, 0xdd, 0x00, 0x00, 0x00, 0x00, 0x00, 0x00, 0x00, 0x00, 0x9a, 0xff, 0xff, 0xff, 0x39, 0x00, 0x00, 0x00, /* 行10 */
    0x00, 0x00, 0x00, 0x56, 0xff, 0xff, 0xff, 0x80, 0x00, 0x00, 0x00, 0x00, 0x00, 0x00, 0x00, 0xbb, 0xff, 0xff, 0xe2, 0x00, 0x00, 0x00, 0x70, 0xff, 0xff, 0xff, 0x2b, 0x00, 0x00, 0x00, 0x00, 0x00, 0x00, 0x00, 0xdc, 0xff, 0xff, 0xf0, 0x03, 0x00, 0x00, 0x00, /* 行11 */
    0x00, 0x00, 0x00, 0x13, 0xfe, 0xff, 0xff, 0xc2, 0x00, 0x00, 0x00, 0x00, 0x00, 0x00, 0x0c, 0xf9, 0xff, 0xff, 0x97, 0x00, 0x00, 0x00, 0x22, 0xff, 0xff, 0xff, 0x7a, 0x00, 0x00, 0x00, 0x00, 0x00, 0x00, 0x1d, 0xff, 0xff, 0xff, 0xb0, 0x00, 0x00, 0x00, 0x00, /* 行12 */
    0x00, 0x00, 0x00, 0x00, 0xcd, 0xff, 0xff, 0xf9, 0x0a, 0x00, 0x00, 0x00, 0x00, 0x00, 0x52, 0xff, 0xff, 0xff, 0x4c, 0x00, 0x00, 0x00, 0x00, 0xd5, 0xff, 0xff, 0xc8, 0x00, 0x00, 0x00, 0x00, 0x00, 0x00, 0x60, 0xff, 0xff, 0xff, 0x6b, 0x00, 0x00, 0x00, 0x00, /* 行13 */
    0x00, 0x00, 0x00, 0x00, 0x89, 0xff, 0xff, 0xff, 0x45, 0x00, 0x00, 0x00, 0x00, 0x00, 0x9e, 0xff, 0xff, 0xf6, 0x09, 0x00, 0x00, 0x00, 0x00, 0x87, 0xff, 0xff, 0xfe, 0x19, 0x00, 0x00, 0x00, 0x00, 0x00, 0xa1, 0xff, 0xff, 0xff, 0x26, 0x00, 0x00, 0x00, 0x00, /* 行14 */
    0x00, 0x00, 0x00, 0x00, 0x45, 0xff, 0xff, 0xff, 0x87, 0x00, 0x00, 0x00, 0x00, 0x01, 0xe7, 0xff, 0xff, 0xb4, 0x00, 0x00, 0x00, 0x00, 0x00, 0x3a, 0xff, 0xff, 0xff, 0x66, 0x00, 0x00, 0x00, 0x00, 0x00, 0xe2, 0xff, 0xff, 0xe1, 0x00, 0x00, 0x00, 0x00, 0x00, /* 行15 */
    0x00, 0x00, 0x00, 0x00, 0x08, 0xf7, 0xff, 0xff, 0xc9, 0x00, 0x00, 0x00, 0x00, 0x35, 0xff, 0xff, 0xff, 0x69, 0x00, 0x00, 0x00, 0x00, 0x00, 0x02, 0xea, 0xff, 0xff, 0xb4, 0x00, 0x00, 0x00, 0x00, 0x25, 0xff, 0xff, 0xff, 0x9d, 0x00, 0x00, 0x00, 0x00, 0x00, /* 行16 */
    0x00, 0x00, 0x00, 0x00, 0x00, 0xbc, 0xff, 0xff, 0xfc, 0x0e, 0x00, 0x00, 0x00, 0x81, 0xff, 0xff, 0xff, 0x1d, 0x00, 0x00, 0x00, 0x00, 0x00, 0x00, 0x9f, 0xff, 0xff, 0xf7, 0x0b, 0x00, 0x00, 0x00, 0x67, 0xff, 0xff, 0xff, 0x58, 0x00, 0x00, 0x00, 0x00, 0x00, /* 行17 */
    0x00, 0x00, 0x00, 0x00, 0x00, 0x77, 0xff, 0xff, 0xff, 0x4c, 0x00, 0x00, 0x00, 0xcc, 0xff, 0xff, 0xd1, 0x00, 0x00, 0x00, 0x00, 0x00, 0x00, 0x00, 0x52, 0xff, 0xff, 0xff, 0x52, 0x00, 0x00, 0x00, 0xa8, 0xff, 0xff, 0xfe, 0x15, 0x00, 0x00, 0x00, 0x00, 0x00, /* 行18 */
    0x00, 0x00, 0x00, 0x00, 0x00, 0x33, 0xff, 0xff, 0xff, 0x8e, 0x00, 0x00, 0x17, 0xfe, 0xff, 0xff, 0x85, 0x00, 0x00, 0x00, 0x00, 0x00, 0x00, 0x00, 0x0b, 0xf8, 0xff, 0xff, 0x9f, 0x00, 0x00, 0x00, 0xe8, 0xff, 0xff, 0xce, 0x00, 0x00, 0x00, 0x00, 0x00, 0x00, /* 行19 */
    0x00, 0x00, 0x00, 0x00, 0x00, 0x02, 0xec, 0xff, 0xff, 0xca, 0x00, 0x00, 0x5b, 0xff, 0xff, 0xff, 0x3a, 0x00, 0x00, 0x00, 0x00, 0x00, 0x00, 0x00, 0x00, 0xb7, 0xff, 0xff, 0xe6, 0x00, 0x00, 0x2a, 0xff, 0xff, 0xff, 0x8a, 0x00, 0x00, 0x00, 0x00, 0x00, 0x00, /* 行20 */
    0x00, 0x00, 0x00, 0x00, 0x00, 0x00, 0xaa, 0xff, 0xff, 0xfb, 0x0a, 0x00, 0x9f, 0xff, 0xff, 0xeb, 0x02, 0x00, 0x00, 0x00, 0x00, 0x00, 0x00, 0x00, 0x00, 0x69, 0xff, 0xff, 0xff, 0x2c, 0x00, 0x69, 0xff, 0xff, 0xff, 0x45, 0x00, 0x00, 0x00, 0x00, 0x00, 0x00, /* 行21 */
    0x00, 0x00, 0x00, 0x00, 0x00, 0x00, 0x66, 0xff, 0xff, 0xff, 0x3f, 0x00, 0xe2, 0xff, 0xff, 0xa2, 0x00, 0x00, 0x00, 0x00, 0x00, 0x00, 0x00, 0x00, 0x00, 0x1c, 0xff, 0xff, 0xff, 0x71, 0x00, 0xa5, 0xff, 0xff, 0xf7, 0x09, 0x00, 0x00, 0x00, 0x00, 0x00, 0x00, /* 行22 */
    0x00, 0x00, 0x00, 0x00, 0x00, 0x00, 0x21, 0xff, 0xff, 0xff, 0x7a, 0x21, 0xff, 0xff, 0xff, 0x57, 0x00, 0x00, 0x00, 0x00, 0x00, 0x00, 0x00, 0x00, 0x00, 0x00, 0xce, 0xff, 0xff, 0xb2, 0x00, 0xdd, 0xff, 0xff, 0xbb, 0x00, 0x00, 0x00, 0x00, 0x00, 0x00, 0x00, /* 行23 */
    0x00, 0x00, 0x00, 0x00, 0x00, 0x00, 0x00, 0xdd, 0xff, 0xff, 0xaa, 0x53, 0xff, 0xff, 0xfb, 0x10, 0x00, 0x00, 0x00, 0x00, 0x00, 0x00, 0x00, 0x00, 0x00, 0x00, 0x81, 0xff, 0xff, 0xe5, 0x12, 0xff, 0xff, 0xff, 0x77, 0x00, 0x00, 0x00, 0x00, 0x00, 0x00, 0x00, /* 行24 */
    0x00, 0x00, 0x00, 0x00, 0x00, 0x00, 0x00, 0x99, 0xff, 0xff, 0xd7, 0x83, 0xff, 0xff, 0xbf, 0x00, 0x00, 0x00, 0x00, 0x00, 0x00, 0x00, 0x00, 0x00, 0x00, 0x00, 0x34, 0xff, 0xff, 0xff, 0x5a, 0xff, 0xff, 0xff, 0x32, 0x00, 0x00, 0x00, 0x00, 0x00, 0x00, 0x00, /* 行25 */
    0x00, 0x00, 0x00, 0x00, 0x00, 0x00, 0x00, 0x54, 0xff, 0xff, 0xfc, 0xba, 0xff, 0xff, 0x74, 0x00, 0x00, 0x00, 0x00, 0x00, 0x00, 0x00, 0x00, 0x00, 0x00, 0x00, 0x01, 0xe5, 0xff, 0xff, 0xb7, 0xff, 0xff, 0xeb, 0x01, 0x00, 0x00, 0x00, 0x00, 0x00, 0x00, 0x00, /* 行26 */
    0x00, 0x00, 0x00, 0x00, 0x00, 0x00, 0x00, 0x12, 0xfd, 0xff, 0xff, 0xfb, 0xff, 0xff, 0x28, 0x00, 0x00, 0x00, 0x00, 0x00, 0x00, 0x00, 0x00, 0x00, 0x00, 0x00, 0x00, 0x99, 0xff, 0xff, 0xfb, 0xff, 0xff, 0xa8, 0x00, 0x00, 0x00, 0x00, 0x00, 0x00, 0x00, 0x00, /* 行27 */
    0x00, 0x00, 0x00, 0x00, 0x00, 0x00, 0x00, 0x00, 0xcc, 0xff, 0xff, 0xff, 0xff, 0xdc, 0x00, 0x00, 0x00, 0x00, 0x00, 0x00, 0x00, 0x00, 0x00, 0x00, 0x00, 0x00, 0x00, 0x4b, 0xff, 0xff, 0xff, 0xff, 0xff, 0x64, 0x00, 0x00, 0x00, 0x00, 0x00, 0x00, 0x00, 0x00, /* 行28 */
    0x00, 0x00, 0x00, 0x00, 0x00, 0x00, 0x00, 0x00, 0x87, 0xff, 0xff, 0xff, 0xff, 0x91, 0x00, 0x00, 0x00, 0x00, 0x00, 0x00, 0x00, 0x00, 0x00, 0x00, 0x00, 0x00, 0x00, 0x08, 0xf5, 0xff, 0xff, 0xff, 0xff, 0x1f, 0x00, 0x00, 0x00, 0x00, 0x00, 0x00, 0x00, 0x00, /* 行29 */
    0x00, 0x00, 0x00, 0x00, 0x00, 0x00, 0x00, 0x00, 0x43, 0xff, 0xff, 0xff, 0xff, 0x45, 0x00, 0x00, 0x00, 0x00, 0x00, 0x00, 0x00, 0x00, 0x00, 0x00, 0x00, 0x00, 0x00, 0x00, 0xb0, 0xff, 0xff, 0xff, 0xda, 0x00, 0x00, 0x00, 0x00, 0x00, 0x00, 0x00, 0x00, 0x00, /* 行30 */
    0x00, 0x00, 0x00, 0x00, 0x00, 0x00, 0x00, 0x00, 0x07, 0xf6, 0xff, 0xff, 0xf3, 0x06, 0x00, 0x00, 0x00, 0x00, 0x00, 0x00, 0x00, 0x00, 0x00, 0x00, 0x00, 0x00, 0x00, 0x00, 0x63, 0xff, 0xff, 0xff, 0x96, 0x00, 0x00, 0x00, 0x00, 0x00, 0x00, 0x00, 0x00, 0x00, /* 行31 */
};

/* 字符  88: X    */
/*
 * ░░████████▒▒                            ▒▒██████▓▓  
 *   ░░████████░░                        ░░████████░░  
 *     ▒▒██████▓▓                        ▓▓██████▒▒    
 *     ░░████████░░                    ░░██████▓▓      
 *       ░░████████░░                ░░████████░░      
 *         ▓▓██████▒▒                ▒▒██████▒▒        
 *         ░░████████░░            ░░████████░░        
 *           ░░████████░░          ▓▓██████░░          
 *             ▓▓██████▒▒        ▒▒██████▒▒            
 *             ░░████████░░    ░░████████░░            
 *               ▒▒██████▓▓    ▓▓██████░░              
 *                 ▓▓██████▒▒░░██████▒▒                
 *                 ░░████████████████░░                
 *                   ▒▒████████████░░                  
 *                     ▓▓████████▒▒                    
 *                     ▒▒████████▒▒                    
 *                   ░░████████████░░                  
 *                   ▓▓████████████▓▓                  
 *                 ░░██████▓▓▓▓██████░░                
 *               ░░████████░░░░████████░░              
 *               ▒▒██████▒▒    ▒▒██████▒▒              
 *             ░░██████▓▓      ░░████████░░            
 *           ░░████████░░        ▒▒████████░░          
 *           ▒▒██████▒▒            ▓▓██████▒▒          
 *         ░░████████░░            ░░████████░░        
 *         ▓▓██████░░                ▒▒██████▓▓        
 *       ▒▒██████▓▓                  ░░████████▒▒      
 *     ░░████████░░                    ░░████████░░    
 *     ▓▓██████▒▒                        ▓▓██████▓▓    
 *   ░░██████▓▓                          ░░████████░░  
 * ░░████████░░                            ▒▒████████░░
 * ▓▓██████▒▒                                ▓▓██████▒▒
 */
static const unsigned char open_sans_45px_char_088_bitmap[] = {
    0x01, 0xc3, 0xff, 0xff, 0xff, 0x58, 0x00, 0x00, 0x00, 0x00, 0x00, 0x00, 0x00, 0x00, 0x00, 0x00, 0x00, 0x00, 0x00, 0x00, 0x45, 0xff, 0xff, 0xff, 0xb3, 0x00, /* 行 0 */
    0x00, 0x26, 0xf7, 0xff, 0xff, 0xe8, 0x11, 0x00, 0x00, 0x00, 0x00, 0x00, 0x00, 0x00, 0x00, 0x00, 0x00, 0x00, 0x00, 0x09, 0xdd, 0xff, 0xff, 0xf0, 0x1b, 0x00, /* 行 1 */
    0x00, 0x00, 0x77, 0xff, 0xff, 0xff, 0x9a, 0x00, 0x00, 0x00, 0x00, 0x00, 0x00, 0x00, 0x00, 0x00, 0x00, 0x00, 0x00, 0x8a, 0xff, 0xff, 0xff, 0x63, 0x00, 0x00, /* 行 2 */
    0x00, 0x00, 0x03, 0xcc, 0xff, 0xff, 0xfe, 0x3d, 0x00, 0x00, 0x00, 0x00, 0x00, 0x00, 0x00, 0x00, 0x00, 0x00, 0x30, 0xfb, 0xff, 0xff, 0xba, 0x00, 0x00, 0x00, /* 行 3 */
    0x00, 0x00, 0x00, 0x2f, 0xfa, 0xff, 0xff, 0xd6, 0x06, 0x00, 0x00, 0x00, 0x00, 0x00, 0x00, 0x00, 0x00, 0x03, 0xcb, 0xff, 0xff, 0xf3, 0x1f, 0x00, 0x00, 0x00, /* 行 4 */
    0x00, 0x00, 0x00, 0x00, 0x83, 0xff, 0xff, 0xff, 0x7e, 0x00, 0x00, 0x00, 0x00, 0x00, 0x00, 0x00, 0x00, 0x71, 0xff, 0xff, 0xff, 0x6a, 0x00, 0x00, 0x00, 0x00, /* 行 5 */
    0x00, 0x00, 0x00, 0x00, 0x06, 0xd5, 0xff, 0xff, 0xf8, 0x27, 0x00, 0x00, 0x00, 0x00, 0x00, 0x00, 0x1e, 0xf4, 0xff, 0xff, 0xc0, 0x01, 0x00, 0x00, 0x00, 0x00, /* 行 6 */
    0x00, 0x00, 0x00, 0x00, 0x00, 0x38, 0xfd, 0xff, 0xff, 0xc0, 0x01, 0x00, 0x00, 0x00, 0x00, 0x00, 0xb4, 0xff, 0xff, 0xf5, 0x23, 0x00, 0x00, 0x00, 0x00, 0x00, /* 行 7 */
    0x00, 0x00, 0x00, 0x00, 0x00, 0x00, 0x8f, 0xff, 0xff, 0xff, 0x62, 0x00, 0x00, 0x00, 0x00, 0x57, 0xff, 0xff, 0xff, 0x71, 0x00, 0x00, 0x00, 0x00, 0x00, 0x00, /* 行 8 */
    0x00, 0x00, 0x00, 0x00, 0x00, 0x00, 0x0a, 0xdd, 0xff, 0xff, 0xed, 0x16, 0x00, 0x00, 0x11, 0xe8, 0xff, 0xff, 0xc6, 0x02, 0x00, 0x00, 0x00, 0x00, 0x00, 0x00, /* 行 9 */
    0x00, 0x00, 0x00, 0x00, 0x00, 0x00, 0x00, 0x42, 0xff, 0xff, 0xff, 0xa5, 0x00, 0x00, 0x9c, 0xff, 0xff, 0xf8, 0x28, 0x00, 0x00, 0x00, 0x00, 0x00, 0x00, 0x00, /* 行10 */
    0x00, 0x00, 0x00, 0x00, 0x00, 0x00, 0x00, 0x00, 0x9b, 0xff, 0xff, 0xff, 0x46, 0x3e, 0xfe, 0xff, 0xff, 0x78, 0x00, 0x00, 0x00, 0x00, 0x00, 0x00, 0x00, 0x00, /* 行11 */
    0x00, 0x00, 0x00, 0x00, 0x00, 0x00, 0x00, 0x00, 0x0f, 0xe4, 0xff, 0xff, 0xdd, 0xd8, 0xff, 0xff, 0xcc, 0x03, 0x00, 0x00, 0x00, 0x00, 0x00, 0x00, 0x00, 0x00, /* 行12 */
    0x00, 0x00, 0x00, 0x00, 0x00, 0x00, 0x00, 0x00, 0x00, 0x4d, 0xff, 0xff, 0xff, 0xff, 0xff, 0xfa, 0x2d, 0x00, 0x00, 0x00, 0x00, 0x00, 0x00, 0x00, 0x00, 0x00, /* 行13 */
    0x00, 0x00, 0x00, 0x00, 0x00, 0x00, 0x00, 0x00, 0x00, 0x00, 0xa6, 0xff, 0xff, 0xff, 0xff, 0x7f, 0x00, 0x00, 0x00, 0x00, 0x00, 0x00, 0x00, 0x00, 0x00, 0x00, /* 行14 */
    0x00, 0x00, 0x00, 0x00, 0x00, 0x00, 0x00, 0x00, 0x00, 0x00, 0x55, 0xff, 0xff, 0xff, 0xff, 0x51, 0x00, 0x00, 0x00, 0x00, 0x00, 0x00, 0x00, 0x00, 0x00, 0x00, /* 行15 */
    0x00, 0x00, 0x00, 0x00, 0x00, 0x00, 0x00, 0x00, 0x00, 0x0b, 0xdf, 0xff, 0xff, 0xff, 0xff, 0xe3, 0x0d, 0x00, 0x00, 0x00, 0x00, 0x00, 0x00, 0x00, 0x00, 0x00, /* 行16 */
    0x00, 0x00, 0x00, 0x00, 0x00, 0x00, 0x00, 0x00, 0x00, 0x8f, 0xff, 0xff, 0xff, 0xff, 0xff, 0xff, 0x93, 0x00, 0x00, 0x00, 0x00, 0x00, 0x00, 0x00, 0x00, 0x00, /* 行17 */
    0x00, 0x00, 0x00, 0x00, 0x00, 0x00, 0x00, 0x00, 0x35, 0xfd, 0xff, 0xff, 0x8f, 0xb9, 0xff, 0xff, 0xfd, 0x38, 0x00, 0x00, 0x00, 0x00, 0x00, 0x00, 0x00, 0x00, /* 行18 */
    0x00, 0x00, 0x00, 0x00, 0x00, 0x00, 0x00, 0x04, 0xd1, 0xff, 0xff, 0xe2, 0x0c, 0x24, 0xf7, 0xff, 0xff, 0xd3, 0x05, 0x00, 0x00, 0x00, 0x00, 0x00, 0x00, 0x00, /* 行19 */
    0x00, 0x00, 0x00, 0x00, 0x00, 0x00, 0x00, 0x7a, 0xff, 0xff, 0xff, 0x4f, 0x00, 0x00, 0x7f, 0xff, 0xff, 0xff, 0x7b, 0x00, 0x00, 0x00, 0x00, 0x00, 0x00, 0x00, /* 行20 */
    0x00, 0x00, 0x00, 0x00, 0x00, 0x00, 0x26, 0xf7, 0xff, 0xff, 0xaf, 0x00, 0x00, 0x00, 0x07, 0xda, 0xff, 0xff, 0xf8, 0x26, 0x00, 0x00, 0x00, 0x00, 0x00, 0x00, /* 行21 */
    0x00, 0x00, 0x00, 0x00, 0x00, 0x01, 0xc0, 0xff, 0xff, 0xf3, 0x1c, 0x00, 0x00, 0x00, 0x00, 0x45, 0xff, 0xff, 0xff, 0xc0, 0x01, 0x00, 0x00, 0x00, 0x00, 0x00, /* 行22 */
    0x00, 0x00, 0x00, 0x00, 0x00, 0x65, 0xff, 0xff, 0xff, 0x6f, 0x00, 0x00, 0x00, 0x00, 0x00, 0x00, 0xa8, 0xff, 0xff, 0xff, 0x64, 0x00, 0x00, 0x00, 0x00, 0x00, /* 行23 */
    0x00, 0x00, 0x00, 0x00, 0x19, 0xef, 0xff, 0xff, 0xcc, 0x03, 0x00, 0x00, 0x00, 0x00, 0x00, 0x00, 0x19, 0xf1, 0xff, 0xff, 0xee, 0x17, 0x00, 0x00, 0x00, 0x00, /* 行24 */
    0x00, 0x00, 0x00, 0x00, 0xad, 0xff, 0xff, 0xfc, 0x32, 0x00, 0x00, 0x00, 0x00, 0x00, 0x00, 0x00, 0x00, 0x6d, 0xff, 0xff, 0xff, 0xa9, 0x00, 0x00, 0x00, 0x00, /* 行25 */
    0x00, 0x00, 0x00, 0x50, 0xff, 0xff, 0xff, 0x8f, 0x00, 0x00, 0x00, 0x00, 0x00, 0x00, 0x00, 0x00, 0x00, 0x03, 0xcd, 0xff, 0xff, 0xff, 0x4c, 0x00, 0x00, 0x00, /* 行26 */
    0x00, 0x00, 0x0e, 0xe4, 0xff, 0xff, 0xe3, 0x0c, 0x00, 0x00, 0x00, 0x00, 0x00, 0x00, 0x00, 0x00, 0x00, 0x00, 0x35, 0xfd, 0xff, 0xff, 0xe2, 0x0c, 0x00, 0x00, /* 行27 */
    0x00, 0x00, 0x98, 0xff, 0xff, 0xff, 0x4f, 0x00, 0x00, 0x00, 0x00, 0x00, 0x00, 0x00, 0x00, 0x00, 0x00, 0x00, 0x00, 0x96, 0xff, 0xff, 0xff, 0x91, 0x00, 0x00, /* 行28 */
    0x00, 0x3c, 0xfe, 0xff, 0xff, 0xaf, 0x00, 0x00, 0x00, 0x00, 0x00, 0x00, 0x00, 0x00, 0x00, 0x00, 0x00, 0x00, 0x00, 0x10, 0xe8, 0xff, 0xff, 0xfd, 0x37, 0x00, /* 行29 */
    0x07, 0xd7, 0xff, 0xff, 0xf3, 0x1c, 0x00, 0x00, 0x00, 0x00, 0x00, 0x00, 0x00, 0x00, 0x00, 0x00, 0x00, 0x00, 0x00, 0x00, 0x5c, 0xff, 0xff, 0xff, 0xd2, 0x05, /* 行30 */
    0x82, 0xff, 0xff, 0xff, 0x6f, 0x00, 0x00, 0x00, 0x00, 0x00, 0x00, 0x00, 0x00, 0x00, 0x00, 0x00, 0x00, 0x00, 0x00, 0x00, 0x00, 0xbe, 0xff, 0xff, 0xff, 0x7a, /* 行31 */
};

/* 字符  89: Y    */
/*
 * ▓▓██████▒▒                              ░░████████░░
 * ░░████████░░                            ▓▓██████▒▒  
 *   ▓▓██████▒▒                          ░░████████░░  
 *   ░░████████░░                        ▓▓██████▒▒    
 *     ▓▓██████▒▒                      ▒▒██████▓▓      
 *     ░░████████░░                    ████████░░      
 *       ▒▒██████▓▓                  ▒▒██████▓▓        
 *       ░░████████░░              ░░████████░░        
 *         ▒▒██████▓▓              ▒▒██████▓▓          
 *         ░░████████░░          ░░████████░░          
 *           ▒▒██████▓▓          ▒▒██████▒▒            
 *             ████████░░      ░░████████░░            
 *             ░░██████▓▓      ▓▓██████▒▒              
 *               ▓▓██████▒▒  ░░████████░░              
 *               ░░████████  ▓▓██████▒▒                
 *                 ▓▓██████▒▒██████▓▓                  
 *                 ░░██████████████░░                  
 *                   ▓▓██████████▓▓                    
 *                   ░░██████████░░                    
 *                     ▒▒██████▓▓                      
 *                     ▒▒██████▒▒                      
 *                     ▒▒██████▒▒                      
 *                     ▒▒██████▒▒                      
 *                     ▒▒██████▒▒                      
 *                     ▒▒██████▒▒                      
 *                     ▒▒██████▒▒                      
 *                     ▒▒██████▒▒                      
 *                     ▒▒██████▒▒                      
 *                     ▒▒██████▒▒                      
 *                     ▒▒██████▒▒                      
 *                     ▒▒██████▒▒                      
 *                     ▒▒██████▒▒                      
 */
static const unsigned char open_sans_45px_char_089_bitmap[] = {
    0xbb, 0xff, 0xff, 0xff, 0x5b, 0x00, 0x00, 0x00, 0x00, 0x00, 0x00, 0x00, 0x00, 0x00, 0x00, 0x00, 0x00, 0x00, 0x00, 0x00, 0x22, 0xfa, 0xff, 0xff, 0xe4, 0x09, /* 行 0 */
    0x32, 0xfe, 0xff, 0xff, 0xdd, 0x05, 0x00, 0x00, 0x00, 0x00, 0x00, 0x00, 0x00, 0x00, 0x00, 0x00, 0x00, 0x00, 0x00, 0x00, 0xa6, 0xff, 0xff, 0xff, 0x61, 0x00, /* 行 1 */
    0x00, 0xa6, 0xff, 0xff, 0xff, 0x6b, 0x00, 0x00, 0x00, 0x00, 0x00, 0x00, 0x00, 0x00, 0x00, 0x00, 0x00, 0x00, 0x00, 0x30, 0xfe, 0xff, 0xff, 0xd2, 0x02, 0x00, /* 行 2 */
    0x00, 0x21, 0xf9, 0xff, 0xff, 0xe8, 0x0b, 0x00, 0x00, 0x00, 0x00, 0x00, 0x00, 0x00, 0x00, 0x00, 0x00, 0x00, 0x00, 0xb8, 0xff, 0xff, 0xff, 0x49, 0x00, 0x00, /* 行 3 */
    0x00, 0x00, 0x90, 0xff, 0xff, 0xff, 0x7b, 0x00, 0x00, 0x00, 0x00, 0x00, 0x00, 0x00, 0x00, 0x00, 0x00, 0x00, 0x40, 0xff, 0xff, 0xff, 0xbd, 0x00, 0x00, 0x00, /* 行 4 */
    0x00, 0x00, 0x14, 0xf1, 0xff, 0xff, 0xf0, 0x12, 0x00, 0x00, 0x00, 0x00, 0x00, 0x00, 0x00, 0x00, 0x00, 0x00, 0xc9, 0xff, 0xff, 0xfe, 0x32, 0x00, 0x00, 0x00, /* 行 5 */
    0x00, 0x00, 0x00, 0x7b, 0xff, 0xff, 0xff, 0x8b, 0x00, 0x00, 0x00, 0x00, 0x00, 0x00, 0x00, 0x00, 0x00, 0x53, 0xff, 0xff, 0xff, 0xa5, 0x00, 0x00, 0x00, 0x00, /* 行 6 */
    0x00, 0x00, 0x00, 0x0a, 0xe6, 0xff, 0xff, 0xf7, 0x1c, 0x00, 0x00, 0x00, 0x00, 0x00, 0x00, 0x00, 0x03, 0xd7, 0xff, 0xff, 0xf8, 0x20, 0x00, 0x00, 0x00, 0x00, /* 行 7 */
    0x00, 0x00, 0x00, 0x00, 0x66, 0xff, 0xff, 0xff, 0x9b, 0x00, 0x00, 0x00, 0x00, 0x00, 0x00, 0x00, 0x65, 0xff, 0xff, 0xff, 0x8d, 0x00, 0x00, 0x00, 0x00, 0x00, /* 行 8 */
    0x00, 0x00, 0x00, 0x00, 0x03, 0xd7, 0xff, 0xff, 0xfc, 0x27, 0x00, 0x00, 0x00, 0x00, 0x00, 0x09, 0xe4, 0xff, 0xff, 0xef, 0x12, 0x00, 0x00, 0x00, 0x00, 0x00, /* 行 9 */
    0x00, 0x00, 0x00, 0x00, 0x00, 0x51, 0xff, 0xff, 0xff, 0xab, 0x00, 0x00, 0x00, 0x00, 0x00, 0x77, 0xff, 0xff, 0xff, 0x75, 0x00, 0x00, 0x00, 0x00, 0x00, 0x00, /* 行10 */
    0x00, 0x00, 0x00, 0x00, 0x00, 0x00, 0xc5, 0xff, 0xff, 0xfe, 0x34, 0x00, 0x00, 0x00, 0x11, 0xee, 0xff, 0xff, 0xe1, 0x07, 0x00, 0x00, 0x00, 0x00, 0x00, 0x00, /* 行11 */
    0x00, 0x00, 0x00, 0x00, 0x00, 0x00, 0x3b, 0xff, 0xff, 0xff, 0xbb, 0x00, 0x00, 0x00, 0x89, 0xff, 0xff, 0xff, 0x5d, 0x00, 0x00, 0x00, 0x00, 0x00, 0x00, 0x00, /* 行12 */
    0x00, 0x00, 0x00, 0x00, 0x00, 0x00, 0x00, 0xb1, 0xff, 0xff, 0xff, 0x43, 0x00, 0x1b, 0xf6, 0xff, 0xff, 0xcf, 0x01, 0x00, 0x00, 0x00, 0x00, 0x00, 0x00, 0x00, /* 行13 */
    0x00, 0x00, 0x00, 0x00, 0x00, 0x00, 0x00, 0x29, 0xfc, 0xff, 0xff, 0xca, 0x00, 0x9b, 0xff, 0xff, 0xff, 0x45, 0x00, 0x00, 0x00, 0x00, 0x00, 0x00, 0x00, 0x00, /* 行14 */
    0x00, 0x00, 0x00, 0x00, 0x00, 0x00, 0x00, 0x00, 0x9c, 0xff, 0xff, 0xff, 0x7a, 0xfc, 0xff, 0xff, 0xb9, 0x00, 0x00, 0x00, 0x00, 0x00, 0x00, 0x00, 0x00, 0x00, /* 行15 */
    0x00, 0x00, 0x00, 0x00, 0x00, 0x00, 0x00, 0x00, 0x1b, 0xf6, 0xff, 0xff, 0xff, 0xff, 0xff, 0xfd, 0x2f, 0x00, 0x00, 0x00, 0x00, 0x00, 0x00, 0x00, 0x00, 0x00, /* 行16 */
    0x00, 0x00, 0x00, 0x00, 0x00, 0x00, 0x00, 0x00, 0x00, 0x86, 0xff, 0xff, 0xff, 0xff, 0xff, 0xa1, 0x00, 0x00, 0x00, 0x00, 0x00, 0x00, 0x00, 0x00, 0x00, 0x00, /* 行17 */
    0x00, 0x00, 0x00, 0x00, 0x00, 0x00, 0x00, 0x00, 0x00, 0x0f, 0xec, 0xff, 0xff, 0xff, 0xf7, 0x1d, 0x00, 0x00, 0x00, 0x00, 0x00, 0x00, 0x00, 0x00, 0x00, 0x00, /* 行18 */
    0x00, 0x00, 0x00, 0x00, 0x00, 0x00, 0x00, 0x00, 0x00, 0x00, 0x74, 0xff, 0xff, 0xff, 0x94, 0x00, 0x00, 0x00, 0x00, 0x00, 0x00, 0x00, 0x00, 0x00, 0x00, 0x00, /* 行19 */
    0x00, 0x00, 0x00, 0x00, 0x00, 0x00, 0x00, 0x00, 0x00, 0x00, 0x4c, 0xff, 0xff, 0xff, 0x7c, 0x00, 0x00, 0x00, 0x00, 0x00, 0x00, 0x00, 0x00, 0x00, 0x00, 0x00, /* 行20 */
    0x00, 0x00, 0x00, 0x00, 0x00, 0x00, 0x00, 0x00, 0x00, 0x00, 0x4c, 0xff, 0xff, 0xff, 0x7c, 0x00, 0x00, 0x00, 0x00, 0x00, 0x00, 0x00, 0x00, 0x00, 0x00, 0x00, /* 行21 */
    0x00, 0x00, 0x00, 0x00, 0x00, 0x00, 0x00, 0x00, 0x00, 0x00, 0x4c, 0xff, 0xff, 0xff, 0x7c, 0x00, 0x00, 0x00, 0x00, 0x00, 0x00, 0x00, 0x00, 0x00, 0x00, 0x00, /* 行22 */
    0x00, 0x00, 0x00, 0x00, 0x00, 0x00, 0x00, 0x00, 0x00, 0x00, 0x4c, 0xff, 0xff, 0xff, 0x7c, 0x00, 0x00, 0x00, 0x00, 0x00, 0x00, 0x00, 0x00, 0x00, 0x00, 0x00, /* 行23 */
    0x00, 0x00, 0x00, 0x00, 0x00, 0x00, 0x00, 0x00, 0x00, 0x00, 0x4c, 0xff, 0xff, 0xff, 0x7c, 0x00, 0x00, 0x00, 0x00, 0x00, 0x00, 0x00, 0x00, 0x00, 0x00, 0x00, /* 行24 */
    0x00, 0x00, 0x00, 0x00, 0x00, 0x00, 0x00, 0x00, 0x00, 0x00, 0x4c, 0xff, 0xff, 0xff, 0x7c, 0x00, 0x00, 0x00, 0x00, 0x00, 0x00, 0x00, 0x00, 0x00, 0x00, 0x00, /* 行25 */
    0x00, 0x00, 0x00, 0x00, 0x00, 0x00, 0x00, 0x00, 0x00, 0x00, 0x4c, 0xff, 0xff, 0xff, 0x7c, 0x00, 0x00, 0x00, 0x00, 0x00, 0x00, 0x00, 0x00, 0x00, 0x00, 0x00, /* 行26 */
    0x00, 0x00, 0x00, 0x00, 0x00, 0x00, 0x00, 0x00, 0x00, 0x00, 0x4c, 0xff, 0xff, 0xff, 0x7c, 0x00, 0x00, 0x00, 0x00, 0x00, 0x00, 0x00, 0x00, 0x00, 0x00, 0x00, /* 行27 */
    0x00, 0x00, 0x00, 0x00, 0x00, 0x00, 0x00, 0x00, 0x00, 0x00, 0x4c, 0xff, 0xff, 0xff, 0x7c, 0x00, 0x00, 0x00, 0x00, 0x00, 0x00, 0x00, 0x00, 0x00, 0x00, 0x00, /* 行28 */
    0x00, 0x00, 0x00, 0x00, 0x00, 0x00, 0x00, 0x00, 0x00, 0x00, 0x4c, 0xff, 0xff, 0xff, 0x7c, 0x00, 0x00, 0x00, 0x00, 0x00, 0x00, 0x00, 0x00, 0x00, 0x00, 0x00, /* 行29 */
    0x00, 0x00, 0x00, 0x00, 0x00, 0x00, 0x00, 0x00, 0x00, 0x00, 0x4c, 0xff, 0xff, 0xff, 0x7c, 0x00, 0x00, 0x00, 0x00, 0x00, 0x00, 0x00, 0x00, 0x00, 0x00, 0x00, /* 行30 */
    0x00, 0x00, 0x00, 0x00, 0x00, 0x00, 0x00, 0x00, 0x00, 0x00, 0x4c, 0xff, 0xff, 0xff, 0x7c, 0x00, 0x00, 0x00, 0x00, 0x00, 0x00, 0x00, 0x00, 0x00, 0x00, 0x00, /* 行31 */
};

/* 字符  90: Z    */
/*
 *   ▓▓████████████████████████████████████████▒▒
 *   ▓▓████████████████████████████████████████▒▒
 *   ▓▓████████████████████████████████████████▒▒
 *   ░░▒▒▒▒▒▒▒▒▒▒▒▒▒▒▒▒▒▒▒▒▒▒▒▒▒▒▒▒▒▒▓▓████████░░
 *                                 ░░████████▒▒  
 *                                 ▓▓██████▓▓    
 *                               ░░████████░░    
 *                             ░░████████▒▒      
 *                             ▓▓██████▓▓        
 *                           ░░████████░░        
 *                         ░░████████▒▒          
 *                         ▓▓██████▓▓            
 *                       ░░████████░░            
 *                     ░░████████▒▒              
 *                     ▓▓██████▓▓                
 *                   ░░████████░░                
 *                 ░░████████▒▒                  
 *                 ▓▓██████▓▓                    
 *               ░░████████░░                    
 *             ░░████████▒▒                      
 *             ▓▓██████▓▓                        
 *           ░░████████░░                        
 *         ░░████████▒▒                          
 *         ▒▒██████▓▓                            
 *       ░░████████░░                            
 *     ░░████████▒▒                              
 *     ▒▒██████▓▓░░                              
 *   ░░████████░░                                
 * ░░████████▓▓▒▒▒▒▒▒▒▒▒▒▒▒▒▒▒▒▒▒▒▒▒▒▒▒▒▒▒▒▒▒▒▒▒▒
 * ░░████████████████████████████████████████████
 * ░░████████████████████████████████████████████
 * ░░████████████████████████████████████████████
 */
static const unsigned char open_sans_45px_char_090_bitmap[] = {
    0x00, 0xac, 0xff, 0xff, 0xff, 0xff, 0xff, 0xff, 0xff, 0xff, 0xff, 0xff, 0xff, 0xff, 0xff, 0xff, 0xff, 0xff, 0xff, 0xff, 0xff, 0xff, 0x68, /* 行 0 */
    0x00, 0xac, 0xff, 0xff, 0xff, 0xff, 0xff, 0xff, 0xff, 0xff, 0xff, 0xff, 0xff, 0xff, 0xff, 0xff, 0xff, 0xff, 0xff, 0xff, 0xff, 0xff, 0x68, /* 行 1 */
    0x00, 0xac, 0xff, 0xff, 0xff, 0xff, 0xff, 0xff, 0xff, 0xff, 0xff, 0xff, 0xff, 0xff, 0xff, 0xff, 0xff, 0xff, 0xff, 0xff, 0xff, 0xff, 0x67, /* 行 2 */
    0x00, 0x3d, 0x5c, 0x5c, 0x5c, 0x5c, 0x5c, 0x5c, 0x5c, 0x5c, 0x5c, 0x5c, 0x5c, 0x5c, 0x5c, 0x5c, 0x5c, 0x95, 0xff, 0xff, 0xff, 0xec, 0x16, /* 行 3 */
    0x00, 0x00, 0x00, 0x00, 0x00, 0x00, 0x00, 0x00, 0x00, 0x00, 0x00, 0x00, 0x00, 0x00, 0x00, 0x00, 0x0a, 0xdb, 0xff, 0xff, 0xff, 0x59, 0x00, /* 行 4 */
    0x00, 0x00, 0x00, 0x00, 0x00, 0x00, 0x00, 0x00, 0x00, 0x00, 0x00, 0x00, 0x00, 0x00, 0x00, 0x00, 0x90, 0xff, 0xff, 0xff, 0xaf, 0x00, 0x00, /* 行 5 */
    0x00, 0x00, 0x00, 0x00, 0x00, 0x00, 0x00, 0x00, 0x00, 0x00, 0x00, 0x00, 0x00, 0x00, 0x00, 0x3b, 0xfd, 0xff, 0xff, 0xed, 0x17, 0x00, 0x00, /* 行 6 */
    0x00, 0x00, 0x00, 0x00, 0x00, 0x00, 0x00, 0x00, 0x00, 0x00, 0x00, 0x00, 0x00, 0x00, 0x09, 0xd9, 0xff, 0xff, 0xff, 0x5b, 0x00, 0x00, 0x00, /* 行 7 */
    0x00, 0x00, 0x00, 0x00, 0x00, 0x00, 0x00, 0x00, 0x00, 0x00, 0x00, 0x00, 0x00, 0x00, 0x8d, 0xff, 0xff, 0xff, 0xb1, 0x00, 0x00, 0x00, 0x00, /* 行 8 */
    0x00, 0x00, 0x00, 0x00, 0x00, 0x00, 0x00, 0x00, 0x00, 0x00, 0x00, 0x00, 0x00, 0x39, 0xfd, 0xff, 0xff, 0xee, 0x19, 0x00, 0x00, 0x00, 0x00, /* 行 9 */
    0x00, 0x00, 0x00, 0x00, 0x00, 0x00, 0x00, 0x00, 0x00, 0x00, 0x00, 0x00, 0x08, 0xd7, 0xff, 0xff, 0xff, 0x5d, 0x00, 0x00, 0x00, 0x00, 0x00, /* 行10 */
    0x00, 0x00, 0x00, 0x00, 0x00, 0x00, 0x00, 0x00, 0x00, 0x00, 0x00, 0x00, 0x8a, 0xff, 0xff, 0xff, 0xb3, 0x00, 0x00, 0x00, 0x00, 0x00, 0x00, /* 行11 */
    0x00, 0x00, 0x00, 0x00, 0x00, 0x00, 0x00, 0x00, 0x00, 0x00, 0x00, 0x36, 0xfc, 0xff, 0xff, 0xef, 0x1a, 0x00, 0x00, 0x00, 0x00, 0x00, 0x00, /* 行12 */
    0x00, 0x00, 0x00, 0x00, 0x00, 0x00, 0x00, 0x00, 0x00, 0x00, 0x07, 0xd5, 0xff, 0xff, 0xff, 0x5f, 0x00, 0x00, 0x00, 0x00, 0x00, 0x00, 0x00, /* 行13 */
    0x00, 0x00, 0x00, 0x00, 0x00, 0x00, 0x00, 0x00, 0x00, 0x00, 0x87, 0xff, 0xff, 0xff, 0xb5, 0x00, 0x00, 0x00, 0x00, 0x00, 0x00, 0x00, 0x00, /* 行14 */
    0x00, 0x00, 0x00, 0x00, 0x00, 0x00, 0x00, 0x00, 0x00, 0x34, 0xfc, 0xff, 0xff, 0xf0, 0x1b, 0x00, 0x00, 0x00, 0x00, 0x00, 0x00, 0x00, 0x00, /* 行15 */
    0x00, 0x00, 0x00, 0x00, 0x00, 0x00, 0x00, 0x00, 0x06, 0xd3, 0xff, 0xff, 0xff, 0x61, 0x00, 0x00, 0x00, 0x00, 0x00, 0x00, 0x00, 0x00, 0x00, /* 行16 */
    0x00, 0x00, 0x00, 0x00, 0x00, 0x00, 0x00, 0x00, 0x85, 0xff, 0xff, 0xff, 0xb7, 0x00, 0x00, 0x00, 0x00, 0x00, 0x00, 0x00, 0x00, 0x00, 0x00, /* 行17 */
    0x00, 0x00, 0x00, 0x00, 0x00, 0x00, 0x00, 0x32, 0xfb, 0xff, 0xff, 0xf1, 0x1c, 0x00, 0x00, 0x00, 0x00, 0x00, 0x00, 0x00, 0x00, 0x00, 0x00, /* 行18 */
    0x00, 0x00, 0x00, 0x00, 0x00, 0x00, 0x05, 0xd1, 0xff, 0xff, 0xff, 0x64, 0x00, 0x00, 0x00, 0x00, 0x00, 0x00, 0x00, 0x00, 0x00, 0x00, 0x00, /* 行19 */
    0x00, 0x00, 0x00, 0x00, 0x00, 0x00, 0x82, 0xff, 0xff, 0xff, 0xb9, 0x00, 0x00, 0x00, 0x00, 0x00, 0x00, 0x00, 0x00, 0x00, 0x00, 0x00, 0x00, /* 行20 */
    0x00, 0x00, 0x00, 0x00, 0x00, 0x30, 0xfa, 0xff, 0xff, 0xf2, 0x1e, 0x00, 0x00, 0x00, 0x00, 0x00, 0x00, 0x00, 0x00, 0x00, 0x00, 0x00, 0x00, /* 行21 */
    0x00, 0x00, 0x00, 0x00, 0x05, 0xcf, 0xff, 0xff, 0xff, 0x66, 0x00, 0x00, 0x00, 0x00, 0x00, 0x00, 0x00, 0x00, 0x00, 0x00, 0x00, 0x00, 0x00, /* 行22 */
    0x00, 0x00, 0x00, 0x00, 0x7f, 0xff, 0xff, 0xff, 0xbb, 0x00, 0x00, 0x00, 0x00, 0x00, 0x00, 0x00, 0x00, 0x00, 0x00, 0x00, 0x00, 0x00, 0x00, /* 行23 */
    0x00, 0x00, 0x00, 0x2e, 0xfa, 0xff, 0xff, 0xf2, 0x1f, 0x00, 0x00, 0x00, 0x00, 0x00, 0x00, 0x00, 0x00, 0x00, 0x00, 0x00, 0x00, 0x00, 0x00, /* 行24 */
    0x00, 0x00, 0x04, 0xcd, 0xff, 0xff, 0xff, 0x68, 0x00, 0x00, 0x00, 0x00, 0x00, 0x00, 0x00, 0x00, 0x00, 0x00, 0x00, 0x00, 0x00, 0x00, 0x00, /* 行25 */
    0x00, 0x00, 0x7c, 0xff, 0xff, 0xff, 0xbd, 0x01, 0x00, 0x00, 0x00, 0x00, 0x00, 0x00, 0x00, 0x00, 0x00, 0x00, 0x00, 0x00, 0x00, 0x00, 0x00, /* 行26 */
    0x00, 0x2c, 0xf9, 0xff, 0xff, 0xf3, 0x20, 0x00, 0x00, 0x00, 0x00, 0x00, 0x00, 0x00, 0x00, 0x00, 0x00, 0x00, 0x00, 0x00, 0x00, 0x00, 0x00, /* 行27 */
    0x03, 0xcb, 0xff, 0xff, 0xff, 0xb9, 0x64, 0x64, 0x64, 0x64, 0x64, 0x64, 0x64, 0x64, 0x64, 0x64, 0x64, 0x64, 0x64, 0x64, 0x64, 0x64, 0x59, /* 行28 */
    0x33, 0xff, 0xff, 0xff, 0xff, 0xff, 0xff, 0xff, 0xff, 0xff, 0xff, 0xff, 0xff, 0xff, 0xff, 0xff, 0xff, 0xff, 0xff, 0xff, 0xff, 0xff, 0xe4, /* 行29 */
    0x34, 0xff, 0xff, 0xff, 0xff, 0xff, 0xff, 0xff, 0xff, 0xff, 0xff, 0xff, 0xff, 0xff, 0xff, 0xff, 0xff, 0xff, 0xff, 0xff, 0xff, 0xff, 0xe4, /* 行30 */
    0x34, 0xff, 0xff, 0xff, 0xff, 0xff, 0xff, 0xff, 0xff, 0xff, 0xff, 0xff, 0xff, 0xff, 0xff, 0xff, 0xff, 0xff, 0xff, 0xff, 0xff, 0xff, 0xe4, /* 行31 */
};

/* 字符  91: [    */
/*
 * ▒▒██████████████████▓▓
 * ▒▒██████████████████▓▓
 * ▒▒██████████████████▓▓
 * ▒▒██████▒▒░░░░░░░░░░░░
 * ▒▒██████▒▒            
 * ▒▒██████▒▒            
 * ▒▒██████▒▒            
 * ▒▒██████▒▒            
 * ▒▒██████▒▒            
 * ▒▒██████▒▒            
 * ▒▒██████▒▒            
 * ▒▒██████▒▒            
 * ▒▒██████▒▒            
 * ▒▒██████▒▒            
 * ▒▒██████▒▒            
 * ▒▒██████▒▒            
 * ▒▒██████▒▒            
 * ▒▒██████▒▒            
 * ▒▒██████▒▒            
 * ▒▒██████▒▒            
 * ▒▒██████▒▒            
 * ▒▒██████▒▒            
 * ▒▒██████▒▒            
 * ▒▒██████▒▒            
 * ▒▒██████▒▒            
 * ▒▒██████▒▒            
 * ▒▒██████▒▒            
 * ▒▒██████▒▒            
 * ▒▒██████▒▒            
 * ▒▒██████▒▒            
 * ▒▒██████▒▒            
 * ▒▒██████▒▒            
 * ▒▒██████▒▒            
 * ▒▒██████▒▒            
 * ▒▒██████▒▒            
 * ▒▒██████▒▒░░░░░░░░░░░░
 * ▒▒██████████████████▓▓
 * ▒▒██████████████████▓▓
 * ▒▒██████████████████▓▓
 */
static const unsigned char open_sans_45px_char_091_bitmap[] = {
    0x5c, 0xff, 0xff, 0xff, 0xff, 0xff, 0xff, 0xff, 0xff, 0xff, 0xb0, /* 行 0 */
    0x5c, 0xff, 0xff, 0xff, 0xff, 0xff, 0xff, 0xff, 0xff, 0xff, 0xb0, /* 行 1 */
    0x5c, 0xff, 0xff, 0xff, 0xff, 0xff, 0xff, 0xff, 0xff, 0xff, 0xb0, /* 行 2 */
    0x5c, 0xff, 0xff, 0xff, 0x67, 0x18, 0x18, 0x18, 0x18, 0x18, 0x10, /* 行 3 */
    0x5c, 0xff, 0xff, 0xff, 0x58, 0x00, 0x00, 0x00, 0x00, 0x00, 0x00, /* 行 4 */
    0x5c, 0xff, 0xff, 0xff, 0x58, 0x00, 0x00, 0x00, 0x00, 0x00, 0x00, /* 行 5 */
    0x5c, 0xff, 0xff, 0xff, 0x58, 0x00, 0x00, 0x00, 0x00, 0x00, 0x00, /* 行 6 */
    0x5c, 0xff, 0xff, 0xff, 0x58, 0x00, 0x00, 0x00, 0x00, 0x00, 0x00, /* 行 7 */
    0x5c, 0xff, 0xff, 0xff, 0x58, 0x00, 0x00, 0x00, 0x00, 0x00, 0x00, /* 行 8 */
    0x5c, 0xff, 0xff, 0xff, 0x58, 0x00, 0x00, 0x00, 0x00, 0x00, 0x00, /* 行 9 */
    0x5c, 0xff, 0xff, 0xff, 0x58, 0x00, 0x00, 0x00, 0x00, 0x00, 0x00, /* 行10 */
    0x5c, 0xff, 0xff, 0xff, 0x58, 0x00, 0x00, 0x00, 0x00, 0x00, 0x00, /* 行11 */
    0x5c, 0xff, 0xff, 0xff, 0x58, 0x00, 0x00, 0x00, 0x00, 0x00, 0x00, /* 行12 */
    0x5c, 0xff, 0xff, 0xff, 0x58, 0x00, 0x00, 0x00, 0x00, 0x00, 0x00, /* 行13 */
    0x5c, 0xff, 0xff, 0xff, 0x58, 0x00, 0x00, 0x00, 0x00, 0x00, 0x00, /* 行14 */
    0x5c, 0xff, 0xff, 0xff, 0x58, 0x00, 0x00, 0x00, 0x00, 0x00, 0x00, /* 行15 */
    0x5c, 0xff, 0xff, 0xff, 0x58, 0x00, 0x00, 0x00, 0x00, 0x00, 0x00, /* 行16 */
    0x5c, 0xff, 0xff, 0xff, 0x58, 0x00, 0x00, 0x00, 0x00, 0x00, 0x00, /* 行17 */
    0x5c, 0xff, 0xff, 0xff, 0x58, 0x00, 0x00, 0x00, 0x00, 0x00, 0x00, /* 行18 */
    0x5c, 0xff, 0xff, 0xff, 0x58, 0x00, 0x00, 0x00, 0x00, 0x00, 0x00, /* 行19 */
    0x5c, 0xff, 0xff, 0xff, 0x58, 0x00, 0x00, 0x00, 0x00, 0x00, 0x00, /* 行20 */
    0x5c, 0xff, 0xff, 0xff, 0x58, 0x00, 0x00, 0x00, 0x00, 0x00, 0x00, /* 行21 */
    0x5c, 0xff, 0xff, 0xff, 0x58, 0x00, 0x00, 0x00, 0x00, 0x00, 0x00, /* 行22 */
    0x5c, 0xff, 0xff, 0xff, 0x58, 0x00, 0x00, 0x00, 0x00, 0x00, 0x00, /* 行23 */
    0x5c, 0xff, 0xff, 0xff, 0x58, 0x00, 0x00, 0x00, 0x00, 0x00, 0x00, /* 行24 */
    0x5c, 0xff, 0xff, 0xff, 0x58, 0x00, 0x00, 0x00, 0x00, 0x00, 0x00, /* 行25 */
    0x5c, 0xff, 0xff, 0xff, 0x58, 0x00, 0x00, 0x00, 0x00, 0x00, 0x00, /* 行26 */
    0x5c, 0xff, 0xff, 0xff, 0x58, 0x00, 0x00, 0x00, 0x00, 0x00, 0x00, /* 行27 */
    0x5c, 0xff, 0xff, 0xff, 0x58, 0x00, 0x00, 0x00, 0x00, 0x00, 0x00, /* 行28 */
    0x5c, 0xff, 0xff, 0xff, 0x58, 0x00, 0x00, 0x00, 0x00, 0x00, 0x00, /* 行29 */
    0x5c, 0xff, 0xff, 0xff, 0x58, 0x00, 0x00, 0x00, 0x00, 0x00, 0x00, /* 行30 */
    0x5c, 0xff, 0xff, 0xff, 0x58, 0x00, 0x00, 0x00, 0x00, 0x00, 0x00, /* 行31 */
    0x5c, 0xff, 0xff, 0xff, 0x58, 0x00, 0x00, 0x00, 0x00, 0x00, 0x00, /* 行32 */
    0x5c, 0xff, 0xff, 0xff, 0x58, 0x00, 0x00, 0x00, 0x00, 0x00, 0x00, /* 行33 */
    0x5c, 0xff, 0xff, 0xff, 0x58, 0x00, 0x00, 0x00, 0x00, 0x00, 0x00, /* 行34 */
    0x5c, 0xff, 0xff, 0xff, 0x6d, 0x20, 0x20, 0x20, 0x20, 0x20, 0x16, /* 行35 */
    0x5c, 0xff, 0xff, 0xff, 0xff, 0xff, 0xff, 0xff, 0xff, 0xff, 0xb0, /* 行36 */
    0x5c, 0xff, 0xff, 0xff, 0xff, 0xff, 0xff, 0xff, 0xff, 0xff, 0xb0, /* 行37 */
    0x5c, 0xff, 0xff, 0xff, 0xff, 0xff, 0xff, 0xff, 0xff, 0xff, 0xb0, /* 行38 */
};

/* 字符  92: \    */
/*
 * ▒▒██████▒▒                        
 * ░░██████▓▓                        
 *   ▓▓██████░░                      
 *   ░░██████▒▒                      
 *     ████████                      
 *     ▒▒██████░░                    
 *     ░░██████▓▓                    
 *       ▓▓██████░░                  
 *       ▒▒██████▒▒                  
 *       ░░██████▓▓                  
 *         ▓▓██████░░                
 *         ░░██████▒▒                
 *           ████████                
 *           ▒▒██████░░              
 *           ░░██████▓▓              
 *             ▓▓██████░░            
 *             ▒▒██████▒▒            
 *             ░░██████▓▓            
 *               ▓▓██████░░          
 *               ░░██████▒▒          
 *                 ████████          
 *                 ▒▒██████░░        
 *                 ░░██████▓▓        
 *                   ▓▓██████░░      
 *                   ▒▒██████▒▒      
 *                   ░░██████▓▓      
 *                     ▓▓██████░░    
 *                     ░░██████▒▒    
 *                       ████████    
 *                       ▒▒██████░░  
 *                       ░░██████▓▓  
 *                         ▓▓██████░░
 */
static const unsigned char open_sans_45px_char_092_bitmap[] = {
    0x51, 0xff, 0xff, 0xff, 0x43, 0x00, 0x00, 0x00, 0x00, 0x00, 0x00, 0x00, 0x00, 0x00, 0x00, 0x00, 0x00, /* 行 0 */
    0x05, 0xeb, 0xff, 0xff, 0xa4, 0x00, 0x00, 0x00, 0x00, 0x00, 0x00, 0x00, 0x00, 0x00, 0x00, 0x00, 0x00, /* 行 1 */
    0x00, 0x91, 0xff, 0xff, 0xf6, 0x0e, 0x00, 0x00, 0x00, 0x00, 0x00, 0x00, 0x00, 0x00, 0x00, 0x00, 0x00, /* 行 2 */
    0x00, 0x32, 0xff, 0xff, 0xff, 0x64, 0x00, 0x00, 0x00, 0x00, 0x00, 0x00, 0x00, 0x00, 0x00, 0x00, 0x00, /* 行 3 */
    0x00, 0x00, 0xd1, 0xff, 0xff, 0xc4, 0x00, 0x00, 0x00, 0x00, 0x00, 0x00, 0x00, 0x00, 0x00, 0x00, 0x00, /* 行 4 */
    0x00, 0x00, 0x72, 0xff, 0xff, 0xff, 0x25, 0x00, 0x00, 0x00, 0x00, 0x00, 0x00, 0x00, 0x00, 0x00, 0x00, /* 行 5 */
    0x00, 0x00, 0x17, 0xfb, 0xff, 0xff, 0x85, 0x00, 0x00, 0x00, 0x00, 0x00, 0x00, 0x00, 0x00, 0x00, 0x00, /* 行 6 */
    0x00, 0x00, 0x00, 0xb3, 0xff, 0xff, 0xe2, 0x02, 0x00, 0x00, 0x00, 0x00, 0x00, 0x00, 0x00, 0x00, 0x00, /* 行 7 */
    0x00, 0x00, 0x00, 0x54, 0xff, 0xff, 0xff, 0x45, 0x00, 0x00, 0x00, 0x00, 0x00, 0x00, 0x00, 0x00, 0x00, /* 行 8 */
    0x00, 0x00, 0x00, 0x06, 0xed, 0xff, 0xff, 0xa6, 0x00, 0x00, 0x00, 0x00, 0x00, 0x00, 0x00, 0x00, 0x00, /* 行 9 */
    0x00, 0x00, 0x00, 0x00, 0x94, 0xff, 0xff, 0xf6, 0x0f, 0x00, 0x00, 0x00, 0x00, 0x00, 0x00, 0x00, 0x00, /* 行10 */
    0x00, 0x00, 0x00, 0x00, 0x35, 0xff, 0xff, 0xff, 0x66, 0x00, 0x00, 0x00, 0x00, 0x00, 0x00, 0x00, 0x00, /* 行11 */
    0x00, 0x00, 0x00, 0x00, 0x00, 0xd4, 0xff, 0xff, 0xc6, 0x00, 0x00, 0x00, 0x00, 0x00, 0x00, 0x00, 0x00, /* 行12 */
    0x00, 0x00, 0x00, 0x00, 0x00, 0x75, 0xff, 0xff, 0xff, 0x27, 0x00, 0x00, 0x00, 0x00, 0x00, 0x00, 0x00, /* 行13 */
    0x00, 0x00, 0x00, 0x00, 0x00, 0x19, 0xfc, 0xff, 0xff, 0x87, 0x00, 0x00, 0x00, 0x00, 0x00, 0x00, 0x00, /* 行14 */
    0x00, 0x00, 0x00, 0x00, 0x00, 0x00, 0xb6, 0xff, 0xff, 0xe4, 0x02, 0x00, 0x00, 0x00, 0x00, 0x00, 0x00, /* 行15 */
    0x00, 0x00, 0x00, 0x00, 0x00, 0x00, 0x57, 0xff, 0xff, 0xff, 0x47, 0x00, 0x00, 0x00, 0x00, 0x00, 0x00, /* 行16 */
    0x00, 0x00, 0x00, 0x00, 0x00, 0x00, 0x07, 0xee, 0xff, 0xff, 0xa8, 0x00, 0x00, 0x00, 0x00, 0x00, 0x00, /* 行17 */
    0x00, 0x00, 0x00, 0x00, 0x00, 0x00, 0x00, 0x97, 0xff, 0xff, 0xf7, 0x10, 0x00, 0x00, 0x00, 0x00, 0x00, /* 行18 */
    0x00, 0x00, 0x00, 0x00, 0x00, 0x00, 0x00, 0x38, 0xff, 0xff, 0xff, 0x68, 0x00, 0x00, 0x00, 0x00, 0x00, /* 行19 */
    0x00, 0x00, 0x00, 0x00, 0x00, 0x00, 0x00, 0x00, 0xd7, 0xff, 0xff, 0xc8, 0x00, 0x00, 0x00, 0x00, 0x00, /* 行20 */
    0x00, 0x00, 0x00, 0x00, 0x00, 0x00, 0x00, 0x00, 0x78, 0xff, 0xff, 0xff, 0x29, 0x00, 0x00, 0x00, 0x00, /* 行21 */
    0x00, 0x00, 0x00, 0x00, 0x00, 0x00, 0x00, 0x00, 0x1b, 0xfd, 0xff, 0xff, 0x89, 0x00, 0x00, 0x00, 0x00, /* 行22 */
    0x00, 0x00, 0x00, 0x00, 0x00, 0x00, 0x00, 0x00, 0x00, 0xb9, 0xff, 0xff, 0xe6, 0x03, 0x00, 0x00, 0x00, /* 行23 */
    0x00, 0x00, 0x00, 0x00, 0x00, 0x00, 0x00, 0x00, 0x00, 0x5a, 0xff, 0xff, 0xff, 0x49, 0x00, 0x00, 0x00, /* 行24 */
    0x00, 0x00, 0x00, 0x00, 0x00, 0x00, 0x00, 0x00, 0x00, 0x09, 0xf0, 0xff, 0xff, 0xaa, 0x00, 0x00, 0x00, /* 行25 */
    0x00, 0x00, 0x00, 0x00, 0x00, 0x00, 0x00, 0x00, 0x00, 0x00, 0x9a, 0xff, 0xff, 0xf8, 0x11, 0x00, 0x00, /* 行26 */
    0x00, 0x00, 0x00, 0x00, 0x00, 0x00, 0x00, 0x00, 0x00, 0x00, 0x3b, 0xff, 0xff, 0xff, 0x6a, 0x00, 0x00, /* 行27 */
    0x00, 0x00, 0x00, 0x00, 0x00, 0x00, 0x00, 0x00, 0x00, 0x00, 0x00, 0xda, 0xff, 0xff, 0xca, 0x00, 0x00, /* 行28 */
    0x00, 0x00, 0x00, 0x00, 0x00, 0x00, 0x00, 0x00, 0x00, 0x00, 0x00, 0x7b, 0xff, 0xff, 0xff, 0x2b, 0x00, /* 行29 */
    0x00, 0x00, 0x00, 0x00, 0x00, 0x00, 0x00, 0x00, 0x00, 0x00, 0x00, 0x1d, 0xfd, 0xff, 0xff, 0x8b, 0x00, /* 行30 */
    0x00, 0x00, 0x00, 0x00, 0x00, 0x00, 0x00, 0x00, 0x00, 0x00, 0x00, 0x00, 0xbc, 0xff, 0xff, 0xe7, 0x04, /* 行31 */
};

/* 字符  93: ]    */
/*
 * ████████████████████░░
 * ████████████████████░░
 * ████████████████████░░
 * ░░░░░░░░░░░░▓▓██████░░
 *             ▓▓██████░░
 *             ▓▓██████░░
 *             ▓▓██████░░
 *             ▓▓██████░░
 *             ▓▓██████░░
 *             ▓▓██████░░
 *             ▓▓██████░░
 *             ▓▓██████░░
 *             ▓▓██████░░
 *             ▓▓██████░░
 *             ▓▓██████░░
 *             ▓▓██████░░
 *             ▓▓██████░░
 *             ▓▓██████░░
 *             ▓▓██████░░
 *             ▓▓██████░░
 *             ▓▓██████░░
 *             ▓▓██████░░
 *             ▓▓██████░░
 *             ▓▓██████░░
 *             ▓▓██████░░
 *             ▓▓██████░░
 *             ▓▓██████░░
 *             ▓▓██████░░
 *             ▓▓██████░░
 *             ▓▓██████░░
 *             ▓▓██████░░
 *             ▓▓██████░░
 *             ▓▓██████░░
 *             ▓▓██████░░
 *             ▓▓██████░░
 * ░░░░░░░░░░░░▓▓██████░░
 * ████████████████████░░
 * ████████████████████░░
 * ████████████████████░░
 */
static const unsigned char open_sans_45px_char_093_bitmap[] = {
    0xe0, 0xff, 0xff, 0xff, 0xff, 0xff, 0xff, 0xff, 0xff, 0xff, 0x28, /* 行 0 */
    0xe0, 0xff, 0xff, 0xff, 0xff, 0xff, 0xff, 0xff, 0xff, 0xff, 0x28, /* 行 1 */
    0xe0, 0xff, 0xff, 0xff, 0xff, 0xff, 0xff, 0xff, 0xff, 0xff, 0x28, /* 行 2 */
    0x15, 0x18, 0x18, 0x18, 0x18, 0x18, 0x93, 0xff, 0xff, 0xff, 0x28, /* 行 3 */
    0x00, 0x00, 0x00, 0x00, 0x00, 0x00, 0x88, 0xff, 0xff, 0xff, 0x28, /* 行 4 */
    0x00, 0x00, 0x00, 0x00, 0x00, 0x00, 0x88, 0xff, 0xff, 0xff, 0x28, /* 行 5 */
    0x00, 0x00, 0x00, 0x00, 0x00, 0x00, 0x88, 0xff, 0xff, 0xff, 0x28, /* 行 6 */
    0x00, 0x00, 0x00, 0x00, 0x00, 0x00, 0x88, 0xff, 0xff, 0xff, 0x28, /* 行 7 */
    0x00, 0x00, 0x00, 0x00, 0x00, 0x00, 0x88, 0xff, 0xff, 0xff, 0x28, /* 行 8 */
    0x00, 0x00, 0x00, 0x00, 0x00, 0x00, 0x88, 0xff, 0xff, 0xff, 0x28, /* 行 9 */
    0x00, 0x00, 0x00, 0x00, 0x00, 0x00, 0x88, 0xff, 0xff, 0xff, 0x28, /* 行10 */
    0x00, 0x00, 0x00, 0x00, 0x00, 0x00, 0x88, 0xff, 0xff, 0xff, 0x28, /* 行11 */
    0x00, 0x00, 0x00, 0x00, 0x00, 0x00, 0x88, 0xff, 0xff, 0xff, 0x28, /* 行12 */
    0x00, 0x00, 0x00, 0x00, 0x00, 0x00, 0x88, 0xff, 0xff, 0xff, 0x28, /* 行13 */
    0x00, 0x00, 0x00, 0x00, 0x00, 0x00, 0x88, 0xff, 0xff, 0xff, 0x28, /* 行14 */
    0x00, 0x00, 0x00, 0x00, 0x00, 0x00, 0x88, 0xff, 0xff, 0xff, 0x28, /* 行15 */
    0x00, 0x00, 0x00, 0x00, 0x00, 0x00, 0x88, 0xff, 0xff, 0xff, 0x28, /* 行16 */
    0x00, 0x00, 0x00, 0x00, 0x00, 0x00, 0x88, 0xff, 0xff, 0xff, 0x28, /* 行17 */
    0x00, 0x00, 0x00, 0x00, 0x00, 0x00, 0x88, 0xff, 0xff, 0xff, 0x28, /* 行18 */
    0x00, 0x00, 0x00, 0x00, 0x00, 0x00, 0x88, 0xff, 0xff, 0xff, 0x28, /* 行19 */
    0x00, 0x00, 0x00, 0x00, 0x00, 0x00, 0x88, 0xff, 0xff, 0xff, 0x28, /* 行20 */
    0x00, 0x00, 0x00, 0x00, 0x00, 0x00, 0x88, 0xff, 0xff, 0xff, 0x28, /* 行21 */
    0x00, 0x00, 0x00, 0x00, 0x00, 0x00, 0x88, 0xff, 0xff, 0xff, 0x28, /* 行22 */
    0x00, 0x00, 0x00, 0x00, 0x00, 0x00, 0x88, 0xff, 0xff, 0xff, 0x28, /* 行23 */
    0x00, 0x00, 0x00, 0x00, 0x00, 0x00, 0x88, 0xff, 0xff, 0xff, 0x28, /* 行24 */
    0x00, 0x00, 0x00, 0x00, 0x00, 0x00, 0x88, 0xff, 0xff, 0xff, 0x28, /* 行25 */
    0x00, 0x00, 0x00, 0x00, 0x00, 0x00, 0x88, 0xff, 0xff, 0xff, 0x28, /* 行26 */
    0x00, 0x00, 0x00, 0x00, 0x00, 0x00, 0x88, 0xff, 0xff, 0xff, 0x28, /* 行27 */
    0x00, 0x00, 0x00, 0x00, 0x00, 0x00, 0x88, 0xff, 0xff, 0xff, 0x28, /* 行28 */
    0x00, 0x00, 0x00, 0x00, 0x00, 0x00, 0x88, 0xff, 0xff, 0xff, 0x28, /* 行29 */
    0x00, 0x00, 0x00, 0x00, 0x00, 0x00, 0x88, 0xff, 0xff, 0xff, 0x28, /* 行30 */
    0x00, 0x00, 0x00, 0x00, 0x00, 0x00, 0x88, 0xff, 0xff, 0xff, 0x28, /* 行31 */
    0x00, 0x00, 0x00, 0x00, 0x00, 0x00, 0x88, 0xff, 0xff, 0xff, 0x28, /* 行32 */
    0x00, 0x00, 0x00, 0x00, 0x00, 0x00, 0x88, 0xff, 0xff, 0xff, 0x28, /* 行33 */
    0x00, 0x00, 0x00, 0x00, 0x00, 0x00, 0x88, 0xff, 0xff, 0xff, 0x28, /* 行34 */
    0x1c, 0x20, 0x20, 0x20, 0x20, 0x20, 0x97, 0xff, 0xff, 0xff, 0x28, /* 行35 */
    0xe0, 0xff, 0xff, 0xff, 0xff, 0xff, 0xff, 0xff, 0xff, 0xff, 0x28, /* 行36 */
    0xe0, 0xff, 0xff, 0xff, 0xff, 0xff, 0xff, 0xff, 0xff, 0xff, 0x28, /* 行37 */
    0xe0, 0xff, 0xff, 0xff, 0xff, 0xff, 0xff, 0xff, 0xff, 0xff, 0x28, /* 行38 */
};

/* 字符  94: ^    */
/*
 *                   ▓▓████░░                    
 *                 ░░██████▓▓                    
 *                 ▓▓████████░░                  
 *               ░░██████████▓▓                  
 *               ▓▓████▒▒██████░░                
 *             ░░██████░░▒▒████▓▓                
 *             ▒▒████▓▓  ░░██████░░              
 *           ░░██████░░    ▒▒████▓▓              
 *           ▒▒████▓▓      ░░██████░░            
 *         ░░██████░░        ▒▒██████            
 *         ▒▒████▓▓          ░░██████▒▒          
 *       ░░██████▒▒            ▒▒██████░░        
 *       ▒▒██████              ░░██████▒▒        
 *     ░░██████▒▒                ▒▒██████░░      
 *     ▒▒██████░░                ░░██████▒▒      
 *     ██████▒▒                    ▒▒██████░░    
 *   ▒▒██████░░                    ░░██████▒▒    
 *   ▓▓████▓▓                        ▒▒██████░░  
 * ░░██████░░                        ░░██████▒▒  
 * ▓▓████▓▓                            ▒▒██████░░
 */
static const unsigned char open_sans_45px_char_094_bitmap[] = {
    0x00, 0x00, 0x00, 0x00, 0x00, 0x00, 0x00, 0x00, 0x00, 0xa2, 0xff, 0xf4, 0x16, 0x00, 0x00, 0x00, 0x00, 0x00, 0x00, 0x00, 0x00, 0x00, 0x00, /* 行 0 */
    0x00, 0x00, 0x00, 0x00, 0x00, 0x00, 0x00, 0x00, 0x1f, 0xfb, 0xff, 0xff, 0x91, 0x00, 0x00, 0x00, 0x00, 0x00, 0x00, 0x00, 0x00, 0x00, 0x00, /* 行 1 */
    0x00, 0x00, 0x00, 0x00, 0x00, 0x00, 0x00, 0x00, 0x96, 0xff, 0xff, 0xff, 0xf8, 0x1e, 0x00, 0x00, 0x00, 0x00, 0x00, 0x00, 0x00, 0x00, 0x00, /* 行 2 */
    0x00, 0x00, 0x00, 0x00, 0x00, 0x00, 0x00, 0x17, 0xf7, 0xff, 0xfc, 0xff, 0xff, 0x9d, 0x00, 0x00, 0x00, 0x00, 0x00, 0x00, 0x00, 0x00, 0x00, /* 行 3 */
    0x00, 0x00, 0x00, 0x00, 0x00, 0x00, 0x00, 0x8a, 0xff, 0xff, 0x7a, 0xe3, 0xff, 0xfc, 0x27, 0x00, 0x00, 0x00, 0x00, 0x00, 0x00, 0x00, 0x00, /* 行 4 */
    0x00, 0x00, 0x00, 0x00, 0x00, 0x00, 0x11, 0xf2, 0xff, 0xf1, 0x0e, 0x6a, 0xff, 0xff, 0xa9, 0x00, 0x00, 0x00, 0x00, 0x00, 0x00, 0x00, 0x00, /* 行 5 */
    0x00, 0x00, 0x00, 0x00, 0x00, 0x00, 0x7e, 0xff, 0xff, 0x8b, 0x00, 0x06, 0xe1, 0xff, 0xfe, 0x31, 0x00, 0x00, 0x00, 0x00, 0x00, 0x00, 0x00, /* 行 6 */
    0x00, 0x00, 0x00, 0x00, 0x00, 0x0b, 0xec, 0xff, 0xfa, 0x1c, 0x00, 0x00, 0x67, 0xff, 0xff, 0xb6, 0x00, 0x00, 0x00, 0x00, 0x00, 0x00, 0x00, /* 行 7 */
    0x00, 0x00, 0x00, 0x00, 0x00, 0x72, 0xff, 0xff, 0xa3, 0x00, 0x00, 0x00, 0x05, 0xdf, 0xff, 0xff, 0x3c, 0x00, 0x00, 0x00, 0x00, 0x00, 0x00, /* 行 8 */
    0x00, 0x00, 0x00, 0x00, 0x06, 0xe4, 0xff, 0xff, 0x2f, 0x00, 0x00, 0x00, 0x00, 0x64, 0xff, 0xff, 0xc2, 0x00, 0x00, 0x00, 0x00, 0x00, 0x00, /* 行 9 */
    0x00, 0x00, 0x00, 0x00, 0x66, 0xff, 0xff, 0xbb, 0x00, 0x00, 0x00, 0x00, 0x00, 0x04, 0xdd, 0xff, 0xff, 0x48, 0x00, 0x00, 0x00, 0x00, 0x00, /* 行10 */
    0x00, 0x00, 0x00, 0x03, 0xdc, 0xff, 0xff, 0x46, 0x00, 0x00, 0x00, 0x00, 0x00, 0x00, 0x61, 0xff, 0xff, 0xcd, 0x01, 0x00, 0x00, 0x00, 0x00, /* 行11 */
    0x00, 0x00, 0x00, 0x5a, 0xff, 0xff, 0xd1, 0x00, 0x00, 0x00, 0x00, 0x00, 0x00, 0x00, 0x04, 0xdb, 0xff, 0xff, 0x55, 0x00, 0x00, 0x00, 0x00, /* 行12 */
    0x00, 0x00, 0x01, 0xd2, 0xff, 0xff, 0x5e, 0x00, 0x00, 0x00, 0x00, 0x00, 0x00, 0x00, 0x00, 0x5e, 0xff, 0xff, 0xd7, 0x03, 0x00, 0x00, 0x00, /* 行13 */
    0x00, 0x00, 0x4e, 0xff, 0xff, 0xe4, 0x05, 0x00, 0x00, 0x00, 0x00, 0x00, 0x00, 0x00, 0x00, 0x03, 0xd9, 0xff, 0xff, 0x61, 0x00, 0x00, 0x00, /* 行14 */
    0x00, 0x00, 0xc7, 0xff, 0xff, 0x76, 0x00, 0x00, 0x00, 0x00, 0x00, 0x00, 0x00, 0x00, 0x00, 0x00, 0x5b, 0xff, 0xff, 0xe0, 0x06, 0x00, 0x00, /* 行15 */
    0x00, 0x42, 0xff, 0xff, 0xf2, 0x0f, 0x00, 0x00, 0x00, 0x00, 0x00, 0x00, 0x00, 0x00, 0x00, 0x00, 0x02, 0xd6, 0xff, 0xff, 0x6e, 0x00, 0x00, /* 行16 */
    0x00, 0xbc, 0xff, 0xff, 0x8e, 0x00, 0x00, 0x00, 0x00, 0x00, 0x00, 0x00, 0x00, 0x00, 0x00, 0x00, 0x00, 0x58, 0xff, 0xff, 0xe8, 0x0b, 0x00, /* 行17 */
    0x35, 0xff, 0xff, 0xfb, 0x1e, 0x00, 0x00, 0x00, 0x00, 0x00, 0x00, 0x00, 0x00, 0x00, 0x00, 0x00, 0x00, 0x02, 0xd4, 0xff, 0xff, 0x7a, 0x00, /* 行18 */
    0xaf, 0xff, 0xff, 0xa6, 0x00, 0x00, 0x00, 0x00, 0x00, 0x00, 0x00, 0x00, 0x00, 0x00, 0x00, 0x00, 0x00, 0x00, 0x55, 0xff, 0xff, 0xef, 0x11, /* 行19 */
};

/* 字符  95: _    */
/*
 * ░░████████████████████████████████████████▒▒
 * ░░████████████████████████████████████████▒▒
 * ░░████████████████████████████████████████░░
 */
static const unsigned char open_sans_45px_char_095_bitmap[] = {
    0x18, 0xff, 0xff, 0xff, 0xff, 0xff, 0xff, 0xff, 0xff, 0xff, 0xff, 0xff, 0xff, 0xff, 0xff, 0xff, 0xff, 0xff, 0xff, 0xff, 0xff, 0x44, /* 行 0 */
    0x18, 0xff, 0xff, 0xff, 0xff, 0xff, 0xff, 0xff, 0xff, 0xff, 0xff, 0xff, 0xff, 0xff, 0xff, 0xff, 0xff, 0xff, 0xff, 0xff, 0xff, 0x44, /* 行 1 */
    0x15, 0xe0, 0xe0, 0xe0, 0xe0, 0xe0, 0xe0, 0xe0, 0xe0, 0xe0, 0xe0, 0xe0, 0xe0, 0xe0, 0xe0, 0xe0, 0xe0, 0xe0, 0xe0, 0xe0, 0xe0, 0x3b, /* 行 2 */
};

/* 字符  96: `    */
/*
 * ▒▒████████▒▒        
 *   ▓▓████████░░      
 *   ░░▓▓██████▒▒      
 *     ░░████████░░    
 *       ░░████████░░  
 *         ░░██████▓▓  
 *           ░░▓▓████░░
 */
static const unsigned char open_sans_45px_char_096_bitmap[] = {
    0x41, 0xff, 0xff, 0xff, 0xff, 0x5b, 0x00, 0x00, 0x00, 0x00, /* 行 0 */
    0x00, 0x97, 0xff, 0xff, 0xff, 0xdd, 0x07, 0x00, 0x00, 0x00, /* 行 1 */
    0x00, 0x05, 0xbc, 0xff, 0xff, 0xff, 0x7d, 0x00, 0x00, 0x00, /* 行 2 */
    0x00, 0x00, 0x0e, 0xcc, 0xff, 0xff, 0xf7, 0x26, 0x00, 0x00, /* 行 3 */
    0x00, 0x00, 0x00, 0x12, 0xcd, 0xff, 0xff, 0xc7, 0x03, 0x00, /* 行 4 */
    0x00, 0x00, 0x00, 0x00, 0x11, 0xca, 0xff, 0xff, 0x82, 0x00, /* 行 5 */
    0x00, 0x00, 0x00, 0x00, 0x00, 0x0b, 0xb1, 0xff, 0xfe, 0x2f, /* 行 6 */
};

/* 字符  97: a    */
/*
 *           ░░▒▒▓▓████████████▓▓░░        
 *       ▒▒▓▓██████████████████████▓▓░░    
 *     ░░██████████████████████████████░░  
 *       ▓▓██████▒▒▒▒░░░░░░░░▓▓████████▒▒  
 *       ░░▓▓░░                ▒▒████████  
 *                               ▓▓██████░░
 *                               ▒▒██████▒▒
 *                               ▒▒██████▒▒
 *                               ░░██████▒▒
 *                               ░░██████▒▒
 *           ░░▒▒▒▒▓▓▓▓██████████████████▒▒
 *       ░░▓▓████████████████████████████▒▒
 *   ░░▓▓██████████████████▓▓▓▓▓▓▓▓██████▒▒
 *   ▓▓████████▓▓▒▒░░            ▒▒██████▒▒
 * ▒▒████████░░                  ▒▒██████▒▒
 * ▓▓██████▒▒                    ▒▒██████▒▒
 * ████████░░                    ▓▓██████▒▒
 * ████████                    ░░████████▒▒
 * ████████░░                  ▓▓████████▒▒
 * ▓▓██████▓▓              ░░▓▓██████████▒▒
 * ░░████████▓▓▒▒░░░░░░░░▒▒██████████████▒▒
 *   ▓▓██████████████████████████░░██████▒▒
 *   ░░▓▓████████████████████▓▓░░  ▓▓████▒▒
 *       ░░▓▓██████████▓▓▒▒░░      ▒▒████▒▒
 */
static const unsigned char open_sans_45px_char_097_bitmap[] = {
    0x00, 0x00, 0x00, 0x00, 0x00, 0x16, 0x64, 0x9d, 0xce, 0xe8, 0xf8, 0xf6, 0xe7, 0xc4, 0x8d, 0x31, 0x00, 0x00, 0x00, 0x00, /* 行 0 */
    0x00, 0x00, 0x00, 0x46, 0xba, 0xfd, 0xff, 0xff, 0xff, 0xff, 0xff, 0xff, 0xff, 0xff, 0xff, 0xff, 0xac, 0x12, 0x00, 0x00, /* 行 1 */
    0x00, 0x00, 0x14, 0xf9, 0xff, 0xff, 0xff, 0xff, 0xff, 0xff, 0xff, 0xff, 0xff, 0xff, 0xff, 0xff, 0xff, 0xc8, 0x08, 0x00, /* 行 2 */
    0x00, 0x00, 0x00, 0xa8, 0xff, 0xff, 0xce, 0x7d, 0x44, 0x1b, 0x09, 0x12, 0x3c, 0x96, 0xfd, 0xff, 0xff, 0xff, 0x76, 0x00, /* 行 3 */
    0x00, 0x00, 0x00, 0x3d, 0x98, 0x2a, 0x00, 0x00, 0x00, 0x00, 0x00, 0x00, 0x00, 0x00, 0x57, 0xff, 0xff, 0xff, 0xe2, 0x00, /* 行 4 */
    0x00, 0x00, 0x00, 0x00, 0x00, 0x00, 0x00, 0x00, 0x00, 0x00, 0x00, 0x00, 0x00, 0x00, 0x00, 0xba, 0xff, 0xff, 0xff, 0x22, /* 行 5 */
    0x00, 0x00, 0x00, 0x00, 0x00, 0x00, 0x00, 0x00, 0x00, 0x00, 0x00, 0x00, 0x00, 0x00, 0x00, 0x68, 0xff, 0xff, 0xff, 0x47, /* 行 6 */
    0x00, 0x00, 0x00, 0x00, 0x00, 0x00, 0x00, 0x00, 0x00, 0x00, 0x00, 0x00, 0x00, 0x00, 0x00, 0x40, 0xff, 0xff, 0xff, 0x58, /* 行 7 */
    0x00, 0x00, 0x00, 0x00, 0x00, 0x00, 0x00, 0x00, 0x00, 0x00, 0x00, 0x00, 0x00, 0x00, 0x00, 0x32, 0xff, 0xff, 0xff, 0x60, /* 行 8 */
    0x00, 0x00, 0x00, 0x00, 0x00, 0x00, 0x00, 0x00, 0x00, 0x00, 0x00, 0x00, 0x00, 0x00, 0x00, 0x30, 0xff, 0xff, 0xff, 0x60, /* 行 9 */
    0x00, 0x00, 0x00, 0x00, 0x00, 0x05, 0x40, 0x71, 0x9b, 0xb8, 0xca, 0xdb, 0xe5, 0xed, 0xf5, 0xfd, 0xff, 0xff, 0xff, 0x60, /* 行10 */
    0x00, 0x00, 0x00, 0x2b, 0xa2, 0xf1, 0xff, 0xff, 0xff, 0xff, 0xff, 0xff, 0xff, 0xff, 0xff, 0xff, 0xff, 0xff, 0xff, 0x60, /* 行11 */
    0x00, 0x03, 0x87, 0xfe, 0xff, 0xff, 0xff, 0xff, 0xff, 0xf2, 0xd7, 0xc6, 0xb8, 0xaf, 0xa5, 0xb6, 0xff, 0xff, 0xff, 0x60, /* 行12 */
    0x00, 0x9a, 0xff, 0xff, 0xff, 0xfc, 0xab, 0x56, 0x19, 0x00, 0x00, 0x00, 0x00, 0x00, 0x00, 0x44, 0xff, 0xff, 0xff, 0x60, /* 行13 */
    0x45, 0xff, 0xff, 0xff, 0xeb, 0x37, 0x00, 0x00, 0x00, 0x00, 0x00, 0x00, 0x00, 0x00, 0x00, 0x46, 0xff, 0xff, 0xff, 0x60, /* 行14 */
    0xaa, 0xff, 0xff, 0xff, 0x55, 0x00, 0x00, 0x00, 0x00, 0x00, 0x00, 0x00, 0x00, 0x00, 0x00, 0x59, 0xff, 0xff, 0xff, 0x60, /* 行15 */
    0xd9, 0xff, 0xff, 0xf9, 0x04, 0x00, 0x00, 0x00, 0x00, 0x00, 0x00, 0x00, 0x00, 0x00, 0x00, 0x88, 0xff, 0xff, 0xff, 0x60, /* 行16 */
    0xe9, 0xff, 0xff, 0xea, 0x00, 0x00, 0x00, 0x00, 0x00, 0x00, 0x00, 0x00, 0x00, 0x00, 0x05, 0xde, 0xff, 0xff, 0xff, 0x60, /* 行17 */
    0xd6, 0xff, 0xff, 0xfd, 0x14, 0x00, 0x00, 0x00, 0x00, 0x00, 0x00, 0x00, 0x00, 0x00, 0x83, 0xff, 0xff, 0xff, 0xff, 0x60, /* 行18 */
    0xa0, 0xff, 0xff, 0xff, 0x96, 0x00, 0x00, 0x00, 0x00, 0x00, 0x00, 0x00, 0x04, 0x84, 0xff, 0xff, 0xff, 0xff, 0xff, 0x60, /* 行19 */
    0x3d, 0xff, 0xff, 0xff, 0xff, 0xbf, 0x4c, 0x20, 0x09, 0x15, 0x38, 0x77, 0xdc, 0xff, 0xff, 0xdf, 0xff, 0xff, 0xff, 0x60, /* 行20 */
    0x00, 0x9a, 0xff, 0xff, 0xff, 0xff, 0xff, 0xff, 0xff, 0xff, 0xff, 0xff, 0xff, 0xff, 0xd2, 0x18, 0xde, 0xff, 0xff, 0x60, /* 行21 */
    0x00, 0x03, 0x8b, 0xfd, 0xff, 0xff, 0xff, 0xff, 0xff, 0xff, 0xff, 0xff, 0xfe, 0x9c, 0x0c, 0x00, 0xa7, 0xff, 0xff, 0x60, /* 行22 */
    0x00, 0x00, 0x00, 0x27, 0x8a, 0xc9, 0xec, 0xfb, 0xf2, 0xe0, 0xbd, 0x7d, 0x29, 0x00, 0x00, 0x00, 0x70, 0xff, 0xff, 0x60, /* 行23 */
};

/* 字符  98: b    */
/*
 * ░░██████▓▓                                    
 * ░░██████▓▓                                    
 * ░░██████▓▓                                    
 * ░░██████▓▓                                    
 * ░░██████▓▓                                    
 * ░░██████▓▓                                    
 * ░░██████▓▓                                    
 * ░░██████▓▓                                    
 * ░░██████▓▓                                    
 * ░░██████▒▒                                    
 * ░░██████▒▒    ░░▒▒▓▓████████▓▓▒▒░░            
 * ░░██████▒▒░░▒▒████████████████████▓▓░░        
 * ░░██████▒▒▓▓████████████████████████▓▓░░      
 * ░░██████████████▓▓▒▒░░░░░░▒▒▓▓████████▓▓      
 * ░░██████████▓▓░░              ░░████████▒▒    
 * ░░██████████░░                  ░░████████░░  
 * ░░████████▒▒                      ▓▓██████▒▒  
 * ░░████████░░                      ▒▒██████▓▓  
 * ░░████████                        ░░████████  
 * ░░██████▓▓                          ████████  
 * ░░██████▓▓                          ████████  
 * ░░██████▓▓                          ▓▓██████░░
 * ░░██████▓▓                          ▓▓██████░░
 * ░░██████▓▓                          ████████  
 * ░░██████▓▓                          ████████  
 * ░░████████                        ░░██████▓▓  
 * ░░████████░░                      ▒▒██████▓▓  
 * ░░████████▒▒                      ▓▓██████░░  
 * ░░██████████░░                  ▒▒████████    
 * ░░████████████░░              ░░████████▒▒    
 * ░░██████████████▓▓▒▒░░░░░░▒▒▓▓████████▓▓      
 * ░░██████░░▓▓████████████████████████▓▓░░      
 * ░░██████  ░░▒▒████████████████████▒▒░░        
 * ░░████▓▓      ░░▒▒▓▓████████▓▓▒▒░░            
 */
static const unsigned char open_sans_45px_char_098_bitmap[] = {
    0x20, 0xff, 0xff, 0xff, 0x84, 0x00, 0x00, 0x00, 0x00, 0x00, 0x00, 0x00, 0x00, 0x00, 0x00, 0x00, 0x00, 0x00, 0x00, 0x00, 0x00, 0x00, 0x00, /* 行 0 */
    0x20, 0xff, 0xff, 0xff, 0x84, 0x00, 0x00, 0x00, 0x00, 0x00, 0x00, 0x00, 0x00, 0x00, 0x00, 0x00, 0x00, 0x00, 0x00, 0x00, 0x00, 0x00, 0x00, /* 行 1 */
    0x20, 0xff, 0xff, 0xff, 0x84, 0x00, 0x00, 0x00, 0x00, 0x00, 0x00, 0x00, 0x00, 0x00, 0x00, 0x00, 0x00, 0x00, 0x00, 0x00, 0x00, 0x00, 0x00, /* 行 2 */
    0x20, 0xff, 0xff, 0xff, 0x84, 0x00, 0x00, 0x00, 0x00, 0x00, 0x00, 0x00, 0x00, 0x00, 0x00, 0x00, 0x00, 0x00, 0x00, 0x00, 0x00, 0x00, 0x00, /* 行 3 */
    0x20, 0xff, 0xff, 0xff, 0x84, 0x00, 0x00, 0x00, 0x00, 0x00, 0x00, 0x00, 0x00, 0x00, 0x00, 0x00, 0x00, 0x00, 0x00, 0x00, 0x00, 0x00, 0x00, /* 行 4 */
    0x20, 0xff, 0xff, 0xff, 0x84, 0x00, 0x00, 0x00, 0x00, 0x00, 0x00, 0x00, 0x00, 0x00, 0x00, 0x00, 0x00, 0x00, 0x00, 0x00, 0x00, 0x00, 0x00, /* 行 5 */
    0x20, 0xff, 0xff, 0xff, 0x84, 0x00, 0x00, 0x00, 0x00, 0x00, 0x00, 0x00, 0x00, 0x00, 0x00, 0x00, 0x00, 0x00, 0x00, 0x00, 0x00, 0x00, 0x00, /* 行 6 */
    0x20, 0xff, 0xff, 0xff, 0x84, 0x00, 0x00, 0x00, 0x00, 0x00, 0x00, 0x00, 0x00, 0x00, 0x00, 0x00, 0x00, 0x00, 0x00, 0x00, 0x00, 0x00, 0x00, /* 行 7 */
    0x20, 0xff, 0xff, 0xff, 0x83, 0x00, 0x00, 0x00, 0x00, 0x00, 0x00, 0x00, 0x00, 0x00, 0x00, 0x00, 0x00, 0x00, 0x00, 0x00, 0x00, 0x00, 0x00, /* 行 8 */
    0x20, 0xff, 0xff, 0xff, 0x7f, 0x00, 0x00, 0x00, 0x00, 0x00, 0x00, 0x00, 0x00, 0x00, 0x00, 0x00, 0x00, 0x00, 0x00, 0x00, 0x00, 0x00, 0x00, /* 行 9 */
    0x20, 0xff, 0xff, 0xff, 0x7b, 0x00, 0x00, 0x12, 0x64, 0xb3, 0xda, 0xf2, 0xf6, 0xe0, 0xbd, 0x74, 0x1e, 0x00, 0x00, 0x00, 0x00, 0x00, 0x00, /* 行10 */
    0x20, 0xff, 0xff, 0xff, 0x73, 0x01, 0x65, 0xee, 0xff, 0xff, 0xff, 0xff, 0xff, 0xff, 0xff, 0xff, 0xf8, 0x88, 0x08, 0x00, 0x00, 0x00, 0x00, /* 行11 */
    0x20, 0xff, 0xff, 0xff, 0x65, 0x92, 0xff, 0xff, 0xff, 0xff, 0xff, 0xff, 0xff, 0xff, 0xff, 0xff, 0xff, 0xff, 0xbd, 0x0c, 0x00, 0x00, 0x00, /* 行12 */
    0x20, 0xff, 0xff, 0xff, 0xd2, 0xff, 0xff, 0xee, 0x87, 0x42, 0x20, 0x11, 0x22, 0x4a, 0x9d, 0xfc, 0xff, 0xff, 0xff, 0xb2, 0x00, 0x00, 0x00, /* 行13 */
    0x20, 0xff, 0xff, 0xff, 0xff, 0xff, 0xbd, 0x11, 0x00, 0x00, 0x00, 0x00, 0x00, 0x00, 0x00, 0x33, 0xeb, 0xff, 0xff, 0xff, 0x5c, 0x00, 0x00, /* 行14 */
    0x20, 0xff, 0xff, 0xff, 0xff, 0xdf, 0x0a, 0x00, 0x00, 0x00, 0x00, 0x00, 0x00, 0x00, 0x00, 0x00, 0x3b, 0xfe, 0xff, 0xff, 0xdb, 0x01, 0x00, /* 行15 */
    0x20, 0xff, 0xff, 0xff, 0xff, 0x60, 0x00, 0x00, 0x00, 0x00, 0x00, 0x00, 0x00, 0x00, 0x00, 0x00, 0x00, 0xa9, 0xff, 0xff, 0xff, 0x43, 0x00, /* 行16 */
    0x20, 0xff, 0xff, 0xff, 0xf9, 0x0f, 0x00, 0x00, 0x00, 0x00, 0x00, 0x00, 0x00, 0x00, 0x00, 0x00, 0x00, 0x4b, 0xff, 0xff, 0xff, 0x8b, 0x00, /* 行17 */
    0x20, 0xff, 0xff, 0xff, 0xd0, 0x00, 0x00, 0x00, 0x00, 0x00, 0x00, 0x00, 0x00, 0x00, 0x00, 0x00, 0x00, 0x0a, 0xfe, 0xff, 0xff, 0xc0, 0x00, /* 行18 */
    0x20, 0xff, 0xff, 0xff, 0xa7, 0x00, 0x00, 0x00, 0x00, 0x00, 0x00, 0x00, 0x00, 0x00, 0x00, 0x00, 0x00, 0x00, 0xdd, 0xff, 0xff, 0xec, 0x00, /* 行19 */
    0x20, 0xff, 0xff, 0xff, 0x94, 0x00, 0x00, 0x00, 0x00, 0x00, 0x00, 0x00, 0x00, 0x00, 0x00, 0x00, 0x00, 0x00, 0xc6, 0xff, 0xff, 0xfc, 0x00, /* 行20 */
    0x20, 0xff, 0xff, 0xff, 0x89, 0x00, 0x00, 0x00, 0x00, 0x00, 0x00, 0x00, 0x00, 0x00, 0x00, 0x00, 0x00, 0x00, 0xb9, 0xff, 0xff, 0xff, 0x0c, /* 行21 */
    0x20, 0xff, 0xff, 0xff, 0x8a, 0x00, 0x00, 0x00, 0x00, 0x00, 0x00, 0x00, 0x00, 0x00, 0x00, 0x00, 0x00, 0x00, 0xbc, 0xff, 0xff, 0xff, 0x0b, /* 行22 */
    0x20, 0xff, 0xff, 0xff, 0x96, 0x00, 0x00, 0x00, 0x00, 0x00, 0x00, 0x00, 0x00, 0x00, 0x00, 0x00, 0x00, 0x00, 0xc9, 0xff, 0xff, 0xfa, 0x00, /* 行23 */
    0x20, 0xff, 0xff, 0xff, 0xab, 0x00, 0x00, 0x00, 0x00, 0x00, 0x00, 0x00, 0x00, 0x00, 0x00, 0x00, 0x00, 0x00, 0xe6, 0xff, 0xff, 0xe9, 0x00, /* 行24 */
    0x20, 0xff, 0xff, 0xff, 0xd5, 0x00, 0x00, 0x00, 0x00, 0x00, 0x00, 0x00, 0x00, 0x00, 0x00, 0x00, 0x00, 0x13, 0xff, 0xff, 0xff, 0xbb, 0x00, /* 行25 */
    0x20, 0xff, 0xff, 0xff, 0xfc, 0x15, 0x00, 0x00, 0x00, 0x00, 0x00, 0x00, 0x00, 0x00, 0x00, 0x00, 0x00, 0x5c, 0xff, 0xff, 0xff, 0x86, 0x00, /* 行26 */
    0x20, 0xff, 0xff, 0xff, 0xff, 0x6c, 0x00, 0x00, 0x00, 0x00, 0x00, 0x00, 0x00, 0x00, 0x00, 0x00, 0x00, 0xbe, 0xff, 0xff, 0xff, 0x39, 0x00, /* 行27 */
    0x20, 0xff, 0xff, 0xff, 0xff, 0xe8, 0x11, 0x00, 0x00, 0x00, 0x00, 0x00, 0x00, 0x00, 0x00, 0x00, 0x50, 0xff, 0xff, 0xff, 0xd2, 0x00, 0x00, /* 行28 */
    0x20, 0xff, 0xff, 0xff, 0xff, 0xff, 0xcb, 0x18, 0x00, 0x00, 0x00, 0x00, 0x00, 0x00, 0x00, 0x3f, 0xf3, 0xff, 0xff, 0xff, 0x50, 0x00, 0x00, /* 行29 */
    0x20, 0xff, 0xff, 0xff, 0xca, 0xff, 0xff, 0xf4, 0x90, 0x47, 0x21, 0x11, 0x20, 0x4a, 0xa2, 0xfe, 0xff, 0xff, 0xff, 0xa5, 0x00, 0x00, 0x00, /* 行30 */
    0x20, 0xff, 0xff, 0xfd, 0x0f, 0x9a, 0xff, 0xff, 0xff, 0xff, 0xff, 0xff, 0xff, 0xff, 0xff, 0xff, 0xff, 0xff, 0xb3, 0x08, 0x00, 0x00, 0x00, /* 行31 */
    0x20, 0xff, 0xff, 0xd2, 0x00, 0x01, 0x6a, 0xee, 0xff, 0xff, 0xff, 0xff, 0xff, 0xff, 0xff, 0xff, 0xf5, 0x7f, 0x05, 0x00, 0x00, 0x00, 0x00, /* 行32 */
    0x20, 0xff, 0xff, 0x98, 0x00, 0x00, 0x00, 0x12, 0x65, 0xb1, 0xdb, 0xf3, 0xf6, 0xe0, 0xbc, 0x71, 0x1a, 0x00, 0x00, 0x00, 0x00, 0x00, 0x00, /* 行33 */
};

/* 字符  99: c    */
/*
 *             ░░▒▒▓▓██████████▓▓▓▓▒▒░░
 *         ░░▒▒██████████████████████▓▓
 *       ░░▓▓████████████████████████▒▒
 *     ░░████████████▒▒▒▒▒▒▒▒▒▒▓▓████░░
 *     ▓▓████████▒▒              ░░░░  
 *   ░░████████░░                      
 *   ▓▓██████▒▒                        
 *   ████████░░                        
 * ░░██████▓▓                          
 * ▒▒██████▓▓                          
 * ▒▒██████▒▒                          
 * ▒▒██████▒▒                          
 * ▒▒██████▒▒                          
 * ▒▒██████▒▒                          
 * ▒▒██████▓▓                          
 * ░░██████▓▓                          
 *   ████████░░                        
 *   ▓▓██████▒▒                        
 *   ░░████████░░                      
 *     ▓▓████████░░                ░░░░
 *     ░░██████████▓▓▒▒▒▒░░░░▒▒▓▓████▓▓
 *       ░░██████████████████████████▓▓
 *         ░░▓▓██████████████████████▓▓
 *             ░░▒▒▓▓██████████▓▓▓▓░░  
 */
static const unsigned char open_sans_45px_char_099_bitmap[] = {
    0x00, 0x00, 0x00, 0x00, 0x00, 0x00, 0x0c, 0x59, 0x9d, 0xd2, 0xe7, 0xf9, 0xf5, 0xe3, 0xbc, 0x8b, 0x47, 0x04, /* 行 0 */
    0x00, 0x00, 0x00, 0x00, 0x04, 0x73, 0xea, 0xff, 0xff, 0xff, 0xff, 0xff, 0xff, 0xff, 0xff, 0xff, 0xff, 0xbd, /* 行 1 */
    0x00, 0x00, 0x00, 0x0e, 0xba, 0xff, 0xff, 0xff, 0xff, 0xff, 0xff, 0xff, 0xff, 0xff, 0xff, 0xff, 0xff, 0x77, /* 行 2 */
    0x00, 0x00, 0x04, 0xc6, 0xff, 0xff, 0xff, 0xff, 0xcb, 0x7e, 0x54, 0x41, 0x4c, 0x71, 0xab, 0xf2, 0xfe, 0x1d, /* 行 3 */
    0x00, 0x00, 0x87, 0xff, 0xff, 0xff, 0xef, 0x4f, 0x00, 0x00, 0x00, 0x00, 0x00, 0x00, 0x00, 0x06, 0x36, 0x00, /* 行 4 */
    0x00, 0x1b, 0xfb, 0xff, 0xff, 0xf7, 0x30, 0x00, 0x00, 0x00, 0x00, 0x00, 0x00, 0x00, 0x00, 0x00, 0x00, 0x00, /* 行 5 */
    0x00, 0x86, 0xff, 0xff, 0xff, 0x7b, 0x00, 0x00, 0x00, 0x00, 0x00, 0x00, 0x00, 0x00, 0x00, 0x00, 0x00, 0x00, /* 行 6 */
    0x00, 0xdc, 0xff, 0xff, 0xf8, 0x11, 0x00, 0x00, 0x00, 0x00, 0x00, 0x00, 0x00, 0x00, 0x00, 0x00, 0x00, 0x00, /* 行 7 */
    0x16, 0xff, 0xff, 0xff, 0xb8, 0x00, 0x00, 0x00, 0x00, 0x00, 0x00, 0x00, 0x00, 0x00, 0x00, 0x00, 0x00, 0x00, /* 行 8 */
    0x48, 0xff, 0xff, 0xff, 0x86, 0x00, 0x00, 0x00, 0x00, 0x00, 0x00, 0x00, 0x00, 0x00, 0x00, 0x00, 0x00, 0x00, /* 行 9 */
    0x5c, 0xff, 0xff, 0xff, 0x66, 0x00, 0x00, 0x00, 0x00, 0x00, 0x00, 0x00, 0x00, 0x00, 0x00, 0x00, 0x00, 0x00, /* 行10 */
    0x6d, 0xff, 0xff, 0xff, 0x58, 0x00, 0x00, 0x00, 0x00, 0x00, 0x00, 0x00, 0x00, 0x00, 0x00, 0x00, 0x00, 0x00, /* 行11 */
    0x71, 0xff, 0xff, 0xff, 0x55, 0x00, 0x00, 0x00, 0x00, 0x00, 0x00, 0x00, 0x00, 0x00, 0x00, 0x00, 0x00, 0x00, /* 行12 */
    0x61, 0xff, 0xff, 0xff, 0x63, 0x00, 0x00, 0x00, 0x00, 0x00, 0x00, 0x00, 0x00, 0x00, 0x00, 0x00, 0x00, 0x00, /* 行13 */
    0x4f, 0xff, 0xff, 0xff, 0x80, 0x00, 0x00, 0x00, 0x00, 0x00, 0x00, 0x00, 0x00, 0x00, 0x00, 0x00, 0x00, 0x00, /* 行14 */
    0x23, 0xff, 0xff, 0xff, 0xb2, 0x00, 0x00, 0x00, 0x00, 0x00, 0x00, 0x00, 0x00, 0x00, 0x00, 0x00, 0x00, 0x00, /* 行15 */
    0x00, 0xe8, 0xff, 0xff, 0xf5, 0x0c, 0x00, 0x00, 0x00, 0x00, 0x00, 0x00, 0x00, 0x00, 0x00, 0x00, 0x00, 0x00, /* 行16 */
    0x00, 0x9b, 0xff, 0xff, 0xff, 0x70, 0x00, 0x00, 0x00, 0x00, 0x00, 0x00, 0x00, 0x00, 0x00, 0x00, 0x00, 0x00, /* 行17 */
    0x00, 0x2c, 0xff, 0xff, 0xff, 0xf2, 0x25, 0x00, 0x00, 0x00, 0x00, 0x00, 0x00, 0x00, 0x00, 0x00, 0x00, 0x00, /* 行18 */
    0x00, 0x00, 0xa3, 0xff, 0xff, 0xff, 0xe5, 0x3a, 0x00, 0x00, 0x00, 0x00, 0x00, 0x00, 0x00, 0x00, 0x1a, 0x38, /* 行19 */
    0x00, 0x00, 0x0d, 0xda, 0xff, 0xff, 0xff, 0xff, 0xb5, 0x68, 0x43, 0x33, 0x3e, 0x5b, 0x88, 0xc8, 0xfd, 0x94, /* 行20 */
    0x00, 0x00, 0x00, 0x1b, 0xcf, 0xff, 0xff, 0xff, 0xff, 0xff, 0xff, 0xff, 0xff, 0xff, 0xff, 0xff, 0xff, 0x94, /* 行21 */
    0x00, 0x00, 0x00, 0x00, 0x0c, 0x88, 0xf4, 0xff, 0xff, 0xff, 0xff, 0xff, 0xff, 0xff, 0xff, 0xff, 0xff, 0x81, /* 行22 */
    0x00, 0x00, 0x00, 0x00, 0x00, 0x00, 0x16, 0x66, 0xab, 0xd8, 0xed, 0xfc, 0xf5, 0xe1, 0xbc, 0x83, 0x33, 0x00, /* 行23 */
};

/* 字符 100: d    */
/*
 *                                     ██████▓▓
 *                                     ██████▓▓
 *                                     ██████▓▓
 *                                     ██████▓▓
 *                                     ██████▓▓
 *                                     ██████▓▓
 *                                     ██████▓▓
 *                                     ██████▓▓
 *                                     ██████▓▓
 *                                     ██████▓▓
 *             ░░▓▓██████████▓▓░░      ██████▓▓
 *         ░░▓▓██████████████████▓▓░░  ██████▓▓
 *       ░░██████████████████████████░░██████▓▓
 *     ░░██████████▓▓░░░░░░░░▒▒██████████████▓▓
 *     ▓▓████████░░              ▒▒██████████▓▓
 *   ░░████████░░                  ▒▒████████▓▓
 *   ▓▓██████▒▒                    ░░████████▓▓
 *   ████████░░                      ▓▓██████▓▓
 * ░░██████▓▓                        ▒▒██████▓▓
 * ▒▒██████▓▓                        ░░██████▓▓
 * ▒▒██████▒▒                        ░░██████▓▓
 * ▒▒██████▒▒                          ██████▓▓
 * ▒▒██████▒▒                          ██████▓▓
 * ▒▒██████▒▒                          ██████▓▓
 * ▒▒██████▒▒                        ░░██████▓▓
 * ░░██████▓▓                        ░░██████▓▓
 * ░░████████░░                      ▒▒██████▓▓
 *   ▓▓██████▒▒                      ▓▓██████▓▓
 *   ▒▒████████░░                  ▒▒████████▓▓
 *   ░░████████▓▓░░              ░░██████████▓▓
 *     ░░██████████▒▒░░░░░░░░▒▒▓▓████████████▓▓
 *       ▒▒██████████████████████████░░▓▓████▓▓
 *         ░░████████████████████▓▓░░  ▒▒████▓▓
 *             ▒▒▓▓██████████▓▓▒▒      ▒▒████▓▓
 */
static const unsigned char open_sans_45px_char_100_bitmap[] = {
    0x00, 0x00, 0x00, 0x00, 0x00, 0x00, 0x00, 0x00, 0x00, 0x00, 0x00, 0x00, 0x00, 0x00, 0x00, 0x00, 0x00, 0x00, 0xf0, 0xff, 0xff, 0xb4, /* 行 0 */
    0x00, 0x00, 0x00, 0x00, 0x00, 0x00, 0x00, 0x00, 0x00, 0x00, 0x00, 0x00, 0x00, 0x00, 0x00, 0x00, 0x00, 0x00, 0xf0, 0xff, 0xff, 0xb4, /* 行 1 */
    0x00, 0x00, 0x00, 0x00, 0x00, 0x00, 0x00, 0x00, 0x00, 0x00, 0x00, 0x00, 0x00, 0x00, 0x00, 0x00, 0x00, 0x00, 0xf0, 0xff, 0xff, 0xb4, /* 行 2 */
    0x00, 0x00, 0x00, 0x00, 0x00, 0x00, 0x00, 0x00, 0x00, 0x00, 0x00, 0x00, 0x00, 0x00, 0x00, 0x00, 0x00, 0x00, 0xf0, 0xff, 0xff, 0xb4, /* 行 3 */
    0x00, 0x00, 0x00, 0x00, 0x00, 0x00, 0x00, 0x00, 0x00, 0x00, 0x00, 0x00, 0x00, 0x00, 0x00, 0x00, 0x00, 0x00, 0xf0, 0xff, 0xff, 0xb4, /* 行 4 */
    0x00, 0x00, 0x00, 0x00, 0x00, 0x00, 0x00, 0x00, 0x00, 0x00, 0x00, 0x00, 0x00, 0x00, 0x00, 0x00, 0x00, 0x00, 0xf0, 0xff, 0xff, 0xb4, /* 行 5 */
    0x00, 0x00, 0x00, 0x00, 0x00, 0x00, 0x00, 0x00, 0x00, 0x00, 0x00, 0x00, 0x00, 0x00, 0x00, 0x00, 0x00, 0x00, 0xf0, 0xff, 0xff, 0xb4, /* 行 6 */
    0x00, 0x00, 0x00, 0x00, 0x00, 0x00, 0x00, 0x00, 0x00, 0x00, 0x00, 0x00, 0x00, 0x00, 0x00, 0x00, 0x00, 0x00, 0xf0, 0xff, 0xff, 0xb4, /* 行 7 */
    0x00, 0x00, 0x00, 0x00, 0x00, 0x00, 0x00, 0x00, 0x00, 0x00, 0x00, 0x00, 0x00, 0x00, 0x00, 0x00, 0x00, 0x00, 0xf0, 0xff, 0xff, 0xb4, /* 行 8 */
    0x00, 0x00, 0x00, 0x00, 0x00, 0x00, 0x00, 0x00, 0x00, 0x00, 0x00, 0x00, 0x00, 0x00, 0x00, 0x00, 0x00, 0x00, 0xf0, 0xff, 0xff, 0xb4, /* 行 9 */
    0x00, 0x00, 0x00, 0x00, 0x00, 0x00, 0x3f, 0x90, 0xcf, 0xe8, 0xfa, 0xe8, 0xcf, 0x90, 0x3e, 0x00, 0x00, 0x00, 0xe9, 0xff, 0xff, 0xb4, /* 行10 */
    0x00, 0x00, 0x00, 0x00, 0x27, 0xbb, 0xff, 0xff, 0xff, 0xff, 0xff, 0xff, 0xff, 0xff, 0xff, 0xba, 0x24, 0x00, 0xda, 0xff, 0xff, 0xb4, /* 行11 */
    0x00, 0x00, 0x00, 0x36, 0xee, 0xff, 0xff, 0xff, 0xff, 0xff, 0xff, 0xff, 0xff, 0xff, 0xff, 0xff, 0xee, 0x30, 0xc7, 0xff, 0xff, 0xb4, /* 行12 */
    0x00, 0x00, 0x1d, 0xf0, 0xff, 0xff, 0xff, 0xee, 0x81, 0x35, 0x17, 0x18, 0x2d, 0x66, 0xc1, 0xff, 0xff, 0xeb, 0xe1, 0xff, 0xff, 0xb4, /* 行13 */
    0x00, 0x00, 0xb7, 0xff, 0xff, 0xff, 0xcd, 0x18, 0x00, 0x00, 0x00, 0x00, 0x00, 0x00, 0x00, 0x5b, 0xfa, 0xff, 0xff, 0xff, 0xff, 0xb4, /* 行14 */
    0x00, 0x3a, 0xff, 0xff, 0xff, 0xe9, 0x16, 0x00, 0x00, 0x00, 0x00, 0x00, 0x00, 0x00, 0x00, 0x00, 0x6a, 0xff, 0xff, 0xff, 0xff, 0xb4, /* 行15 */
    0x00, 0x9f, 0xff, 0xff, 0xff, 0x68, 0x00, 0x00, 0x00, 0x00, 0x00, 0x00, 0x00, 0x00, 0x00, 0x00, 0x02, 0xd9, 0xff, 0xff, 0xff, 0xb4, /* 行16 */
    0x00, 0xeb, 0xff, 0xff, 0xf5, 0x0b, 0x00, 0x00, 0x00, 0x00, 0x00, 0x00, 0x00, 0x00, 0x00, 0x00, 0x00, 0x80, 0xff, 0xff, 0xff, 0xb4, /* 行17 */
    0x20, 0xff, 0xff, 0xff, 0xb3, 0x00, 0x00, 0x00, 0x00, 0x00, 0x00, 0x00, 0x00, 0x00, 0x00, 0x00, 0x00, 0x44, 0xff, 0xff, 0xff, 0xb4, /* 行18 */
    0x4d, 0xff, 0xff, 0xff, 0x84, 0x00, 0x00, 0x00, 0x00, 0x00, 0x00, 0x00, 0x00, 0x00, 0x00, 0x00, 0x00, 0x19, 0xff, 0xff, 0xff, 0xb4, /* 行19 */
    0x60, 0xff, 0xff, 0xff, 0x65, 0x00, 0x00, 0x00, 0x00, 0x00, 0x00, 0x00, 0x00, 0x00, 0x00, 0x00, 0x00, 0x03, 0xff, 0xff, 0xff, 0xb4, /* 行20 */
    0x70, 0xff, 0xff, 0xff, 0x57, 0x00, 0x00, 0x00, 0x00, 0x00, 0x00, 0x00, 0x00, 0x00, 0x00, 0x00, 0x00, 0x00, 0xf7, 0xff, 0xff, 0xb4, /* 行21 */
    0x71, 0xff, 0xff, 0xff, 0x54, 0x00, 0x00, 0x00, 0x00, 0x00, 0x00, 0x00, 0x00, 0x00, 0x00, 0x00, 0x00, 0x00, 0xf0, 0xff, 0xff, 0xb4, /* 行22 */
    0x62, 0xff, 0xff, 0xff, 0x61, 0x00, 0x00, 0x00, 0x00, 0x00, 0x00, 0x00, 0x00, 0x00, 0x00, 0x00, 0x00, 0x00, 0xf9, 0xff, 0xff, 0xb4, /* 行23 */
    0x51, 0xff, 0xff, 0xff, 0x7a, 0x00, 0x00, 0x00, 0x00, 0x00, 0x00, 0x00, 0x00, 0x00, 0x00, 0x00, 0x00, 0x07, 0xff, 0xff, 0xff, 0xb4, /* 行24 */
    0x27, 0xff, 0xff, 0xff, 0xa7, 0x00, 0x00, 0x00, 0x00, 0x00, 0x00, 0x00, 0x00, 0x00, 0x00, 0x00, 0x00, 0x2d, 0xff, 0xff, 0xff, 0xb4, /* 行25 */
    0x01, 0xf0, 0xff, 0xff, 0xe9, 0x03, 0x00, 0x00, 0x00, 0x00, 0x00, 0x00, 0x00, 0x00, 0x00, 0x00, 0x00, 0x62, 0xff, 0xff, 0xff, 0xb4, /* 行26 */
    0x00, 0xa9, 0xff, 0xff, 0xff, 0x4e, 0x00, 0x00, 0x00, 0x00, 0x00, 0x00, 0x00, 0x00, 0x00, 0x00, 0x00, 0xbb, 0xff, 0xff, 0xff, 0xb4, /* 行27 */
    0x00, 0x44, 0xff, 0xff, 0xff, 0xd8, 0x09, 0x00, 0x00, 0x00, 0x00, 0x00, 0x00, 0x00, 0x00, 0x00, 0x46, 0xff, 0xff, 0xff, 0xff, 0xb4, /* 行28 */
    0x00, 0x01, 0xc4, 0xff, 0xff, 0xff, 0xb9, 0x0e, 0x00, 0x00, 0x00, 0x00, 0x00, 0x00, 0x00, 0x3d, 0xed, 0xff, 0xff, 0xff, 0xff, 0xb4, /* 行29 */
    0x00, 0x00, 0x25, 0xf5, 0xff, 0xff, 0xff, 0xe7, 0x79, 0x32, 0x16, 0x14, 0x28, 0x5b, 0xae, 0xfe, 0xff, 0xe6, 0xd7, 0xff, 0xff, 0xb4, /* 行30 */
    0x00, 0x00, 0x00, 0x40, 0xf3, 0xff, 0xff, 0xff, 0xff, 0xff, 0xff, 0xff, 0xff, 0xff, 0xff, 0xff, 0xef, 0x2e, 0x98, 0xff, 0xff, 0xb4, /* 行31 */
    0x00, 0x00, 0x00, 0x00, 0x2e, 0xc3, 0xff, 0xff, 0xff, 0xff, 0xff, 0xff, 0xff, 0xff, 0xff, 0xbe, 0x24, 0x00, 0x75, 0xff, 0xff, 0xb4, /* 行32 */
    0x00, 0x00, 0x00, 0x00, 0x00, 0x00, 0x44, 0x94, 0xd1, 0xea, 0xfa, 0xe9, 0xd0, 0x94, 0x40, 0x00, 0x00, 0x00, 0x52, 0xff, 0xff, 0xb4, /* 行33 */
};

/* 字符 101: e    */
/*
 *             ░░▒▒▓▓████████▓▓▒▒░░          
 *         ░░▒▒████████████████████▓▓░░      
 *       ░░▓▓████████████████████████▓▓░░    
 *     ░░▓▓████████▓▓░░░░░░░░▓▓████████▓▓    
 *     ▒▒████████░░            ░░████████▒▒  
 *   ░░████████░░                ░░████████░░
 *   ▒▒██████▒▒                    ▓▓██████▒▒
 *   ████████░░                    ▒▒██████▓▓
 * ░░██████▓▓                      ░░██████▓▓
 * ▒▒██████▒▒                      ░░████████
 * ▒▒████████████████████████████████████████
 * ▒▒████████████████████████████████████████
 * ▒▒████████████████████████████████████████
 * ▒▒██████▒▒                                
 * ▒▒██████▒▒                                
 * ░░██████▓▓                                
 *   ████████░░                              
 *   ▓▓██████▒▒                              
 *   ░░████████░░                            
 *     ▒▒████████▒▒░░                ░░▒▒▓▓  
 *     ░░▓▓██████████▓▓▒▒░░░░▒▒▒▒▓▓▓▓██████  
 *       ░░▓▓██████████████████████████████  
 *           ▒▒██████████████████████████▓▓  
 *             ░░▒▒▓▓████████████▓▓▓▓▒▒░░    
 */
static const unsigned char open_sans_45px_char_101_bitmap[] = {
    0x00, 0x00, 0x00, 0x00, 0x00, 0x00, 0x14, 0x66, 0xb2, 0xda, 0xf1, 0xf6, 0xe1, 0xbb, 0x73, 0x1b, 0x00, 0x00, 0x00, 0x00, 0x00, /* 行 0 */
    0x00, 0x00, 0x00, 0x00, 0x05, 0x75, 0xf1, 0xff, 0xff, 0xff, 0xff, 0xff, 0xff, 0xff, 0xff, 0xf6, 0x83, 0x04, 0x00, 0x00, 0x00, /* 行 1 */
    0x00, 0x00, 0x00, 0x09, 0xb5, 0xff, 0xff, 0xff, 0xff, 0xff, 0xff, 0xff, 0xff, 0xff, 0xff, 0xff, 0xff, 0xb7, 0x0b, 0x00, 0x00, /* 行 2 */
    0x00, 0x00, 0x01, 0xba, 0xff, 0xff, 0xff, 0xf0, 0x84, 0x39, 0x18, 0x16, 0x35, 0x80, 0xef, 0xff, 0xff, 0xff, 0xa7, 0x00, 0x00, /* 行 3 */
    0x00, 0x00, 0x73, 0xff, 0xff, 0xff, 0xc9, 0x17, 0x00, 0x00, 0x00, 0x00, 0x00, 0x00, 0x1b, 0xd5, 0xff, 0xff, 0xff, 0x5a, 0x00, /* 行 4 */
    0x00, 0x13, 0xf6, 0xff, 0xff, 0xe2, 0x13, 0x00, 0x00, 0x00, 0x00, 0x00, 0x00, 0x00, 0x00, 0x27, 0xf7, 0xff, 0xff, 0xd6, 0x01, /* 行 5 */
    0x00, 0x78, 0xff, 0xff, 0xff, 0x59, 0x00, 0x00, 0x00, 0x00, 0x00, 0x00, 0x00, 0x00, 0x00, 0x00, 0x9e, 0xff, 0xff, 0xff, 0x41, /* 行 6 */
    0x00, 0xd3, 0xff, 0xff, 0xea, 0x03, 0x00, 0x00, 0x00, 0x00, 0x00, 0x00, 0x00, 0x00, 0x00, 0x00, 0x4e, 0xff, 0xff, 0xff, 0x81, /* 行 7 */
    0x10, 0xfe, 0xff, 0xff, 0xa4, 0x00, 0x00, 0x00, 0x00, 0x00, 0x00, 0x00, 0x00, 0x00, 0x00, 0x00, 0x1f, 0xff, 0xff, 0xff, 0xb7, /* 行 8 */
    0x44, 0xff, 0xff, 0xff, 0x78, 0x00, 0x00, 0x00, 0x00, 0x00, 0x00, 0x00, 0x00, 0x00, 0x00, 0x00, 0x0c, 0xff, 0xff, 0xff, 0xcd, /* 行 9 */
    0x5b, 0xff, 0xff, 0xff, 0xff, 0xff, 0xff, 0xff, 0xff, 0xff, 0xff, 0xff, 0xff, 0xff, 0xff, 0xff, 0xff, 0xff, 0xff, 0xff, 0xdf, /* 行10 */
    0x6c, 0xff, 0xff, 0xff, 0xff, 0xff, 0xff, 0xff, 0xff, 0xff, 0xff, 0xff, 0xff, 0xff, 0xff, 0xff, 0xff, 0xff, 0xff, 0xff, 0xe4, /* 行11 */
    0x71, 0xff, 0xff, 0xff, 0xfa, 0xf8, 0xf8, 0xf8, 0xf8, 0xf8, 0xf8, 0xf8, 0xf8, 0xf8, 0xf8, 0xf8, 0xf8, 0xf8, 0xf8, 0xf8, 0xdc, /* 行12 */
    0x60, 0xff, 0xff, 0xff, 0x5c, 0x00, 0x00, 0x00, 0x00, 0x00, 0x00, 0x00, 0x00, 0x00, 0x00, 0x00, 0x00, 0x00, 0x00, 0x00, 0x00, /* 行13 */
    0x4c, 0xff, 0xff, 0xff, 0x75, 0x00, 0x00, 0x00, 0x00, 0x00, 0x00, 0x00, 0x00, 0x00, 0x00, 0x00, 0x00, 0x00, 0x00, 0x00, 0x00, /* 行14 */
    0x1c, 0xff, 0xff, 0xff, 0xac, 0x00, 0x00, 0x00, 0x00, 0x00, 0x00, 0x00, 0x00, 0x00, 0x00, 0x00, 0x00, 0x00, 0x00, 0x00, 0x00, /* 行15 */
    0x00, 0xdc, 0xff, 0xff, 0xef, 0x0b, 0x00, 0x00, 0x00, 0x00, 0x00, 0x00, 0x00, 0x00, 0x00, 0x00, 0x00, 0x00, 0x00, 0x00, 0x00, /* 行16 */
    0x00, 0x86, 0xff, 0xff, 0xff, 0x76, 0x00, 0x00, 0x00, 0x00, 0x00, 0x00, 0x00, 0x00, 0x00, 0x00, 0x00, 0x00, 0x00, 0x00, 0x00, /* 行17 */
    0x00, 0x16, 0xf6, 0xff, 0xff, 0xf8, 0x39, 0x00, 0x00, 0x00, 0x00, 0x00, 0x00, 0x00, 0x00, 0x00, 0x00, 0x00, 0x00, 0x00, 0x00, /* 行18 */
    0x00, 0x00, 0x78, 0xff, 0xff, 0xff, 0xf5, 0x62, 0x02, 0x00, 0x00, 0x00, 0x00, 0x00, 0x00, 0x00, 0x00, 0x06, 0x4d, 0x8f, 0x00, /* 行19 */
    0x00, 0x00, 0x01, 0xad, 0xff, 0xff, 0xff, 0xff, 0xdb, 0x88, 0x51, 0x3b, 0x34, 0x41, 0x59, 0x81, 0xb7, 0xf4, 0xff, 0xdc, 0x00, /* 行20 */
    0x00, 0x00, 0x00, 0x05, 0x99, 0xff, 0xff, 0xff, 0xff, 0xff, 0xff, 0xff, 0xff, 0xff, 0xff, 0xff, 0xff, 0xff, 0xff, 0xdc, 0x00, /* 行21 */
    0x00, 0x00, 0x00, 0x00, 0x00, 0x54, 0xd5, 0xff, 0xff, 0xff, 0xff, 0xff, 0xff, 0xff, 0xff, 0xff, 0xff, 0xff, 0xee, 0x84, 0x00, /* 行22 */
    0x00, 0x00, 0x00, 0x00, 0x00, 0x00, 0x02, 0x45, 0x8a, 0xc7, 0xe2, 0xf6, 0xfb, 0xf2, 0xe0, 0xbe, 0x8e, 0x4a, 0x07, 0x00, 0x00, /* 行23 */
};

/* 字符 102: f    */
/*
 *                 ░░▒▒██████████▓▓▒▒░░
 *               ▒▒██████████████████░░
 *             ▒▒██████████████████▓▓  
 *           ░░████████▓▓░░░░░░▒▒▓▓░░  
 *           ▒▒██████▓▓                
 *           ▓▓██████░░                
 *           ████████                  
 *         ░░██████▓▓                  
 *         ░░██████▓▓                  
 *         ░░██████▓▓                  
 *   ░░▒▒▓▓████████████████████▓▓      
 * ▒▒██████████████████████████▓▓      
 * ▒▒██████████████████████████▓▓      
 *         ░░██████▓▓                  
 *         ░░██████▓▓                  
 *         ░░██████▓▓                  
 *         ░░██████▓▓                  
 *         ░░██████▓▓                  
 *         ░░██████▓▓                  
 *         ░░██████▓▓                  
 *         ░░██████▓▓                  
 *         ░░██████▓▓                  
 *         ░░██████▓▓                  
 *         ░░██████▓▓                  
 *         ░░██████▓▓                  
 *         ░░██████▓▓                  
 *         ░░██████▓▓                  
 *         ░░██████▓▓                  
 *         ░░██████▓▓                  
 *         ░░██████▓▓                  
 *         ░░██████▓▓                  
 *         ░░██████▓▓                  
 *         ░░██████▓▓                  
 *         ░░██████▓▓                  
 */
static const unsigned char open_sans_45px_char_102_bitmap[] = {
    0x00, 0x00, 0x00, 0x00, 0x00, 0x00, 0x00, 0x00, 0x16, 0x7e, 0xc3, 0xe8, 0xf9, 0xec, 0xd4, 0xa2, 0x65, 0x09, /* 行 0 */
    0x00, 0x00, 0x00, 0x00, 0x00, 0x00, 0x00, 0x5f, 0xf5, 0xff, 0xff, 0xff, 0xff, 0xff, 0xff, 0xff, 0xee, 0x04, /* 行 1 */
    0x00, 0x00, 0x00, 0x00, 0x00, 0x00, 0x58, 0xff, 0xff, 0xff, 0xff, 0xff, 0xff, 0xff, 0xff, 0xff, 0xa2, 0x00, /* 行 2 */
    0x00, 0x00, 0x00, 0x00, 0x00, 0x0e, 0xef, 0xff, 0xff, 0xff, 0x91, 0x2a, 0x0a, 0x1b, 0x40, 0x82, 0x3f, 0x00, /* 行 3 */
    0x00, 0x00, 0x00, 0x00, 0x00, 0x6b, 0xff, 0xff, 0xff, 0x86, 0x00, 0x00, 0x00, 0x00, 0x00, 0x00, 0x00, 0x00, /* 行 4 */
    0x00, 0x00, 0x00, 0x00, 0x00, 0xb4, 0xff, 0xff, 0xf8, 0x0e, 0x00, 0x00, 0x00, 0x00, 0x00, 0x00, 0x00, 0x00, /* 行 5 */
    0x00, 0x00, 0x00, 0x00, 0x00, 0xe6, 0xff, 0xff, 0xc6, 0x00, 0x00, 0x00, 0x00, 0x00, 0x00, 0x00, 0x00, 0x00, /* 行 6 */
    0x00, 0x00, 0x00, 0x00, 0x01, 0xfd, 0xff, 0xff, 0xa4, 0x00, 0x00, 0x00, 0x00, 0x00, 0x00, 0x00, 0x00, 0x00, /* 行 7 */
    0x00, 0x00, 0x00, 0x00, 0x0c, 0xff, 0xff, 0xff, 0x99, 0x00, 0x00, 0x00, 0x00, 0x00, 0x00, 0x00, 0x00, 0x00, /* 行 8 */
    0x00, 0x00, 0x00, 0x00, 0x10, 0xff, 0xff, 0xff, 0x98, 0x00, 0x00, 0x00, 0x00, 0x00, 0x00, 0x00, 0x00, 0x00, /* 行 9 */
    0x00, 0x04, 0x41, 0x8f, 0xdd, 0xff, 0xff, 0xff, 0xf1, 0xdc, 0xdc, 0xdc, 0xdc, 0xdc, 0x9e, 0x00, 0x00, 0x00, /* 行10 */
    0x44, 0xee, 0xff, 0xff, 0xff, 0xff, 0xff, 0xff, 0xff, 0xff, 0xff, 0xff, 0xff, 0xff, 0xb8, 0x00, 0x00, 0x00, /* 行11 */
    0x59, 0xf8, 0xf8, 0xf8, 0xf8, 0xff, 0xff, 0xff, 0xfc, 0xf8, 0xf8, 0xf8, 0xf8, 0xf8, 0xb2, 0x00, 0x00, 0x00, /* 行12 */
    0x00, 0x00, 0x00, 0x00, 0x10, 0xff, 0xff, 0xff, 0x98, 0x00, 0x00, 0x00, 0x00, 0x00, 0x00, 0x00, 0x00, 0x00, /* 行13 */
    0x00, 0x00, 0x00, 0x00, 0x10, 0xff, 0xff, 0xff, 0x98, 0x00, 0x00, 0x00, 0x00, 0x00, 0x00, 0x00, 0x00, 0x00, /* 行14 */
    0x00, 0x00, 0x00, 0x00, 0x10, 0xff, 0xff, 0xff, 0x98, 0x00, 0x00, 0x00, 0x00, 0x00, 0x00, 0x00, 0x00, 0x00, /* 行15 */
    0x00, 0x00, 0x00, 0x00, 0x10, 0xff, 0xff, 0xff, 0x98, 0x00, 0x00, 0x00, 0x00, 0x00, 0x00, 0x00, 0x00, 0x00, /* 行16 */
    0x00, 0x00, 0x00, 0x00, 0x10, 0xff, 0xff, 0xff, 0x98, 0x00, 0x00, 0x00, 0x00, 0x00, 0x00, 0x00, 0x00, 0x00, /* 行17 */
    0x00, 0x00, 0x00, 0x00, 0x10, 0xff, 0xff, 0xff, 0x98, 0x00, 0x00, 0x00, 0x00, 0x00, 0x00, 0x00, 0x00, 0x00, /* 行18 */
    0x00, 0x00, 0x00, 0x00, 0x10, 0xff, 0xff, 0xff, 0x98, 0x00, 0x00, 0x00, 0x00, 0x00, 0x00, 0x00, 0x00, 0x00, /* 行19 */
    0x00, 0x00, 0x00, 0x00, 0x10, 0xff, 0xff, 0xff, 0x98, 0x00, 0x00, 0x00, 0x00, 0x00, 0x00, 0x00, 0x00, 0x00, /* 行20 */
    0x00, 0x00, 0x00, 0x00, 0x10, 0xff, 0xff, 0xff, 0x98, 0x00, 0x00, 0x00, 0x00, 0x00, 0x00, 0x00, 0x00, 0x00, /* 行21 */
    0x00, 0x00, 0x00, 0x00, 0x10, 0xff, 0xff, 0xff, 0x98, 0x00, 0x00, 0x00, 0x00, 0x00, 0x00, 0x00, 0x00, 0x00, /* 行22 */
    0x00, 0x00, 0x00, 0x00, 0x10, 0xff, 0xff, 0xff, 0x98, 0x00, 0x00, 0x00, 0x00, 0x00, 0x00, 0x00, 0x00, 0x00, /* 行23 */
    0x00, 0x00, 0x00, 0x00, 0x10, 0xff, 0xff, 0xff, 0x98, 0x00, 0x00, 0x00, 0x00, 0x00, 0x00, 0x00, 0x00, 0x00, /* 行24 */
    0x00, 0x00, 0x00, 0x00, 0x10, 0xff, 0xff, 0xff, 0x98, 0x00, 0x00, 0x00, 0x00, 0x00, 0x00, 0x00, 0x00, 0x00, /* 行25 */
    0x00, 0x00, 0x00, 0x00, 0x10, 0xff, 0xff, 0xff, 0x98, 0x00, 0x00, 0x00, 0x00, 0x00, 0x00, 0x00, 0x00, 0x00, /* 行26 */
    0x00, 0x00, 0x00, 0x00, 0x10, 0xff, 0xff, 0xff, 0x98, 0x00, 0x00, 0x00, 0x00, 0x00, 0x00, 0x00, 0x00, 0x00, /* 行27 */
    0x00, 0x00, 0x00, 0x00, 0x10, 0xff, 0xff, 0xff, 0x98, 0x00, 0x00, 0x00, 0x00, 0x00, 0x00, 0x00, 0x00, 0x00, /* 行28 */
    0x00, 0x00, 0x00, 0x00, 0x10, 0xff, 0xff, 0xff, 0x98, 0x00, 0x00, 0x00, 0x00, 0x00, 0x00, 0x00, 0x00, 0x00, /* 行29 */
    0x00, 0x00, 0x00, 0x00, 0x10, 0xff, 0xff, 0xff, 0x98, 0x00, 0x00, 0x00, 0x00, 0x00, 0x00, 0x00, 0x00, 0x00, /* 行30 */
    0x00, 0x00, 0x00, 0x00, 0x10, 0xff, 0xff, 0xff, 0x98, 0x00, 0x00, 0x00, 0x00, 0x00, 0x00, 0x00, 0x00, 0x00, /* 行31 */
    0x00, 0x00, 0x00, 0x00, 0x10, 0xff, 0xff, 0xff, 0x98, 0x00, 0x00, 0x00, 0x00, 0x00, 0x00, 0x00, 0x00, 0x00, /* 行32 */
    0x00, 0x00, 0x00, 0x00, 0x10, 0xff, 0xff, 0xff, 0x98, 0x00, 0x00, 0x00, 0x00, 0x00, 0x00, 0x00, 0x00, 0x00, /* 行33 */
};

/* 字符 103: g    */
/*
 *             ░░▒▒▓▓████████████████████████████▓▓
 *           ░░██████████████████████████████████▓▓
 *         ▒▒████████████▓▓▓▓██████████████▓▓▓▓▒▒░░
 *       ░░████████▒▒░░        ░░▓▓██████▓▓        
 *       ▓▓██████▒▒              ░░████████░░      
 *     ░░██████▓▓                  ▒▒██████▒▒      
 *     ░░██████▒▒                  ░░██████▓▓      
 *     ░░██████▒▒                    ██████▓▓      
 *     ░░██████▒▒                  ░░██████▓▓      
 *     ░░██████▓▓                  ░░██████▒▒      
 *       ▓▓██████░░                ▓▓██████░░      
 *       ░░████████▒▒░░        ░░▓▓██████▓▓        
 *         ▒▒██████████▓▓▓▓▓▓██████████▓▓░░        
 *           ▒▒██████████████████████▒▒░░          
 *             ▒▒██████████████▓▓▒▒░░              
 *           ▓▓████▓▓░░                            
 *         ▒▒██████░░                              
 *         ██████▒▒                                
 *         ██████▒▒                                
 *         ████████▒▒░░░░                          
 *         ▒▒██████████████████████████▓▓░░        
 *           ▒▒████████████████████████████▓▓░░    
 *       ░░▒▒██████████████████████████████████░░  
 *     ░░████████▓▓▒▒▒▒▒▒▒▒▒▒▒▒▒▒▒▒▒▒▓▓████████▓▓  
 *   ░░████████░░                      ░░████████░░
 *   ▓▓██████░░                          ▒▒██████░░
 * ░░██████▓▓                            ▒▒██████░░
 * ░░██████▒▒                            ▒▒██████░░
 * ░░██████▒▒                            ▓▓██████░░
 * ░░██████▓▓                          ░░██████▓▓  
 *   ▓▓██████▒▒                      ░░████████▒▒  
 *   ░░████████▓▓░░░░        ░░░░▒▒▓▓████████▓▓    
 *     ▒▒██████████████████████████████████▒▒      
 *       ░░████████████████████████████▓▓░░        
 *           ░░▓▓▓▓████████████▓▓▓▓▒▒░░            
 */
static const unsigned char open_sans_45px_char_103_bitmap[] = {
    0x00, 0x00, 0x00, 0x00, 0x00, 0x00, 0x02, 0x4a, 0x99, 0xce, 0xea, 0xfa, 0xff, 0xff, 0xff, 0xff, 0xff, 0xff, 0xff, 0xff, 0xff, 0xff, 0xff, 0x94, /* 行 0 */
    0x00, 0x00, 0x00, 0x00, 0x00, 0x3b, 0xd8, 0xff, 0xff, 0xff, 0xff, 0xff, 0xff, 0xff, 0xff, 0xff, 0xff, 0xff, 0xff, 0xff, 0xff, 0xff, 0xff, 0x94, /* 行 1 */
    0x00, 0x00, 0x00, 0x00, 0x52, 0xfc, 0xff, 0xff, 0xff, 0xf2, 0xc1, 0xac, 0xb4, 0xda, 0xff, 0xff, 0xff, 0xff, 0xff, 0xcf, 0xaa, 0x8c, 0x6d, 0x31, /* 行 2 */
    0x00, 0x00, 0x00, 0x22, 0xf8, 0xff, 0xff, 0xf3, 0x68, 0x07, 0x00, 0x00, 0x00, 0x00, 0x29, 0xba, 0xff, 0xff, 0xff, 0x8e, 0x00, 0x00, 0x00, 0x00, /* 行 3 */
    0x00, 0x00, 0x00, 0xa1, 0xff, 0xff, 0xff, 0x44, 0x00, 0x00, 0x00, 0x00, 0x00, 0x00, 0x00, 0x04, 0xc4, 0xff, 0xff, 0xf9, 0x1a, 0x00, 0x00, 0x00, /* 行 4 */
    0x00, 0x00, 0x03, 0xef, 0xff, 0xff, 0xb9, 0x00, 0x00, 0x00, 0x00, 0x00, 0x00, 0x00, 0x00, 0x00, 0x44, 0xff, 0xff, 0xff, 0x6b, 0x00, 0x00, 0x00, /* 行 5 */
    0x00, 0x00, 0x24, 0xff, 0xff, 0xff, 0x75, 0x00, 0x00, 0x00, 0x00, 0x00, 0x00, 0x00, 0x00, 0x00, 0x06, 0xfc, 0xff, 0xff, 0x9e, 0x00, 0x00, 0x00, /* 行 6 */
    0x00, 0x00, 0x38, 0xff, 0xff, 0xff, 0x5d, 0x00, 0x00, 0x00, 0x00, 0x00, 0x00, 0x00, 0x00, 0x00, 0x00, 0xed, 0xff, 0xff, 0xad, 0x00, 0x00, 0x00, /* 行 7 */
    0x00, 0x00, 0x34, 0xff, 0xff, 0xff, 0x68, 0x00, 0x00, 0x00, 0x00, 0x00, 0x00, 0x00, 0x00, 0x00, 0x01, 0xf8, 0xff, 0xff, 0x9b, 0x00, 0x00, 0x00, /* 行 8 */
    0x00, 0x00, 0x0e, 0xfd, 0xff, 0xff, 0xa2, 0x00, 0x00, 0x00, 0x00, 0x00, 0x00, 0x00, 0x00, 0x00, 0x30, 0xff, 0xff, 0xff, 0x6d, 0x00, 0x00, 0x00, /* 行 9 */
    0x00, 0x00, 0x00, 0xbc, 0xff, 0xff, 0xf9, 0x2a, 0x00, 0x00, 0x00, 0x00, 0x00, 0x00, 0x00, 0x00, 0xa9, 0xff, 0xff, 0xfa, 0x1d, 0x00, 0x00, 0x00, /* 行10 */
    0x00, 0x00, 0x00, 0x3d, 0xfe, 0xff, 0xff, 0xe6, 0x4e, 0x01, 0x00, 0x00, 0x00, 0x00, 0x12, 0x9a, 0xff, 0xff, 0xff, 0x8b, 0x00, 0x00, 0x00, 0x00, /* 行11 */
    0x00, 0x00, 0x00, 0x00, 0x6d, 0xff, 0xff, 0xff, 0xff, 0xe3, 0xad, 0x98, 0x9e, 0xc1, 0xf8, 0xff, 0xff, 0xff, 0xb5, 0x05, 0x00, 0x00, 0x00, 0x00, /* 行12 */
    0x00, 0x00, 0x00, 0x00, 0x00, 0x61, 0xea, 0xff, 0xff, 0xff, 0xff, 0xff, 0xff, 0xff, 0xff, 0xff, 0xf8, 0x7f, 0x04, 0x00, 0x00, 0x00, 0x00, 0x00, /* 行13 */
    0x00, 0x00, 0x00, 0x00, 0x00, 0x00, 0x78, 0xff, 0xff, 0xeb, 0xe8, 0xfa, 0xf3, 0xe0, 0xb1, 0x71, 0x14, 0x00, 0x00, 0x00, 0x00, 0x00, 0x00, 0x00, /* 行14 */
    0x00, 0x00, 0x00, 0x00, 0x00, 0x99, 0xff, 0xff, 0xa2, 0x0b, 0x00, 0x00, 0x00, 0x00, 0x00, 0x00, 0x00, 0x00, 0x00, 0x00, 0x00, 0x00, 0x00, 0x00, /* 行15 */
    0x00, 0x00, 0x00, 0x00, 0x63, 0xff, 0xff, 0xc2, 0x02, 0x00, 0x00, 0x00, 0x00, 0x00, 0x00, 0x00, 0x00, 0x00, 0x00, 0x00, 0x00, 0x00, 0x00, 0x00, /* 行16 */
    0x00, 0x00, 0x00, 0x00, 0xcb, 0xff, 0xff, 0x60, 0x00, 0x00, 0x00, 0x00, 0x00, 0x00, 0x00, 0x00, 0x00, 0x00, 0x00, 0x00, 0x00, 0x00, 0x00, 0x00, /* 行17 */
    0x00, 0x00, 0x00, 0x00, 0xeb, 0xff, 0xff, 0x69, 0x00, 0x00, 0x00, 0x00, 0x00, 0x00, 0x00, 0x00, 0x00, 0x00, 0x00, 0x00, 0x00, 0x00, 0x00, 0x00, /* 行18 */
    0x00, 0x00, 0x00, 0x00, 0xcc, 0xff, 0xff, 0xeb, 0x54, 0x16, 0x02, 0x00, 0x00, 0x00, 0x00, 0x00, 0x00, 0x00, 0x00, 0x00, 0x00, 0x00, 0x00, 0x00, /* 行19 */
    0x00, 0x00, 0x00, 0x00, 0x5c, 0xff, 0xff, 0xff, 0xff, 0xff, 0xff, 0xff, 0xff, 0xff, 0xff, 0xfa, 0xeb, 0xcb, 0x95, 0x3c, 0x00, 0x00, 0x00, 0x00, /* 行20 */
    0x00, 0x00, 0x00, 0x00, 0x00, 0x73, 0xfa, 0xff, 0xff, 0xff, 0xff, 0xff, 0xff, 0xff, 0xff, 0xff, 0xff, 0xff, 0xff, 0xff, 0xba, 0x1a, 0x00, 0x00, /* 行21 */
    0x00, 0x00, 0x00, 0x0a, 0x75, 0xd8, 0xff, 0xff, 0xff, 0xff, 0xff, 0xff, 0xff, 0xff, 0xff, 0xff, 0xff, 0xff, 0xff, 0xff, 0xff, 0xd9, 0x12, 0x00, /* 行22 */
    0x00, 0x00, 0x25, 0xd9, 0xff, 0xff, 0xf0, 0x96, 0x5f, 0x4b, 0x48, 0x48, 0x48, 0x48, 0x4c, 0x57, 0x73, 0xa9, 0xf8, 0xff, 0xff, 0xff, 0x93, 0x00, /* 行23 */
    0x00, 0x12, 0xe2, 0xff, 0xff, 0xc0, 0x14, 0x00, 0x00, 0x00, 0x00, 0x00, 0x00, 0x00, 0x00, 0x00, 0x00, 0x00, 0x23, 0xe8, 0xff, 0xff, 0xf0, 0x04, /* 行24 */
    0x00, 0x90, 0xff, 0xff, 0xee, 0x11, 0x00, 0x00, 0x00, 0x00, 0x00, 0x00, 0x00, 0x00, 0x00, 0x00, 0x00, 0x00, 0x00, 0x76, 0xff, 0xff, 0xff, 0x2a, /* 行25 */
    0x01, 0xeb, 0xff, 0xff, 0x96, 0x00, 0x00, 0x00, 0x00, 0x00, 0x00, 0x00, 0x00, 0x00, 0x00, 0x00, 0x00, 0x00, 0x00, 0x49, 0xff, 0xff, 0xff, 0x3d, /* 行26 */
    0x19, 0xff, 0xff, 0xff, 0x6b, 0x00, 0x00, 0x00, 0x00, 0x00, 0x00, 0x00, 0x00, 0x00, 0x00, 0x00, 0x00, 0x00, 0x00, 0x53, 0xff, 0xff, 0xff, 0x2b, /* 行27 */
    0x18, 0xff, 0xff, 0xff, 0x6b, 0x00, 0x00, 0x00, 0x00, 0x00, 0x00, 0x00, 0x00, 0x00, 0x00, 0x00, 0x00, 0x00, 0x00, 0x91, 0xff, 0xff, 0xfb, 0x0d, /* 行28 */
    0x02, 0xf7, 0xff, 0xff, 0xa8, 0x00, 0x00, 0x00, 0x00, 0x00, 0x00, 0x00, 0x00, 0x00, 0x00, 0x00, 0x00, 0x00, 0x29, 0xf4, 0xff, 0xff, 0xb6, 0x00, /* 行29 */
    0x00, 0xae, 0xff, 0xff, 0xfd, 0x4d, 0x00, 0x00, 0x00, 0x00, 0x00, 0x00, 0x00, 0x00, 0x00, 0x00, 0x00, 0x3d, 0xe6, 0xff, 0xff, 0xfe, 0x42, 0x00, /* 行30 */
    0x00, 0x31, 0xfb, 0xff, 0xff, 0xfc, 0x99, 0x36, 0x03, 0x00, 0x00, 0x00, 0x00, 0x01, 0x1f, 0x5e, 0xb5, 0xff, 0xff, 0xff, 0xff, 0x89, 0x00, 0x00, /* 行31 */
    0x00, 0x00, 0x5f, 0xfb, 0xff, 0xff, 0xff, 0xff, 0xf8, 0xda, 0xcf, 0xd3, 0xdd, 0xf7, 0xff, 0xff, 0xff, 0xff, 0xff, 0xfc, 0x79, 0x00, 0x00, 0x00, /* 行32 */
    0x00, 0x00, 0x00, 0x3c, 0xcc, 0xff, 0xff, 0xff, 0xff, 0xff, 0xff, 0xff, 0xff, 0xff, 0xff, 0xff, 0xff, 0xf9, 0xaa, 0x28, 0x00, 0x00, 0x00, 0x00, /* 行33 */
    0x00, 0x00, 0x00, 0x00, 0x00, 0x36, 0x86, 0xb9, 0xe0, 0xf1, 0xfc, 0xf7, 0xeb, 0xdc, 0xb9, 0x90, 0x58, 0x0e, 0x00, 0x00, 0x00, 0x00, 0x00, 0x00, /* 行34 */
};

/* 字符 104: h    */
/*
 * ░░██████▓▓                                
 * ░░██████▓▓                                
 * ░░██████▓▓                                
 * ░░██████▓▓                                
 * ░░██████▓▓                                
 * ░░██████▓▓                                
 * ░░██████▓▓                                
 * ░░██████▓▓                                
 * ░░██████▓▓                                
 * ░░██████▓▓                                
 * ░░██████▓▓    ░░▒▒▓▓██████████▓▓▒▒░░      
 * ░░██████▒▒  ▒▒██████████████████████░░    
 * ░░██████▒▒▒▒██████████████████████████░░  
 * ░░██████▓▓██████▓▓▒▒░░░░░░░░▓▓██████████░░
 * ░░████████████░░              ░░████████▒▒
 * ░░██████████░░                  ▒▒██████▓▓
 * ░░████████▒▒                    ░░████████
 * ░░████████░░                      ████████
 * ░░████████                        ▓▓██████
 * ░░██████▓▓                        ▓▓██████
 * ░░██████▓▓                        ▓▓██████
 * ░░██████▓▓                        ▓▓██████
 * ░░██████▓▓                        ▓▓██████
 * ░░██████▓▓                        ▓▓██████
 * ░░██████▓▓                        ▓▓██████
 * ░░██████▓▓                        ▓▓██████
 * ░░██████▓▓                        ▓▓██████
 * ░░██████▓▓                        ▓▓██████
 * ░░██████▓▓                        ▓▓██████
 * ░░██████▓▓                        ▓▓██████
 * ░░██████▓▓                        ▓▓██████
 * ░░██████▓▓                        ▓▓██████
 * ░░██████▓▓                        ▓▓██████
 * ░░██████▓▓                        ▓▓██████
 */
static const unsigned char open_sans_45px_char_104_bitmap[] = {
    0x20, 0xff, 0xff, 0xff, 0x84, 0x00, 0x00, 0x00, 0x00, 0x00, 0x00, 0x00, 0x00, 0x00, 0x00, 0x00, 0x00, 0x00, 0x00, 0x00, 0x00, /* 行 0 */
    0x20, 0xff, 0xff, 0xff, 0x84, 0x00, 0x00, 0x00, 0x00, 0x00, 0x00, 0x00, 0x00, 0x00, 0x00, 0x00, 0x00, 0x00, 0x00, 0x00, 0x00, /* 行 1 */
    0x20, 0xff, 0xff, 0xff, 0x84, 0x00, 0x00, 0x00, 0x00, 0x00, 0x00, 0x00, 0x00, 0x00, 0x00, 0x00, 0x00, 0x00, 0x00, 0x00, 0x00, /* 行 2 */
    0x20, 0xff, 0xff, 0xff, 0x84, 0x00, 0x00, 0x00, 0x00, 0x00, 0x00, 0x00, 0x00, 0x00, 0x00, 0x00, 0x00, 0x00, 0x00, 0x00, 0x00, /* 行 3 */
    0x20, 0xff, 0xff, 0xff, 0x84, 0x00, 0x00, 0x00, 0x00, 0x00, 0x00, 0x00, 0x00, 0x00, 0x00, 0x00, 0x00, 0x00, 0x00, 0x00, 0x00, /* 行 4 */
    0x20, 0xff, 0xff, 0xff, 0x84, 0x00, 0x00, 0x00, 0x00, 0x00, 0x00, 0x00, 0x00, 0x00, 0x00, 0x00, 0x00, 0x00, 0x00, 0x00, 0x00, /* 行 5 */
    0x20, 0xff, 0xff, 0xff, 0x84, 0x00, 0x00, 0x00, 0x00, 0x00, 0x00, 0x00, 0x00, 0x00, 0x00, 0x00, 0x00, 0x00, 0x00, 0x00, 0x00, /* 行 6 */
    0x20, 0xff, 0xff, 0xff, 0x84, 0x00, 0x00, 0x00, 0x00, 0x00, 0x00, 0x00, 0x00, 0x00, 0x00, 0x00, 0x00, 0x00, 0x00, 0x00, 0x00, /* 行 7 */
    0x20, 0xff, 0xff, 0xff, 0x84, 0x00, 0x00, 0x00, 0x00, 0x00, 0x00, 0x00, 0x00, 0x00, 0x00, 0x00, 0x00, 0x00, 0x00, 0x00, 0x00, /* 行 8 */
    0x20, 0xff, 0xff, 0xff, 0x84, 0x00, 0x00, 0x00, 0x00, 0x00, 0x00, 0x00, 0x00, 0x00, 0x00, 0x00, 0x00, 0x00, 0x00, 0x00, 0x00, /* 行 9 */
    0x20, 0xff, 0xff, 0xff, 0x83, 0x00, 0x00, 0x07, 0x51, 0xa7, 0xd4, 0xee, 0xf9, 0xea, 0xce, 0x98, 0x47, 0x01, 0x00, 0x00, 0x00, /* 行10 */
    0x20, 0xff, 0xff, 0xff, 0x7d, 0x00, 0x47, 0xe1, 0xff, 0xff, 0xff, 0xff, 0xff, 0xff, 0xff, 0xff, 0xff, 0xd1, 0x2c, 0x00, 0x00, /* 行11 */
    0x20, 0xff, 0xff, 0xff, 0x72, 0x70, 0xff, 0xff, 0xff, 0xff, 0xff, 0xff, 0xff, 0xff, 0xff, 0xff, 0xff, 0xff, 0xf4, 0x2f, 0x00, /* 行12 */
    0x20, 0xff, 0xff, 0xff, 0xb3, 0xfd, 0xff, 0xf8, 0x99, 0x50, 0x24, 0x12, 0x18, 0x39, 0x83, 0xef, 0xff, 0xff, 0xff, 0xd9, 0x03, /* 行13 */
    0x20, 0xff, 0xff, 0xff, 0xff, 0xff, 0xd0, 0x1e, 0x00, 0x00, 0x00, 0x00, 0x00, 0x00, 0x00, 0x22, 0xe5, 0xff, 0xff, 0xff, 0x54, /* 行14 */
    0x20, 0xff, 0xff, 0xff, 0xff, 0xe9, 0x14, 0x00, 0x00, 0x00, 0x00, 0x00, 0x00, 0x00, 0x00, 0x00, 0x53, 0xff, 0xff, 0xff, 0xa0, /* 行15 */
    0x20, 0xff, 0xff, 0xff, 0xff, 0x6a, 0x00, 0x00, 0x00, 0x00, 0x00, 0x00, 0x00, 0x00, 0x00, 0x00, 0x03, 0xef, 0xff, 0xff, 0xd6, /* 行16 */
    0x20, 0xff, 0xff, 0xff, 0xfa, 0x11, 0x00, 0x00, 0x00, 0x00, 0x00, 0x00, 0x00, 0x00, 0x00, 0x00, 0x00, 0xc0, 0xff, 0xff, 0xec, /* 行17 */
    0x20, 0xff, 0xff, 0xff, 0xd0, 0x00, 0x00, 0x00, 0x00, 0x00, 0x00, 0x00, 0x00, 0x00, 0x00, 0x00, 0x00, 0xac, 0xff, 0xff, 0xfc, /* 行18 */
    0x20, 0xff, 0xff, 0xff, 0xa5, 0x00, 0x00, 0x00, 0x00, 0x00, 0x00, 0x00, 0x00, 0x00, 0x00, 0x00, 0x00, 0xa8, 0xff, 0xff, 0xff, /* 行19 */
    0x20, 0xff, 0xff, 0xff, 0x93, 0x00, 0x00, 0x00, 0x00, 0x00, 0x00, 0x00, 0x00, 0x00, 0x00, 0x00, 0x00, 0xa8, 0xff, 0xff, 0xff, /* 行20 */
    0x20, 0xff, 0xff, 0xff, 0x87, 0x00, 0x00, 0x00, 0x00, 0x00, 0x00, 0x00, 0x00, 0x00, 0x00, 0x00, 0x00, 0xa8, 0xff, 0xff, 0xff, /* 行21 */
    0x20, 0xff, 0xff, 0xff, 0x84, 0x00, 0x00, 0x00, 0x00, 0x00, 0x00, 0x00, 0x00, 0x00, 0x00, 0x00, 0x00, 0xa8, 0xff, 0xff, 0xff, /* 行22 */
    0x20, 0xff, 0xff, 0xff, 0x84, 0x00, 0x00, 0x00, 0x00, 0x00, 0x00, 0x00, 0x00, 0x00, 0x00, 0x00, 0x00, 0xa8, 0xff, 0xff, 0xff, /* 行23 */
    0x20, 0xff, 0xff, 0xff, 0x84, 0x00, 0x00, 0x00, 0x00, 0x00, 0x00, 0x00, 0x00, 0x00, 0x00, 0x00, 0x00, 0xa8, 0xff, 0xff, 0xff, /* 行24 */
    0x20, 0xff, 0xff, 0xff, 0x84, 0x00, 0x00, 0x00, 0x00, 0x00, 0x00, 0x00, 0x00, 0x00, 0x00, 0x00, 0x00, 0xa8, 0xff, 0xff, 0xff, /* 行25 */
    0x20, 0xff, 0xff, 0xff, 0x84, 0x00, 0x00, 0x00, 0x00, 0x00, 0x00, 0x00, 0x00, 0x00, 0x00, 0x00, 0x00, 0xa8, 0xff, 0xff, 0xff, /* 行26 */
    0x20, 0xff, 0xff, 0xff, 0x84, 0x00, 0x00, 0x00, 0x00, 0x00, 0x00, 0x00, 0x00, 0x00, 0x00, 0x00, 0x00, 0xa8, 0xff, 0xff, 0xff, /* 行27 */
    0x20, 0xff, 0xff, 0xff, 0x84, 0x00, 0x00, 0x00, 0x00, 0x00, 0x00, 0x00, 0x00, 0x00, 0x00, 0x00, 0x00, 0xa8, 0xff, 0xff, 0xff, /* 行28 */
    0x20, 0xff, 0xff, 0xff, 0x84, 0x00, 0x00, 0x00, 0x00, 0x00, 0x00, 0x00, 0x00, 0x00, 0x00, 0x00, 0x00, 0xa8, 0xff, 0xff, 0xff, /* 行29 */
    0x20, 0xff, 0xff, 0xff, 0x84, 0x00, 0x00, 0x00, 0x00, 0x00, 0x00, 0x00, 0x00, 0x00, 0x00, 0x00, 0x00, 0xa8, 0xff, 0xff, 0xff, /* 行30 */
    0x20, 0xff, 0xff, 0xff, 0x84, 0x00, 0x00, 0x00, 0x00, 0x00, 0x00, 0x00, 0x00, 0x00, 0x00, 0x00, 0x00, 0xa8, 0xff, 0xff, 0xff, /* 行31 */
    0x20, 0xff, 0xff, 0xff, 0x84, 0x00, 0x00, 0x00, 0x00, 0x00, 0x00, 0x00, 0x00, 0x00, 0x00, 0x00, 0x00, 0xa8, 0xff, 0xff, 0xff, /* 行32 */
    0x20, 0xff, 0xff, 0xff, 0x84, 0x00, 0x00, 0x00, 0x00, 0x00, 0x00, 0x00, 0x00, 0x00, 0x00, 0x00, 0x00, 0xa8, 0xff, 0xff, 0xff, /* 行33 */
};

/* 字符 105: i    */
/*
 *   ▒▒██▓▓░░
 * ░░██████▓▓
 * ▒▒████████
 * ▒▒██████▓▓
 * ░░▓▓████░░
 *           
 *           
 *           
 *           
 * ░░██████▓▓
 * ░░██████▓▓
 * ░░██████▓▓
 * ░░██████▓▓
 * ░░██████▓▓
 * ░░██████▓▓
 * ░░██████▓▓
 * ░░██████▓▓
 * ░░██████▓▓
 * ░░██████▓▓
 * ░░██████▓▓
 * ░░██████▓▓
 * ░░██████▓▓
 * ░░██████▓▓
 * ░░██████▓▓
 * ░░██████▓▓
 * ░░██████▓▓
 * ░░██████▓▓
 * ░░██████▓▓
 * ░░██████▓▓
 * ░░██████▓▓
 * ░░██████▓▓
 * ░░██████▓▓
 * ░░██████▓▓
 */
static const unsigned char open_sans_45px_char_105_bitmap[] = {
    0x00, 0x75, 0xce, 0xa9, 0x18, /* 行 0 */
    0x3b, 0xff, 0xff, 0xff, 0xa4, /* 行 1 */
    0x67, 0xff, 0xff, 0xff, 0xd2, /* 行 2 */
    0x46, 0xff, 0xff, 0xff, 0xb0, /* 行 3 */
    0x01, 0x98, 0xf3, 0xce, 0x28, /* 行 4 */
    0x00, 0x00, 0x00, 0x00, 0x00, /* 行 5 */
    0x00, 0x00, 0x00, 0x00, 0x00, /* 行 6 */
    0x00, 0x00, 0x00, 0x00, 0x00, /* 行 7 */
    0x00, 0x00, 0x00, 0x00, 0x00, /* 行 8 */
    0x20, 0xff, 0xff, 0xff, 0x84, /* 行 9 */
    0x20, 0xff, 0xff, 0xff, 0x84, /* 行10 */
    0x20, 0xff, 0xff, 0xff, 0x84, /* 行11 */
    0x20, 0xff, 0xff, 0xff, 0x84, /* 行12 */
    0x20, 0xff, 0xff, 0xff, 0x84, /* 行13 */
    0x20, 0xff, 0xff, 0xff, 0x84, /* 行14 */
    0x20, 0xff, 0xff, 0xff, 0x84, /* 行15 */
    0x20, 0xff, 0xff, 0xff, 0x84, /* 行16 */
    0x20, 0xff, 0xff, 0xff, 0x84, /* 行17 */
    0x20, 0xff, 0xff, 0xff, 0x84, /* 行18 */
    0x20, 0xff, 0xff, 0xff, 0x84, /* 行19 */
    0x20, 0xff, 0xff, 0xff, 0x84, /* 行20 */
    0x20, 0xff, 0xff, 0xff, 0x84, /* 行21 */
    0x20, 0xff, 0xff, 0xff, 0x84, /* 行22 */
    0x20, 0xff, 0xff, 0xff, 0x84, /* 行23 */
    0x20, 0xff, 0xff, 0xff, 0x84, /* 行24 */
    0x20, 0xff, 0xff, 0xff, 0x84, /* 行25 */
    0x20, 0xff, 0xff, 0xff, 0x84, /* 行26 */
    0x20, 0xff, 0xff, 0xff, 0x84, /* 行27 */
    0x20, 0xff, 0xff, 0xff, 0x84, /* 行28 */
    0x20, 0xff, 0xff, 0xff, 0x84, /* 行29 */
    0x20, 0xff, 0xff, 0xff, 0x84, /* 行30 */
    0x20, 0xff, 0xff, 0xff, 0x84, /* 行31 */
    0x20, 0xff, 0xff, 0xff, 0x84, /* 行32 */
};

/* 字符 106: j    */
/*
 *               ▒▒██▓▓░░
 *             ░░██████▓▓
 *             ▒▒████████
 *             ▒▒██████▓▓
 *             ░░▓▓████░░
 *                       
 *                       
 *                       
 *                       
 *             ░░██████▓▓
 *             ░░██████▓▓
 *             ░░██████▓▓
 *             ░░██████▓▓
 *             ░░██████▓▓
 *             ░░██████▓▓
 *             ░░██████▓▓
 *             ░░██████▓▓
 *             ░░██████▓▓
 *             ░░██████▓▓
 *             ░░██████▓▓
 *             ░░██████▓▓
 *             ░░██████▓▓
 *             ░░██████▓▓
 *             ░░██████▓▓
 *             ░░██████▓▓
 *             ░░██████▓▓
 *             ░░██████▓▓
 *             ░░██████▓▓
 *             ░░██████▓▓
 *             ░░██████▓▓
 *             ░░██████▓▓
 *             ░░██████▓▓
 *             ░░██████▓▓
 *             ░░██████▓▓
 *             ░░██████▓▓
 *             ░░██████▓▓
 *             ░░██████▓▓
 *             ░░██████▒▒
 *             ▒▒██████▒▒
 *             ▓▓██████░░
 * ░░▒▒░░░░░░▓▓████████░░
 * ▒▒████████████████▒▒  
 * ▒▒██████████████▓▓    
 * ░░▓▓████████▓▓░░      
 */
static const unsigned char open_sans_45px_char_106_bitmap[] = {
    0x00, 0x00, 0x00, 0x00, 0x00, 0x00, 0x00, 0x75, 0xce, 0xa9, 0x18, /* 行 0 */
    0x00, 0x00, 0x00, 0x00, 0x00, 0x00, 0x3b, 0xff, 0xff, 0xff, 0xa4, /* 行 1 */
    0x00, 0x00, 0x00, 0x00, 0x00, 0x00, 0x67, 0xff, 0xff, 0xff, 0xd2, /* 行 2 */
    0x00, 0x00, 0x00, 0x00, 0x00, 0x00, 0x46, 0xff, 0xff, 0xff, 0xb0, /* 行 3 */
    0x00, 0x00, 0x00, 0x00, 0x00, 0x00, 0x01, 0x98, 0xf3, 0xce, 0x28, /* 行 4 */
    0x00, 0x00, 0x00, 0x00, 0x00, 0x00, 0x00, 0x00, 0x00, 0x00, 0x00, /* 行 5 */
    0x00, 0x00, 0x00, 0x00, 0x00, 0x00, 0x00, 0x00, 0x00, 0x00, 0x00, /* 行 6 */
    0x00, 0x00, 0x00, 0x00, 0x00, 0x00, 0x00, 0x00, 0x00, 0x00, 0x00, /* 行 7 */
    0x00, 0x00, 0x00, 0x00, 0x00, 0x00, 0x00, 0x00, 0x00, 0x00, 0x00, /* 行 8 */
    0x00, 0x00, 0x00, 0x00, 0x00, 0x00, 0x20, 0xff, 0xff, 0xff, 0x84, /* 行 9 */
    0x00, 0x00, 0x00, 0x00, 0x00, 0x00, 0x20, 0xff, 0xff, 0xff, 0x84, /* 行10 */
    0x00, 0x00, 0x00, 0x00, 0x00, 0x00, 0x20, 0xff, 0xff, 0xff, 0x84, /* 行11 */
    0x00, 0x00, 0x00, 0x00, 0x00, 0x00, 0x20, 0xff, 0xff, 0xff, 0x84, /* 行12 */
    0x00, 0x00, 0x00, 0x00, 0x00, 0x00, 0x20, 0xff, 0xff, 0xff, 0x84, /* 行13 */
    0x00, 0x00, 0x00, 0x00, 0x00, 0x00, 0x20, 0xff, 0xff, 0xff, 0x84, /* 行14 */
    0x00, 0x00, 0x00, 0x00, 0x00, 0x00, 0x20, 0xff, 0xff, 0xff, 0x84, /* 行15 */
    0x00, 0x00, 0x00, 0x00, 0x00, 0x00, 0x20, 0xff, 0xff, 0xff, 0x84, /* 行16 */
    0x00, 0x00, 0x00, 0x00, 0x00, 0x00, 0x20, 0xff, 0xff, 0xff, 0x84, /* 行17 */
    0x00, 0x00, 0x00, 0x00, 0x00, 0x00, 0x20, 0xff, 0xff, 0xff, 0x84, /* 行18 */
    0x00, 0x00, 0x00, 0x00, 0x00, 0x00, 0x20, 0xff, 0xff, 0xff, 0x84, /* 行19 */
    0x00, 0x00, 0x00, 0x00, 0x00, 0x00, 0x20, 0xff, 0xff, 0xff, 0x84, /* 行20 */
    0x00, 0x00, 0x00, 0x00, 0x00, 0x00, 0x20, 0xff, 0xff, 0xff, 0x84, /* 行21 */
    0x00, 0x00, 0x00, 0x00, 0x00, 0x00, 0x20, 0xff, 0xff, 0xff, 0x84, /* 行22 */
    0x00, 0x00, 0x00, 0x00, 0x00, 0x00, 0x20, 0xff, 0xff, 0xff, 0x84, /* 行23 */
    0x00, 0x00, 0x00, 0x00, 0x00, 0x00, 0x20, 0xff, 0xff, 0xff, 0x84, /* 行24 */
    0x00, 0x00, 0x00, 0x00, 0x00, 0x00, 0x20, 0xff, 0xff, 0xff, 0x84, /* 行25 */
    0x00, 0x00, 0x00, 0x00, 0x00, 0x00, 0x20, 0xff, 0xff, 0xff, 0x84, /* 行26 */
    0x00, 0x00, 0x00, 0x00, 0x00, 0x00, 0x20, 0xff, 0xff, 0xff, 0x84, /* 行27 */
    0x00, 0x00, 0x00, 0x00, 0x00, 0x00, 0x20, 0xff, 0xff, 0xff, 0x84, /* 行28 */
    0x00, 0x00, 0x00, 0x00, 0x00, 0x00, 0x20, 0xff, 0xff, 0xff, 0x84, /* 行29 */
    0x00, 0x00, 0x00, 0x00, 0x00, 0x00, 0x20, 0xff, 0xff, 0xff, 0x84, /* 行30 */
    0x00, 0x00, 0x00, 0x00, 0x00, 0x00, 0x20, 0xff, 0xff, 0xff, 0x84, /* 行31 */
    0x00, 0x00, 0x00, 0x00, 0x00, 0x00, 0x20, 0xff, 0xff, 0xff, 0x84, /* 行32 */
    0x00, 0x00, 0x00, 0x00, 0x00, 0x00, 0x20, 0xff, 0xff, 0xff, 0x84, /* 行33 */
    0x00, 0x00, 0x00, 0x00, 0x00, 0x00, 0x20, 0xff, 0xff, 0xff, 0x84, /* 行34 */
    0x00, 0x00, 0x00, 0x00, 0x00, 0x00, 0x20, 0xff, 0xff, 0xff, 0x84, /* 行35 */
    0x00, 0x00, 0x00, 0x00, 0x00, 0x00, 0x20, 0xff, 0xff, 0xff, 0x83, /* 行36 */
    0x00, 0x00, 0x00, 0x00, 0x00, 0x00, 0x2c, 0xff, 0xff, 0xff, 0x79, /* 行37 */
    0x00, 0x00, 0x00, 0x00, 0x00, 0x00, 0x4d, 0xff, 0xff, 0xff, 0x65, /* 行38 */
    0x00, 0x00, 0x00, 0x00, 0x00, 0x00, 0xb0, 0xff, 0xff, 0xff, 0x34, /* 行39 */
    0x34, 0x4f, 0x27, 0x1a, 0x3a, 0xa1, 0xff, 0xff, 0xff, 0xe0, 0x02, /* 行40 */
    0x70, 0xff, 0xff, 0xff, 0xff, 0xff, 0xff, 0xff, 0xff, 0x60, 0x00, /* 行41 */
    0x70, 0xff, 0xff, 0xff, 0xff, 0xff, 0xff, 0xff, 0x86, 0x00, 0x00, /* 行42 */
    0x39, 0xb6, 0xe5, 0xf8, 0xf6, 0xdd, 0xa1, 0x37, 0x00, 0x00, 0x00, /* 行43 */
};

/* 字符 107: k    */
/*
 * ░░██████▒▒                                
 * ░░██████▒▒                                
 * ░░██████▒▒                                
 * ░░██████▒▒                                
 * ░░██████▒▒                                
 * ░░██████▒▒                                
 * ░░██████▒▒                                
 * ░░██████▒▒                                
 * ░░██████▒▒                                
 * ░░██████▒▒                                
 * ░░██████▒▒                  ▒▒████████░░  
 * ░░██████▒▒                ▒▒████████░░    
 * ░░██████▒▒              ░░████████░░      
 * ░░██████▒▒            ░░████████░░        
 * ░░██████▒▒          ░░████████░░          
 * ░░██████▒▒        ░░████████░░            
 * ░░██████▒▒      ░░████████▒▒              
 * ░░██████▒▒    ░░████████▒▒                
 * ░░██████▒▒  ░░▓▓██████▒▒                  
 * ░░██████▒▒  ▓▓██████▒▒                    
 * ░░██████▒▒▒▒████████░░                    
 * ░░██████▒▒██████████▓▓                    
 * ░░████████████████████▒▒                  
 * ░░██████████▓▓▒▒████████░░                
 * ░░████████▒▒    ▓▓████████░░              
 * ░░██████▓▓      ░░████████▓▓░░            
 * ░░██████▒▒        ░░████████▒▒            
 * ░░██████▒▒          ▒▒████████░░          
 * ░░██████▒▒            ▓▓████████░░        
 * ░░██████▒▒            ░░▓▓██████▓▓░░      
 * ░░██████▒▒              ░░████████▒▒      
 * ░░██████▒▒                ░░████████▒▒    
 * ░░██████▒▒                  ▒▒████████░░  
 * ░░██████▒▒                    ▓▓██████▓▓░░
 */
static const unsigned char open_sans_45px_char_107_bitmap[] = {
    0x20, 0xff, 0xff, 0xff, 0x78, 0x00, 0x00, 0x00, 0x00, 0x00, 0x00, 0x00, 0x00, 0x00, 0x00, 0x00, 0x00, 0x00, 0x00, 0x00, 0x00, /* 行 0 */
    0x20, 0xff, 0xff, 0xff, 0x78, 0x00, 0x00, 0x00, 0x00, 0x00, 0x00, 0x00, 0x00, 0x00, 0x00, 0x00, 0x00, 0x00, 0x00, 0x00, 0x00, /* 行 1 */
    0x20, 0xff, 0xff, 0xff, 0x78, 0x00, 0x00, 0x00, 0x00, 0x00, 0x00, 0x00, 0x00, 0x00, 0x00, 0x00, 0x00, 0x00, 0x00, 0x00, 0x00, /* 行 2 */
    0x20, 0xff, 0xff, 0xff, 0x78, 0x00, 0x00, 0x00, 0x00, 0x00, 0x00, 0x00, 0x00, 0x00, 0x00, 0x00, 0x00, 0x00, 0x00, 0x00, 0x00, /* 行 3 */
    0x20, 0xff, 0xff, 0xff, 0x78, 0x00, 0x00, 0x00, 0x00, 0x00, 0x00, 0x00, 0x00, 0x00, 0x00, 0x00, 0x00, 0x00, 0x00, 0x00, 0x00, /* 行 4 */
    0x20, 0xff, 0xff, 0xff, 0x78, 0x00, 0x00, 0x00, 0x00, 0x00, 0x00, 0x00, 0x00, 0x00, 0x00, 0x00, 0x00, 0x00, 0x00, 0x00, 0x00, /* 行 5 */
    0x20, 0xff, 0xff, 0xff, 0x78, 0x00, 0x00, 0x00, 0x00, 0x00, 0x00, 0x00, 0x00, 0x00, 0x00, 0x00, 0x00, 0x00, 0x00, 0x00, 0x00, /* 行 6 */
    0x20, 0xff, 0xff, 0xff, 0x78, 0x00, 0x00, 0x00, 0x00, 0x00, 0x00, 0x00, 0x00, 0x00, 0x00, 0x00, 0x00, 0x00, 0x00, 0x00, 0x00, /* 行 7 */
    0x20, 0xff, 0xff, 0xff, 0x78, 0x00, 0x00, 0x00, 0x00, 0x00, 0x00, 0x00, 0x00, 0x00, 0x00, 0x00, 0x00, 0x00, 0x00, 0x00, 0x00, /* 行 8 */
    0x20, 0xff, 0xff, 0xff, 0x78, 0x00, 0x00, 0x00, 0x00, 0x00, 0x00, 0x00, 0x00, 0x00, 0x00, 0x00, 0x00, 0x00, 0x00, 0x00, 0x00, /* 行 9 */
    0x20, 0xff, 0xff, 0xff, 0x78, 0x00, 0x00, 0x00, 0x00, 0x00, 0x00, 0x00, 0x00, 0x00, 0x58, 0xfd, 0xff, 0xff, 0xde, 0x1b, 0x00, /* 行10 */
    0x20, 0xff, 0xff, 0xff, 0x78, 0x00, 0x00, 0x00, 0x00, 0x00, 0x00, 0x00, 0x00, 0x47, 0xfa, 0xff, 0xff, 0xe4, 0x21, 0x00, 0x00, /* 行11 */
    0x20, 0xff, 0xff, 0xff, 0x78, 0x00, 0x00, 0x00, 0x00, 0x00, 0x00, 0x00, 0x39, 0xf5, 0xff, 0xff, 0xe9, 0x27, 0x00, 0x00, 0x00, /* 行12 */
    0x20, 0xff, 0xff, 0xff, 0x78, 0x00, 0x00, 0x00, 0x00, 0x00, 0x00, 0x2c, 0xee, 0xff, 0xff, 0xee, 0x2e, 0x00, 0x00, 0x00, 0x00, /* 行13 */
    0x20, 0xff, 0xff, 0xff, 0x78, 0x00, 0x00, 0x00, 0x00, 0x00, 0x20, 0xe5, 0xff, 0xff, 0xf2, 0x36, 0x00, 0x00, 0x00, 0x00, 0x00, /* 行14 */
    0x20, 0xff, 0xff, 0xff, 0x78, 0x00, 0x00, 0x00, 0x00, 0x17, 0xdb, 0xff, 0xff, 0xf6, 0x3e, 0x00, 0x00, 0x00, 0x00, 0x00, 0x00, /* 行15 */
    0x20, 0xff, 0xff, 0xff, 0x78, 0x00, 0x00, 0x00, 0x0f, 0xcf, 0xff, 0xff, 0xf9, 0x47, 0x00, 0x00, 0x00, 0x00, 0x00, 0x00, 0x00, /* 行16 */
    0x20, 0xff, 0xff, 0xff, 0x78, 0x00, 0x00, 0x08, 0xc1, 0xff, 0xff, 0xfb, 0x50, 0x00, 0x00, 0x00, 0x00, 0x00, 0x00, 0x00, 0x00, /* 行17 */
    0x20, 0xff, 0xff, 0xff, 0x76, 0x00, 0x02, 0xb0, 0xff, 0xff, 0xfd, 0x5a, 0x00, 0x00, 0x00, 0x00, 0x00, 0x00, 0x00, 0x00, 0x00, /* 行18 */
    0x20, 0xff, 0xff, 0xff, 0x6f, 0x00, 0x8c, 0xff, 0xff, 0xfe, 0x64, 0x00, 0x00, 0x00, 0x00, 0x00, 0x00, 0x00, 0x00, 0x00, 0x00, /* 行19 */
    0x20, 0xff, 0xff, 0xff, 0x63, 0x5e, 0xff, 0xff, 0xff, 0xe6, 0x0e, 0x00, 0x00, 0x00, 0x00, 0x00, 0x00, 0x00, 0x00, 0x00, 0x00, /* 行20 */
    0x20, 0xff, 0xff, 0xff, 0x7f, 0xf5, 0xff, 0xff, 0xff, 0xff, 0xab, 0x00, 0x00, 0x00, 0x00, 0x00, 0x00, 0x00, 0x00, 0x00, 0x00, /* 行21 */
    0x20, 0xff, 0xff, 0xff, 0xfe, 0xff, 0xff, 0xff, 0xff, 0xff, 0xff, 0x6e, 0x00, 0x00, 0x00, 0x00, 0x00, 0x00, 0x00, 0x00, 0x00, /* 行22 */
    0x20, 0xff, 0xff, 0xff, 0xff, 0xff, 0x99, 0x6b, 0xff, 0xff, 0xff, 0xf9, 0x36, 0x00, 0x00, 0x00, 0x00, 0x00, 0x00, 0x00, 0x00, /* 行23 */
    0x20, 0xff, 0xff, 0xff, 0xfc, 0x70, 0x00, 0x00, 0x9f, 0xff, 0xff, 0xff, 0xe0, 0x11, 0x00, 0x00, 0x00, 0x00, 0x00, 0x00, 0x00, /* 行24 */
    0x20, 0xff, 0xff, 0xff, 0x85, 0x00, 0x00, 0x00, 0x09, 0xd0, 0xff, 0xff, 0xff, 0xb2, 0x01, 0x00, 0x00, 0x00, 0x00, 0x00, 0x00, /* 行25 */
    0x20, 0xff, 0xff, 0xff, 0x78, 0x00, 0x00, 0x00, 0x00, 0x23, 0xf0, 0xff, 0xff, 0xff, 0x75, 0x00, 0x00, 0x00, 0x00, 0x00, 0x00, /* 行26 */
    0x20, 0xff, 0xff, 0xff, 0x78, 0x00, 0x00, 0x00, 0x00, 0x00, 0x4f, 0xfe, 0xff, 0xff, 0xfb, 0x3b, 0x00, 0x00, 0x00, 0x00, 0x00, /* 行27 */
    0x20, 0xff, 0xff, 0xff, 0x78, 0x00, 0x00, 0x00, 0x00, 0x00, 0x00, 0x88, 0xff, 0xff, 0xff, 0xe4, 0x14, 0x00, 0x00, 0x00, 0x00, /* 行28 */
    0x20, 0xff, 0xff, 0xff, 0x78, 0x00, 0x00, 0x00, 0x00, 0x00, 0x00, 0x03, 0xbf, 0xff, 0xff, 0xff, 0xb8, 0x02, 0x00, 0x00, 0x00, /* 行29 */
    0x20, 0xff, 0xff, 0xff, 0x78, 0x00, 0x00, 0x00, 0x00, 0x00, 0x00, 0x00, 0x17, 0xe5, 0xff, 0xff, 0xff, 0x7d, 0x00, 0x00, 0x00, /* 行30 */
    0x20, 0xff, 0xff, 0xff, 0x78, 0x00, 0x00, 0x00, 0x00, 0x00, 0x00, 0x00, 0x00, 0x3b, 0xfb, 0xff, 0xff, 0xfd, 0x41, 0x00, 0x00, /* 行31 */
    0x20, 0xff, 0xff, 0xff, 0x78, 0x00, 0x00, 0x00, 0x00, 0x00, 0x00, 0x00, 0x00, 0x00, 0x71, 0xff, 0xff, 0xff, 0xe8, 0x18, 0x00, /* 行32 */
    0x20, 0xff, 0xff, 0xff, 0x78, 0x00, 0x00, 0x00, 0x00, 0x00, 0x00, 0x00, 0x00, 0x00, 0x00, 0xaa, 0xff, 0xff, 0xff, 0xbf, 0x03, /* 行33 */
};

/* 字符 108: l    */
/*
 * ░░██████▓▓
 * ░░██████▓▓
 * ░░██████▓▓
 * ░░██████▓▓
 * ░░██████▓▓
 * ░░██████▓▓
 * ░░██████▓▓
 * ░░██████▓▓
 * ░░██████▓▓
 * ░░██████▓▓
 * ░░██████▓▓
 * ░░██████▓▓
 * ░░██████▓▓
 * ░░██████▓▓
 * ░░██████▓▓
 * ░░██████▓▓
 * ░░██████▓▓
 * ░░██████▓▓
 * ░░██████▓▓
 * ░░██████▓▓
 * ░░██████▓▓
 * ░░██████▓▓
 * ░░██████▓▓
 * ░░██████▓▓
 * ░░██████▓▓
 * ░░██████▓▓
 * ░░██████▓▓
 * ░░██████▓▓
 * ░░██████▓▓
 * ░░██████▓▓
 * ░░██████▓▓
 * ░░██████▓▓
 * ░░██████▓▓
 * ░░██████▓▓
 */
static const unsigned char open_sans_45px_char_108_bitmap[] = {
    0x20, 0xff, 0xff, 0xff, 0x84, /* 行 0 */
    0x20, 0xff, 0xff, 0xff, 0x84, /* 行 1 */
    0x20, 0xff, 0xff, 0xff, 0x84, /* 行 2 */
    0x20, 0xff, 0xff, 0xff, 0x84, /* 行 3 */
    0x20, 0xff, 0xff, 0xff, 0x84, /* 行 4 */
    0x20, 0xff, 0xff, 0xff, 0x84, /* 行 5 */
    0x20, 0xff, 0xff, 0xff, 0x84, /* 行 6 */
    0x20, 0xff, 0xff, 0xff, 0x84, /* 行 7 */
    0x20, 0xff, 0xff, 0xff, 0x84, /* 行 8 */
    0x20, 0xff, 0xff, 0xff, 0x84, /* 行 9 */
    0x20, 0xff, 0xff, 0xff, 0x84, /* 行10 */
    0x20, 0xff, 0xff, 0xff, 0x84, /* 行11 */
    0x20, 0xff, 0xff, 0xff, 0x84, /* 行12 */
    0x20, 0xff, 0xff, 0xff, 0x84, /* 行13 */
    0x20, 0xff, 0xff, 0xff, 0x84, /* 行14 */
    0x20, 0xff, 0xff, 0xff, 0x84, /* 行15 */
    0x20, 0xff, 0xff, 0xff, 0x84, /* 行16 */
    0x20, 0xff, 0xff, 0xff, 0x84, /* 行17 */
    0x20, 0xff, 0xff, 0xff, 0x84, /* 行18 */
    0x20, 0xff, 0xff, 0xff, 0x84, /* 行19 */
    0x20, 0xff, 0xff, 0xff, 0x84, /* 行20 */
    0x20, 0xff, 0xff, 0xff, 0x84, /* 行21 */
    0x20, 0xff, 0xff, 0xff, 0x84, /* 行22 */
    0x20, 0xff, 0xff, 0xff, 0x84, /* 行23 */
    0x20, 0xff, 0xff, 0xff, 0x84, /* 行24 */
    0x20, 0xff, 0xff, 0xff, 0x84, /* 行25 */
    0x20, 0xff, 0xff, 0xff, 0x84, /* 行26 */
    0x20, 0xff, 0xff, 0xff, 0x84, /* 行27 */
    0x20, 0xff, 0xff, 0xff, 0x84, /* 行28 */
    0x20, 0xff, 0xff, 0xff, 0x84, /* 行29 */
    0x20, 0xff, 0xff, 0xff, 0x84, /* 行30 */
    0x20, 0xff, 0xff, 0xff, 0x84, /* 行31 */
    0x20, 0xff, 0xff, 0xff, 0x84, /* 行32 */
    0x20, 0xff, 0xff, 0xff, 0x84, /* 行33 */
};

/* 字符 109: m    */
/*
 * ░░██████      ░░▒▒▓▓████████▓▓▒▒░░          ░░▒▒▓▓████████▓▓▒▒░░        
 * ░░██████░░  ░░████████████████████░░      ░░████████████████████▒▒      
 * ░░██████░░▒▒████████████████████████░░  ▒▒████████████████████████▒▒    
 * ░░██████▒▒██████▓▓▒▒░░░░░░▓▓████████▓▓░░██████▓▓▒▒░░░░░░▒▒██████████░░  
 * ░░██████████▓▓░░            ░░██████████████░░            ░░▓▓██████▓▓  
 * ░░██████████░░                ▒▒██████████░░                ░░████████  
 * ░░████████▒▒                  ░░████████▓▓                    ▓▓██████░░
 * ░░████████░░                    ████████▒▒                    ▓▓██████░░
 * ░░████████                      ████████░░                    ▒▒██████░░
 * ░░██████▓▓                      ████████                      ▒▒██████░░
 * ░░██████▓▓                      ████████                      ▒▒██████░░
 * ░░██████▓▓                      ████████                      ▒▒██████░░
 * ░░██████▓▓                      ████████                      ▒▒██████░░
 * ░░██████▓▓                      ████████                      ▒▒██████░░
 * ░░██████▓▓                      ████████                      ▒▒██████░░
 * ░░██████▓▓                      ████████                      ▒▒██████░░
 * ░░██████▓▓                      ████████                      ▒▒██████░░
 * ░░██████▓▓                      ████████                      ▒▒██████░░
 * ░░██████▓▓                      ████████                      ▒▒██████░░
 * ░░██████▓▓                      ████████                      ▒▒██████░░
 * ░░██████▓▓                      ████████                      ▒▒██████░░
 * ░░██████▓▓                      ████████                      ▒▒██████░░
 * ░░██████▓▓                      ████████                      ▒▒██████░░
 * ░░██████▓▓                      ████████                      ▒▒██████░░
 */
static const unsigned char open_sans_45px_char_109_bitmap[] = {
    0x20, 0xff, 0xff, 0xe6, 0x00, 0x00, 0x00, 0x08, 0x64, 0xb7, 0xe8, 0xfb, 0xf5, 0xdb, 0xa7, 0x52, 0x02, 0x00, 0x00, 0x00, 0x00, 0x00, 0x03, 0x56, 0xaa, 0xde, 0xf7, 0xf7, 0xe6, 0xbe, 0x7f, 0x1a, 0x00, 0x00, 0x00, 0x00, /* 行 0 */
    0x20, 0xff, 0xff, 0xff, 0x0d, 0x00, 0x34, 0xde, 0xff, 0xff, 0xff, 0xff, 0xff, 0xff, 0xff, 0xff, 0xcd, 0x23, 0x00, 0x00, 0x00, 0x2f, 0xd7, 0xff, 0xff, 0xff, 0xff, 0xff, 0xff, 0xff, 0xff, 0xf9, 0x77, 0x00, 0x00, 0x00, /* 行 1 */
    0x20, 0xff, 0xff, 0xff, 0x32, 0x49, 0xf8, 0xff, 0xff, 0xff, 0xff, 0xff, 0xff, 0xff, 0xff, 0xff, 0xff, 0xe4, 0x18, 0x00, 0x53, 0xf6, 0xff, 0xff, 0xff, 0xff, 0xff, 0xff, 0xff, 0xff, 0xff, 0xff, 0xff, 0x7f, 0x00, 0x00, /* 行 2 */
    0x20, 0xff, 0xff, 0xff, 0x74, 0xec, 0xff, 0xe9, 0x82, 0x40, 0x25, 0x1f, 0x3b, 0x84, 0xf1, 0xff, 0xff, 0xff, 0xab, 0x26, 0xf4, 0xff, 0xfb, 0xa0, 0x53, 0x2c, 0x1d, 0x2c, 0x62, 0xd1, 0xff, 0xff, 0xff, 0xfd, 0x2b, 0x00, /* 行 3 */
    0x20, 0xff, 0xff, 0xff, 0xff, 0xff, 0xb5, 0x0d, 0x00, 0x00, 0x00, 0x00, 0x00, 0x00, 0x28, 0xee, 0xff, 0xff, 0xfe, 0xde, 0xff, 0xe1, 0x2b, 0x00, 0x00, 0x00, 0x00, 0x00, 0x00, 0x06, 0xb4, 0xff, 0xff, 0xff, 0x96, 0x00, /* 行 4 */
    0x20, 0xff, 0xff, 0xff, 0xff, 0xd9, 0x07, 0x00, 0x00, 0x00, 0x00, 0x00, 0x00, 0x00, 0x00, 0x6c, 0xff, 0xff, 0xff, 0xff, 0xfa, 0x2d, 0x00, 0x00, 0x00, 0x00, 0x00, 0x00, 0x00, 0x00, 0x17, 0xf8, 0xff, 0xff, 0xdb, 0x00, /* 行 5 */
    0x20, 0xff, 0xff, 0xff, 0xff, 0x57, 0x00, 0x00, 0x00, 0x00, 0x00, 0x00, 0x00, 0x00, 0x00, 0x11, 0xfe, 0xff, 0xff, 0xff, 0x9d, 0x00, 0x00, 0x00, 0x00, 0x00, 0x00, 0x00, 0x00, 0x00, 0x00, 0xb4, 0xff, 0xff, 0xff, 0x0e, /* 行 6 */
    0x20, 0xff, 0xff, 0xff, 0xf6, 0x0a, 0x00, 0x00, 0x00, 0x00, 0x00, 0x00, 0x00, 0x00, 0x00, 0x00, 0xe1, 0xff, 0xff, 0xff, 0x44, 0x00, 0x00, 0x00, 0x00, 0x00, 0x00, 0x00, 0x00, 0x00, 0x00, 0x85, 0xff, 0xff, 0xff, 0x22, /* 行 7 */
    0x20, 0xff, 0xff, 0xff, 0xc9, 0x00, 0x00, 0x00, 0x00, 0x00, 0x00, 0x00, 0x00, 0x00, 0x00, 0x00, 0xcf, 0xff, 0xff, 0xff, 0x0f, 0x00, 0x00, 0x00, 0x00, 0x00, 0x00, 0x00, 0x00, 0x00, 0x00, 0x73, 0xff, 0xff, 0xff, 0x30, /* 行 8 */
    0x20, 0xff, 0xff, 0xff, 0xa1, 0x00, 0x00, 0x00, 0x00, 0x00, 0x00, 0x00, 0x00, 0x00, 0x00, 0x00, 0xcc, 0xff, 0xff, 0xef, 0x00, 0x00, 0x00, 0x00, 0x00, 0x00, 0x00, 0x00, 0x00, 0x00, 0x00, 0x70, 0xff, 0xff, 0xff, 0x34, /* 行 9 */
    0x20, 0xff, 0xff, 0xff, 0x91, 0x00, 0x00, 0x00, 0x00, 0x00, 0x00, 0x00, 0x00, 0x00, 0x00, 0x00, 0xcc, 0xff, 0xff, 0xe1, 0x00, 0x00, 0x00, 0x00, 0x00, 0x00, 0x00, 0x00, 0x00, 0x00, 0x00, 0x70, 0xff, 0xff, 0xff, 0x34, /* 行10 */
    0x20, 0xff, 0xff, 0xff, 0x86, 0x00, 0x00, 0x00, 0x00, 0x00, 0x00, 0x00, 0x00, 0x00, 0x00, 0x00, 0xcc, 0xff, 0xff, 0xdc, 0x00, 0x00, 0x00, 0x00, 0x00, 0x00, 0x00, 0x00, 0x00, 0x00, 0x00, 0x70, 0xff, 0xff, 0xff, 0x34, /* 行11 */
    0x20, 0xff, 0xff, 0xff, 0x84, 0x00, 0x00, 0x00, 0x00, 0x00, 0x00, 0x00, 0x00, 0x00, 0x00, 0x00, 0xcc, 0xff, 0xff, 0xdc, 0x00, 0x00, 0x00, 0x00, 0x00, 0x00, 0x00, 0x00, 0x00, 0x00, 0x00, 0x70, 0xff, 0xff, 0xff, 0x34, /* 行12 */
    0x20, 0xff, 0xff, 0xff, 0x84, 0x00, 0x00, 0x00, 0x00, 0x00, 0x00, 0x00, 0x00, 0x00, 0x00, 0x00, 0xcc, 0xff, 0xff, 0xdc, 0x00, 0x00, 0x00, 0x00, 0x00, 0x00, 0x00, 0x00, 0x00, 0x00, 0x00, 0x70, 0xff, 0xff, 0xff, 0x34, /* 行13 */
    0x20, 0xff, 0xff, 0xff, 0x84, 0x00, 0x00, 0x00, 0x00, 0x00, 0x00, 0x00, 0x00, 0x00, 0x00, 0x00, 0xcc, 0xff, 0xff, 0xdc, 0x00, 0x00, 0x00, 0x00, 0x00, 0x00, 0x00, 0x00, 0x00, 0x00, 0x00, 0x70, 0xff, 0xff, 0xff, 0x34, /* 行14 */
    0x20, 0xff, 0xff, 0xff, 0x84, 0x00, 0x00, 0x00, 0x00, 0x00, 0x00, 0x00, 0x00, 0x00, 0x00, 0x00, 0xcc, 0xff, 0xff, 0xdc, 0x00, 0x00, 0x00, 0x00, 0x00, 0x00, 0x00, 0x00, 0x00, 0x00, 0x00, 0x70, 0xff, 0xff, 0xff, 0x34, /* 行15 */
    0x20, 0xff, 0xff, 0xff, 0x84, 0x00, 0x00, 0x00, 0x00, 0x00, 0x00, 0x00, 0x00, 0x00, 0x00, 0x00, 0xcc, 0xff, 0xff, 0xdc, 0x00, 0x00, 0x00, 0x00, 0x00, 0x00, 0x00, 0x00, 0x00, 0x00, 0x00, 0x70, 0xff, 0xff, 0xff, 0x34, /* 行16 */
    0x20, 0xff, 0xff, 0xff, 0x84, 0x00, 0x00, 0x00, 0x00, 0x00, 0x00, 0x00, 0x00, 0x00, 0x00, 0x00, 0xcc, 0xff, 0xff, 0xdc, 0x00, 0x00, 0x00, 0x00, 0x00, 0x00, 0x00, 0x00, 0x00, 0x00, 0x00, 0x70, 0xff, 0xff, 0xff, 0x34, /* 行17 */
    0x20, 0xff, 0xff, 0xff, 0x84, 0x00, 0x00, 0x00, 0x00, 0x00, 0x00, 0x00, 0x00, 0x00, 0x00, 0x00, 0xcc, 0xff, 0xff, 0xdc, 0x00, 0x00, 0x00, 0x00, 0x00, 0x00, 0x00, 0x00, 0x00, 0x00, 0x00, 0x70, 0xff, 0xff, 0xff, 0x34, /* 行18 */
    0x20, 0xff, 0xff, 0xff, 0x84, 0x00, 0x00, 0x00, 0x00, 0x00, 0x00, 0x00, 0x00, 0x00, 0x00, 0x00, 0xcc, 0xff, 0xff, 0xdc, 0x00, 0x00, 0x00, 0x00, 0x00, 0x00, 0x00, 0x00, 0x00, 0x00, 0x00, 0x70, 0xff, 0xff, 0xff, 0x34, /* 行19 */
    0x20, 0xff, 0xff, 0xff, 0x84, 0x00, 0x00, 0x00, 0x00, 0x00, 0x00, 0x00, 0x00, 0x00, 0x00, 0x00, 0xcc, 0xff, 0xff, 0xdc, 0x00, 0x00, 0x00, 0x00, 0x00, 0x00, 0x00, 0x00, 0x00, 0x00, 0x00, 0x70, 0xff, 0xff, 0xff, 0x34, /* 行20 */
    0x20, 0xff, 0xff, 0xff, 0x84, 0x00, 0x00, 0x00, 0x00, 0x00, 0x00, 0x00, 0x00, 0x00, 0x00, 0x00, 0xcc, 0xff, 0xff, 0xdc, 0x00, 0x00, 0x00, 0x00, 0x00, 0x00, 0x00, 0x00, 0x00, 0x00, 0x00, 0x70, 0xff, 0xff, 0xff, 0x34, /* 行21 */
    0x20, 0xff, 0xff, 0xff, 0x84, 0x00, 0x00, 0x00, 0x00, 0x00, 0x00, 0x00, 0x00, 0x00, 0x00, 0x00, 0xcc, 0xff, 0xff, 0xdc, 0x00, 0x00, 0x00, 0x00, 0x00, 0x00, 0x00, 0x00, 0x00, 0x00, 0x00, 0x70, 0xff, 0xff, 0xff, 0x34, /* 行22 */
    0x20, 0xff, 0xff, 0xff, 0x84, 0x00, 0x00, 0x00, 0x00, 0x00, 0x00, 0x00, 0x00, 0x00, 0x00, 0x00, 0xcc, 0xff, 0xff, 0xdc, 0x00, 0x00, 0x00, 0x00, 0x00, 0x00, 0x00, 0x00, 0x00, 0x00, 0x00, 0x70, 0xff, 0xff, 0xff, 0x34, /* 行23 */
};

/* 字符 110: n    */
/*
 * ░░██████      ░░▒▒▓▓██████████▓▓▒▒░░      
 * ░░██████░░  ░░██████████████████████░░    
 * ░░██████░░▒▒██████████████████████████░░  
 * ░░██████▓▓██████▓▓▒▒░░░░░░▒▒▓▓██████████░░
 * ░░████████████░░              ░░████████▒▒
 * ░░██████████░░                  ▒▒██████▓▓
 * ░░████████▒▒                    ░░████████
 * ░░████████░░                      ████████
 * ░░████████                        ▓▓██████
 * ░░██████▓▓                        ▓▓██████
 * ░░██████▓▓                        ▓▓██████
 * ░░██████▓▓                        ▓▓██████
 * ░░██████▓▓                        ▓▓██████
 * ░░██████▓▓                        ▓▓██████
 * ░░██████▓▓                        ▓▓██████
 * ░░██████▓▓                        ▓▓██████
 * ░░██████▓▓                        ▓▓██████
 * ░░██████▓▓                        ▓▓██████
 * ░░██████▓▓                        ▓▓██████
 * ░░██████▓▓                        ▓▓██████
 * ░░██████▓▓                        ▓▓██████
 * ░░██████▓▓                        ▓▓██████
 * ░░██████▓▓                        ▓▓██████
 * ░░██████▓▓                        ▓▓██████
 */
static const unsigned char open_sans_45px_char_110_bitmap[] = {
    0x20, 0xff, 0xff, 0xe8, 0x00, 0x00, 0x00, 0x05, 0x4a, 0xa0, 0xd2, 0xec, 0xfa, 0xeb, 0xd1, 0x9b, 0x4c, 0x02, 0x00, 0x00, 0x00, /* 行 0 */
    0x20, 0xff, 0xff, 0xff, 0x12, 0x00, 0x3e, 0xd9, 0xff, 0xff, 0xff, 0xff, 0xff, 0xff, 0xff, 0xff, 0xff, 0xd4, 0x2f, 0x00, 0x00, /* 行 1 */
    0x20, 0xff, 0xff, 0xff, 0x3b, 0x64, 0xfe, 0xff, 0xff, 0xff, 0xff, 0xff, 0xff, 0xff, 0xff, 0xff, 0xff, 0xff, 0xf5, 0x31, 0x00, /* 行 2 */
    0x20, 0xff, 0xff, 0xff, 0xad, 0xfb, 0xff, 0xfa, 0xa3, 0x5b, 0x2f, 0x1e, 0x24, 0x45, 0x8f, 0xf4, 0xff, 0xff, 0xff, 0xda, 0x03, /* 行 3 */
    0x20, 0xff, 0xff, 0xff, 0xff, 0xff, 0xd4, 0x24, 0x00, 0x00, 0x00, 0x00, 0x00, 0x00, 0x00, 0x2a, 0xe9, 0xff, 0xff, 0xff, 0x55, /* 行 4 */
    0x20, 0xff, 0xff, 0xff, 0xff, 0xea, 0x15, 0x00, 0x00, 0x00, 0x00, 0x00, 0x00, 0x00, 0x00, 0x00, 0x59, 0xff, 0xff, 0xff, 0x9f, /* 行 5 */
    0x20, 0xff, 0xff, 0xff, 0xff, 0x6a, 0x00, 0x00, 0x00, 0x00, 0x00, 0x00, 0x00, 0x00, 0x00, 0x00, 0x04, 0xf0, 0xff, 0xff, 0xd5, /* 行 6 */
    0x20, 0xff, 0xff, 0xff, 0xfa, 0x11, 0x00, 0x00, 0x00, 0x00, 0x00, 0x00, 0x00, 0x00, 0x00, 0x00, 0x00, 0xc1, 0xff, 0xff, 0xec, /* 行 7 */
    0x20, 0xff, 0xff, 0xff, 0xd0, 0x00, 0x00, 0x00, 0x00, 0x00, 0x00, 0x00, 0x00, 0x00, 0x00, 0x00, 0x00, 0xad, 0xff, 0xff, 0xfc, /* 行 8 */
    0x20, 0xff, 0xff, 0xff, 0xa5, 0x00, 0x00, 0x00, 0x00, 0x00, 0x00, 0x00, 0x00, 0x00, 0x00, 0x00, 0x00, 0xa8, 0xff, 0xff, 0xff, /* 行 9 */
    0x20, 0xff, 0xff, 0xff, 0x92, 0x00, 0x00, 0x00, 0x00, 0x00, 0x00, 0x00, 0x00, 0x00, 0x00, 0x00, 0x00, 0xa8, 0xff, 0xff, 0xff, /* 行10 */
    0x20, 0xff, 0xff, 0xff, 0x86, 0x00, 0x00, 0x00, 0x00, 0x00, 0x00, 0x00, 0x00, 0x00, 0x00, 0x00, 0x00, 0xa8, 0xff, 0xff, 0xff, /* 行11 */
    0x20, 0xff, 0xff, 0xff, 0x84, 0x00, 0x00, 0x00, 0x00, 0x00, 0x00, 0x00, 0x00, 0x00, 0x00, 0x00, 0x00, 0xa8, 0xff, 0xff, 0xff, /* 行12 */
    0x20, 0xff, 0xff, 0xff, 0x84, 0x00, 0x00, 0x00, 0x00, 0x00, 0x00, 0x00, 0x00, 0x00, 0x00, 0x00, 0x00, 0xa8, 0xff, 0xff, 0xff, /* 行13 */
    0x20, 0xff, 0xff, 0xff, 0x84, 0x00, 0x00, 0x00, 0x00, 0x00, 0x00, 0x00, 0x00, 0x00, 0x00, 0x00, 0x00, 0xa8, 0xff, 0xff, 0xff, /* 行14 */
    0x20, 0xff, 0xff, 0xff, 0x84, 0x00, 0x00, 0x00, 0x00, 0x00, 0x00, 0x00, 0x00, 0x00, 0x00, 0x00, 0x00, 0xa8, 0xff, 0xff, 0xff, /* 行15 */
    0x20, 0xff, 0xff, 0xff, 0x84, 0x00, 0x00, 0x00, 0x00, 0x00, 0x00, 0x00, 0x00, 0x00, 0x00, 0x00, 0x00, 0xa8, 0xff, 0xff, 0xff, /* 行16 */
    0x20, 0xff, 0xff, 0xff, 0x84, 0x00, 0x00, 0x00, 0x00, 0x00, 0x00, 0x00, 0x00, 0x00, 0x00, 0x00, 0x00, 0xa8, 0xff, 0xff, 0xff, /* 行17 */
    0x20, 0xff, 0xff, 0xff, 0x84, 0x00, 0x00, 0x00, 0x00, 0x00, 0x00, 0x00, 0x00, 0x00, 0x00, 0x00, 0x00, 0xa8, 0xff, 0xff, 0xff, /* 行18 */
    0x20, 0xff, 0xff, 0xff, 0x84, 0x00, 0x00, 0x00, 0x00, 0x00, 0x00, 0x00, 0x00, 0x00, 0x00, 0x00, 0x00, 0xa8, 0xff, 0xff, 0xff, /* 行19 */
    0x20, 0xff, 0xff, 0xff, 0x84, 0x00, 0x00, 0x00, 0x00, 0x00, 0x00, 0x00, 0x00, 0x00, 0x00, 0x00, 0x00, 0xa8, 0xff, 0xff, 0xff, /* 行20 */
    0x20, 0xff, 0xff, 0xff, 0x84, 0x00, 0x00, 0x00, 0x00, 0x00, 0x00, 0x00, 0x00, 0x00, 0x00, 0x00, 0x00, 0xa8, 0xff, 0xff, 0xff, /* 行21 */
    0x20, 0xff, 0xff, 0xff, 0x84, 0x00, 0x00, 0x00, 0x00, 0x00, 0x00, 0x00, 0x00, 0x00, 0x00, 0x00, 0x00, 0xa8, 0xff, 0xff, 0xff, /* 行22 */
    0x20, 0xff, 0xff, 0xff, 0x84, 0x00, 0x00, 0x00, 0x00, 0x00, 0x00, 0x00, 0x00, 0x00, 0x00, 0x00, 0x00, 0xa8, 0xff, 0xff, 0xff, /* 行23 */
};

/* 字符 111: o    */
/*
 *             ░░▒▒▓▓██████████▓▓▒▒░░            
 *         ░░▒▒██████████████████████▒▒░░        
 *       ░░▓▓████████████████████████████░░      
 *     ░░██████████▓▓▒▒░░░░░░▒▒▓▓██████████░░    
 *     ▓▓████████░░              ░░████████▓▓    
 *   ░░████████░░                  ░░████████░░  
 *   ▓▓██████▒▒                      ▒▒██████▓▓  
 *   ████████░░                        ████████░░
 * ░░██████▓▓                          ▓▓██████▒▒
 * ▒▒██████▓▓                          ▒▒██████▒▒
 * ▒▒██████▒▒                          ░░██████▓▓
 * ▒▒██████▒▒                          ░░██████▓▓
 * ▒▒██████▒▒                          ░░██████▓▓
 * ▒▒██████▒▒                          ░░██████▓▓
 * ▒▒██████▓▓                          ▒▒██████▒▒
 * ░░██████▓▓                          ▓▓██████▒▒
 *   ████████░░                        ████████░░
 *   ▒▒██████▒▒                      ▒▒██████▓▓  
 *   ░░████████░░                  ░░████████░░  
 *     ▒▒████████░░              ░░████████▓▓    
 *       ▓▓████████▓▓▒▒░░░░░░▒▒▓▓██████████░░    
 *       ░░▓▓████████████████████████████░░      
 *           ▒▒██████████████████████▓▓░░        
 *             ░░▒▒▓▓██████████▓▓▒▒░░            
 */
static const unsigned char open_sans_45px_char_111_bitmap[] = {
    0x00, 0x00, 0x00, 0x00, 0x00, 0x00, 0x0b, 0x58, 0x9d, 0xd2, 0xe7, 0xfa, 0xed, 0xd7, 0xaa, 0x62, 0x12, 0x00, 0x00, 0x00, 0x00, 0x00, 0x00, /* 行 0 */
    0x00, 0x00, 0x00, 0x00, 0x03, 0x6f, 0xe9, 0xff, 0xff, 0xff, 0xff, 0xff, 0xff, 0xff, 0xff, 0xff, 0xf0, 0x7a, 0x07, 0x00, 0x00, 0x00, 0x00, /* 行 1 */
    0x00, 0x00, 0x00, 0x0d, 0xb5, 0xff, 0xff, 0xff, 0xff, 0xff, 0xff, 0xff, 0xff, 0xff, 0xff, 0xff, 0xff, 0xff, 0xc2, 0x12, 0x00, 0x00, 0x00, /* 行 2 */
    0x00, 0x00, 0x04, 0xc3, 0xff, 0xff, 0xff, 0xfc, 0xa4, 0x56, 0x2e, 0x1d, 0x2d, 0x51, 0x9c, 0xf8, 0xff, 0xff, 0xff, 0xd1, 0x09, 0x00, 0x00, /* 行 3 */
    0x00, 0x00, 0x86, 0xff, 0xff, 0xff, 0xdd, 0x2c, 0x00, 0x00, 0x00, 0x00, 0x00, 0x00, 0x00, 0x22, 0xcf, 0xff, 0xff, 0xff, 0x9b, 0x00, 0x00, /* 行 4 */
    0x00, 0x1b, 0xfa, 0xff, 0xff, 0xed, 0x1c, 0x00, 0x00, 0x00, 0x00, 0x00, 0x00, 0x00, 0x00, 0x00, 0x10, 0xdb, 0xff, 0xff, 0xff, 0x34, 0x00, /* 行 5 */
    0x00, 0x89, 0xff, 0xff, 0xff, 0x67, 0x00, 0x00, 0x00, 0x00, 0x00, 0x00, 0x00, 0x00, 0x00, 0x00, 0x00, 0x45, 0xff, 0xff, 0xff, 0xa9, 0x00, /* 行 6 */
    0x00, 0xde, 0xff, 0xff, 0xf3, 0x0a, 0x00, 0x00, 0x00, 0x00, 0x00, 0x00, 0x00, 0x00, 0x00, 0x00, 0x00, 0x00, 0xd6, 0xff, 0xff, 0xfa, 0x0a, /* 行 7 */
    0x19, 0xff, 0xff, 0xff, 0xb0, 0x00, 0x00, 0x00, 0x00, 0x00, 0x00, 0x00, 0x00, 0x00, 0x00, 0x00, 0x00, 0x00, 0x86, 0xff, 0xff, 0xff, 0x42, /* 行 8 */
    0x4a, 0xff, 0xff, 0xff, 0x80, 0x00, 0x00, 0x00, 0x00, 0x00, 0x00, 0x00, 0x00, 0x00, 0x00, 0x00, 0x00, 0x00, 0x54, 0xff, 0xff, 0xff, 0x77, /* 行 9 */
    0x5e, 0xff, 0xff, 0xff, 0x64, 0x00, 0x00, 0x00, 0x00, 0x00, 0x00, 0x00, 0x00, 0x00, 0x00, 0x00, 0x00, 0x00, 0x36, 0xff, 0xff, 0xff, 0x8c, /* 行10 */
    0x6f, 0xff, 0xff, 0xff, 0x56, 0x00, 0x00, 0x00, 0x00, 0x00, 0x00, 0x00, 0x00, 0x00, 0x00, 0x00, 0x00, 0x00, 0x27, 0xff, 0xff, 0xff, 0x9e, /* 行11 */
    0x72, 0xff, 0xff, 0xff, 0x57, 0x00, 0x00, 0x00, 0x00, 0x00, 0x00, 0x00, 0x00, 0x00, 0x00, 0x00, 0x00, 0x00, 0x28, 0xff, 0xff, 0xff, 0x9e, /* 行12 */
    0x65, 0xff, 0xff, 0xff, 0x65, 0x00, 0x00, 0x00, 0x00, 0x00, 0x00, 0x00, 0x00, 0x00, 0x00, 0x00, 0x00, 0x00, 0x36, 0xff, 0xff, 0xff, 0x8c, /* 行13 */
    0x46, 0xff, 0xff, 0xff, 0x83, 0x00, 0x00, 0x00, 0x00, 0x00, 0x00, 0x00, 0x00, 0x00, 0x00, 0x00, 0x00, 0x00, 0x54, 0xff, 0xff, 0xff, 0x78, /* 行14 */
    0x18, 0xff, 0xff, 0xff, 0xb5, 0x00, 0x00, 0x00, 0x00, 0x00, 0x00, 0x00, 0x00, 0x00, 0x00, 0x00, 0x00, 0x00, 0x85, 0xff, 0xff, 0xff, 0x45, /* 行15 */
    0x00, 0xd4, 0xff, 0xff, 0xf6, 0x0e, 0x00, 0x00, 0x00, 0x00, 0x00, 0x00, 0x00, 0x00, 0x00, 0x00, 0x00, 0x00, 0xd4, 0xff, 0xff, 0xfc, 0x0c, /* 行16 */
    0x00, 0x79, 0xff, 0xff, 0xff, 0x71, 0x00, 0x00, 0x00, 0x00, 0x00, 0x00, 0x00, 0x00, 0x00, 0x00, 0x00, 0x42, 0xff, 0xff, 0xff, 0xb2, 0x00, /* 行17 */
    0x00, 0x13, 0xf0, 0xff, 0xff, 0xf2, 0x21, 0x00, 0x00, 0x00, 0x00, 0x00, 0x00, 0x00, 0x00, 0x00, 0x0d, 0xd8, 0xff, 0xff, 0xff, 0x3f, 0x00, /* 行18 */
    0x00, 0x00, 0x6d, 0xff, 0xff, 0xff, 0xe1, 0x2d, 0x00, 0x00, 0x00, 0x00, 0x00, 0x00, 0x00, 0x1a, 0xc7, 0xff, 0xff, 0xff, 0xab, 0x00, 0x00, /* 行19 */
    0x00, 0x00, 0x00, 0xaa, 0xff, 0xff, 0xff, 0xfc, 0xa0, 0x4d, 0x22, 0x11, 0x1f, 0x43, 0x8f, 0xf4, 0xff, 0xff, 0xff, 0xdd, 0x0f, 0x00, 0x00, /* 行20 */
    0x00, 0x00, 0x00, 0x05, 0xa5, 0xff, 0xff, 0xff, 0xff, 0xff, 0xff, 0xff, 0xff, 0xff, 0xff, 0xff, 0xff, 0xff, 0xcd, 0x19, 0x00, 0x00, 0x00, /* 行21 */
    0x00, 0x00, 0x00, 0x00, 0x00, 0x5e, 0xe3, 0xff, 0xff, 0xff, 0xff, 0xff, 0xff, 0xff, 0xff, 0xff, 0xf3, 0x83, 0x0a, 0x00, 0x00, 0x00, 0x00, /* 行22 */
    0x00, 0x00, 0x00, 0x00, 0x00, 0x00, 0x06, 0x54, 0xa2, 0xd5, 0xf2, 0xfb, 0xec, 0xd7, 0xa9, 0x63, 0x13, 0x00, 0x00, 0x00, 0x00, 0x00, 0x00, /* 行23 */
};

/* 字符 112: p    */
/*
 * ░░██████      ░░▒▒▓▓████████▓▓▒▒░░            
 * ░░██████░░  ▒▒████████████████████▓▓░░        
 * ░░██████░░▓▓████████████████████████▓▓░░      
 * ░░██████▓▓██████▓▓▒▒░░░░░░▒▒▓▓████████▓▓      
 * ░░██████████▓▓░░              ▒▒████████▒▒    
 * ░░██████████░░                  ▒▒████████    
 * ░░████████▒▒                    ░░████████▒▒  
 * ░░████████░░                      ▒▒██████▓▓  
 * ░░████████                        ░░██████▓▓  
 * ░░██████▓▓                          ████████  
 * ░░██████▓▓                          ████████  
 * ░░██████▓▓                          ▓▓██████░░
 * ░░██████▓▓                          ▓▓██████░░
 * ░░██████▓▓                          ████████  
 * ░░██████▓▓                          ████████  
 * ░░████████                        ░░██████▓▓  
 * ░░████████░░                      ▒▒██████▓▓  
 * ░░████████▒▒                    ░░████████░░  
 * ░░██████████░░                  ▒▒████████    
 * ░░████████████░░              ▒▒████████▒▒    
 * ░░██████████████▓▓▒▒░░░░░░▒▒▓▓████████▓▓      
 * ░░██████▒▒▓▓████████████████████████▓▓░░      
 * ░░██████▒▒░░▒▒████████████████████▒▒░░        
 * ░░██████▒▒    ░░▒▒▓▓████████▓▓▒▒░░            
 * ░░██████▓▓                                    
 * ░░██████▓▓                                    
 * ░░██████▓▓                                    
 * ░░██████▓▓                                    
 * ░░██████▓▓                                    
 * ░░██████▓▓                                    
 * ░░██████▓▓                                    
 * ░░██████▓▓                                    
 * ░░██████▓▓                                    
 * ░░██████▓▓                                    
 * ░░██████▓▓                                    
 */
static const unsigned char open_sans_45px_char_112_bitmap[] = {
    0x20, 0xff, 0xff, 0xe9, 0x00, 0x00, 0x00, 0x10, 0x61, 0xb1, 0xda, 0xf2, 0xf6, 0xdf, 0xbd, 0x74, 0x1f, 0x00, 0x00, 0x00, 0x00, 0x00, 0x00, /* 行 0 */
    0x20, 0xff, 0xff, 0xff, 0x0d, 0x00, 0x63, 0xef, 0xff, 0xff, 0xff, 0xff, 0xff, 0xff, 0xff, 0xff, 0xf8, 0x87, 0x08, 0x00, 0x00, 0x00, 0x00, /* 行 1 */
    0x20, 0xff, 0xff, 0xff, 0x30, 0x87, 0xff, 0xff, 0xff, 0xff, 0xff, 0xff, 0xff, 0xff, 0xff, 0xff, 0xff, 0xff, 0xbd, 0x0b, 0x00, 0x00, 0x00, /* 行 2 */
    0x20, 0xff, 0xff, 0xff, 0xba, 0xff, 0xff, 0xf1, 0x90, 0x4c, 0x2b, 0x1d, 0x30, 0x61, 0xbf, 0xff, 0xff, 0xff, 0xff, 0xb0, 0x00, 0x00, 0x00, /* 行 3 */
    0x20, 0xff, 0xff, 0xff, 0xff, 0xff, 0xbd, 0x12, 0x00, 0x00, 0x00, 0x00, 0x00, 0x00, 0x00, 0x62, 0xfc, 0xff, 0xff, 0xff, 0x5a, 0x00, 0x00, /* 行 4 */
    0x20, 0xff, 0xff, 0xff, 0xff, 0xdc, 0x09, 0x00, 0x00, 0x00, 0x00, 0x00, 0x00, 0x00, 0x00, 0x00, 0x6b, 0xff, 0xff, 0xff, 0xd9, 0x00, 0x00, /* 行 5 */
    0x20, 0xff, 0xff, 0xff, 0xff, 0x59, 0x00, 0x00, 0x00, 0x00, 0x00, 0x00, 0x00, 0x00, 0x00, 0x00, 0x01, 0xcb, 0xff, 0xff, 0xff, 0x40, 0x00, /* 行 6 */
    0x20, 0xff, 0xff, 0xff, 0xf5, 0x09, 0x00, 0x00, 0x00, 0x00, 0x00, 0x00, 0x00, 0x00, 0x00, 0x00, 0x00, 0x63, 0xff, 0xff, 0xff, 0x8a, 0x00, /* 行 7 */
    0x20, 0xff, 0xff, 0xff, 0xc6, 0x00, 0x00, 0x00, 0x00, 0x00, 0x00, 0x00, 0x00, 0x00, 0x00, 0x00, 0x00, 0x15, 0xff, 0xff, 0xff, 0xbf, 0x00, /* 行 8 */
    0x20, 0xff, 0xff, 0xff, 0x9f, 0x00, 0x00, 0x00, 0x00, 0x00, 0x00, 0x00, 0x00, 0x00, 0x00, 0x00, 0x00, 0x00, 0xe5, 0xff, 0xff, 0xeb, 0x00, /* 行 9 */
    0x20, 0xff, 0xff, 0xff, 0x8e, 0x00, 0x00, 0x00, 0x00, 0x00, 0x00, 0x00, 0x00, 0x00, 0x00, 0x00, 0x00, 0x00, 0xc9, 0xff, 0xff, 0xfb, 0x00, /* 行10 */
    0x20, 0xff, 0xff, 0xff, 0x84, 0x00, 0x00, 0x00, 0x00, 0x00, 0x00, 0x00, 0x00, 0x00, 0x00, 0x00, 0x00, 0x00, 0xba, 0xff, 0xff, 0xff, 0x0c, /* 行11 */
    0x20, 0xff, 0xff, 0xff, 0x8a, 0x00, 0x00, 0x00, 0x00, 0x00, 0x00, 0x00, 0x00, 0x00, 0x00, 0x00, 0x00, 0x00, 0xbc, 0xff, 0xff, 0xff, 0x0b, /* 行12 */
    0x20, 0xff, 0xff, 0xff, 0x96, 0x00, 0x00, 0x00, 0x00, 0x00, 0x00, 0x00, 0x00, 0x00, 0x00, 0x00, 0x00, 0x00, 0xcb, 0xff, 0xff, 0xfb, 0x00, /* 行13 */
    0x20, 0xff, 0xff, 0xff, 0xab, 0x00, 0x00, 0x00, 0x00, 0x00, 0x00, 0x00, 0x00, 0x00, 0x00, 0x00, 0x00, 0x00, 0xec, 0xff, 0xff, 0xe9, 0x00, /* 行14 */
    0x20, 0xff, 0xff, 0xff, 0xd5, 0x00, 0x00, 0x00, 0x00, 0x00, 0x00, 0x00, 0x00, 0x00, 0x00, 0x00, 0x00, 0x1d, 0xff, 0xff, 0xff, 0xbc, 0x00, /* 行15 */
    0x20, 0xff, 0xff, 0xff, 0xfc, 0x14, 0x00, 0x00, 0x00, 0x00, 0x00, 0x00, 0x00, 0x00, 0x00, 0x00, 0x00, 0x6f, 0xff, 0xff, 0xff, 0x87, 0x00, /* 行16 */
    0x20, 0xff, 0xff, 0xff, 0xff, 0x6b, 0x00, 0x00, 0x00, 0x00, 0x00, 0x00, 0x00, 0x00, 0x00, 0x00, 0x04, 0xd6, 0xff, 0xff, 0xff, 0x3b, 0x00, /* 行17 */
    0x20, 0xff, 0xff, 0xff, 0xff, 0xe8, 0x11, 0x00, 0x00, 0x00, 0x00, 0x00, 0x00, 0x00, 0x00, 0x00, 0x77, 0xff, 0xff, 0xff, 0xd3, 0x00, 0x00, /* 行18 */
    0x20, 0xff, 0xff, 0xff, 0xff, 0xff, 0xcb, 0x18, 0x00, 0x00, 0x00, 0x00, 0x00, 0x00, 0x00, 0x63, 0xfd, 0xff, 0xff, 0xff, 0x51, 0x00, 0x00, /* 行19 */
    0x20, 0xff, 0xff, 0xff, 0xd1, 0xff, 0xff, 0xf4, 0x90, 0x47, 0x21, 0x11, 0x21, 0x53, 0xb8, 0xff, 0xff, 0xff, 0xff, 0xa5, 0x00, 0x00, 0x00, /* 行20 */
    0x20, 0xff, 0xff, 0xff, 0x56, 0x9a, 0xff, 0xff, 0xff, 0xff, 0xff, 0xff, 0xff, 0xff, 0xff, 0xff, 0xff, 0xff, 0xb3, 0x08, 0x00, 0x00, 0x00, /* 行21 */
    0x20, 0xff, 0xff, 0xff, 0x6c, 0x01, 0x6a, 0xee, 0xff, 0xff, 0xff, 0xff, 0xff, 0xff, 0xff, 0xff, 0xf5, 0x7f, 0x05, 0x00, 0x00, 0x00, 0x00, /* 行22 */
    0x20, 0xff, 0xff, 0xff, 0x79, 0x00, 0x00, 0x12, 0x65, 0xb1, 0xdb, 0xf3, 0xf6, 0xe0, 0xbc, 0x71, 0x1a, 0x00, 0x00, 0x00, 0x00, 0x00, 0x00, /* 行23 */
    0x20, 0xff, 0xff, 0xff, 0x81, 0x00, 0x00, 0x00, 0x00, 0x00, 0x00, 0x00, 0x00, 0x00, 0x00, 0x00, 0x00, 0x00, 0x00, 0x00, 0x00, 0x00, 0x00, /* 行24 */
    0x20, 0xff, 0xff, 0xff, 0x84, 0x00, 0x00, 0x00, 0x00, 0x00, 0x00, 0x00, 0x00, 0x00, 0x00, 0x00, 0x00, 0x00, 0x00, 0x00, 0x00, 0x00, 0x00, /* 行25 */
    0x20, 0xff, 0xff, 0xff, 0x84, 0x00, 0x00, 0x00, 0x00, 0x00, 0x00, 0x00, 0x00, 0x00, 0x00, 0x00, 0x00, 0x00, 0x00, 0x00, 0x00, 0x00, 0x00, /* 行26 */
    0x20, 0xff, 0xff, 0xff, 0x84, 0x00, 0x00, 0x00, 0x00, 0x00, 0x00, 0x00, 0x00, 0x00, 0x00, 0x00, 0x00, 0x00, 0x00, 0x00, 0x00, 0x00, 0x00, /* 行27 */
    0x20, 0xff, 0xff, 0xff, 0x84, 0x00, 0x00, 0x00, 0x00, 0x00, 0x00, 0x00, 0x00, 0x00, 0x00, 0x00, 0x00, 0x00, 0x00, 0x00, 0x00, 0x00, 0x00, /* 行28 */
    0x20, 0xff, 0xff, 0xff, 0x84, 0x00, 0x00, 0x00, 0x00, 0x00, 0x00, 0x00, 0x00, 0x00, 0x00, 0x00, 0x00, 0x00, 0x00, 0x00, 0x00, 0x00, 0x00, /* 行29 */
    0x20, 0xff, 0xff, 0xff, 0x84, 0x00, 0x00, 0x00, 0x00, 0x00, 0x00, 0x00, 0x00, 0x00, 0x00, 0x00, 0x00, 0x00, 0x00, 0x00, 0x00, 0x00, 0x00, /* 行30 */
    0x20, 0xff, 0xff, 0xff, 0x84, 0x00, 0x00, 0x00, 0x00, 0x00, 0x00, 0x00, 0x00, 0x00, 0x00, 0x00, 0x00, 0x00, 0x00, 0x00, 0x00, 0x00, 0x00, /* 行31 */
    0x20, 0xff, 0xff, 0xff, 0x84, 0x00, 0x00, 0x00, 0x00, 0x00, 0x00, 0x00, 0x00, 0x00, 0x00, 0x00, 0x00, 0x00, 0x00, 0x00, 0x00, 0x00, 0x00, /* 行32 */
    0x20, 0xff, 0xff, 0xff, 0x84, 0x00, 0x00, 0x00, 0x00, 0x00, 0x00, 0x00, 0x00, 0x00, 0x00, 0x00, 0x00, 0x00, 0x00, 0x00, 0x00, 0x00, 0x00, /* 行33 */
    0x20, 0xff, 0xff, 0xff, 0x84, 0x00, 0x00, 0x00, 0x00, 0x00, 0x00, 0x00, 0x00, 0x00, 0x00, 0x00, 0x00, 0x00, 0x00, 0x00, 0x00, 0x00, 0x00, /* 行34 */
};

/* 字符 113: q    */
/*
 *             ░░▓▓██████████▓▓░░      ░░████▓▓
 *         ░░▓▓██████████████████▓▓░░  ▒▒████▓▓
 *       ░░██████████████████████████░░▓▓████▓▓
 *     ░░██████████▓▓░░░░░░░░▒▒██████████████▓▓
 *     ▓▓████████░░              ▒▒██████████▓▓
 *   ░░████████░░                  ▒▒████████▓▓
 *   ▓▓██████▒▒                    ░░████████▓▓
 *   ████████░░                      ▓▓██████▓▓
 * ░░██████▓▓                        ▒▒██████▓▓
 * ▒▒██████▓▓                        ░░██████▓▓
 * ▒▒██████▒▒                        ░░██████▓▓
 * ▒▒██████▒▒                          ██████▓▓
 * ▒▒██████▒▒                          ██████▓▓
 * ▒▒██████▒▒                        ░░██████▓▓
 * ▒▒██████▒▒                        ░░██████▓▓
 * ░░██████▓▓                        ░░██████▓▓
 * ░░████████░░                      ▒▒██████▓▓
 *   ▓▓██████▒▒                      ████████▓▓
 *   ▒▒████████░░                  ▒▒████████▓▓
 *   ░░████████▓▓░░              ▒▒██████████▓▓
 *     ░░██████████▒▒░░░░░░░░▒▒▓▓████████████▓▓
 *       ░░██████████████████████████░░██████▓▓
 *         ░░████████████████████▓▓░░  ██████▓▓
 *             ▒▒▓▓██████████▓▓░░      ██████▓▓
 *                                     ██████▓▓
 *                                     ██████▓▓
 *                                     ██████▓▓
 *                                     ██████▓▓
 *                                     ██████▓▓
 *                                     ██████▓▓
 *                                     ██████▓▓
 *                                     ██████▓▓
 *                                     ██████▓▓
 *                                     ██████▓▓
 *                                     ██████▓▓
 */
static const unsigned char open_sans_45px_char_113_bitmap[] = {
    0x00, 0x00, 0x00, 0x00, 0x00, 0x00, 0x3e, 0x90, 0xcf, 0xe8, 0xf9, 0xe6, 0xcc, 0x8d, 0x38, 0x00, 0x00, 0x00, 0x3f, 0xff, 0xff, 0xb4, /* 行 0 */
    0x00, 0x00, 0x00, 0x00, 0x26, 0xba, 0xff, 0xff, 0xff, 0xff, 0xff, 0xff, 0xff, 0xff, 0xff, 0xb1, 0x1b, 0x00, 0x65, 0xff, 0xff, 0xb4, /* 行 1 */
    0x00, 0x00, 0x00, 0x33, 0xed, 0xff, 0xff, 0xff, 0xff, 0xff, 0xff, 0xff, 0xff, 0xff, 0xff, 0xff, 0xe9, 0x27, 0x8b, 0xff, 0xff, 0xb4, /* 行 2 */
    0x00, 0x00, 0x1b, 0xef, 0xff, 0xff, 0xff, 0xee, 0x81, 0x35, 0x17, 0x18, 0x2e, 0x68, 0xc5, 0xff, 0xff, 0xe2, 0xcd, 0xff, 0xff, 0xb4, /* 行 3 */
    0x00, 0x00, 0xb4, 0xff, 0xff, 0xff, 0xcd, 0x18, 0x00, 0x00, 0x00, 0x00, 0x00, 0x00, 0x00, 0x63, 0xfc, 0xff, 0xff, 0xff, 0xff, 0xb4, /* 行 4 */
    0x00, 0x38, 0xff, 0xff, 0xff, 0xe9, 0x16, 0x00, 0x00, 0x00, 0x00, 0x00, 0x00, 0x00, 0x00, 0x00, 0x73, 0xff, 0xff, 0xff, 0xff, 0xb4, /* 行 5 */
    0x00, 0x9d, 0xff, 0xff, 0xff, 0x68, 0x00, 0x00, 0x00, 0x00, 0x00, 0x00, 0x00, 0x00, 0x00, 0x00, 0x04, 0xde, 0xff, 0xff, 0xff, 0xb4, /* 行 6 */
    0x00, 0xea, 0xff, 0xff, 0xf5, 0x0b, 0x00, 0x00, 0x00, 0x00, 0x00, 0x00, 0x00, 0x00, 0x00, 0x00, 0x00, 0x85, 0xff, 0xff, 0xff, 0xb4, /* 行 7 */
    0x20, 0xff, 0xff, 0xff, 0xb3, 0x00, 0x00, 0x00, 0x00, 0x00, 0x00, 0x00, 0x00, 0x00, 0x00, 0x00, 0x00, 0x46, 0xff, 0xff, 0xff, 0xb4, /* 行 8 */
    0x4d, 0xff, 0xff, 0xff, 0x84, 0x00, 0x00, 0x00, 0x00, 0x00, 0x00, 0x00, 0x00, 0x00, 0x00, 0x00, 0x00, 0x1b, 0xff, 0xff, 0xff, 0xb4, /* 行 9 */
    0x60, 0xff, 0xff, 0xff, 0x65, 0x00, 0x00, 0x00, 0x00, 0x00, 0x00, 0x00, 0x00, 0x00, 0x00, 0x00, 0x00, 0x03, 0xff, 0xff, 0xff, 0xb4, /* 行10 */
    0x70, 0xff, 0xff, 0xff, 0x57, 0x00, 0x00, 0x00, 0x00, 0x00, 0x00, 0x00, 0x00, 0x00, 0x00, 0x00, 0x00, 0x00, 0xf7, 0xff, 0xff, 0xb4, /* 行11 */
    0x71, 0xff, 0xff, 0xff, 0x54, 0x00, 0x00, 0x00, 0x00, 0x00, 0x00, 0x00, 0x00, 0x00, 0x00, 0x00, 0x00, 0x00, 0xf0, 0xff, 0xff, 0xb4, /* 行12 */
    0x62, 0xff, 0xff, 0xff, 0x61, 0x00, 0x00, 0x00, 0x00, 0x00, 0x00, 0x00, 0x00, 0x00, 0x00, 0x00, 0x00, 0x01, 0xfb, 0xff, 0xff, 0xb4, /* 行13 */
    0x51, 0xff, 0xff, 0xff, 0x7a, 0x00, 0x00, 0x00, 0x00, 0x00, 0x00, 0x00, 0x00, 0x00, 0x00, 0x00, 0x00, 0x10, 0xff, 0xff, 0xff, 0xb4, /* 行14 */
    0x26, 0xff, 0xff, 0xff, 0xa8, 0x00, 0x00, 0x00, 0x00, 0x00, 0x00, 0x00, 0x00, 0x00, 0x00, 0x00, 0x00, 0x38, 0xff, 0xff, 0xff, 0xb4, /* 行15 */
    0x01, 0xef, 0xff, 0xff, 0xea, 0x03, 0x00, 0x00, 0x00, 0x00, 0x00, 0x00, 0x00, 0x00, 0x00, 0x00, 0x00, 0x6f, 0xff, 0xff, 0xff, 0xb4, /* 行16 */
    0x00, 0xa6, 0xff, 0xff, 0xff, 0x50, 0x00, 0x00, 0x00, 0x00, 0x00, 0x00, 0x00, 0x00, 0x00, 0x00, 0x00, 0xc9, 0xff, 0xff, 0xff, 0xb4, /* 行17 */
    0x00, 0x41, 0xff, 0xff, 0xff, 0xd9, 0x0a, 0x00, 0x00, 0x00, 0x00, 0x00, 0x00, 0x00, 0x00, 0x00, 0x50, 0xff, 0xff, 0xff, 0xff, 0xb4, /* 行18 */
    0x00, 0x01, 0xc0, 0xff, 0xff, 0xff, 0xba, 0x0f, 0x00, 0x00, 0x00, 0x00, 0x00, 0x00, 0x00, 0x43, 0xef, 0xff, 0xff, 0xff, 0xff, 0xb4, /* 行19 */
    0x00, 0x00, 0x23, 0xf4, 0xff, 0xff, 0xff, 0xe7, 0x7a, 0x32, 0x16, 0x14, 0x28, 0x5c, 0xb2, 0xfe, 0xff, 0xe0, 0xdb, 0xff, 0xff, 0xb4, /* 行20 */
    0x00, 0x00, 0x00, 0x3e, 0xf3, 0xff, 0xff, 0xff, 0xff, 0xff, 0xff, 0xff, 0xff, 0xff, 0xff, 0xff, 0xea, 0x26, 0xcf, 0xff, 0xff, 0xb4, /* 行21 */
    0x00, 0x00, 0x00, 0x00, 0x2e, 0xc5, 0xff, 0xff, 0xff, 0xff, 0xff, 0xff, 0xff, 0xff, 0xff, 0xb4, 0x1e, 0x00, 0xe2, 0xff, 0xff, 0xb4, /* 行22 */
    0x00, 0x00, 0x00, 0x00, 0x00, 0x00, 0x47, 0x98, 0xd4, 0xec, 0xfa, 0xe7, 0xcd, 0x8d, 0x39, 0x00, 0x00, 0x00, 0xea, 0xff, 0xff, 0xb4, /* 行23 */
    0x00, 0x00, 0x00, 0x00, 0x00, 0x00, 0x00, 0x00, 0x00, 0x00, 0x00, 0x00, 0x00, 0x00, 0x00, 0x00, 0x00, 0x00, 0xef, 0xff, 0xff, 0xb4, /* 行24 */
    0x00, 0x00, 0x00, 0x00, 0x00, 0x00, 0x00, 0x00, 0x00, 0x00, 0x00, 0x00, 0x00, 0x00, 0x00, 0x00, 0x00, 0x00, 0xf0, 0xff, 0xff, 0xb4, /* 行25 */
    0x00, 0x00, 0x00, 0x00, 0x00, 0x00, 0x00, 0x00, 0x00, 0x00, 0x00, 0x00, 0x00, 0x00, 0x00, 0x00, 0x00, 0x00, 0xf0, 0xff, 0xff, 0xb4, /* 行26 */
    0x00, 0x00, 0x00, 0x00, 0x00, 0x00, 0x00, 0x00, 0x00, 0x00, 0x00, 0x00, 0x00, 0x00, 0x00, 0x00, 0x00, 0x00, 0xf0, 0xff, 0xff, 0xb4, /* 行27 */
    0x00, 0x00, 0x00, 0x00, 0x00, 0x00, 0x00, 0x00, 0x00, 0x00, 0x00, 0x00, 0x00, 0x00, 0x00, 0x00, 0x00, 0x00, 0xf0, 0xff, 0xff, 0xb4, /* 行28 */
    0x00, 0x00, 0x00, 0x00, 0x00, 0x00, 0x00, 0x00, 0x00, 0x00, 0x00, 0x00, 0x00, 0x00, 0x00, 0x00, 0x00, 0x00, 0xf0, 0xff, 0xff, 0xb4, /* 行29 */
    0x00, 0x00, 0x00, 0x00, 0x00, 0x00, 0x00, 0x00, 0x00, 0x00, 0x00, 0x00, 0x00, 0x00, 0x00, 0x00, 0x00, 0x00, 0xf0, 0xff, 0xff, 0xb4, /* 行30 */
    0x00, 0x00, 0x00, 0x00, 0x00, 0x00, 0x00, 0x00, 0x00, 0x00, 0x00, 0x00, 0x00, 0x00, 0x00, 0x00, 0x00, 0x00, 0xf0, 0xff, 0xff, 0xb4, /* 行31 */
    0x00, 0x00, 0x00, 0x00, 0x00, 0x00, 0x00, 0x00, 0x00, 0x00, 0x00, 0x00, 0x00, 0x00, 0x00, 0x00, 0x00, 0x00, 0xf0, 0xff, 0xff, 0xb4, /* 行32 */
    0x00, 0x00, 0x00, 0x00, 0x00, 0x00, 0x00, 0x00, 0x00, 0x00, 0x00, 0x00, 0x00, 0x00, 0x00, 0x00, 0x00, 0x00, 0xf0, 0xff, 0xff, 0xb4, /* 行33 */
    0x00, 0x00, 0x00, 0x00, 0x00, 0x00, 0x00, 0x00, 0x00, 0x00, 0x00, 0x00, 0x00, 0x00, 0x00, 0x00, 0x00, 0x00, 0xf0, 0xff, 0xff, 0xb4, /* 行34 */
};

/* 字符 114: r    */
/*
 * ░░██████        ░░▓▓████████▓▓
 * ░░██████░░  ░░▓▓████████████▓▓
 * ░░██████░░░░▓▓██████████████▒▒
 * ░░██████░░▓▓██████▓▓▒▒▒▒▒▒▓▓░░
 * ░░██████▓▓██████░░            
 * ░░██████████▓▓░░              
 * ░░██████████░░                
 * ░░████████▒▒                  
 * ░░████████░░                  
 * ░░██████▓▓                    
 * ░░██████▓▓                    
 * ░░██████▓▓                    
 * ░░██████▓▓                    
 * ░░██████▓▓                    
 * ░░██████▓▓                    
 * ░░██████▓▓                    
 * ░░██████▓▓                    
 * ░░██████▓▓                    
 * ░░██████▓▓                    
 * ░░██████▓▓                    
 * ░░██████▓▓                    
 * ░░██████▓▓                    
 * ░░██████▓▓                    
 * ░░██████▓▓                    
 */
static const unsigned char open_sans_45px_char_114_bitmap[] = {
    0x20, 0xff, 0xff, 0xea, 0x00, 0x00, 0x00, 0x00, 0x32, 0x9b, 0xdc, 0xf9, 0xf8, 0xe8, 0x89, /* 行 0 */
    0x20, 0xff, 0xff, 0xfd, 0x03, 0x00, 0x07, 0x96, 0xfe, 0xff, 0xff, 0xff, 0xff, 0xff, 0x8d, /* 行 1 */
    0x20, 0xff, 0xff, 0xff, 0x18, 0x09, 0xbd, 0xff, 0xff, 0xff, 0xff, 0xff, 0xff, 0xff, 0x67, /* 行 2 */
    0x20, 0xff, 0xff, 0xff, 0x2e, 0xa5, 0xff, 0xff, 0xf9, 0xb0, 0x6d, 0x56, 0x5f, 0x83, 0x2c, /* 行 3 */
    0x20, 0xff, 0xff, 0xff, 0xa1, 0xff, 0xff, 0xc4, 0x26, 0x00, 0x00, 0x00, 0x00, 0x00, 0x00, /* 行 4 */
    0x20, 0xff, 0xff, 0xff, 0xff, 0xff, 0xb8, 0x08, 0x00, 0x00, 0x00, 0x00, 0x00, 0x00, 0x00, /* 行 5 */
    0x20, 0xff, 0xff, 0xff, 0xff, 0xe1, 0x11, 0x00, 0x00, 0x00, 0x00, 0x00, 0x00, 0x00, 0x00, /* 行 6 */
    0x20, 0xff, 0xff, 0xff, 0xff, 0x60, 0x00, 0x00, 0x00, 0x00, 0x00, 0x00, 0x00, 0x00, 0x00, /* 行 7 */
    0x20, 0xff, 0xff, 0xff, 0xf2, 0x05, 0x00, 0x00, 0x00, 0x00, 0x00, 0x00, 0x00, 0x00, 0x00, /* 行 8 */
    0x20, 0xff, 0xff, 0xff, 0xb5, 0x00, 0x00, 0x00, 0x00, 0x00, 0x00, 0x00, 0x00, 0x00, 0x00, /* 行 9 */
    0x20, 0xff, 0xff, 0xff, 0x95, 0x00, 0x00, 0x00, 0x00, 0x00, 0x00, 0x00, 0x00, 0x00, 0x00, /* 行10 */
    0x20, 0xff, 0xff, 0xff, 0x85, 0x00, 0x00, 0x00, 0x00, 0x00, 0x00, 0x00, 0x00, 0x00, 0x00, /* 行11 */
    0x20, 0xff, 0xff, 0xff, 0x84, 0x00, 0x00, 0x00, 0x00, 0x00, 0x00, 0x00, 0x00, 0x00, 0x00, /* 行12 */
    0x20, 0xff, 0xff, 0xff, 0x84, 0x00, 0x00, 0x00, 0x00, 0x00, 0x00, 0x00, 0x00, 0x00, 0x00, /* 行13 */
    0x20, 0xff, 0xff, 0xff, 0x84, 0x00, 0x00, 0x00, 0x00, 0x00, 0x00, 0x00, 0x00, 0x00, 0x00, /* 行14 */
    0x20, 0xff, 0xff, 0xff, 0x84, 0x00, 0x00, 0x00, 0x00, 0x00, 0x00, 0x00, 0x00, 0x00, 0x00, /* 行15 */
    0x20, 0xff, 0xff, 0xff, 0x84, 0x00, 0x00, 0x00, 0x00, 0x00, 0x00, 0x00, 0x00, 0x00, 0x00, /* 行16 */
    0x20, 0xff, 0xff, 0xff, 0x84, 0x00, 0x00, 0x00, 0x00, 0x00, 0x00, 0x00, 0x00, 0x00, 0x00, /* 行17 */
    0x20, 0xff, 0xff, 0xff, 0x84, 0x00, 0x00, 0x00, 0x00, 0x00, 0x00, 0x00, 0x00, 0x00, 0x00, /* 行18 */
    0x20, 0xff, 0xff, 0xff, 0x84, 0x00, 0x00, 0x00, 0x00, 0x00, 0x00, 0x00, 0x00, 0x00, 0x00, /* 行19 */
    0x20, 0xff, 0xff, 0xff, 0x84, 0x00, 0x00, 0x00, 0x00, 0x00, 0x00, 0x00, 0x00, 0x00, 0x00, /* 行20 */
    0x20, 0xff, 0xff, 0xff, 0x84, 0x00, 0x00, 0x00, 0x00, 0x00, 0x00, 0x00, 0x00, 0x00, 0x00, /* 行21 */
    0x20, 0xff, 0xff, 0xff, 0x84, 0x00, 0x00, 0x00, 0x00, 0x00, 0x00, 0x00, 0x00, 0x00, 0x00, /* 行22 */
    0x20, 0xff, 0xff, 0xff, 0x84, 0x00, 0x00, 0x00, 0x00, 0x00, 0x00, 0x00, 0x00, 0x00, 0x00, /* 行23 */
};

/* 字符 115: s    */
/*
 *         ░░▓▓████████████▓▓▓▓░░░░    
 *     ░░██████████████████████████▒▒  
 *   ▒▒████████████████████████████▒▒  
 * ░░████████▓▓▒▒░░░░░░░░▒▒▓▓██████░░  
 * ▒▒██████▒▒                  ░░▒▒    
 * ▓▓██████                            
 * ▓▓██████                            
 * ▒▒██████▒▒                          
 * ░░████████▓▓░░                      
 *   ▒▒██████████▓▓░░                  
 *     ▒▒██████████████▒▒░░            
 *       ░░▓▓██████████████▓▓░░        
 *           ░░▒▒██████████████▓▓░░    
 *                 ░░▓▓████████████░░  
 *                     ░░▓▓████████▓▓  
 *                         ░░████████░░
 *                           ▒▒██████▒▒
 *                           ░░██████▒▒
 *                           ▒▒██████▒▒
 *                         ░░████████░░
 * ▓▓██▓▓▒▒░░░░░░░░░░░░░░▓▓████████▓▓  
 * ▓▓████████████████████████████▓▓░░  
 * ▓▓██████████████████████████▒▒░░    
 *   ░░▒▒▓▓██████████████▓▓▒▒░░        
 */
static const unsigned char open_sans_45px_char_115_bitmap[] = {
    0x00, 0x00, 0x00, 0x00, 0x3b, 0x8d, 0xc0, 0xe5, 0xf4, 0xfb, 0xef, 0xda, 0xb3, 0x81, 0x3e, 0x04, 0x00, 0x00, /* 行 0 */
    0x00, 0x00, 0x32, 0xc8, 0xff, 0xff, 0xff, 0xff, 0xff, 0xff, 0xff, 0xff, 0xff, 0xff, 0xff, 0xe9, 0x7b, 0x00, /* 行 1 */
    0x00, 0x46, 0xf6, 0xff, 0xff, 0xff, 0xff, 0xff, 0xff, 0xff, 0xff, 0xff, 0xff, 0xff, 0xff, 0xff, 0x7c, 0x00, /* 行 2 */
    0x11, 0xeb, 0xff, 0xff, 0xfd, 0xa0, 0x4e, 0x23, 0x12, 0x13, 0x26, 0x4f, 0x86, 0xcd, 0xff, 0xf7, 0x14, 0x00, /* 行 3 */
    0x6a, 0xff, 0xff, 0xff, 0x51, 0x00, 0x00, 0x00, 0x00, 0x00, 0x00, 0x00, 0x00, 0x00, 0x25, 0x53, 0x00, 0x00, /* 行 4 */
    0x9b, 0xff, 0xff, 0xdb, 0x00, 0x00, 0x00, 0x00, 0x00, 0x00, 0x00, 0x00, 0x00, 0x00, 0x00, 0x00, 0x00, 0x00, /* 行 5 */
    0xa0, 0xff, 0xff, 0xe5, 0x00, 0x00, 0x00, 0x00, 0x00, 0x00, 0x00, 0x00, 0x00, 0x00, 0x00, 0x00, 0x00, 0x00, /* 行 6 */
    0x7b, 0xff, 0xff, 0xff, 0x61, 0x00, 0x00, 0x00, 0x00, 0x00, 0x00, 0x00, 0x00, 0x00, 0x00, 0x00, 0x00, 0x00, /* 行 7 */
    0x21, 0xfc, 0xff, 0xff, 0xfc, 0x8a, 0x0e, 0x00, 0x00, 0x00, 0x00, 0x00, 0x00, 0x00, 0x00, 0x00, 0x00, 0x00, /* 行 8 */
    0x00, 0x70, 0xff, 0xff, 0xff, 0xff, 0xf0, 0x91, 0x2c, 0x00, 0x00, 0x00, 0x00, 0x00, 0x00, 0x00, 0x00, 0x00, /* 行 9 */
    0x00, 0x00, 0x62, 0xf6, 0xff, 0xff, 0xff, 0xff, 0xff, 0xcd, 0x6d, 0x12, 0x00, 0x00, 0x00, 0x00, 0x00, 0x00, /* 行10 */
    0x00, 0x00, 0x00, 0x1e, 0x99, 0xf7, 0xff, 0xff, 0xff, 0xff, 0xff, 0xf8, 0xa0, 0x2a, 0x00, 0x00, 0x00, 0x00, /* 行11 */
    0x00, 0x00, 0x00, 0x00, 0x00, 0x12, 0x71, 0xd1, 0xff, 0xff, 0xff, 0xff, 0xff, 0xfd, 0x97, 0x0c, 0x00, 0x00, /* 行12 */
    0x00, 0x00, 0x00, 0x00, 0x00, 0x00, 0x00, 0x00, 0x34, 0x99, 0xf5, 0xff, 0xff, 0xff, 0xff, 0xd3, 0x12, 0x00, /* 行13 */
    0x00, 0x00, 0x00, 0x00, 0x00, 0x00, 0x00, 0x00, 0x00, 0x00, 0x12, 0x87, 0xf8, 0xff, 0xff, 0xff, 0xac, 0x00, /* 行14 */
    0x00, 0x00, 0x00, 0x00, 0x00, 0x00, 0x00, 0x00, 0x00, 0x00, 0x00, 0x00, 0x2e, 0xe8, 0xff, 0xff, 0xff, 0x1f, /* 行15 */
    0x00, 0x00, 0x00, 0x00, 0x00, 0x00, 0x00, 0x00, 0x00, 0x00, 0x00, 0x00, 0x00, 0x5b, 0xff, 0xff, 0xff, 0x55, /* 行16 */
    0x00, 0x00, 0x00, 0x00, 0x00, 0x00, 0x00, 0x00, 0x00, 0x00, 0x00, 0x00, 0x00, 0x24, 0xff, 0xff, 0xff, 0x5f, /* 行17 */
    0x00, 0x00, 0x00, 0x00, 0x00, 0x00, 0x00, 0x00, 0x00, 0x00, 0x00, 0x00, 0x00, 0x47, 0xff, 0xff, 0xff, 0x45, /* 行18 */
    0x00, 0x00, 0x00, 0x00, 0x00, 0x00, 0x00, 0x00, 0x00, 0x00, 0x00, 0x00, 0x12, 0xce, 0xff, 0xff, 0xf4, 0x0a, /* 行19 */
    0x92, 0xc8, 0x97, 0x65, 0x3d, 0x23, 0x10, 0x07, 0x09, 0x18, 0x3e, 0x83, 0xe9, 0xff, 0xff, 0xff, 0x85, 0x00, /* 行20 */
    0x9c, 0xff, 0xff, 0xff, 0xff, 0xff, 0xff, 0xff, 0xff, 0xff, 0xff, 0xff, 0xff, 0xff, 0xff, 0xb3, 0x06, 0x00, /* 行21 */
    0x89, 0xff, 0xff, 0xff, 0xff, 0xff, 0xff, 0xff, 0xff, 0xff, 0xff, 0xff, 0xff, 0xf1, 0x77, 0x03, 0x00, 0x00, /* 行22 */
    0x00, 0x2c, 0x73, 0xa9, 0xcc, 0xe8, 0xf5, 0xfc, 0xf8, 0xea, 0xce, 0xa1, 0x5b, 0x0d, 0x00, 0x00, 0x00, 0x00, /* 行23 */
};

/* 字符 116: t    */
/*
 *           ▒▒████              
 *           ██████              
 *         ░░██████              
 *         ▒▒██████              
 *         ▓▓██████              
 *     ░░▒▒████████              
 * ░░▒▒██████████████████████████
 * ▒▒████████████████████████████
 * ▒▒██████████████████████████▓▓
 *         ████████              
 *         ████████              
 *         ████████              
 *         ████████              
 *         ████████              
 *         ████████              
 *         ████████              
 *         ████████              
 *         ████████              
 *         ████████              
 *         ████████              
 *         ████████              
 *         ████████              
 *         ████████              
 *         ████████              
 *         ████████░░            
 *         ▓▓██████▓▓            
 *         ░░████████▓▓░░░░░░░░▒▒
 *           ▓▓██████████████████
 *           ░░▓▓████████████████
 *             ░░▒▒▓▓████████▓▓▒▒
 */
static const unsigned char open_sans_45px_char_116_bitmap[] = {
    0x00, 0x00, 0x00, 0x00, 0x00, 0x79, 0xff, 0xc8, 0x00, 0x00, 0x00, 0x00, 0x00, 0x00, 0x00, /* 行 0 */
    0x00, 0x00, 0x00, 0x00, 0x00, 0xc1, 0xff, 0xc8, 0x00, 0x00, 0x00, 0x00, 0x00, 0x00, 0x00, /* 行 1 */
    0x00, 0x00, 0x00, 0x00, 0x0e, 0xfb, 0xff, 0xc8, 0x00, 0x00, 0x00, 0x00, 0x00, 0x00, 0x00, /* 行 2 */
    0x00, 0x00, 0x00, 0x00, 0x53, 0xff, 0xff, 0xc8, 0x00, 0x00, 0x00, 0x00, 0x00, 0x00, 0x00, /* 行 3 */
    0x00, 0x00, 0x00, 0x00, 0x9b, 0xff, 0xff, 0xc8, 0x00, 0x00, 0x00, 0x00, 0x00, 0x00, 0x00, /* 行 4 */
    0x00, 0x00, 0x01, 0x50, 0xeb, 0xff, 0xff, 0xc8, 0x00, 0x00, 0x00, 0x00, 0x00, 0x00, 0x00, /* 行 5 */
    0x06, 0x63, 0xd8, 0xff, 0xff, 0xff, 0xff, 0xff, 0xff, 0xff, 0xff, 0xff, 0xff, 0xff, 0xc4, /* 行 6 */
    0x50, 0xff, 0xff, 0xff, 0xff, 0xff, 0xff, 0xff, 0xff, 0xff, 0xff, 0xff, 0xff, 0xff, 0xc4, /* 行 7 */
    0x42, 0xd4, 0xd4, 0xd4, 0xfa, 0xff, 0xff, 0xf6, 0xd4, 0xd4, 0xd4, 0xd4, 0xd4, 0xd4, 0xa2, /* 行 8 */
    0x00, 0x00, 0x00, 0x00, 0xe0, 0xff, 0xff, 0xc8, 0x00, 0x00, 0x00, 0x00, 0x00, 0x00, 0x00, /* 行 9 */
    0x00, 0x00, 0x00, 0x00, 0xe0, 0xff, 0xff, 0xc8, 0x00, 0x00, 0x00, 0x00, 0x00, 0x00, 0x00, /* 行10 */
    0x00, 0x00, 0x00, 0x00, 0xe0, 0xff, 0xff, 0xc8, 0x00, 0x00, 0x00, 0x00, 0x00, 0x00, 0x00, /* 行11 */
    0x00, 0x00, 0x00, 0x00, 0xe0, 0xff, 0xff, 0xc8, 0x00, 0x00, 0x00, 0x00, 0x00, 0x00, 0x00, /* 行12 */
    0x00, 0x00, 0x00, 0x00, 0xe0, 0xff, 0xff, 0xc8, 0x00, 0x00, 0x00, 0x00, 0x00, 0x00, 0x00, /* 行13 */
    0x00, 0x00, 0x00, 0x00, 0xe0, 0xff, 0xff, 0xc8, 0x00, 0x00, 0x00, 0x00, 0x00, 0x00, 0x00, /* 行14 */
    0x00, 0x00, 0x00, 0x00, 0xe0, 0xff, 0xff, 0xc8, 0x00, 0x00, 0x00, 0x00, 0x00, 0x00, 0x00, /* 行15 */
    0x00, 0x00, 0x00, 0x00, 0xe0, 0xff, 0xff, 0xc8, 0x00, 0x00, 0x00, 0x00, 0x00, 0x00, 0x00, /* 行16 */
    0x00, 0x00, 0x00, 0x00, 0xe0, 0xff, 0xff, 0xc8, 0x00, 0x00, 0x00, 0x00, 0x00, 0x00, 0x00, /* 行17 */
    0x00, 0x00, 0x00, 0x00, 0xe0, 0xff, 0xff, 0xc8, 0x00, 0x00, 0x00, 0x00, 0x00, 0x00, 0x00, /* 行18 */
    0x00, 0x00, 0x00, 0x00, 0xe0, 0xff, 0xff, 0xc8, 0x00, 0x00, 0x00, 0x00, 0x00, 0x00, 0x00, /* 行19 */
    0x00, 0x00, 0x00, 0x00, 0xe0, 0xff, 0xff, 0xc8, 0x00, 0x00, 0x00, 0x00, 0x00, 0x00, 0x00, /* 行20 */
    0x00, 0x00, 0x00, 0x00, 0xe0, 0xff, 0xff, 0xc8, 0x00, 0x00, 0x00, 0x00, 0x00, 0x00, 0x00, /* 行21 */
    0x00, 0x00, 0x00, 0x00, 0xdf, 0xff, 0xff, 0xc9, 0x00, 0x00, 0x00, 0x00, 0x00, 0x00, 0x00, /* 行22 */
    0x00, 0x00, 0x00, 0x00, 0xd6, 0xff, 0xff, 0xd9, 0x00, 0x00, 0x00, 0x00, 0x00, 0x00, 0x00, /* 行23 */
    0x00, 0x00, 0x00, 0x00, 0xc0, 0xff, 0xff, 0xfd, 0x14, 0x00, 0x00, 0x00, 0x00, 0x00, 0x00, /* 行24 */
    0x00, 0x00, 0x00, 0x00, 0x8b, 0xff, 0xff, 0xff, 0x90, 0x00, 0x00, 0x00, 0x00, 0x00, 0x00, /* 行25 */
    0x00, 0x00, 0x00, 0x00, 0x34, 0xff, 0xff, 0xff, 0xff, 0x9a, 0x2b, 0x09, 0x14, 0x2b, 0x52, /* 行26 */
    0x00, 0x00, 0x00, 0x00, 0x00, 0xa8, 0xff, 0xff, 0xff, 0xff, 0xff, 0xff, 0xff, 0xff, 0xf0, /* 行27 */
    0x00, 0x00, 0x00, 0x00, 0x00, 0x0c, 0xb3, 0xff, 0xff, 0xff, 0xff, 0xff, 0xff, 0xff, 0xf0, /* 行28 */
    0x00, 0x00, 0x00, 0x00, 0x00, 0x00, 0x01, 0x4b, 0xa8, 0xe0, 0xf6, 0xf7, 0xe0, 0xbf, 0x79, /* 行29 */
};

/* 字符 117: u    */
/*
 * ▒▒██████▒▒                        ████████
 * ▒▒██████▒▒                        ████████
 * ▒▒██████▒▒                        ████████
 * ▒▒██████▒▒                        ████████
 * ▒▒██████▒▒                        ████████
 * ▒▒██████▒▒                        ████████
 * ▒▒██████▒▒                        ████████
 * ▒▒██████▒▒                        ████████
 * ▒▒██████▒▒                        ████████
 * ▒▒██████▒▒                        ████████
 * ▒▒██████▒▒                        ████████
 * ▒▒██████▒▒                        ████████
 * ▒▒██████▒▒                        ████████
 * ▒▒██████▒▒                        ████████
 * ▒▒██████▒▒                      ░░████████
 * ▒▒██████▒▒                      ░░████████
 * ▒▒██████▒▒                      ▒▒████████
 * ░░██████▓▓                      ██████████
 * ░░████████░░                  ▒▒██████████
 *   ▓▓██████▓▓░░              ▒▒████████████
 *   ▒▒██████████▒▒░░░░░░░░▒▒████████████████
 *     ▓▓██████████████████████████░░▓▓██████
 *     ░░▒▒████████████████████▓▓░░  ▒▒██████
 *         ░░▒▒▓▓██████████▓▓░░      ▒▒██████
 */
static const unsigned char open_sans_45px_char_117_bitmap[] = {
    0x64, 0xff, 0xff, 0xff, 0x4c, 0x00, 0x00, 0x00, 0x00, 0x00, 0x00, 0x00, 0x00, 0x00, 0x00, 0x00, 0x00, 0xe4, 0xff, 0xff, 0xc0, /* 行 0 */
    0x64, 0xff, 0xff, 0xff, 0x4c, 0x00, 0x00, 0x00, 0x00, 0x00, 0x00, 0x00, 0x00, 0x00, 0x00, 0x00, 0x00, 0xe4, 0xff, 0xff, 0xc0, /* 行 1 */
    0x64, 0xff, 0xff, 0xff, 0x4c, 0x00, 0x00, 0x00, 0x00, 0x00, 0x00, 0x00, 0x00, 0x00, 0x00, 0x00, 0x00, 0xe4, 0xff, 0xff, 0xc0, /* 行 2 */
    0x64, 0xff, 0xff, 0xff, 0x4c, 0x00, 0x00, 0x00, 0x00, 0x00, 0x00, 0x00, 0x00, 0x00, 0x00, 0x00, 0x00, 0xe4, 0xff, 0xff, 0xc0, /* 行 3 */
    0x64, 0xff, 0xff, 0xff, 0x4c, 0x00, 0x00, 0x00, 0x00, 0x00, 0x00, 0x00, 0x00, 0x00, 0x00, 0x00, 0x00, 0xe4, 0xff, 0xff, 0xc0, /* 行 4 */
    0x64, 0xff, 0xff, 0xff, 0x4c, 0x00, 0x00, 0x00, 0x00, 0x00, 0x00, 0x00, 0x00, 0x00, 0x00, 0x00, 0x00, 0xe4, 0xff, 0xff, 0xc0, /* 行 5 */
    0x64, 0xff, 0xff, 0xff, 0x4c, 0x00, 0x00, 0x00, 0x00, 0x00, 0x00, 0x00, 0x00, 0x00, 0x00, 0x00, 0x00, 0xe4, 0xff, 0xff, 0xc0, /* 行 6 */
    0x64, 0xff, 0xff, 0xff, 0x4c, 0x00, 0x00, 0x00, 0x00, 0x00, 0x00, 0x00, 0x00, 0x00, 0x00, 0x00, 0x00, 0xe4, 0xff, 0xff, 0xc0, /* 行 7 */
    0x64, 0xff, 0xff, 0xff, 0x4c, 0x00, 0x00, 0x00, 0x00, 0x00, 0x00, 0x00, 0x00, 0x00, 0x00, 0x00, 0x00, 0xe4, 0xff, 0xff, 0xc0, /* 行 8 */
    0x64, 0xff, 0xff, 0xff, 0x4c, 0x00, 0x00, 0x00, 0x00, 0x00, 0x00, 0x00, 0x00, 0x00, 0x00, 0x00, 0x00, 0xe4, 0xff, 0xff, 0xc0, /* 行 9 */
    0x64, 0xff, 0xff, 0xff, 0x4c, 0x00, 0x00, 0x00, 0x00, 0x00, 0x00, 0x00, 0x00, 0x00, 0x00, 0x00, 0x00, 0xe4, 0xff, 0xff, 0xc0, /* 行10 */
    0x64, 0xff, 0xff, 0xff, 0x4c, 0x00, 0x00, 0x00, 0x00, 0x00, 0x00, 0x00, 0x00, 0x00, 0x00, 0x00, 0x00, 0xe4, 0xff, 0xff, 0xc0, /* 行11 */
    0x64, 0xff, 0xff, 0xff, 0x4c, 0x00, 0x00, 0x00, 0x00, 0x00, 0x00, 0x00, 0x00, 0x00, 0x00, 0x00, 0x00, 0xe6, 0xff, 0xff, 0xc0, /* 行12 */
    0x64, 0xff, 0xff, 0xff, 0x4c, 0x00, 0x00, 0x00, 0x00, 0x00, 0x00, 0x00, 0x00, 0x00, 0x00, 0x00, 0x00, 0xf3, 0xff, 0xff, 0xc0, /* 行13 */
    0x64, 0xff, 0xff, 0xff, 0x4c, 0x00, 0x00, 0x00, 0x00, 0x00, 0x00, 0x00, 0x00, 0x00, 0x00, 0x00, 0x06, 0xfe, 0xff, 0xff, 0xc0, /* 行14 */
    0x61, 0xff, 0xff, 0xff, 0x50, 0x00, 0x00, 0x00, 0x00, 0x00, 0x00, 0x00, 0x00, 0x00, 0x00, 0x00, 0x30, 0xff, 0xff, 0xff, 0xc0, /* 行15 */
    0x52, 0xff, 0xff, 0xff, 0x62, 0x00, 0x00, 0x00, 0x00, 0x00, 0x00, 0x00, 0x00, 0x00, 0x00, 0x00, 0x6a, 0xff, 0xff, 0xff, 0xc0, /* 行16 */
    0x3c, 0xff, 0xff, 0xff, 0x94, 0x00, 0x00, 0x00, 0x00, 0x00, 0x00, 0x00, 0x00, 0x00, 0x00, 0x00, 0xc8, 0xff, 0xff, 0xff, 0xc0, /* 行17 */
    0x0b, 0xfb, 0xff, 0xff, 0xea, 0x0a, 0x00, 0x00, 0x00, 0x00, 0x00, 0x00, 0x00, 0x00, 0x00, 0x5b, 0xff, 0xff, 0xff, 0xff, 0xc0, /* 行18 */
    0x00, 0xbd, 0xff, 0xff, 0xff, 0xa3, 0x04, 0x00, 0x00, 0x00, 0x00, 0x00, 0x00, 0x00, 0x54, 0xf6, 0xff, 0xff, 0xff, 0xff, 0xc0, /* 行19 */
    0x00, 0x47, 0xff, 0xff, 0xff, 0xff, 0xcd, 0x61, 0x27, 0x11, 0x18, 0x2e, 0x66, 0xc0, 0xff, 0xff, 0xdb, 0xd8, 0xff, 0xff, 0xc0, /* 行20 */
    0x00, 0x00, 0x92, 0xff, 0xff, 0xff, 0xff, 0xff, 0xff, 0xff, 0xff, 0xff, 0xff, 0xff, 0xff, 0xec, 0x25, 0x9f, 0xff, 0xff, 0xc0, /* 行21 */
    0x00, 0x00, 0x01, 0x77, 0xf8, 0xff, 0xff, 0xff, 0xff, 0xff, 0xff, 0xff, 0xff, 0xff, 0xb3, 0x1d, 0x00, 0x79, 0xff, 0xff, 0xc0, /* 行22 */
    0x00, 0x00, 0x00, 0x00, 0x15, 0x73, 0xb3, 0xe1, 0xf3, 0xfa, 0xe5, 0xca, 0x89, 0x35, 0x00, 0x00, 0x00, 0x53, 0xff, 0xff, 0xc0, /* 行23 */
};

/* 字符 118: v    */
/*
 * ████████░░                          ▓▓██████▒▒
 * ▒▒██████▒▒                        ░░████████░░
 * ░░████████                        ▒▒██████▓▓  
 *   ▓▓██████░░                      ▓▓██████░░  
 *   ▒▒██████▓▓                    ░░████████    
 *   ░░████████░░                  ▒▒██████▒▒    
 *     ▓▓██████▒▒                  ▓▓██████░░    
 *     ░░██████▓▓                ░░██████▓▓      
 *       ████████░░              ▒▒██████▒▒      
 *       ▒▒██████▒▒              ████████░░      
 *       ░░██████▓▓            ░░██████▓▓        
 *         ▓▓██████░░          ▓▓██████░░        
 *         ░░██████▒▒        ░░████████          
 *           ████████        ▒▒██████▒▒          
 *           ▒▒██████░░      ▓▓██████░░          
 *           ░░██████▓▓    ░░██████▓▓            
 *             ▓▓██████    ▒▒██████▒▒            
 *             ▒▒██████░░  ▓▓██████░░            
 *             ░░██████▓▓░░██████▒▒              
 *               ▓▓██████▒▒██████░░              
 *               ░░██████▓▓████▓▓                
 *                 ████████████▒▒                
 *                 ▒▒██████████░░                
 *                 ░░████████▓▓                  
 */
static const unsigned char open_sans_45px_char_118_bitmap[] = {
    0xcf, 0xff, 0xff, 0xfc, 0x19, 0x00, 0x00, 0x00, 0x00, 0x00, 0x00, 0x00, 0x00, 0x00, 0x00, 0x00, 0x00, 0x00, 0x8b, 0xff, 0xff, 0xff, 0x5a, /* 行 0 */
    0x6e, 0xff, 0xff, 0xff, 0x73, 0x00, 0x00, 0x00, 0x00, 0x00, 0x00, 0x00, 0x00, 0x00, 0x00, 0x00, 0x00, 0x03, 0xe5, 0xff, 0xff, 0xf0, 0x09, /* 行 1 */
    0x13, 0xf9, 0xff, 0xff, 0xd0, 0x00, 0x00, 0x00, 0x00, 0x00, 0x00, 0x00, 0x00, 0x00, 0x00, 0x00, 0x00, 0x46, 0xff, 0xff, 0xff, 0x97, 0x00, /* 行 2 */
    0x00, 0xab, 0xff, 0xff, 0xff, 0x2e, 0x00, 0x00, 0x00, 0x00, 0x00, 0x00, 0x00, 0x00, 0x00, 0x00, 0x00, 0xa4, 0xff, 0xff, 0xff, 0x36, 0x00, /* 行 3 */
    0x00, 0x4a, 0xff, 0xff, 0xff, 0x8b, 0x00, 0x00, 0x00, 0x00, 0x00, 0x00, 0x00, 0x00, 0x00, 0x00, 0x0c, 0xf4, 0xff, 0xff, 0xd4, 0x00, 0x00, /* 行 4 */
    0x00, 0x03, 0xe5, 0xff, 0xff, 0xe5, 0x02, 0x00, 0x00, 0x00, 0x00, 0x00, 0x00, 0x00, 0x00, 0x00, 0x5e, 0xff, 0xff, 0xff, 0x73, 0x00, 0x00, /* 行 5 */
    0x00, 0x00, 0x87, 0xff, 0xff, 0xff, 0x46, 0x00, 0x00, 0x00, 0x00, 0x00, 0x00, 0x00, 0x00, 0x00, 0xbc, 0xff, 0xff, 0xfb, 0x16, 0x00, 0x00, /* 行 6 */
    0x00, 0x00, 0x25, 0xff, 0xff, 0xff, 0xa3, 0x00, 0x00, 0x00, 0x00, 0x00, 0x00, 0x00, 0x00, 0x1b, 0xfd, 0xff, 0xff, 0xb0, 0x00, 0x00, 0x00, /* 行 7 */
    0x00, 0x00, 0x00, 0xc4, 0xff, 0xff, 0xf4, 0x0b, 0x00, 0x00, 0x00, 0x00, 0x00, 0x00, 0x00, 0x76, 0xff, 0xff, 0xff, 0x4e, 0x00, 0x00, 0x00, /* 行 8 */
    0x00, 0x00, 0x00, 0x62, 0xff, 0xff, 0xff, 0x5d, 0x00, 0x00, 0x00, 0x00, 0x00, 0x00, 0x00, 0xd3, 0xff, 0xff, 0xe8, 0x04, 0x00, 0x00, 0x00, /* 行 9 */
    0x00, 0x00, 0x00, 0x0c, 0xf4, 0xff, 0xff, 0xbb, 0x00, 0x00, 0x00, 0x00, 0x00, 0x00, 0x30, 0xff, 0xff, 0xff, 0x8b, 0x00, 0x00, 0x00, 0x00, /* 行10 */
    0x00, 0x00, 0x00, 0x00, 0x9f, 0xff, 0xff, 0xfd, 0x1b, 0x00, 0x00, 0x00, 0x00, 0x00, 0x8d, 0xff, 0xff, 0xff, 0x2a, 0x00, 0x00, 0x00, 0x00, /* 行11 */
    0x00, 0x00, 0x00, 0x00, 0x3e, 0xff, 0xff, 0xff, 0x75, 0x00, 0x00, 0x00, 0x00, 0x03, 0xe6, 0xff, 0xff, 0xc8, 0x00, 0x00, 0x00, 0x00, 0x00, /* 行12 */
    0x00, 0x00, 0x00, 0x00, 0x00, 0xdb, 0xff, 0xff, 0xd2, 0x00, 0x00, 0x00, 0x00, 0x45, 0xff, 0xff, 0xff, 0x67, 0x00, 0x00, 0x00, 0x00, 0x00, /* 行13 */
    0x00, 0x00, 0x00, 0x00, 0x00, 0x7b, 0xff, 0xff, 0xff, 0x2f, 0x00, 0x00, 0x00, 0xa2, 0xff, 0xff, 0xf6, 0x0f, 0x00, 0x00, 0x00, 0x00, 0x00, /* 行14 */
    0x00, 0x00, 0x00, 0x00, 0x00, 0x1b, 0xfd, 0xff, 0xff, 0x87, 0x00, 0x00, 0x0a, 0xf3, 0xff, 0xff, 0xa4, 0x00, 0x00, 0x00, 0x00, 0x00, 0x00, /* 行15 */
    0x00, 0x00, 0x00, 0x00, 0x00, 0x00, 0xb8, 0xff, 0xff, 0xdf, 0x00, 0x00, 0x57, 0xff, 0xff, 0xff, 0x42, 0x00, 0x00, 0x00, 0x00, 0x00, 0x00, /* 行16 */
    0x00, 0x00, 0x00, 0x00, 0x00, 0x00, 0x56, 0xff, 0xff, 0xff, 0x35, 0x00, 0xaf, 0xff, 0xff, 0xdf, 0x01, 0x00, 0x00, 0x00, 0x00, 0x00, 0x00, /* 行17 */
    0x00, 0x00, 0x00, 0x00, 0x00, 0x00, 0x07, 0xed, 0xff, 0xff, 0x88, 0x0c, 0xf7, 0xff, 0xff, 0x7f, 0x00, 0x00, 0x00, 0x00, 0x00, 0x00, 0x00, /* 行18 */
    0x00, 0x00, 0x00, 0x00, 0x00, 0x00, 0x00, 0x93, 0xff, 0xff, 0xd5, 0x54, 0xff, 0xff, 0xfe, 0x20, 0x00, 0x00, 0x00, 0x00, 0x00, 0x00, 0x00, /* 行19 */
    0x00, 0x00, 0x00, 0x00, 0x00, 0x00, 0x00, 0x32, 0xff, 0xff, 0xff, 0xbc, 0xff, 0xff, 0xbc, 0x00, 0x00, 0x00, 0x00, 0x00, 0x00, 0x00, 0x00, /* 行20 */
    0x00, 0x00, 0x00, 0x00, 0x00, 0x00, 0x00, 0x00, 0xd0, 0xff, 0xff, 0xff, 0xff, 0xff, 0x5b, 0x00, 0x00, 0x00, 0x00, 0x00, 0x00, 0x00, 0x00, /* 行21 */
    0x00, 0x00, 0x00, 0x00, 0x00, 0x00, 0x00, 0x00, 0x6f, 0xff, 0xff, 0xff, 0xff, 0xf0, 0x09, 0x00, 0x00, 0x00, 0x00, 0x00, 0x00, 0x00, 0x00, /* 行22 */
    0x00, 0x00, 0x00, 0x00, 0x00, 0x00, 0x00, 0x00, 0x13, 0xf9, 0xff, 0xff, 0xff, 0x98, 0x00, 0x00, 0x00, 0x00, 0x00, 0x00, 0x00, 0x00, 0x00, /* 行23 */
};

/* 字符 119: w    */
/*
 * ▒▒██████▒▒                    ▓▓██████▓▓                    ▒▒██████▒▒
 * ░░██████▓▓                  ░░██████████░░                  ▓▓██████░░
 *   ████████░░                ░░██████████▒▒                ░░████████  
 *   ▓▓██████░░                ▓▓██████████▓▓                ░░██████▓▓  
 *   ▒▒██████▒▒                ██████▓▓██████░░              ▒▒██████▒▒  
 *   ░░██████▓▓              ░░██████░░██████▒▒              ▓▓██████░░  
 *     ▓▓██████░░            ▓▓██████  ██████▓▓            ░░██████▓▓    
 *     ▒▒██████▒▒            ██████▓▓  ▓▓██████            ░░██████▒▒    
 *     ░░██████▓▓          ░░██████▒▒  ▒▒██████░░          ▒▒██████░░    
 *       ████████          ▒▒██████░░  ░░██████▓▓          ████████      
 *       ▓▓██████░░        ██████▓▓      ▓▓██████        ░░██████▓▓      
 *       ▒▒██████▒▒      ░░██████▒▒      ▒▒██████░░      ▒▒██████▒▒      
 *       ░░██████▓▓      ▒▒██████░░      ░░██████▒▒      ▓▓██████░░      
 *         ████████      ██████▓▓          ████████      ████████        
 *         ▓▓██████░░  ░░██████▒▒          ▒▒██████░░  ░░██████▒▒        
 *         ▒▒██████▒▒  ▒▒██████░░          ░░██████▒▒  ▒▒██████░░        
 *         ░░██████▓▓  ▓▓████▓▓              ██████▓▓  ▓▓██████░░        
 *           ▓▓██████░░██████▒▒              ▓▓██████░░██████▓▓          
 *           ▒▒██████░░██████░░              ░░██████░░██████▒▒          
 *           ░░██████▓▓██████                  ██████▓▓██████░░          
 *             ████████████▒▒                  ▓▓████████████            
 *             ▓▓██████████░░                  ▒▒██████████▓▓            
 *             ▒▒██████████                    ░░██████████▒▒            
 *             ░░████████▒▒                      ▓▓████████░░            
 */
static const unsigned char open_sans_45px_char_119_bitmap[] = {
    0x5e, 0xff, 0xff, 0xff, 0x74, 0x00, 0x00, 0x00, 0x00, 0x00, 0x00, 0x00, 0x00, 0x00, 0x00, 0x96, 0xff, 0xff, 0xff, 0xaf, 0x00, 0x00, 0x00, 0x00, 0x00, 0x00, 0x00, 0x00, 0x00, 0x00, 0x66, 0xff, 0xff, 0xff, 0x5f, /* 行 0 */
    0x18, 0xff, 0xff, 0xff, 0xb6, 0x00, 0x00, 0x00, 0x00, 0x00, 0x00, 0x00, 0x00, 0x00, 0x01, 0xe5, 0xff, 0xff, 0xff, 0xf6, 0x0a, 0x00, 0x00, 0x00, 0x00, 0x00, 0x00, 0x00, 0x00, 0x00, 0xa9, 0xff, 0xff, 0xff, 0x19, /* 行 1 */
    0x00, 0xd2, 0xff, 0xff, 0xf3, 0x04, 0x00, 0x00, 0x00, 0x00, 0x00, 0x00, 0x00, 0x00, 0x3a, 0xff, 0xff, 0xff, 0xff, 0xff, 0x50, 0x00, 0x00, 0x00, 0x00, 0x00, 0x00, 0x00, 0x00, 0x01, 0xea, 0xff, 0xff, 0xd1, 0x00, /* 行 2 */
    0x00, 0x8c, 0xff, 0xff, 0xff, 0x3a, 0x00, 0x00, 0x00, 0x00, 0x00, 0x00, 0x00, 0x00, 0x8c, 0xff, 0xff, 0xff, 0xff, 0xff, 0xa0, 0x00, 0x00, 0x00, 0x00, 0x00, 0x00, 0x00, 0x00, 0x2f, 0xff, 0xff, 0xff, 0x8a, 0x00, /* 行 3 */
    0x00, 0x46, 0xff, 0xff, 0xff, 0x7c, 0x00, 0x00, 0x00, 0x00, 0x00, 0x00, 0x00, 0x00, 0xdd, 0xff, 0xff, 0x9d, 0xff, 0xff, 0xec, 0x03, 0x00, 0x00, 0x00, 0x00, 0x00, 0x00, 0x00, 0x72, 0xff, 0xff, 0xff, 0x43, 0x00, /* 行 4 */
    0x00, 0x08, 0xf7, 0xff, 0xff, 0xbe, 0x00, 0x00, 0x00, 0x00, 0x00, 0x00, 0x00, 0x31, 0xff, 0xff, 0xfb, 0x23, 0xff, 0xff, 0xff, 0x40, 0x00, 0x00, 0x00, 0x00, 0x00, 0x00, 0x00, 0xb5, 0xff, 0xff, 0xf5, 0x07, 0x00, /* 行 5 */
    0x00, 0x00, 0xba, 0xff, 0xff, 0xf7, 0x08, 0x00, 0x00, 0x00, 0x00, 0x00, 0x00, 0x83, 0xff, 0xff, 0xc9, 0x00, 0xd5, 0xff, 0xff, 0x90, 0x00, 0x00, 0x00, 0x00, 0x00, 0x00, 0x04, 0xf3, 0xff, 0xff, 0xb5, 0x00, 0x00, /* 行 6 */
    0x00, 0x00, 0x74, 0xff, 0xff, 0xff, 0x42, 0x00, 0x00, 0x00, 0x00, 0x00, 0x00, 0xd5, 0xff, 0xff, 0x88, 0x00, 0x92, 0xff, 0xff, 0xdf, 0x00, 0x00, 0x00, 0x00, 0x00, 0x00, 0x3b, 0xff, 0xff, 0xff, 0x6e, 0x00, 0x00, /* 行 7 */
    0x00, 0x00, 0x2e, 0xff, 0xff, 0xff, 0x83, 0x00, 0x00, 0x00, 0x00, 0x00, 0x27, 0xff, 0xff, 0xff, 0x43, 0x00, 0x4e, 0xff, 0xff, 0xff, 0x30, 0x00, 0x00, 0x00, 0x00, 0x00, 0x7e, 0xff, 0xff, 0xff, 0x27, 0x00, 0x00, /* 行 8 */
    0x00, 0x00, 0x00, 0xe6, 0xff, 0xff, 0xc5, 0x00, 0x00, 0x00, 0x00, 0x00, 0x7a, 0xff, 0xff, 0xf3, 0x06, 0x00, 0x0c, 0xf8, 0xff, 0xff, 0x80, 0x00, 0x00, 0x00, 0x00, 0x00, 0xc0, 0xff, 0xff, 0xe0, 0x00, 0x00, 0x00, /* 行 9 */
    0x00, 0x00, 0x00, 0xa2, 0xff, 0xff, 0xfa, 0x0c, 0x00, 0x00, 0x00, 0x00, 0xcc, 0xff, 0xff, 0xaa, 0x00, 0x00, 0x00, 0xb6, 0xff, 0xff, 0xd1, 0x00, 0x00, 0x00, 0x00, 0x0a, 0xf9, 0xff, 0xff, 0x99, 0x00, 0x00, 0x00, /* 行10 */
    0x00, 0x00, 0x00, 0x5c, 0xff, 0xff, 0xff, 0x49, 0x00, 0x00, 0x00, 0x1e, 0xff, 0xff, 0xff, 0x57, 0x00, 0x00, 0x00, 0x65, 0xff, 0xff, 0xff, 0x21, 0x00, 0x00, 0x00, 0x46, 0xff, 0xff, 0xff, 0x52, 0x00, 0x00, 0x00, /* 行11 */
    0x00, 0x00, 0x00, 0x16, 0xfe, 0xff, 0xff, 0x8a, 0x00, 0x00, 0x00, 0x70, 0xff, 0xff, 0xf7, 0x0c, 0x00, 0x00, 0x00, 0x17, 0xfd, 0xff, 0xff, 0x71, 0x00, 0x00, 0x00, 0x88, 0xff, 0xff, 0xfc, 0x0f, 0x00, 0x00, 0x00, /* 行12 */
    0x00, 0x00, 0x00, 0x00, 0xd0, 0xff, 0xff, 0xcd, 0x00, 0x00, 0x00, 0xc2, 0xff, 0xff, 0xb1, 0x00, 0x00, 0x00, 0x00, 0x00, 0xc5, 0xff, 0xff, 0xc1, 0x00, 0x00, 0x00, 0xcb, 0xff, 0xff, 0xc4, 0x00, 0x00, 0x00, 0x00, /* 行13 */
    0x00, 0x00, 0x00, 0x00, 0x8a, 0xff, 0xff, 0xfd, 0x10, 0x00, 0x15, 0xfd, 0xff, 0xff, 0x5e, 0x00, 0x00, 0x00, 0x00, 0x00, 0x74, 0xff, 0xff, 0xfc, 0x13, 0x00, 0x0f, 0xfc, 0xff, 0xff, 0x7d, 0x00, 0x00, 0x00, 0x00, /* 行14 */
    0x00, 0x00, 0x00, 0x00, 0x44, 0xff, 0xff, 0xff, 0x4e, 0x00, 0x60, 0xff, 0xff, 0xfa, 0x11, 0x00, 0x00, 0x00, 0x00, 0x00, 0x23, 0xff, 0xff, 0xff, 0x5f, 0x00, 0x4e, 0xff, 0xff, 0xff, 0x36, 0x00, 0x00, 0x00, 0x00, /* 行15 */
    0x00, 0x00, 0x00, 0x00, 0x07, 0xf6, 0xff, 0xff, 0x8b, 0x00, 0xa9, 0xff, 0xff, 0xb9, 0x00, 0x00, 0x00, 0x00, 0x00, 0x00, 0x00, 0xd3, 0xff, 0xff, 0xa8, 0x00, 0x90, 0xff, 0xff, 0xed, 0x02, 0x00, 0x00, 0x00, 0x00, /* 行16 */
    0x00, 0x00, 0x00, 0x00, 0x00, 0xb8, 0xff, 0xff, 0xc6, 0x01, 0xec, 0xff, 0xff, 0x66, 0x00, 0x00, 0x00, 0x00, 0x00, 0x00, 0x00, 0x83, 0xff, 0xff, 0xeb, 0x01, 0xcf, 0xff, 0xff, 0xa8, 0x00, 0x00, 0x00, 0x00, 0x00, /* 行17 */
    0x00, 0x00, 0x00, 0x00, 0x00, 0x72, 0xff, 0xff, 0xf7, 0x34, 0xff, 0xff, 0xfd, 0x16, 0x00, 0x00, 0x00, 0x00, 0x00, 0x00, 0x00, 0x33, 0xff, 0xff, 0xff, 0x36, 0xfc, 0xff, 0xff, 0x61, 0x00, 0x00, 0x00, 0x00, 0x00, /* 行18 */
    0x00, 0x00, 0x00, 0x00, 0x00, 0x2c, 0xff, 0xff, 0xff, 0x96, 0xff, 0xff, 0xc0, 0x00, 0x00, 0x00, 0x00, 0x00, 0x00, 0x00, 0x00, 0x00, 0xe1, 0xff, 0xff, 0x98, 0xff, 0xff, 0xff, 0x1b, 0x00, 0x00, 0x00, 0x00, 0x00, /* 行19 */
    0x00, 0x00, 0x00, 0x00, 0x00, 0x00, 0xe5, 0xff, 0xff, 0xf8, 0xff, 0xff, 0x6d, 0x00, 0x00, 0x00, 0x00, 0x00, 0x00, 0x00, 0x00, 0x00, 0x92, 0xff, 0xff, 0xfa, 0xff, 0xff, 0xd3, 0x00, 0x00, 0x00, 0x00, 0x00, 0x00, /* 行20 */
    0x00, 0x00, 0x00, 0x00, 0x00, 0x00, 0xa0, 0xff, 0xff, 0xff, 0xff, 0xfe, 0x1c, 0x00, 0x00, 0x00, 0x00, 0x00, 0x00, 0x00, 0x00, 0x00, 0x41, 0xff, 0xff, 0xff, 0xff, 0xff, 0x8c, 0x00, 0x00, 0x00, 0x00, 0x00, 0x00, /* 行21 */
    0x00, 0x00, 0x00, 0x00, 0x00, 0x00, 0x5a, 0xff, 0xff, 0xff, 0xff, 0xc7, 0x00, 0x00, 0x00, 0x00, 0x00, 0x00, 0x00, 0x00, 0x00, 0x00, 0x03, 0xed, 0xff, 0xff, 0xff, 0xff, 0x45, 0x00, 0x00, 0x00, 0x00, 0x00, 0x00, /* 行22 */
    0x00, 0x00, 0x00, 0x00, 0x00, 0x00, 0x15, 0xfe, 0xff, 0xff, 0xff, 0x75, 0x00, 0x00, 0x00, 0x00, 0x00, 0x00, 0x00, 0x00, 0x00, 0x00, 0x00, 0xa0, 0xff, 0xff, 0xff, 0xf6, 0x08, 0x00, 0x00, 0x00, 0x00, 0x00, 0x00, /* 行23 */
};

/* 字符 120: x    */
/*
 *   ▒▒████████░░                    ░░████████░░
 *     ▓▓██████▒▒                  ░░████████░░  
 *     ░░████████░░                ▓▓██████▒▒    
 *       ░░████████░░            ▒▒██████▓▓░░    
 *         ▒▒██████▓▓          ░░████████░░      
 *         ░░████████░░        ▓▓██████▒▒        
 *           ░░████████░░    ▒▒██████▓▓          
 *             ▒▒██████▓▓  ░░████████░░          
 *               ▓▓██████▒▒▓▓██████░░            
 *               ░░██████████████▒▒              
 *                 ░░██████████▓▓░░              
 *                   ▓▓████████░░                
 *                 ░░██████████▒▒                
 *                 ▓▓████████████░░              
 *               ▒▒██████▓▓████████░░            
 *             ░░████████░░▒▒██████▓▓            
 *           ░░▓▓██████░░    ▓▓██████▒▒          
 *           ▒▒██████▓▓      ░░████████░░        
 *         ░░████████░░        ▒▒██████▓▓░░      
 *       ░░████████░░            ▓▓██████▒▒      
 *       ▓▓██████▒▒              ░░████████░░    
 *     ▒▒██████▓▓░░                ░░████████░░  
 *   ░░████████░░                    ▒▒██████▓▓  
 * ░░████████▒▒                      ░░████████▒▒
 */
static const unsigned char open_sans_45px_char_120_bitmap[] = {
    0x00, 0x59, 0xff, 0xff, 0xff, 0xc7, 0x03, 0x00, 0x00, 0x00, 0x00, 0x00, 0x00, 0x00, 0x00, 0x00, 0x00, 0x3b, 0xfd, 0xff, 0xff, 0xd6, 0x09, /* 行 0 */
    0x00, 0x00, 0xa2, 0xff, 0xff, 0xff, 0x7c, 0x00, 0x00, 0x00, 0x00, 0x00, 0x00, 0x00, 0x00, 0x00, 0x0b, 0xdc, 0xff, 0xff, 0xf9, 0x30, 0x00, /* 行 1 */
    0x00, 0x00, 0x0d, 0xdd, 0xff, 0xff, 0xfa, 0x32, 0x00, 0x00, 0x00, 0x00, 0x00, 0x00, 0x00, 0x00, 0x99, 0xff, 0xff, 0xff, 0x72, 0x00, 0x00, /* 行 2 */
    0x00, 0x00, 0x00, 0x38, 0xfb, 0xff, 0xff, 0xd5, 0x08, 0x00, 0x00, 0x00, 0x00, 0x00, 0x00, 0x48, 0xff, 0xff, 0xff, 0xba, 0x01, 0x00, 0x00, /* 行 3 */
    0x00, 0x00, 0x00, 0x00, 0x7d, 0xff, 0xff, 0xff, 0x8d, 0x00, 0x00, 0x00, 0x00, 0x00, 0x12, 0xe6, 0xff, 0xff, 0xeb, 0x19, 0x00, 0x00, 0x00, /* 行 4 */
    0x00, 0x00, 0x00, 0x00, 0x03, 0xc3, 0xff, 0xff, 0xfe, 0x3f, 0x00, 0x00, 0x00, 0x00, 0xa8, 0xff, 0xff, 0xff, 0x4e, 0x00, 0x00, 0x00, 0x00, /* 行 5 */
    0x00, 0x00, 0x00, 0x00, 0x00, 0x1f, 0xf0, 0xff, 0xff, 0xe0, 0x0e, 0x00, 0x00, 0x59, 0xff, 0xff, 0xff, 0x96, 0x00, 0x00, 0x00, 0x00, 0x00, /* 行 6 */
    0x00, 0x00, 0x00, 0x00, 0x00, 0x00, 0x58, 0xff, 0xff, 0xff, 0x9f, 0x00, 0x1a, 0xed, 0xff, 0xff, 0xd6, 0x09, 0x00, 0x00, 0x00, 0x00, 0x00, /* 行 7 */
    0x00, 0x00, 0x00, 0x00, 0x00, 0x00, 0x00, 0xa1, 0xff, 0xff, 0xff, 0x50, 0xb7, 0xff, 0xff, 0xf9, 0x2f, 0x00, 0x00, 0x00, 0x00, 0x00, 0x00, /* 行 8 */
    0x00, 0x00, 0x00, 0x00, 0x00, 0x00, 0x00, 0x0d, 0xdd, 0xff, 0xff, 0xf8, 0xff, 0xff, 0xff, 0x71, 0x00, 0x00, 0x00, 0x00, 0x00, 0x00, 0x00, /* 行 9 */
    0x00, 0x00, 0x00, 0x00, 0x00, 0x00, 0x00, 0x00, 0x37, 0xfb, 0xff, 0xff, 0xff, 0xff, 0xb9, 0x01, 0x00, 0x00, 0x00, 0x00, 0x00, 0x00, 0x00, /* 行10 */
    0x00, 0x00, 0x00, 0x00, 0x00, 0x00, 0x00, 0x00, 0x00, 0x8a, 0xff, 0xff, 0xff, 0xf8, 0x19, 0x00, 0x00, 0x00, 0x00, 0x00, 0x00, 0x00, 0x00, /* 行11 */
    0x00, 0x00, 0x00, 0x00, 0x00, 0x00, 0x00, 0x00, 0x0b, 0xd8, 0xff, 0xff, 0xff, 0xff, 0x6b, 0x00, 0x00, 0x00, 0x00, 0x00, 0x00, 0x00, 0x00, /* 行12 */
    0x00, 0x00, 0x00, 0x00, 0x00, 0x00, 0x00, 0x00, 0x9c, 0xff, 0xff, 0xff, 0xff, 0xff, 0xf7, 0x2b, 0x00, 0x00, 0x00, 0x00, 0x00, 0x00, 0x00, /* 行13 */
    0x00, 0x00, 0x00, 0x00, 0x00, 0x00, 0x00, 0x53, 0xff, 0xff, 0xff, 0xb3, 0xf0, 0xff, 0xff, 0xd2, 0x08, 0x00, 0x00, 0x00, 0x00, 0x00, 0x00, /* 行14 */
    0x00, 0x00, 0x00, 0x00, 0x00, 0x00, 0x1c, 0xed, 0xff, 0xff, 0xe1, 0x0f, 0x5c, 0xff, 0xff, 0xff, 0x92, 0x00, 0x00, 0x00, 0x00, 0x00, 0x00, /* 行15 */
    0x00, 0x00, 0x00, 0x00, 0x00, 0x02, 0xbf, 0xff, 0xff, 0xfd, 0x3f, 0x00, 0x00, 0xa9, 0xff, 0xff, 0xff, 0x4a, 0x00, 0x00, 0x00, 0x00, 0x00, /* 行16 */
    0x00, 0x00, 0x00, 0x00, 0x00, 0x7a, 0xff, 0xff, 0xff, 0x8a, 0x00, 0x00, 0x00, 0x12, 0xe5, 0xff, 0xff, 0xe9, 0x17, 0x00, 0x00, 0x00, 0x00, /* 行17 */
    0x00, 0x00, 0x00, 0x00, 0x36, 0xfb, 0xff, 0xff, 0xd0, 0x06, 0x00, 0x00, 0x00, 0x00, 0x47, 0xff, 0xff, 0xff, 0xb7, 0x01, 0x00, 0x00, 0x00, /* 行18 */
    0x00, 0x00, 0x00, 0x0d, 0xdc, 0xff, 0xff, 0xf7, 0x2b, 0x00, 0x00, 0x00, 0x00, 0x00, 0x00, 0x95, 0xff, 0xff, 0xff, 0x71, 0x00, 0x00, 0x00, /* 行19 */
    0x00, 0x00, 0x00, 0xa1, 0xff, 0xff, 0xff, 0x6f, 0x00, 0x00, 0x00, 0x00, 0x00, 0x00, 0x00, 0x0a, 0xd8, 0xff, 0xff, 0xf8, 0x2f, 0x00, 0x00, /* 行20 */
    0x00, 0x00, 0x58, 0xff, 0xff, 0xff, 0xba, 0x01, 0x00, 0x00, 0x00, 0x00, 0x00, 0x00, 0x00, 0x00, 0x35, 0xfb, 0xff, 0xff, 0xd6, 0x09, 0x00, /* 行21 */
    0x00, 0x1f, 0xf0, 0xff, 0xff, 0xed, 0x1b, 0x00, 0x00, 0x00, 0x00, 0x00, 0x00, 0x00, 0x00, 0x00, 0x00, 0x7f, 0xff, 0xff, 0xff, 0x98, 0x00, /* 行22 */
    0x03, 0xc4, 0xff, 0xff, 0xff, 0x55, 0x00, 0x00, 0x00, 0x00, 0x00, 0x00, 0x00, 0x00, 0x00, 0x00, 0x00, 0x04, 0xc9, 0xff, 0xff, 0xff, 0x50, /* 行23 */
};

/* 字符 121: y    */
/*
 * ████████░░                          ▒▒██████▒▒
 * ▒▒██████▓▓                          ████████░░
 * ░░████████░░                      ░░██████▓▓  
 *   ▓▓██████▒▒                      ▓▓██████▒▒  
 *   ░░██████▓▓                    ░░████████░░  
 *     ████████░░                  ▒▒██████▓▓    
 *     ▒▒██████▒▒                  ▓▓██████░░    
 *     ░░████████                ░░████████      
 *       ▓▓██████░░              ▒▒██████▒▒      
 *       ░░██████▓▓              ▓▓██████░░      
 *         ████████░░          ░░██████▓▓        
 *         ▒▒██████▒▒          ▒▒██████▒▒        
 *         ░░██████▓▓          ████████░░        
 *           ▓▓██████░░      ░░██████▓▓          
 *           ░░██████▒▒      ▒▒██████░░          
 *             ████████      ████████            
 *             ▒▒██████░░  ░░██████▒▒            
 *             ░░██████▓▓  ▓▓██████░░            
 *               ▓▓██████  ██████▓▓              
 *               ░░██████░░██████▒▒              
 *                 ██████████████░░              
 *                 ▒▒██████████▓▓                
 *                 ░░██████████░░                
 *                   ▓▓████████                  
 *                   ▒▒██████▒▒                  
 *                   ▓▓██████░░                  
 *                 ░░██████▓▓                    
 *                 ▒▒██████▒▒                    
 *               ░░████████░░                    
 *               ▒▒██████▒▒                      
 *             ▒▒████████░░                      
 * ░░░░░░░░░░▓▓████████▒▒                        
 * ▓▓████████████████▒▒                          
 * ▓▓██████████████▒▒                            
 * ▒▒██████████▓▓░░                              
 */
static const unsigned char open_sans_45px_char_121_bitmap[] = {
    0xc1, 0xff, 0xff, 0xff, 0x25, 0x00, 0x00, 0x00, 0x00, 0x00, 0x00, 0x00, 0x00, 0x00, 0x00, 0x00, 0x00, 0x00, 0x77, 0xff, 0xff, 0xff, 0x6f, /* 行 0 */
    0x5b, 0xff, 0xff, 0xff, 0x87, 0x00, 0x00, 0x00, 0x00, 0x00, 0x00, 0x00, 0x00, 0x00, 0x00, 0x00, 0x00, 0x00, 0xd3, 0xff, 0xff, 0xfa, 0x14, /* 行 1 */
    0x07, 0xec, 0xff, 0xff, 0xe5, 0x03, 0x00, 0x00, 0x00, 0x00, 0x00, 0x00, 0x00, 0x00, 0x00, 0x00, 0x00, 0x30, 0xff, 0xff, 0xff, 0xaf, 0x00, /* 行 2 */
    0x00, 0x8f, 0xff, 0xff, 0xff, 0x4b, 0x00, 0x00, 0x00, 0x00, 0x00, 0x00, 0x00, 0x00, 0x00, 0x00, 0x00, 0x8b, 0xff, 0xff, 0xff, 0x4e, 0x00, /* 行 3 */
    0x00, 0x29, 0xff, 0xff, 0xff, 0xad, 0x00, 0x00, 0x00, 0x00, 0x00, 0x00, 0x00, 0x00, 0x00, 0x00, 0x02, 0xe5, 0xff, 0xff, 0xe9, 0x04, 0x00, /* 行 4 */
    0x00, 0x00, 0xc2, 0xff, 0xff, 0xfa, 0x15, 0x00, 0x00, 0x00, 0x00, 0x00, 0x00, 0x00, 0x00, 0x00, 0x44, 0xff, 0xff, 0xff, 0x8e, 0x00, 0x00, /* 行 5 */
    0x00, 0x00, 0x5c, 0xff, 0xff, 0xff, 0x72, 0x00, 0x00, 0x00, 0x00, 0x00, 0x00, 0x00, 0x00, 0x00, 0x9f, 0xff, 0xff, 0xff, 0x2e, 0x00, 0x00, /* 行 6 */
    0x00, 0x00, 0x08, 0xed, 0xff, 0xff, 0xd4, 0x00, 0x00, 0x00, 0x00, 0x00, 0x00, 0x00, 0x00, 0x09, 0xf2, 0xff, 0xff, 0xcd, 0x00, 0x00, 0x00, /* 行 7 */
    0x00, 0x00, 0x00, 0x8f, 0xff, 0xff, 0xff, 0x36, 0x00, 0x00, 0x00, 0x00, 0x00, 0x00, 0x00, 0x57, 0xff, 0xff, 0xff, 0x6d, 0x00, 0x00, 0x00, /* 行 8 */
    0x00, 0x00, 0x00, 0x29, 0xff, 0xff, 0xff, 0x98, 0x00, 0x00, 0x00, 0x00, 0x00, 0x00, 0x00, 0xb4, 0xff, 0xff, 0xf9, 0x13, 0x00, 0x00, 0x00, /* 行 9 */
    0x00, 0x00, 0x00, 0x00, 0xc3, 0xff, 0xff, 0xf1, 0x09, 0x00, 0x00, 0x00, 0x00, 0x00, 0x14, 0xfa, 0xff, 0xff, 0xac, 0x00, 0x00, 0x00, 0x00, /* 行10 */
    0x00, 0x00, 0x00, 0x00, 0x5d, 0xff, 0xff, 0xff, 0x5d, 0x00, 0x00, 0x00, 0x00, 0x00, 0x6a, 0xff, 0xff, 0xff, 0x4c, 0x00, 0x00, 0x00, 0x00, /* 行11 */
    0x00, 0x00, 0x00, 0x00, 0x08, 0xed, 0xff, 0xff, 0xbf, 0x00, 0x00, 0x00, 0x00, 0x00, 0xc6, 0xff, 0xff, 0xe8, 0x04, 0x00, 0x00, 0x00, 0x00, /* 行12 */
    0x00, 0x00, 0x00, 0x00, 0x00, 0x90, 0xff, 0xff, 0xfe, 0x22, 0x00, 0x00, 0x00, 0x21, 0xff, 0xff, 0xff, 0x8b, 0x00, 0x00, 0x00, 0x00, 0x00, /* 行13 */
    0x00, 0x00, 0x00, 0x00, 0x00, 0x2a, 0xff, 0xff, 0xff, 0x7e, 0x00, 0x00, 0x00, 0x7a, 0xff, 0xff, 0xff, 0x2b, 0x00, 0x00, 0x00, 0x00, 0x00, /* 行14 */
    0x00, 0x00, 0x00, 0x00, 0x00, 0x00, 0xc4, 0xff, 0xff, 0xd9, 0x00, 0x00, 0x00, 0xd4, 0xff, 0xff, 0xcb, 0x00, 0x00, 0x00, 0x00, 0x00, 0x00, /* 行15 */
    0x00, 0x00, 0x00, 0x00, 0x00, 0x00, 0x5d, 0xff, 0xff, 0xff, 0x31, 0x00, 0x2b, 0xff, 0xff, 0xff, 0x6b, 0x00, 0x00, 0x00, 0x00, 0x00, 0x00, /* 行16 */
    0x00, 0x00, 0x00, 0x00, 0x00, 0x00, 0x08, 0xee, 0xff, 0xff, 0x86, 0x00, 0x80, 0xff, 0xff, 0xf8, 0x12, 0x00, 0x00, 0x00, 0x00, 0x00, 0x00, /* 行17 */
    0x00, 0x00, 0x00, 0x00, 0x00, 0x00, 0x00, 0x91, 0xff, 0xff, 0xd4, 0x00, 0xd3, 0xff, 0xff, 0xaa, 0x00, 0x00, 0x00, 0x00, 0x00, 0x00, 0x00, /* 行18 */
    0x00, 0x00, 0x00, 0x00, 0x00, 0x00, 0x00, 0x2b, 0xff, 0xff, 0xff, 0x3f, 0xff, 0xff, 0xff, 0x4a, 0x00, 0x00, 0x00, 0x00, 0x00, 0x00, 0x00, /* 行19 */
    0x00, 0x00, 0x00, 0x00, 0x00, 0x00, 0x00, 0x00, 0xc5, 0xff, 0xff, 0xce, 0xff, 0xff, 0xe6, 0x03, 0x00, 0x00, 0x00, 0x00, 0x00, 0x00, 0x00, /* 行20 */
    0x00, 0x00, 0x00, 0x00, 0x00, 0x00, 0x00, 0x00, 0x5e, 0xff, 0xff, 0xff, 0xff, 0xff, 0x89, 0x00, 0x00, 0x00, 0x00, 0x00, 0x00, 0x00, 0x00, /* 行21 */
    0x00, 0x00, 0x00, 0x00, 0x00, 0x00, 0x00, 0x00, 0x09, 0xee, 0xff, 0xff, 0xff, 0xff, 0x29, 0x00, 0x00, 0x00, 0x00, 0x00, 0x00, 0x00, 0x00, /* 行22 */
    0x00, 0x00, 0x00, 0x00, 0x00, 0x00, 0x00, 0x00, 0x00, 0x92, 0xff, 0xff, 0xff, 0xc9, 0x00, 0x00, 0x00, 0x00, 0x00, 0x00, 0x00, 0x00, 0x00, /* 行23 */
    0x00, 0x00, 0x00, 0x00, 0x00, 0x00, 0x00, 0x00, 0x00, 0x5d, 0xff, 0xff, 0xff, 0x68, 0x00, 0x00, 0x00, 0x00, 0x00, 0x00, 0x00, 0x00, 0x00, /* 行24 */
    0x00, 0x00, 0x00, 0x00, 0x00, 0x00, 0x00, 0x00, 0x00, 0xb7, 0xff, 0xff, 0xf7, 0x10, 0x00, 0x00, 0x00, 0x00, 0x00, 0x00, 0x00, 0x00, 0x00, /* 行25 */
    0x00, 0x00, 0x00, 0x00, 0x00, 0x00, 0x00, 0x00, 0x1c, 0xfd, 0xff, 0xff, 0xa8, 0x00, 0x00, 0x00, 0x00, 0x00, 0x00, 0x00, 0x00, 0x00, 0x00, /* 行26 */
    0x00, 0x00, 0x00, 0x00, 0x00, 0x00, 0x00, 0x00, 0x7d, 0xff, 0xff, 0xff, 0x46, 0x00, 0x00, 0x00, 0x00, 0x00, 0x00, 0x00, 0x00, 0x00, 0x00, /* 行27 */
    0x00, 0x00, 0x00, 0x00, 0x00, 0x00, 0x00, 0x06, 0xe4, 0xff, 0xff, 0xda, 0x01, 0x00, 0x00, 0x00, 0x00, 0x00, 0x00, 0x00, 0x00, 0x00, 0x00, /* 行28 */
    0x00, 0x00, 0x00, 0x00, 0x00, 0x00, 0x00, 0x7c, 0xff, 0xff, 0xff, 0x69, 0x00, 0x00, 0x00, 0x00, 0x00, 0x00, 0x00, 0x00, 0x00, 0x00, 0x00, /* 行29 */
    0x00, 0x00, 0x00, 0x00, 0x00, 0x00, 0x51, 0xfb, 0xff, 0xff, 0xdc, 0x05, 0x00, 0x00, 0x00, 0x00, 0x00, 0x00, 0x00, 0x00, 0x00, 0x00, 0x00, /* 行30 */
    0x28, 0x1f, 0x0e, 0x10, 0x39, 0x9d, 0xfe, 0xff, 0xff, 0xfd, 0x41, 0x00, 0x00, 0x00, 0x00, 0x00, 0x00, 0x00, 0x00, 0x00, 0x00, 0x00, 0x00, /* 行31 */
    0xa4, 0xff, 0xff, 0xff, 0xff, 0xff, 0xff, 0xff, 0xff, 0x77, 0x00, 0x00, 0x00, 0x00, 0x00, 0x00, 0x00, 0x00, 0x00, 0x00, 0x00, 0x00, 0x00, /* 行32 */
    0xa4, 0xff, 0xff, 0xff, 0xff, 0xff, 0xff, 0xf6, 0x69, 0x00, 0x00, 0x00, 0x00, 0x00, 0x00, 0x00, 0x00, 0x00, 0x00, 0x00, 0x00, 0x00, 0x00, /* 行33 */
    0x6f, 0xd2, 0xf0, 0xfc, 0xf0, 0xcb, 0x84, 0x1b, 0x00, 0x00, 0x00, 0x00, 0x00, 0x00, 0x00, 0x00, 0x00, 0x00, 0x00, 0x00, 0x00, 0x00, 0x00, /* 行34 */
};

/* 字符 122: z    */
/*
 *   ▒▒████████████████████████████████  
 *   ▒▒████████████████████████████████  
 *   ▒▒████████████████████████████████  
 *                           ▓▓██████▒▒  
 *                         ░░██████▓▓░░  
 *                       ░░████████░░    
 *                       ▓▓██████▒▒      
 *                     ▒▒██████▓▓        
 *                   ░░████████░░        
 *                 ░░▓▓██████░░          
 *                 ▒▒██████▓▓            
 *               ░░████████░░            
 *             ░░████████░░              
 *             ▓▓██████▒▒                
 *           ▒▒██████▓▓                  
 *         ░░████████░░                  
 *         ▓▓██████▒▒                    
 *       ▒▒██████▓▓                      
 *     ░░████████░░                      
 *   ░░████████░░                        
 *   ▒▒██████▒▒                          
 * ░░██████████████████████████████████░░
 * ░░██████████████████████████████████▒▒
 * ░░██████████████████████████████████▒▒
 */
static const unsigned char open_sans_45px_char_122_bitmap[] = {
    0x00, 0x64, 0xff, 0xff, 0xff, 0xff, 0xff, 0xff, 0xff, 0xff, 0xff, 0xff, 0xff, 0xff, 0xff, 0xff, 0xff, 0xf0, 0x00, /* 行 0 */
    0x00, 0x64, 0xff, 0xff, 0xff, 0xff, 0xff, 0xff, 0xff, 0xff, 0xff, 0xff, 0xff, 0xff, 0xff, 0xff, 0xff, 0xf0, 0x00, /* 行 1 */
    0x00, 0x52, 0xd4, 0xd4, 0xd4, 0xd4, 0xd4, 0xd4, 0xd4, 0xd4, 0xd4, 0xd4, 0xd4, 0xd9, 0xff, 0xff, 0xff, 0xed, 0x00, /* 行 2 */
    0x00, 0x00, 0x00, 0x00, 0x00, 0x00, 0x00, 0x00, 0x00, 0x00, 0x00, 0x00, 0x00, 0x89, 0xff, 0xff, 0xff, 0x76, 0x00, /* 行 3 */
    0x00, 0x00, 0x00, 0x00, 0x00, 0x00, 0x00, 0x00, 0x00, 0x00, 0x00, 0x00, 0x3f, 0xfd, 0xff, 0xff, 0xbf, 0x02, 0x00, /* 行 4 */
    0x00, 0x00, 0x00, 0x00, 0x00, 0x00, 0x00, 0x00, 0x00, 0x00, 0x00, 0x0f, 0xe1, 0xff, 0xff, 0xef, 0x1d, 0x00, 0x00, /* 行 5 */
    0x00, 0x00, 0x00, 0x00, 0x00, 0x00, 0x00, 0x00, 0x00, 0x00, 0x00, 0xa5, 0xff, 0xff, 0xff, 0x57, 0x00, 0x00, 0x00, /* 行 6 */
    0x00, 0x00, 0x00, 0x00, 0x00, 0x00, 0x00, 0x00, 0x00, 0x00, 0x58, 0xff, 0xff, 0xff, 0xa3, 0x00, 0x00, 0x00, 0x00, /* 行 7 */
    0x00, 0x00, 0x00, 0x00, 0x00, 0x00, 0x00, 0x00, 0x00, 0x1d, 0xef, 0xff, 0xff, 0xdf, 0x0e, 0x00, 0x00, 0x00, 0x00, /* 行 8 */
    0x00, 0x00, 0x00, 0x00, 0x00, 0x00, 0x00, 0x00, 0x01, 0xbe, 0xff, 0xff, 0xfd, 0x3c, 0x00, 0x00, 0x00, 0x00, 0x00, /* 行 9 */
    0x00, 0x00, 0x00, 0x00, 0x00, 0x00, 0x00, 0x00, 0x74, 0xff, 0xff, 0xff, 0x84, 0x00, 0x00, 0x00, 0x00, 0x00, 0x00, /* 行10 */
    0x00, 0x00, 0x00, 0x00, 0x00, 0x00, 0x00, 0x2e, 0xf8, 0xff, 0xff, 0xcb, 0x05, 0x00, 0x00, 0x00, 0x00, 0x00, 0x00, /* 行11 */
    0x00, 0x00, 0x00, 0x00, 0x00, 0x00, 0x08, 0xd3, 0xff, 0xff, 0xf5, 0x26, 0x00, 0x00, 0x00, 0x00, 0x00, 0x00, 0x00, /* 行12 */
    0x00, 0x00, 0x00, 0x00, 0x00, 0x00, 0x90, 0xff, 0xff, 0xff, 0x66, 0x00, 0x00, 0x00, 0x00, 0x00, 0x00, 0x00, 0x00, /* 行13 */
    0x00, 0x00, 0x00, 0x00, 0x00, 0x44, 0xfe, 0xff, 0xff, 0xb1, 0x00, 0x00, 0x00, 0x00, 0x00, 0x00, 0x00, 0x00, 0x00, /* 行14 */
    0x00, 0x00, 0x00, 0x00, 0x12, 0xe5, 0xff, 0xff, 0xe7, 0x15, 0x00, 0x00, 0x00, 0x00, 0x00, 0x00, 0x00, 0x00, 0x00, /* 行15 */
    0x00, 0x00, 0x00, 0x00, 0xab, 0xff, 0xff, 0xff, 0x49, 0x00, 0x00, 0x00, 0x00, 0x00, 0x00, 0x00, 0x00, 0x00, 0x00, /* 行16 */
    0x00, 0x00, 0x00, 0x5f, 0xff, 0xff, 0xff, 0x93, 0x00, 0x00, 0x00, 0x00, 0x00, 0x00, 0x00, 0x00, 0x00, 0x00, 0x00, /* 行17 */
    0x00, 0x00, 0x20, 0xf1, 0xff, 0xff, 0xd5, 0x09, 0x00, 0x00, 0x00, 0x00, 0x00, 0x00, 0x00, 0x00, 0x00, 0x00, 0x00, /* 行18 */
    0x00, 0x02, 0xc3, 0xff, 0xff, 0xf9, 0x30, 0x00, 0x00, 0x00, 0x00, 0x00, 0x00, 0x00, 0x00, 0x00, 0x00, 0x00, 0x00, /* 行19 */
    0x00, 0x7b, 0xff, 0xff, 0xff, 0x75, 0x00, 0x00, 0x00, 0x00, 0x00, 0x00, 0x00, 0x00, 0x00, 0x00, 0x00, 0x00, 0x00, /* 行20 */
    0x1f, 0xfa, 0xff, 0xff, 0xff, 0xd6, 0xd4, 0xd4, 0xd4, 0xd4, 0xd4, 0xd4, 0xd4, 0xd4, 0xd4, 0xd4, 0xd4, 0xd4, 0x38, /* 行21 */
    0x34, 0xff, 0xff, 0xff, 0xff, 0xff, 0xff, 0xff, 0xff, 0xff, 0xff, 0xff, 0xff, 0xff, 0xff, 0xff, 0xff, 0xff, 0x44, /* 行22 */
    0x34, 0xff, 0xff, 0xff, 0xff, 0xff, 0xff, 0xff, 0xff, 0xff, 0xff, 0xff, 0xff, 0xff, 0xff, 0xff, 0xff, 0xff, 0x44, /* 行23 */
};

/* 字符 123: {    */
/*
 *                   ░░▒▒▓▓████▒▒
 *                 ▒▒██████████▒▒
 *               ▓▓████████████▒▒
 *             ▒▒████████▓▓▒▒░░░░
 *             ████████▒▒        
 *           ░░████████          
 *           ░░██████▓▓          
 *           ░░██████▒▒          
 *           ▒▒██████▒▒          
 *           ▒▒██████▒▒          
 *           ▒▒██████▒▒          
 *           ▒▒██████▒▒          
 *           ▒▒██████▒▒          
 *           ▒▒██████▒▒          
 *           ▒▒██████▒▒          
 *           ▓▓██████░░          
 *         ░░████████░░          
 * ░░░░▒▒▓▓████████░░            
 * ▓▓████████████░░              
 * ▓▓████████▒▒                  
 * ▓▓████████████░░              
 * ░░░░▒▒▓▓████████░░            
 *         ░░████████░░          
 *           ▓▓██████░░          
 *           ▒▒██████▒▒          
 *           ▒▒██████▒▒          
 *           ▒▒██████▒▒          
 *           ▒▒██████▒▒          
 *           ▒▒██████▒▒          
 *           ▒▒██████▒▒          
 *           ▒▒██████▒▒          
 *           ░░██████▒▒          
 *           ░░██████▓▓          
 *           ░░████████          
 *             ████████▒▒        
 *             ▒▒████████▓▓▒▒░░░░
 *               ▓▓████████████▒▒
 *                 ▒▒██████████▒▒
 *                   ░░▒▒▓▓████▒▒
 */
static const unsigned char open_sans_45px_char_123_bitmap[] = {
    0x00, 0x00, 0x00, 0x00, 0x00, 0x00, 0x00, 0x00, 0x00, 0x0a, 0x60, 0xa7, 0xd9, 0xf0, 0x7a, /* 行 0 */
    0x00, 0x00, 0x00, 0x00, 0x00, 0x00, 0x00, 0x00, 0x5e, 0xec, 0xff, 0xff, 0xff, 0xff, 0x7c, /* 行 1 */
    0x00, 0x00, 0x00, 0x00, 0x00, 0x00, 0x00, 0x84, 0xff, 0xff, 0xff, 0xff, 0xff, 0xff, 0x7c, /* 行 2 */
    0x00, 0x00, 0x00, 0x00, 0x00, 0x00, 0x48, 0xff, 0xff, 0xff, 0xff, 0xb2, 0x50, 0x1f, 0x06, /* 行 3 */
    0x00, 0x00, 0x00, 0x00, 0x00, 0x00, 0xc6, 0xff, 0xff, 0xff, 0x6e, 0x00, 0x00, 0x00, 0x00, /* 行 4 */
    0x00, 0x00, 0x00, 0x00, 0x00, 0x13, 0xfe, 0xff, 0xff, 0xcb, 0x00, 0x00, 0x00, 0x00, 0x00, /* 行 5 */
    0x00, 0x00, 0x00, 0x00, 0x00, 0x31, 0xff, 0xff, 0xff, 0x85, 0x00, 0x00, 0x00, 0x00, 0x00, /* 行 6 */
    0x00, 0x00, 0x00, 0x00, 0x00, 0x3f, 0xff, 0xff, 0xff, 0x71, 0x00, 0x00, 0x00, 0x00, 0x00, /* 行 7 */
    0x00, 0x00, 0x00, 0x00, 0x00, 0x40, 0xff, 0xff, 0xff, 0x70, 0x00, 0x00, 0x00, 0x00, 0x00, /* 行 8 */
    0x00, 0x00, 0x00, 0x00, 0x00, 0x40, 0xff, 0xff, 0xff, 0x70, 0x00, 0x00, 0x00, 0x00, 0x00, /* 行 9 */
    0x00, 0x00, 0x00, 0x00, 0x00, 0x40, 0xff, 0xff, 0xff, 0x70, 0x00, 0x00, 0x00, 0x00, 0x00, /* 行10 */
    0x00, 0x00, 0x00, 0x00, 0x00, 0x40, 0xff, 0xff, 0xff, 0x70, 0x00, 0x00, 0x00, 0x00, 0x00, /* 行11 */
    0x00, 0x00, 0x00, 0x00, 0x00, 0x40, 0xff, 0xff, 0xff, 0x70, 0x00, 0x00, 0x00, 0x00, 0x00, /* 行12 */
    0x00, 0x00, 0x00, 0x00, 0x00, 0x40, 0xff, 0xff, 0xff, 0x6f, 0x00, 0x00, 0x00, 0x00, 0x00, /* 行13 */
    0x00, 0x00, 0x00, 0x00, 0x00, 0x4f, 0xff, 0xff, 0xff, 0x63, 0x00, 0x00, 0x00, 0x00, 0x00, /* 行14 */
    0x00, 0x00, 0x00, 0x00, 0x00, 0x8b, 0xff, 0xff, 0xff, 0x3a, 0x00, 0x00, 0x00, 0x00, 0x00, /* 行15 */
    0x00, 0x00, 0x00, 0x00, 0x30, 0xf4, 0xff, 0xff, 0xdd, 0x02, 0x00, 0x00, 0x00, 0x00, 0x00, /* 行16 */
    0x08, 0x1b, 0x43, 0x90, 0xf7, 0xff, 0xff, 0xf7, 0x3f, 0x00, 0x00, 0x00, 0x00, 0x00, 0x00, /* 行17 */
    0xa8, 0xff, 0xff, 0xff, 0xff, 0xff, 0xc4, 0x34, 0x00, 0x00, 0x00, 0x00, 0x00, 0x00, 0x00, /* 行18 */
    0xa8, 0xff, 0xff, 0xff, 0xd4, 0x45, 0x00, 0x00, 0x00, 0x00, 0x00, 0x00, 0x00, 0x00, 0x00, /* 行19 */
    0xa8, 0xff, 0xff, 0xff, 0xff, 0xff, 0xc2, 0x33, 0x00, 0x00, 0x00, 0x00, 0x00, 0x00, 0x00, /* 行20 */
    0x0a, 0x1d, 0x46, 0x97, 0xf9, 0xff, 0xff, 0xf7, 0x3f, 0x00, 0x00, 0x00, 0x00, 0x00, 0x00, /* 行21 */
    0x00, 0x00, 0x00, 0x00, 0x36, 0xf6, 0xff, 0xff, 0xdc, 0x02, 0x00, 0x00, 0x00, 0x00, 0x00, /* 行22 */
    0x00, 0x00, 0x00, 0x00, 0x00, 0x90, 0xff, 0xff, 0xff, 0x3a, 0x00, 0x00, 0x00, 0x00, 0x00, /* 行23 */
    0x00, 0x00, 0x00, 0x00, 0x00, 0x52, 0xff, 0xff, 0xff, 0x63, 0x00, 0x00, 0x00, 0x00, 0x00, /* 行24 */
    0x00, 0x00, 0x00, 0x00, 0x00, 0x40, 0xff, 0xff, 0xff, 0x6f, 0x00, 0x00, 0x00, 0x00, 0x00, /* 行25 */
    0x00, 0x00, 0x00, 0x00, 0x00, 0x40, 0xff, 0xff, 0xff, 0x70, 0x00, 0x00, 0x00, 0x00, 0x00, /* 行26 */
    0x00, 0x00, 0x00, 0x00, 0x00, 0x40, 0xff, 0xff, 0xff, 0x70, 0x00, 0x00, 0x00, 0x00, 0x00, /* 行27 */
    0x00, 0x00, 0x00, 0x00, 0x00, 0x40, 0xff, 0xff, 0xff, 0x70, 0x00, 0x00, 0x00, 0x00, 0x00, /* 行28 */
    0x00, 0x00, 0x00, 0x00, 0x00, 0x40, 0xff, 0xff, 0xff, 0x70, 0x00, 0x00, 0x00, 0x00, 0x00, /* 行29 */
    0x00, 0x00, 0x00, 0x00, 0x00, 0x40, 0xff, 0xff, 0xff, 0x70, 0x00, 0x00, 0x00, 0x00, 0x00, /* 行30 */
    0x00, 0x00, 0x00, 0x00, 0x00, 0x3f, 0xff, 0xff, 0xff, 0x71, 0x00, 0x00, 0x00, 0x00, 0x00, /* 行31 */
    0x00, 0x00, 0x00, 0x00, 0x00, 0x32, 0xff, 0xff, 0xff, 0x82, 0x00, 0x00, 0x00, 0x00, 0x00, /* 行32 */
    0x00, 0x00, 0x00, 0x00, 0x00, 0x14, 0xfe, 0xff, 0xff, 0xc1, 0x00, 0x00, 0x00, 0x00, 0x00, /* 行33 */
    0x00, 0x00, 0x00, 0x00, 0x00, 0x00, 0xca, 0xff, 0xff, 0xff, 0x5a, 0x00, 0x00, 0x00, 0x00, /* 行34 */
    0x00, 0x00, 0x00, 0x00, 0x00, 0x00, 0x50, 0xff, 0xff, 0xff, 0xfe, 0xa6, 0x4d, 0x21, 0x09, /* 行35 */
    0x00, 0x00, 0x00, 0x00, 0x00, 0x00, 0x00, 0x90, 0xff, 0xff, 0xff, 0xff, 0xff, 0xff, 0x7c, /* 行36 */
    0x00, 0x00, 0x00, 0x00, 0x00, 0x00, 0x00, 0x00, 0x69, 0xf1, 0xff, 0xff, 0xff, 0xff, 0x7c, /* 行37 */
    0x00, 0x00, 0x00, 0x00, 0x00, 0x00, 0x00, 0x00, 0x00, 0x0d, 0x63, 0xa8, 0xd9, 0xef, 0x7a, /* 行38 */
};

/* 字符 124: |    */
/*
 * ░░██████
 * ░░██████
 * ░░██████
 * ░░██████
 * ░░██████
 * ░░██████
 * ░░██████
 * ░░██████
 * ░░██████
 * ░░██████
 * ░░██████
 * ░░██████
 * ░░██████
 * ░░██████
 * ░░██████
 * ░░██████
 * ░░██████
 * ░░██████
 * ░░██████
 * ░░██████
 * ░░██████
 * ░░██████
 * ░░██████
 * ░░██████
 * ░░██████
 * ░░██████
 * ░░██████
 * ░░██████
 * ░░██████
 * ░░██████
 * ░░██████
 * ░░██████
 * ░░██████
 * ░░██████
 * ░░██████
 * ░░██████
 * ░░██████
 * ░░██████
 * ░░██████
 * ░░██████
 * ░░██████
 * ░░██████
 * ░░██████
 * ░░██████
 * ░░██████
 */
static const unsigned char open_sans_45px_char_124_bitmap[] = {
    0x24, 0xff, 0xff, 0xf4, /* 行 0 */
    0x24, 0xff, 0xff, 0xf4, /* 行 1 */
    0x24, 0xff, 0xff, 0xf4, /* 行 2 */
    0x24, 0xff, 0xff, 0xf4, /* 行 3 */
    0x24, 0xff, 0xff, 0xf4, /* 行 4 */
    0x24, 0xff, 0xff, 0xf4, /* 行 5 */
    0x24, 0xff, 0xff, 0xf4, /* 行 6 */
    0x24, 0xff, 0xff, 0xf4, /* 行 7 */
    0x24, 0xff, 0xff, 0xf4, /* 行 8 */
    0x24, 0xff, 0xff, 0xf4, /* 行 9 */
    0x24, 0xff, 0xff, 0xf4, /* 行10 */
    0x24, 0xff, 0xff, 0xf4, /* 行11 */
    0x24, 0xff, 0xff, 0xf4, /* 行12 */
    0x24, 0xff, 0xff, 0xf4, /* 行13 */
    0x24, 0xff, 0xff, 0xf4, /* 行14 */
    0x24, 0xff, 0xff, 0xf4, /* 行15 */
    0x24, 0xff, 0xff, 0xf4, /* 行16 */
    0x24, 0xff, 0xff, 0xf4, /* 行17 */
    0x24, 0xff, 0xff, 0xf4, /* 行18 */
    0x24, 0xff, 0xff, 0xf4, /* 行19 */
    0x24, 0xff, 0xff, 0xf4, /* 行20 */
    0x24, 0xff, 0xff, 0xf4, /* 行21 */
    0x24, 0xff, 0xff, 0xf4, /* 行22 */
    0x24, 0xff, 0xff, 0xf4, /* 行23 */
    0x24, 0xff, 0xff, 0xf4, /* 行24 */
    0x24, 0xff, 0xff, 0xf4, /* 行25 */
    0x24, 0xff, 0xff, 0xf4, /* 行26 */
    0x24, 0xff, 0xff, 0xf4, /* 行27 */
    0x24, 0xff, 0xff, 0xf4, /* 行28 */
    0x24, 0xff, 0xff, 0xf4, /* 行29 */
    0x24, 0xff, 0xff, 0xf4, /* 行30 */
    0x24, 0xff, 0xff, 0xf4, /* 行31 */
    0x24, 0xff, 0xff, 0xf4, /* 行32 */
    0x24, 0xff, 0xff, 0xf4, /* 行33 */
    0x24, 0xff, 0xff, 0xf4, /* 行34 */
    0x24, 0xff, 0xff, 0xf4, /* 行35 */
    0x24, 0xff, 0xff, 0xf4, /* 行36 */
    0x24, 0xff, 0xff, 0xf4, /* 行37 */
    0x24, 0xff, 0xff, 0xf4, /* 行38 */
    0x24, 0xff, 0xff, 0xf4, /* 行39 */
    0x24, 0xff, 0xff, 0xf4, /* 行40 */
    0x24, 0xff, 0xff, 0xf4, /* 行41 */
    0x24, 0xff, 0xff, 0xf4, /* 行42 */
    0x24, 0xff, 0xff, 0xf4, /* 行43 */
    0x24, 0xff, 0xff, 0xf4, /* 行44 */
};

/* 字符 125: }    */
/*
 * ▒▒████▓▓▒▒░░                  
 * ▒▒██████████▒▒                
 * ▒▒████████████▓▓              
 * ░░░░▒▒▓▓████████▒▒            
 *         ▒▒████████            
 *           ████████░░          
 *           ▓▓██████░░          
 *           ▒▒██████▒▒          
 *           ▒▒██████▒▒          
 *           ▒▒██████▒▒          
 *           ▒▒██████▒▒          
 *           ▒▒██████▒▒          
 *           ▒▒██████▒▒          
 *           ▒▒██████▒▒          
 *           ▒▒██████▒▒          
 *           ░░██████▓▓          
 *           ░░████████░░        
 *             ▒▒████████▓▓▒▒░░░░
 *               ░░████████████▓▓
 *                   ▒▒████████▓▓
 *               ░░████████████▓▓
 *             ▒▒████████▓▓▒▒░░░░
 *           ░░████████░░        
 *           ▒▒██████▓▓          
 *           ▒▒██████▒▒          
 *           ▒▒██████▒▒          
 *           ▒▒██████▒▒          
 *           ▒▒██████▒▒          
 *           ▒▒██████▒▒          
 *           ▒▒██████▒▒          
 *           ▒▒██████▒▒          
 *           ▒▒██████▒▒          
 *           ▓▓██████░░          
 *           ████████░░          
 *         ▒▒████████            
 * ░░░░▒▒▓▓████████▒▒            
 * ▒▒████████████▓▓              
 * ▒▒██████████▒▒░░              
 * ▒▒████▓▓▒▒░░                  
 */
static const unsigned char open_sans_45px_char_125_bitmap[] = {
    0x6a, 0xf0, 0xdb, 0xaa, 0x64, 0x0c, 0x00, 0x00, 0x00, 0x00, 0x00, 0x00, 0x00, 0x00, 0x00, /* 行 0 */
    0x6c, 0xff, 0xff, 0xff, 0xff, 0xee, 0x61, 0x00, 0x00, 0x00, 0x00, 0x00, 0x00, 0x00, 0x00, /* 行 1 */
    0x6c, 0xff, 0xff, 0xff, 0xff, 0xff, 0xff, 0x84, 0x00, 0x00, 0x00, 0x00, 0x00, 0x00, 0x00, /* 行 2 */
    0x05, 0x1d, 0x4e, 0xaf, 0xff, 0xff, 0xff, 0xff, 0x49, 0x00, 0x00, 0x00, 0x00, 0x00, 0x00, /* 行 3 */
    0x00, 0x00, 0x00, 0x00, 0x6c, 0xff, 0xff, 0xff, 0xc8, 0x00, 0x00, 0x00, 0x00, 0x00, 0x00, /* 行 4 */
    0x00, 0x00, 0x00, 0x00, 0x00, 0xcb, 0xff, 0xff, 0xfe, 0x14, 0x00, 0x00, 0x00, 0x00, 0x00, /* 行 5 */
    0x00, 0x00, 0x00, 0x00, 0x00, 0x85, 0xff, 0xff, 0xff, 0x34, 0x00, 0x00, 0x00, 0x00, 0x00, /* 行 6 */
    0x00, 0x00, 0x00, 0x00, 0x00, 0x71, 0xff, 0xff, 0xff, 0x43, 0x00, 0x00, 0x00, 0x00, 0x00, /* 行 7 */
    0x00, 0x00, 0x00, 0x00, 0x00, 0x70, 0xff, 0xff, 0xff, 0x44, 0x00, 0x00, 0x00, 0x00, 0x00, /* 行 8 */
    0x00, 0x00, 0x00, 0x00, 0x00, 0x70, 0xff, 0xff, 0xff, 0x44, 0x00, 0x00, 0x00, 0x00, 0x00, /* 行 9 */
    0x00, 0x00, 0x00, 0x00, 0x00, 0x70, 0xff, 0xff, 0xff, 0x44, 0x00, 0x00, 0x00, 0x00, 0x00, /* 行10 */
    0x00, 0x00, 0x00, 0x00, 0x00, 0x70, 0xff, 0xff, 0xff, 0x44, 0x00, 0x00, 0x00, 0x00, 0x00, /* 行11 */
    0x00, 0x00, 0x00, 0x00, 0x00, 0x70, 0xff, 0xff, 0xff, 0x44, 0x00, 0x00, 0x00, 0x00, 0x00, /* 行12 */
    0x00, 0x00, 0x00, 0x00, 0x00, 0x6f, 0xff, 0xff, 0xff, 0x44, 0x00, 0x00, 0x00, 0x00, 0x00, /* 行13 */
    0x00, 0x00, 0x00, 0x00, 0x00, 0x64, 0xff, 0xff, 0xff, 0x52, 0x00, 0x00, 0x00, 0x00, 0x00, /* 行14 */
    0x00, 0x00, 0x00, 0x00, 0x00, 0x3b, 0xff, 0xff, 0xff, 0x8e, 0x00, 0x00, 0x00, 0x00, 0x00, /* 行15 */
    0x00, 0x00, 0x00, 0x00, 0x00, 0x03, 0xde, 0xff, 0xff, 0xf5, 0x32, 0x00, 0x00, 0x00, 0x00, /* 行16 */
    0x00, 0x00, 0x00, 0x00, 0x00, 0x00, 0x40, 0xf7, 0xff, 0xff, 0xf7, 0x92, 0x45, 0x1c, 0x09, /* 行17 */
    0x00, 0x00, 0x00, 0x00, 0x00, 0x00, 0x00, 0x34, 0xc4, 0xff, 0xff, 0xff, 0xff, 0xff, 0xb4, /* 行18 */
    0x00, 0x00, 0x00, 0x00, 0x00, 0x00, 0x00, 0x00, 0x00, 0x47, 0xd4, 0xff, 0xff, 0xff, 0xb4, /* 行19 */
    0x00, 0x00, 0x00, 0x00, 0x00, 0x00, 0x00, 0x3d, 0xc9, 0xff, 0xff, 0xff, 0xff, 0xff, 0xb4, /* 行20 */
    0x00, 0x00, 0x00, 0x00, 0x00, 0x00, 0x4f, 0xfb, 0xff, 0xff, 0xf9, 0x97, 0x47, 0x1e, 0x0b, /* 行21 */
    0x00, 0x00, 0x00, 0x00, 0x00, 0x06, 0xe7, 0xff, 0xff, 0xf7, 0x36, 0x00, 0x00, 0x00, 0x00, /* 行22 */
    0x00, 0x00, 0x00, 0x00, 0x00, 0x41, 0xff, 0xff, 0xff, 0x92, 0x00, 0x00, 0x00, 0x00, 0x00, /* 行23 */
    0x00, 0x00, 0x00, 0x00, 0x00, 0x65, 0xff, 0xff, 0xff, 0x54, 0x00, 0x00, 0x00, 0x00, 0x00, /* 行24 */
    0x00, 0x00, 0x00, 0x00, 0x00, 0x6f, 0xff, 0xff, 0xff, 0x44, 0x00, 0x00, 0x00, 0x00, 0x00, /* 行25 */
    0x00, 0x00, 0x00, 0x00, 0x00, 0x70, 0xff, 0xff, 0xff, 0x44, 0x00, 0x00, 0x00, 0x00, 0x00, /* 行26 */
    0x00, 0x00, 0x00, 0x00, 0x00, 0x70, 0xff, 0xff, 0xff, 0x44, 0x00, 0x00, 0x00, 0x00, 0x00, /* 行27 */
    0x00, 0x00, 0x00, 0x00, 0x00, 0x70, 0xff, 0xff, 0xff, 0x44, 0x00, 0x00, 0x00, 0x00, 0x00, /* 行28 */
    0x00, 0x00, 0x00, 0x00, 0x00, 0x70, 0xff, 0xff, 0xff, 0x44, 0x00, 0x00, 0x00, 0x00, 0x00, /* 行29 */
    0x00, 0x00, 0x00, 0x00, 0x00, 0x70, 0xff, 0xff, 0xff, 0x44, 0x00, 0x00, 0x00, 0x00, 0x00, /* 行30 */
    0x00, 0x00, 0x00, 0x00, 0x00, 0x71, 0xff, 0xff, 0xff, 0x43, 0x00, 0x00, 0x00, 0x00, 0x00, /* 行31 */
    0x00, 0x00, 0x00, 0x00, 0x00, 0x83, 0xff, 0xff, 0xff, 0x35, 0x00, 0x00, 0x00, 0x00, 0x00, /* 行32 */
    0x00, 0x00, 0x00, 0x00, 0x00, 0xc2, 0xff, 0xff, 0xff, 0x16, 0x00, 0x00, 0x00, 0x00, 0x00, /* 行33 */
    0x00, 0x00, 0x00, 0x00, 0x5a, 0xff, 0xff, 0xff, 0xcc, 0x00, 0x00, 0x00, 0x00, 0x00, 0x00, /* 行34 */
    0x08, 0x20, 0x4c, 0xa5, 0xfe, 0xff, 0xff, 0xff, 0x51, 0x00, 0x00, 0x00, 0x00, 0x00, 0x00, /* 行35 */
    0x6c, 0xff, 0xff, 0xff, 0xff, 0xff, 0xff, 0x91, 0x00, 0x00, 0x00, 0x00, 0x00, 0x00, 0x00, /* 行36 */
    0x6c, 0xff, 0xff, 0xff, 0xff, 0xf2, 0x6c, 0x01, 0x00, 0x00, 0x00, 0x00, 0x00, 0x00, 0x00, /* 行37 */
    0x6a, 0xf0, 0xda, 0xaa, 0x66, 0x0e, 0x00, 0x00, 0x00, 0x00, 0x00, 0x00, 0x00, 0x00, 0x00, /* 行38 */
};

/* 字符 126: ~    */
/*
 *     ░░▓▓████████▓▓▒▒░░                  ░░▒▒
 * ░░▓▓██████████████████▒▒░░            ▒▒██▒▒
 * ▓▓████████████████████████▓▓▒▒░░░░▒▒▓▓████▒▒
 * ▓▓████▓▓░░░░░░▒▒▓▓████████████████████████▒▒
 * ▓▓██░░            ░░▓▓██████████████████▒▒  
 * ▒▒░░                  ░░▒▒▓▓████████▓▓░░    
 */
static const unsigned char open_sans_45px_char_126_bitmap[] = {
    0x00, 0x00, 0x3a, 0xa1, 0xe0, 0xf9, 0xf2, 0xd4, 0x9a, 0x44, 0x01, 0x00, 0x00, 0x00, 0x00, 0x00, 0x00, 0x00, 0x00, 0x00, 0x2d, 0x53, /* 行 0 */
    0x03, 0x95, 0xfe, 0xff, 0xff, 0xff, 0xff, 0xff, 0xff, 0xff, 0xda, 0x6c, 0x0c, 0x00, 0x00, 0x00, 0x00, 0x00, 0x00, 0x4d, 0xec, 0x68, /* 行 1 */
    0x94, 0xff, 0xff, 0xff, 0xff, 0xff, 0xff, 0xff, 0xff, 0xff, 0xff, 0xff, 0xef, 0x97, 0x48, 0x1a, 0x18, 0x49, 0xb2, 0xff, 0xff, 0x68, /* 行 2 */
    0xb8, 0xff, 0xf7, 0x95, 0x35, 0x13, 0x25, 0x5e, 0xb6, 0xfe, 0xff, 0xff, 0xff, 0xff, 0xff, 0xff, 0xff, 0xff, 0xff, 0xff, 0xfc, 0x44, /* 行 3 */
    0xb8, 0xcf, 0x29, 0x00, 0x00, 0x00, 0x00, 0x00, 0x00, 0x25, 0x95, 0xf5, 0xff, 0xff, 0xff, 0xff, 0xff, 0xff, 0xff, 0xef, 0x52, 0x00, /* 行 4 */
    0x78, 0x0c, 0x00, 0x00, 0x00, 0x00, 0x00, 0x00, 0x00, 0x00, 0x00, 0x11, 0x66, 0xaf, 0xe1, 0xf7, 0xf4, 0xd3, 0x84, 0x16, 0x00, 0x00, /* 行 5 */
};

/* 字符 127: DEL  */
/*
 * ████████████████████████████████████▓▓
 * ████████████████████████████████████▓▓
 * ████▓▓▒▒▒▒▒▒▒▒▒▒▒▒▒▒▒▒▒▒▒▒▒▒▒▒▒▒▓▓██▓▓
 * ████▓▓                          ▓▓██▓▓
 * ████▓▓                          ▓▓██▓▓
 * ████▓▓                          ▓▓██▓▓
 * ████▓▓                          ▓▓██▓▓
 * ████▓▓                          ▓▓██▓▓
 * ████▓▓                          ▓▓██▓▓
 * ████▓▓                          ▓▓██▓▓
 * ████▓▓                          ▓▓██▓▓
 * ████▓▓                          ▓▓██▓▓
 * ████▓▓                          ▓▓██▓▓
 * ████▓▓                          ▓▓██▓▓
 * ████▓▓                          ▓▓██▓▓
 * ████▓▓                          ▓▓██▓▓
 * ████▓▓                          ▓▓██▓▓
 * ████▓▓                          ▓▓██▓▓
 * ████▓▓                          ▓▓██▓▓
 * ████▓▓                          ▓▓██▓▓
 * ████▓▓                          ▓▓██▓▓
 * ████▓▓                          ▓▓██▓▓
 * ████▓▓                          ▓▓██▓▓
 * ████▓▓                          ▓▓██▓▓
 * ████▓▓                          ▓▓██▓▓
 * ████▓▓                          ▓▓██▓▓
 * ████▓▓                          ▓▓██▓▓
 * ████▓▓                          ▓▓██▓▓
 * ████▓▓                          ▓▓██▓▓
 * ████▓▓▒▒▒▒▒▒▒▒▒▒▒▒▒▒▒▒▒▒▒▒▒▒▒▒▒▒▓▓██▓▓
 * ████████████████████████████████████▓▓
 * ████████████████████████████████████▓▓
 */
static const unsigned char open_sans_45px_char_127_bitmap[] = {
    0xc4, 0xff, 0xff, 0xff, 0xff, 0xff, 0xff, 0xff, 0xff, 0xff, 0xff, 0xff, 0xff, 0xff, 0xff, 0xff, 0xff, 0xff, 0xb8, /* 行 0 */
    0xc4, 0xff, 0xff, 0xff, 0xff, 0xff, 0xff, 0xff, 0xff, 0xff, 0xff, 0xff, 0xff, 0xff, 0xff, 0xff, 0xff, 0xff, 0xb8, /* 行 1 */
    0xc4, 0xff, 0xa9, 0x48, 0x48, 0x48, 0x48, 0x48, 0x48, 0x48, 0x48, 0x48, 0x48, 0x48, 0x48, 0x48, 0xaf, 0xff, 0xb8, /* 行 2 */
    0xc4, 0xff, 0x88, 0x00, 0x00, 0x00, 0x00, 0x00, 0x00, 0x00, 0x00, 0x00, 0x00, 0x00, 0x00, 0x00, 0x90, 0xff, 0xb8, /* 行 3 */
    0xc4, 0xff, 0x88, 0x00, 0x00, 0x00, 0x00, 0x00, 0x00, 0x00, 0x00, 0x00, 0x00, 0x00, 0x00, 0x00, 0x90, 0xff, 0xb8, /* 行 4 */
    0xc4, 0xff, 0x88, 0x00, 0x00, 0x00, 0x00, 0x00, 0x00, 0x00, 0x00, 0x00, 0x00, 0x00, 0x00, 0x00, 0x90, 0xff, 0xb8, /* 行 5 */
    0xc4, 0xff, 0x88, 0x00, 0x00, 0x00, 0x00, 0x00, 0x00, 0x00, 0x00, 0x00, 0x00, 0x00, 0x00, 0x00, 0x90, 0xff, 0xb8, /* 行 6 */
    0xc4, 0xff, 0x88, 0x00, 0x00, 0x00, 0x00, 0x00, 0x00, 0x00, 0x00, 0x00, 0x00, 0x00, 0x00, 0x00, 0x90, 0xff, 0xb8, /* 行 7 */
    0xc4, 0xff, 0x88, 0x00, 0x00, 0x00, 0x00, 0x00, 0x00, 0x00, 0x00, 0x00, 0x00, 0x00, 0x00, 0x00, 0x90, 0xff, 0xb8, /* 行 8 */
    0xc4, 0xff, 0x88, 0x00, 0x00, 0x00, 0x00, 0x00, 0x00, 0x00, 0x00, 0x00, 0x00, 0x00, 0x00, 0x00, 0x90, 0xff, 0xb8, /* 行 9 */
    0xc4, 0xff, 0x88, 0x00, 0x00, 0x00, 0x00, 0x00, 0x00, 0x00, 0x00, 0x00, 0x00, 0x00, 0x00, 0x00, 0x90, 0xff, 0xb8, /* 行10 */
    0xc4, 0xff, 0x88, 0x00, 0x00, 0x00, 0x00, 0x00, 0x00, 0x00, 0x00, 0x00, 0x00, 0x00, 0x00, 0x00, 0x90, 0xff, 0xb8, /* 行11 */
    0xc4, 0xff, 0x88, 0x00, 0x00, 0x00, 0x00, 0x00, 0x00, 0x00, 0x00, 0x00, 0x00, 0x00, 0x00, 0x00, 0x90, 0xff, 0xb8, /* 行12 */
    0xc4, 0xff, 0x88, 0x00, 0x00, 0x00, 0x00, 0x00, 0x00, 0x00, 0x00, 0x00, 0x00, 0x00, 0x00, 0x00, 0x90, 0xff, 0xb8, /* 行13 */
    0xc4, 0xff, 0x88, 0x00, 0x00, 0x00, 0x00, 0x00, 0x00, 0x00, 0x00, 0x00, 0x00, 0x00, 0x00, 0x00, 0x90, 0xff, 0xb8, /* 行14 */
    0xc4, 0xff, 0x88, 0x00, 0x00, 0x00, 0x00, 0x00, 0x00, 0x00, 0x00, 0x00, 0x00, 0x00, 0x00, 0x00, 0x90, 0xff, 0xb8, /* 行15 */
    0xc4, 0xff, 0x88, 0x00, 0x00, 0x00, 0x00, 0x00, 0x00, 0x00, 0x00, 0x00, 0x00, 0x00, 0x00, 0x00, 0x90, 0xff, 0xb8, /* 行16 */
    0xc4, 0xff, 0x88, 0x00, 0x00, 0x00, 0x00, 0x00, 0x00, 0x00, 0x00, 0x00, 0x00, 0x00, 0x00, 0x00, 0x90, 0xff, 0xb8, /* 行17 */
    0xc4, 0xff, 0x88, 0x00, 0x00, 0x00, 0x00, 0x00, 0x00, 0x00, 0x00, 0x00, 0x00, 0x00, 0x00, 0x00, 0x90, 0xff, 0xb8, /* 行18 */
    0xc4, 0xff, 0x88, 0x00, 0x00, 0x00, 0x00, 0x00, 0x00, 0x00, 0x00, 0x00, 0x00, 0x00, 0x00, 0x00, 0x90, 0xff, 0xb8, /* 行19 */
    0xc4, 0xff, 0x88, 0x00, 0x00, 0x00, 0x00, 0x00, 0x00, 0x00, 0x00, 0x00, 0x00, 0x00, 0x00, 0x00, 0x90, 0xff, 0xb8, /* 行20 */
    0xc4, 0xff, 0x88, 0x00, 0x00, 0x00, 0x00, 0x00, 0x00, 0x00, 0x00, 0x00, 0x00, 0x00, 0x00, 0x00, 0x90, 0xff, 0xb8, /* 行21 */
    0xc4, 0xff, 0x88, 0x00, 0x00, 0x00, 0x00, 0x00, 0x00, 0x00, 0x00, 0x00, 0x00, 0x00, 0x00, 0x00, 0x90, 0xff, 0xb8, /* 行22 */
    0xc4, 0xff, 0x88, 0x00, 0x00, 0x00, 0x00, 0x00, 0x00, 0x00, 0x00, 0x00, 0x00, 0x00, 0x00, 0x00, 0x90, 0xff, 0xb8, /* 行23 */
    0xc4, 0xff, 0x88, 0x00, 0x00, 0x00, 0x00, 0x00, 0x00, 0x00, 0x00, 0x00, 0x00, 0x00, 0x00, 0x00, 0x90, 0xff, 0xb8, /* 行24 */
    0xc4, 0xff, 0x88, 0x00, 0x00, 0x00, 0x00, 0x00, 0x00, 0x00, 0x00, 0x00, 0x00, 0x00, 0x00, 0x00, 0x90, 0xff, 0xb8, /* 行25 */
    0xc4, 0xff, 0x88, 0x00, 0x00, 0x00, 0x00, 0x00, 0x00, 0x00, 0x00, 0x00, 0x00, 0x00, 0x00, 0x00, 0x90, 0xff, 0xb8, /* 行26 */
    0xc4, 0xff, 0x88, 0x00, 0x00, 0x00, 0x00, 0x00, 0x00, 0x00, 0x00, 0x00, 0x00, 0x00, 0x00, 0x00, 0x90, 0xff, 0xb8, /* 行27 */
    0xc4, 0xff, 0x88, 0x00, 0x00, 0x00, 0x00, 0x00, 0x00, 0x00, 0x00, 0x00, 0x00, 0x00, 0x00, 0x00, 0x90, 0xff, 0xb8, /* 行28 */
    0xc4, 0xff, 0xa9, 0x48, 0x48, 0x48, 0x48, 0x48, 0x48, 0x48, 0x48, 0x48, 0x48, 0x48, 0x48, 0x48, 0xaf, 0xff, 0xb8, /* 行29 */
    0xc4, 0xff, 0xff, 0xff, 0xff, 0xff, 0xff, 0xff, 0xff, 0xff, 0xff, 0xff, 0xff, 0xff, 0xff, 0xff, 0xff, 0xff, 0xb8, /* 行30 */
    0xc4, 0xff, 0xff, 0xff, 0xff, 0xff, 0xff, 0xff, 0xff, 0xff, 0xff, 0xff, 0xff, 0xff, 0xff, 0xff, 0xff, 0xff, 0xb8, /* 行31 */
};

/* 字形结构体定义 */
static const  ipgui_glyph_t open_sans_45px_char_000 = {
    .cover_map = open_sans_45px_char_000_bitmap,
    .width = 19,
    .height = 32,
    .bearing_x = 4,
    .bearing_y = 32,
    .advance = 27
};

static const  ipgui_glyph_t open_sans_45px_char_001 = {
    .cover_map = open_sans_45px_char_001_bitmap,
    .width = 19,
    .height = 32,
    .bearing_x = 4,
    .bearing_y = 32,
    .advance = 27
};

static const  ipgui_glyph_t open_sans_45px_char_002 = {
    .cover_map = open_sans_45px_char_002_bitmap,
    .width = 19,
    .height = 32,
    .bearing_x = 4,
    .bearing_y = 32,
    .advance = 27
};

static const  ipgui_glyph_t open_sans_45px_char_003 = {
    .cover_map = open_sans_45px_char_003_bitmap,
    .width = 19,
    .height = 32,
    .bearing_x = 4,
    .bearing_y = 32,
    .advance = 27
};

static const  ipgui_glyph_t open_sans_45px_char_004 = {
    .cover_map = open_sans_45px_char_004_bitmap,
    .width = 19,
    .height = 32,
    .bearing_x = 4,
    .bearing_y = 32,
    .advance = 27
};

static const  ipgui_glyph_t open_sans_45px_char_005 = {
    .cover_map = open_sans_45px_char_005_bitmap,
    .width = 19,
    .height = 32,
    .bearing_x = 4,
    .bearing_y = 32,
    .advance = 27
};

static const  ipgui_glyph_t open_sans_45px_char_006 = {
    .cover_map = open_sans_45px_char_006_bitmap,
    .width = 19,
    .height = 32,
    .bearing_x = 4,
    .bearing_y = 32,
    .advance = 27
};

static const  ipgui_glyph_t open_sans_45px_char_007 = {
    .cover_map = open_sans_45px_char_007_bitmap,
    .width = 19,
    .height = 32,
    .bearing_x = 4,
    .bearing_y = 32,
    .advance = 27
};

static const  ipgui_glyph_t open_sans_45px_char_008 = {
    .cover_map = open_sans_45px_char_008_bitmap,
    .width = 19,
    .height = 32,
    .bearing_x = 4,
    .bearing_y = 32,
    .advance = 27
};

static const  ipgui_glyph_t open_sans_45px_char_009 = {
    .cover_map = open_sans_45px_char_009_bitmap,
    .width = 19,
    .height = 32,
    .bearing_x = 4,
    .bearing_y = 32,
    .advance = 90
};

static const  ipgui_glyph_t open_sans_45px_char_010 = {
    .cover_map = open_sans_45px_char_010_bitmap,
    .width = 19,
    .height = 32,
    .bearing_x = 4,
    .bearing_y = 32,
    .advance = 0
};

static const  ipgui_glyph_t open_sans_45px_char_011 = {
    .cover_map = open_sans_45px_char_011_bitmap,
    .width = 19,
    .height = 32,
    .bearing_x = 4,
    .bearing_y = 32,
    .advance = 27
};

static const  ipgui_glyph_t open_sans_45px_char_012 = {
    .cover_map = open_sans_45px_char_012_bitmap,
    .width = 19,
    .height = 32,
    .bearing_x = 4,
    .bearing_y = 32,
    .advance = 27
};

static const  ipgui_glyph_t open_sans_45px_char_013 = {
    .cover_map = open_sans_45px_char_013_bitmap,
    .width = 19,
    .height = 32,
    .bearing_x = 4,
    .bearing_y = 32,
    .advance = 0
};

static const  ipgui_glyph_t open_sans_45px_char_014 = {
    .cover_map = open_sans_45px_char_014_bitmap,
    .width = 19,
    .height = 32,
    .bearing_x = 4,
    .bearing_y = 32,
    .advance = 27
};

static const  ipgui_glyph_t open_sans_45px_char_015 = {
    .cover_map = open_sans_45px_char_015_bitmap,
    .width = 19,
    .height = 32,
    .bearing_x = 4,
    .bearing_y = 32,
    .advance = 27
};

static const  ipgui_glyph_t open_sans_45px_char_016 = {
    .cover_map = open_sans_45px_char_016_bitmap,
    .width = 19,
    .height = 32,
    .bearing_x = 4,
    .bearing_y = 32,
    .advance = 27
};

static const  ipgui_glyph_t open_sans_45px_char_017 = {
    .cover_map = open_sans_45px_char_017_bitmap,
    .width = 19,
    .height = 32,
    .bearing_x = 4,
    .bearing_y = 32,
    .advance = 27
};

static const  ipgui_glyph_t open_sans_45px_char_018 = {
    .cover_map = open_sans_45px_char_018_bitmap,
    .width = 19,
    .height = 32,
    .bearing_x = 4,
    .bearing_y = 32,
    .advance = 27
};

static const  ipgui_glyph_t open_sans_45px_char_019 = {
    .cover_map = open_sans_45px_char_019_bitmap,
    .width = 19,
    .height = 32,
    .bearing_x = 4,
    .bearing_y = 32,
    .advance = 27
};

static const  ipgui_glyph_t open_sans_45px_char_020 = {
    .cover_map = open_sans_45px_char_020_bitmap,
    .width = 19,
    .height = 32,
    .bearing_x = 4,
    .bearing_y = 32,
    .advance = 27
};

static const  ipgui_glyph_t open_sans_45px_char_021 = {
    .cover_map = open_sans_45px_char_021_bitmap,
    .width = 19,
    .height = 32,
    .bearing_x = 4,
    .bearing_y = 32,
    .advance = 27
};

static const  ipgui_glyph_t open_sans_45px_char_022 = {
    .cover_map = open_sans_45px_char_022_bitmap,
    .width = 19,
    .height = 32,
    .bearing_x = 4,
    .bearing_y = 32,
    .advance = 27
};

static const  ipgui_glyph_t open_sans_45px_char_023 = {
    .cover_map = open_sans_45px_char_023_bitmap,
    .width = 19,
    .height = 32,
    .bearing_x = 4,
    .bearing_y = 32,
    .advance = 27
};

static const  ipgui_glyph_t open_sans_45px_char_024 = {
    .cover_map = open_sans_45px_char_024_bitmap,
    .width = 19,
    .height = 32,
    .bearing_x = 4,
    .bearing_y = 32,
    .advance = 27
};

static const  ipgui_glyph_t open_sans_45px_char_025 = {
    .cover_map = open_sans_45px_char_025_bitmap,
    .width = 19,
    .height = 32,
    .bearing_x = 4,
    .bearing_y = 32,
    .advance = 27
};

static const  ipgui_glyph_t open_sans_45px_char_026 = {
    .cover_map = open_sans_45px_char_026_bitmap,
    .width = 19,
    .height = 32,
    .bearing_x = 4,
    .bearing_y = 32,
    .advance = 27
};

static const  ipgui_glyph_t open_sans_45px_char_027 = {
    .cover_map = open_sans_45px_char_027_bitmap,
    .width = 19,
    .height = 32,
    .bearing_x = 4,
    .bearing_y = 32,
    .advance = 27
};

static const  ipgui_glyph_t open_sans_45px_char_028 = {
    .cover_map = open_sans_45px_char_028_bitmap,
    .width = 19,
    .height = 32,
    .bearing_x = 4,
    .bearing_y = 32,
    .advance = 27
};

static const  ipgui_glyph_t open_sans_45px_char_029 = {
    .cover_map = open_sans_45px_char_029_bitmap,
    .width = 19,
    .height = 32,
    .bearing_x = 4,
    .bearing_y = 32,
    .advance = 27
};

static const  ipgui_glyph_t open_sans_45px_char_030 = {
    .cover_map = open_sans_45px_char_030_bitmap,
    .width = 19,
    .height = 32,
    .bearing_x = 4,
    .bearing_y = 32,
    .advance = 27
};

static const  ipgui_glyph_t open_sans_45px_char_031 = {
    .cover_map = open_sans_45px_char_031_bitmap,
    .width = 19,
    .height = 32,
    .bearing_x = 4,
    .bearing_y = 32,
    .advance = 27
};

static const  ipgui_glyph_t open_sans_45px_char_032 = {
    .cover_map = 0,
    .width = 0,
    .height = 0,
    .bearing_x = 0,
    .bearing_y = 0,
    .advance = 12
};

static const  ipgui_glyph_t open_sans_45px_char_033 = {
    .cover_map = open_sans_45px_char_033_bitmap,
    .width = 6,
    .height = 32,
    .bearing_x = 3,
    .bearing_y = 32,
    .advance = 12
};

static const  ipgui_glyph_t open_sans_45px_char_034 = {
    .cover_map = open_sans_45px_char_034_bitmap,
    .width = 14,
    .height = 12,
    .bearing_x = 2,
    .bearing_y = 32,
    .advance = 18
};

static const  ipgui_glyph_t open_sans_45px_char_035 = {
    .cover_map = open_sans_45px_char_035_bitmap,
    .width = 27,
    .height = 32,
    .bearing_x = 1,
    .bearing_y = 32,
    .advance = 29
};

static const  ipgui_glyph_t open_sans_45px_char_036 = {
    .cover_map = open_sans_45px_char_036_bitmap,
    .width = 21,
    .height = 37,
    .bearing_x = 2,
    .bearing_y = 34,
    .advance = 26
};

static const  ipgui_glyph_t open_sans_45px_char_037 = {
    .cover_map = open_sans_45px_char_037_bitmap,
    .width = 33,
    .height = 32,
    .bearing_x = 2,
    .bearing_y = 32,
    .advance = 37
};

static const  ipgui_glyph_t open_sans_45px_char_038 = {
    .cover_map = open_sans_45px_char_038_bitmap,
    .width = 31,
    .height = 32,
    .bearing_x = 2,
    .bearing_y = 32,
    .advance = 33
};

static const  ipgui_glyph_t open_sans_45px_char_039 = {
    .cover_map = open_sans_45px_char_039_bitmap,
    .width = 6,
    .height = 12,
    .bearing_x = 2,
    .bearing_y = 32,
    .advance = 10
};

static const  ipgui_glyph_t open_sans_45px_char_040 = {
    .cover_map = open_sans_45px_char_040_bitmap,
    .width = 11,
    .height = 39,
    .bearing_x = 1,
    .bearing_y = 32,
    .advance = 13
};

static const  ipgui_glyph_t open_sans_45px_char_041 = {
    .cover_map = open_sans_45px_char_041_bitmap,
    .width = 11,
    .height = 39,
    .bearing_x = 1,
    .bearing_y = 32,
    .advance = 13
};

static const  ipgui_glyph_t open_sans_45px_char_042 = {
    .cover_map = open_sans_45px_char_042_bitmap,
    .width = 22,
    .height = 20,
    .bearing_x = 1,
    .bearing_y = 34,
    .advance = 25
};

static const  ipgui_glyph_t open_sans_45px_char_043 = {
    .cover_map = open_sans_45px_char_043_bitmap,
    .width = 22,
    .height = 23,
    .bearing_x = 2,
    .bearing_y = 27,
    .advance = 26
};

static const  ipgui_glyph_t open_sans_45px_char_044 = {
    .cover_map = open_sans_45px_char_044_bitmap,
    .width = 8,
    .height = 11,
    .bearing_x = 1,
    .bearing_y = 5,
    .advance = 11
};

static const  ipgui_glyph_t open_sans_45px_char_045 = {
    .cover_map = open_sans_45px_char_045_bitmap,
    .width = 12,
    .height = 4,
    .bearing_x = 1,
    .bearing_y = 14,
    .advance = 14
};

static const  ipgui_glyph_t open_sans_45px_char_046 = {
    .cover_map = open_sans_45px_char_046_bitmap,
    .width = 6,
    .height = 6,
    .bearing_x = 3,
    .bearing_y = 6,
    .advance = 12
};

static const  ipgui_glyph_t open_sans_45px_char_047 = {
    .cover_map = open_sans_45px_char_047_bitmap,
    .width = 17,
    .height = 32,
    .bearing_x = 0,
    .bearing_y = 32,
    .advance = 17
};

static const  ipgui_glyph_t open_sans_45px_char_048 = {
    .cover_map = open_sans_45px_char_048_bitmap,
    .width = 22,
    .height = 32,
    .bearing_x = 2,
    .bearing_y = 32,
    .advance = 26
};

static const  ipgui_glyph_t open_sans_45px_char_049 = {
    .cover_map = open_sans_45px_char_049_bitmap,
    .width = 12,
    .height = 32,
    .bearing_x = 4,
    .bearing_y = 32,
    .advance = 26
};

static const  ipgui_glyph_t open_sans_45px_char_050 = {
    .cover_map = open_sans_45px_char_050_bitmap,
    .width = 22,
    .height = 32,
    .bearing_x = 2,
    .bearing_y = 32,
    .advance = 26
};

static const  ipgui_glyph_t open_sans_45px_char_051 = {
    .cover_map = open_sans_45px_char_051_bitmap,
    .width = 22,
    .height = 32,
    .bearing_x = 2,
    .bearing_y = 32,
    .advance = 26
};

static const  ipgui_glyph_t open_sans_45px_char_052 = {
    .cover_map = open_sans_45px_char_052_bitmap,
    .width = 25,
    .height = 32,
    .bearing_x = 0,
    .bearing_y = 32,
    .advance = 26
};

static const  ipgui_glyph_t open_sans_45px_char_053 = {
    .cover_map = open_sans_45px_char_053_bitmap,
    .width = 22,
    .height = 32,
    .bearing_x = 2,
    .bearing_y = 32,
    .advance = 26
};

static const  ipgui_glyph_t open_sans_45px_char_054 = {
    .cover_map = open_sans_45px_char_054_bitmap,
    .width = 22,
    .height = 32,
    .bearing_x = 2,
    .bearing_y = 32,
    .advance = 26
};

static const  ipgui_glyph_t open_sans_45px_char_055 = {
    .cover_map = open_sans_45px_char_055_bitmap,
    .width = 22,
    .height = 32,
    .bearing_x = 2,
    .bearing_y = 32,
    .advance = 26
};

static const  ipgui_glyph_t open_sans_45px_char_056 = {
    .cover_map = open_sans_45px_char_056_bitmap,
    .width = 22,
    .height = 32,
    .bearing_x = 2,
    .bearing_y = 32,
    .advance = 26
};

static const  ipgui_glyph_t open_sans_45px_char_057 = {
    .cover_map = open_sans_45px_char_057_bitmap,
    .width = 22,
    .height = 32,
    .bearing_x = 2,
    .bearing_y = 32,
    .advance = 26
};

static const  ipgui_glyph_t open_sans_45px_char_058 = {
    .cover_map = open_sans_45px_char_058_bitmap,
    .width = 6,
    .height = 24,
    .bearing_x = 3,
    .bearing_y = 24,
    .advance = 12
};

static const  ipgui_glyph_t open_sans_45px_char_059 = {
    .cover_map = open_sans_45px_char_059_bitmap,
    .width = 8,
    .height = 30,
    .bearing_x = 1,
    .bearing_y = 24,
    .advance = 12
};

static const  ipgui_glyph_t open_sans_45px_char_060 = {
    .cover_map = open_sans_45px_char_060_bitmap,
    .width = 22,
    .height = 22,
    .bearing_x = 2,
    .bearing_y = 27,
    .advance = 26
};

static const  ipgui_glyph_t open_sans_45px_char_061 = {
    .cover_map = open_sans_45px_char_061_bitmap,
    .width = 22,
    .height = 12,
    .bearing_x = 2,
    .bearing_y = 22,
    .advance = 26
};

static const  ipgui_glyph_t open_sans_45px_char_062 = {
    .cover_map = open_sans_45px_char_062_bitmap,
    .width = 22,
    .height = 22,
    .bearing_x = 2,
    .bearing_y = 27,
    .advance = 26
};

static const  ipgui_glyph_t open_sans_45px_char_063 = {
    .cover_map = open_sans_45px_char_063_bitmap,
    .width = 19,
    .height = 32,
    .bearing_x = 0,
    .bearing_y = 32,
    .advance = 19
};

static const  ipgui_glyph_t open_sans_45px_char_064 = {
    .cover_map = open_sans_45px_char_064_bitmap,
    .width = 36,
    .height = 36,
    .bearing_x = 2,
    .bearing_y = 32,
    .advance = 40
};

static const  ipgui_glyph_t open_sans_45px_char_065 = {
    .cover_map = open_sans_45px_char_065_bitmap,
    .width = 29,
    .height = 32,
    .bearing_x = 0,
    .bearing_y = 32,
    .advance = 28
};

static const  ipgui_glyph_t open_sans_45px_char_066 = {
    .cover_map = open_sans_45px_char_066_bitmap,
    .width = 23,
    .height = 32,
    .bearing_x = 4,
    .bearing_y = 32,
    .advance = 29
};

static const  ipgui_glyph_t open_sans_45px_char_067 = {
    .cover_map = open_sans_45px_char_067_bitmap,
    .width = 26,
    .height = 32,
    .bearing_x = 2,
    .bearing_y = 32,
    .advance = 28
};

static const  ipgui_glyph_t open_sans_45px_char_068 = {
    .cover_map = open_sans_45px_char_068_bitmap,
    .width = 27,
    .height = 32,
    .bearing_x = 4,
    .bearing_y = 32,
    .advance = 33
};

static const  ipgui_glyph_t open_sans_45px_char_069 = {
    .cover_map = open_sans_45px_char_069_bitmap,
    .width = 19,
    .height = 32,
    .bearing_x = 4,
    .bearing_y = 32,
    .advance = 25
};

static const  ipgui_glyph_t open_sans_45px_char_070 = {
    .cover_map = open_sans_45px_char_070_bitmap,
    .width = 19,
    .height = 32,
    .bearing_x = 4,
    .bearing_y = 32,
    .advance = 23
};

static const  ipgui_glyph_t open_sans_45px_char_071 = {
    .cover_map = open_sans_45px_char_071_bitmap,
    .width = 28,
    .height = 32,
    .bearing_x = 2,
    .bearing_y = 32,
    .advance = 33
};

static const  ipgui_glyph_t open_sans_45px_char_072 = {
    .cover_map = open_sans_45px_char_072_bitmap,
    .width = 25,
    .height = 32,
    .bearing_x = 4,
    .bearing_y = 32,
    .advance = 33
};

static const  ipgui_glyph_t open_sans_45px_char_073 = {
    .cover_map = open_sans_45px_char_073_bitmap,
    .width = 5,
    .height = 32,
    .bearing_x = 4,
    .bearing_y = 32,
    .advance = 13
};

static const  ipgui_glyph_t open_sans_45px_char_074 = {
    .cover_map = open_sans_45px_char_074_bitmap,
    .width = 12,
    .height = 40,
    .bearing_x = -4,
    .bearing_y = 32,
    .advance = 12
};

static const  ipgui_glyph_t open_sans_45px_char_075 = {
    .cover_map = open_sans_45px_char_075_bitmap,
    .width = 24,
    .height = 32,
    .bearing_x = 4,
    .bearing_y = 32,
    .advance = 28
};

static const  ipgui_glyph_t open_sans_45px_char_076 = {
    .cover_map = open_sans_45px_char_076_bitmap,
    .width = 19,
    .height = 32,
    .bearing_x = 4,
    .bearing_y = 32,
    .advance = 23
};

static const  ipgui_glyph_t open_sans_45px_char_077 = {
    .cover_map = open_sans_45px_char_077_bitmap,
    .width = 33,
    .height = 32,
    .bearing_x = 4,
    .bearing_y = 32,
    .advance = 41
};

static const  ipgui_glyph_t open_sans_45px_char_078 = {
    .cover_map = open_sans_45px_char_078_bitmap,
    .width = 26,
    .height = 32,
    .bearing_x = 4,
    .bearing_y = 32,
    .advance = 34
};

static const  ipgui_glyph_t open_sans_45px_char_079 = {
    .cover_map = open_sans_45px_char_079_bitmap,
    .width = 31,
    .height = 32,
    .bearing_x = 2,
    .bearing_y = 32,
    .advance = 35
};

static const  ipgui_glyph_t open_sans_45px_char_080 = {
    .cover_map = open_sans_45px_char_080_bitmap,
    .width = 21,
    .height = 32,
    .bearing_x = 4,
    .bearing_y = 32,
    .advance = 27
};

static const  ipgui_glyph_t open_sans_45px_char_081 = {
    .cover_map = open_sans_45px_char_081_bitmap,
    .width = 31,
    .height = 39,
    .bearing_x = 2,
    .bearing_y = 32,
    .advance = 35
};

static const  ipgui_glyph_t open_sans_45px_char_082 = {
    .cover_map = open_sans_45px_char_082_bitmap,
    .width = 24,
    .height = 32,
    .bearing_x = 4,
    .bearing_y = 32,
    .advance = 28
};

static const  ipgui_glyph_t open_sans_45px_char_083 = {
    .cover_map = open_sans_45px_char_083_bitmap,
    .width = 21,
    .height = 32,
    .bearing_x = 2,
    .bearing_y = 32,
    .advance = 25
};

static const  ipgui_glyph_t open_sans_45px_char_084 = {
    .cover_map = open_sans_45px_char_084_bitmap,
    .width = 25,
    .height = 32,
    .bearing_x = 0,
    .bearing_y = 32,
    .advance = 25
};

static const  ipgui_glyph_t open_sans_45px_char_085 = {
    .cover_map = open_sans_45px_char_085_bitmap,
    .width = 25,
    .height = 32,
    .bearing_x = 4,
    .bearing_y = 32,
    .advance = 33
};

static const  ipgui_glyph_t open_sans_45px_char_086 = {
    .cover_map = open_sans_45px_char_086_bitmap,
    .width = 27,
    .height = 32,
    .bearing_x = 0,
    .bearing_y = 32,
    .advance = 27
};

static const  ipgui_glyph_t open_sans_45px_char_087 = {
    .cover_map = open_sans_45px_char_087_bitmap,
    .width = 42,
    .height = 32,
    .bearing_x = 0,
    .bearing_y = 32,
    .advance = 42
};

static const  ipgui_glyph_t open_sans_45px_char_088 = {
    .cover_map = open_sans_45px_char_088_bitmap,
    .width = 26,
    .height = 32,
    .bearing_x = 0,
    .bearing_y = 32,
    .advance = 26
};

static const  ipgui_glyph_t open_sans_45px_char_089 = {
    .cover_map = open_sans_45px_char_089_bitmap,
    .width = 26,
    .height = 32,
    .bearing_x = 0,
    .bearing_y = 32,
    .advance = 25
};

static const  ipgui_glyph_t open_sans_45px_char_090 = {
    .cover_map = open_sans_45px_char_090_bitmap,
    .width = 23,
    .height = 32,
    .bearing_x = 1,
    .bearing_y = 32,
    .advance = 26
};

static const  ipgui_glyph_t open_sans_45px_char_091 = {
    .cover_map = open_sans_45px_char_091_bitmap,
    .width = 11,
    .height = 39,
    .bearing_x = 3,
    .bearing_y = 32,
    .advance = 15
};

static const  ipgui_glyph_t open_sans_45px_char_092 = {
    .cover_map = open_sans_45px_char_092_bitmap,
    .width = 17,
    .height = 32,
    .bearing_x = 0,
    .bearing_y = 32,
    .advance = 17
};

static const  ipgui_glyph_t open_sans_45px_char_093 = {
    .cover_map = open_sans_45px_char_093_bitmap,
    .width = 11,
    .height = 39,
    .bearing_x = 1,
    .bearing_y = 32,
    .advance = 15
};

static const  ipgui_glyph_t open_sans_45px_char_094 = {
    .cover_map = open_sans_45px_char_094_bitmap,
    .width = 23,
    .height = 20,
    .bearing_x = 1,
    .bearing_y = 32,
    .advance = 24
};

static const  ipgui_glyph_t open_sans_45px_char_095 = {
    .cover_map = open_sans_45px_char_095_bitmap,
    .width = 22,
    .height = 3,
    .bearing_x = -1,
    .bearing_y = -4,
    .advance = 20
};

static const  ipgui_glyph_t open_sans_45px_char_096 = {
    .cover_map = open_sans_45px_char_096_bitmap,
    .width = 10,
    .height = 7,
    .bearing_x = 8,
    .bearing_y = 34,
    .advance = 26
};

static const  ipgui_glyph_t open_sans_45px_char_097 = {
    .cover_map = open_sans_45px_char_097_bitmap,
    .width = 20,
    .height = 24,
    .bearing_x = 2,
    .bearing_y = 24,
    .advance = 25
};

static const  ipgui_glyph_t open_sans_45px_char_098 = {
    .cover_map = open_sans_45px_char_098_bitmap,
    .width = 23,
    .height = 34,
    .bearing_x = 3,
    .bearing_y = 34,
    .advance = 28
};

static const  ipgui_glyph_t open_sans_45px_char_099 = {
    .cover_map = open_sans_45px_char_099_bitmap,
    .width = 18,
    .height = 24,
    .bearing_x = 2,
    .bearing_y = 24,
    .advance = 21
};

static const  ipgui_glyph_t open_sans_45px_char_100 = {
    .cover_map = open_sans_45px_char_100_bitmap,
    .width = 22,
    .height = 34,
    .bearing_x = 2,
    .bearing_y = 34,
    .advance = 28
};

static const  ipgui_glyph_t open_sans_45px_char_101 = {
    .cover_map = open_sans_45px_char_101_bitmap,
    .width = 21,
    .height = 24,
    .bearing_x = 2,
    .bearing_y = 24,
    .advance = 25
};

static const  ipgui_glyph_t open_sans_45px_char_102 = {
    .cover_map = open_sans_45px_char_102_bitmap,
    .width = 18,
    .height = 34,
    .bearing_x = 0,
    .bearing_y = 34,
    .advance = 15
};

static const  ipgui_glyph_t open_sans_45px_char_103 = {
    .cover_map = open_sans_45px_char_103_bitmap,
    .width = 24,
    .height = 35,
    .bearing_x = 0,
    .bearing_y = 24,
    .advance = 25
};

static const  ipgui_glyph_t open_sans_45px_char_104 = {
    .cover_map = open_sans_45px_char_104_bitmap,
    .width = 21,
    .height = 34,
    .bearing_x = 3,
    .bearing_y = 34,
    .advance = 28
};

static const  ipgui_glyph_t open_sans_45px_char_105 = {
    .cover_map = open_sans_45px_char_105_bitmap,
    .width = 5,
    .height = 33,
    .bearing_x = 3,
    .bearing_y = 33,
    .advance = 11
};

static const  ipgui_glyph_t open_sans_45px_char_106 = {
    .cover_map = open_sans_45px_char_106_bitmap,
    .width = 11,
    .height = 44,
    .bearing_x = -3,
    .bearing_y = 33,
    .advance = 11
};

static const  ipgui_glyph_t open_sans_45px_char_107 = {
    .cover_map = open_sans_45px_char_107_bitmap,
    .width = 21,
    .height = 34,
    .bearing_x = 3,
    .bearing_y = 34,
    .advance = 24
};

static const  ipgui_glyph_t open_sans_45px_char_108 = {
    .cover_map = open_sans_45px_char_108_bitmap,
    .width = 5,
    .height = 34,
    .bearing_x = 3,
    .bearing_y = 34,
    .advance = 11
};

static const  ipgui_glyph_t open_sans_45px_char_109 = {
    .cover_map = open_sans_45px_char_109_bitmap,
    .width = 36,
    .height = 24,
    .bearing_x = 3,
    .bearing_y = 24,
    .advance = 42
};

static const  ipgui_glyph_t open_sans_45px_char_110 = {
    .cover_map = open_sans_45px_char_110_bitmap,
    .width = 21,
    .height = 24,
    .bearing_x = 3,
    .bearing_y = 24,
    .advance = 28
};

static const  ipgui_glyph_t open_sans_45px_char_111 = {
    .cover_map = open_sans_45px_char_111_bitmap,
    .width = 23,
    .height = 24,
    .bearing_x = 2,
    .bearing_y = 24,
    .advance = 27
};

static const  ipgui_glyph_t open_sans_45px_char_112 = {
    .cover_map = open_sans_45px_char_112_bitmap,
    .width = 23,
    .height = 35,
    .bearing_x = 3,
    .bearing_y = 24,
    .advance = 28
};

static const  ipgui_glyph_t open_sans_45px_char_113 = {
    .cover_map = open_sans_45px_char_113_bitmap,
    .width = 22,
    .height = 35,
    .bearing_x = 2,
    .bearing_y = 24,
    .advance = 28
};

static const  ipgui_glyph_t open_sans_45px_char_114 = {
    .cover_map = open_sans_45px_char_114_bitmap,
    .width = 15,
    .height = 24,
    .bearing_x = 3,
    .bearing_y = 24,
    .advance = 18
};

static const  ipgui_glyph_t open_sans_45px_char_115 = {
    .cover_map = open_sans_45px_char_115_bitmap,
    .width = 18,
    .height = 24,
    .bearing_x = 2,
    .bearing_y = 24,
    .advance = 21
};

static const  ipgui_glyph_t open_sans_45px_char_116 = {
    .cover_map = open_sans_45px_char_116_bitmap,
    .width = 15,
    .height = 30,
    .bearing_x = 0,
    .bearing_y = 30,
    .advance = 16
};

static const  ipgui_glyph_t open_sans_45px_char_117 = {
    .cover_map = open_sans_45px_char_117_bitmap,
    .width = 21,
    .height = 24,
    .bearing_x = 3,
    .bearing_y = 24,
    .advance = 28
};

static const  ipgui_glyph_t open_sans_45px_char_118 = {
    .cover_map = open_sans_45px_char_118_bitmap,
    .width = 23,
    .height = 24,
    .bearing_x = 0,
    .bearing_y = 24,
    .advance = 23
};

static const  ipgui_glyph_t open_sans_45px_char_119 = {
    .cover_map = open_sans_45px_char_119_bitmap,
    .width = 35,
    .height = 24,
    .bearing_x = 0,
    .bearing_y = 24,
    .advance = 35
};

static const  ipgui_glyph_t open_sans_45px_char_120 = {
    .cover_map = open_sans_45px_char_120_bitmap,
    .width = 23,
    .height = 24,
    .bearing_x = 0,
    .bearing_y = 24,
    .advance = 24
};

static const  ipgui_glyph_t open_sans_45px_char_121 = {
    .cover_map = open_sans_45px_char_121_bitmap,
    .width = 23,
    .height = 35,
    .bearing_x = 0,
    .bearing_y = 24,
    .advance = 23
};

static const  ipgui_glyph_t open_sans_45px_char_122 = {
    .cover_map = open_sans_45px_char_122_bitmap,
    .width = 19,
    .height = 24,
    .bearing_x = 1,
    .bearing_y = 24,
    .advance = 21
};

static const  ipgui_glyph_t open_sans_45px_char_123 = {
    .cover_map = open_sans_45px_char_123_bitmap,
    .width = 15,
    .height = 39,
    .bearing_x = 1,
    .bearing_y = 32,
    .advance = 17
};

static const  ipgui_glyph_t open_sans_45px_char_124 = {
    .cover_map = open_sans_45px_char_124_bitmap,
    .width = 4,
    .height = 45,
    .bearing_x = 10,
    .bearing_y = 34,
    .advance = 25
};

static const  ipgui_glyph_t open_sans_45px_char_125 = {
    .cover_map = open_sans_45px_char_125_bitmap,
    .width = 15,
    .height = 39,
    .bearing_x = 1,
    .bearing_y = 32,
    .advance = 17
};

static const  ipgui_glyph_t open_sans_45px_char_126 = {
    .cover_map = open_sans_45px_char_126_bitmap,
    .width = 22,
    .height = 6,
    .bearing_x = 2,
    .bearing_y = 19,
    .advance = 26
};

static const  ipgui_glyph_t open_sans_45px_char_127 = {
    .cover_map = open_sans_45px_char_127_bitmap,
    .width = 19,
    .height = 32,
    .bearing_x = 4,
    .bearing_y = 32,
    .advance = 27
};

/* 字形数组 */
static const  ipgui_glyph_t open_sans_45px_glyph_array[128] = {
    open_sans_45px_char_000,  /*   0: NUL  */
    open_sans_45px_char_001,  /*   1: SOH  */
    open_sans_45px_char_002,  /*   2: STX  */
    open_sans_45px_char_003,  /*   3: ETX  */
    open_sans_45px_char_004,  /*   4: EOT  */
    open_sans_45px_char_005,  /*   5: ENQ  */
    open_sans_45px_char_006,  /*   6: ACK  */
    open_sans_45px_char_007,  /*   7: BEL  */
    open_sans_45px_char_008,  /*   8: BS   */
    open_sans_45px_char_009,  /*   9: HT   */
    open_sans_45px_char_010,  /*  10: LF   */
    open_sans_45px_char_011,  /*  11: VT   */
    open_sans_45px_char_012,  /*  12: FF   */
    open_sans_45px_char_013,  /*  13: CR   */
    open_sans_45px_char_014,  /*  14: SO   */
    open_sans_45px_char_015,  /*  15: SI   */
    open_sans_45px_char_016,  /*  16: DLE  */
    open_sans_45px_char_017,  /*  17: DC1  */
    open_sans_45px_char_018,  /*  18: DC2  */
    open_sans_45px_char_019,  /*  19: DC3  */
    open_sans_45px_char_020,  /*  20: DC4  */
    open_sans_45px_char_021,  /*  21: NAK  */
    open_sans_45px_char_022,  /*  22: SYN  */
    open_sans_45px_char_023,  /*  23: ETB  */
    open_sans_45px_char_024,  /*  24: CAN  */
    open_sans_45px_char_025,  /*  25: EM   */
    open_sans_45px_char_026,  /*  26: SUB  */
    open_sans_45px_char_027,  /*  27: ESC  */
    open_sans_45px_char_028,  /*  28: FS   */
    open_sans_45px_char_029,  /*  29: GS   */
    open_sans_45px_char_030,  /*  30: RS   */
    open_sans_45px_char_031,  /*  31: US   */
    open_sans_45px_char_032,  /*  32: SPACE */
    open_sans_45px_char_033,  /*  33: !    */
    open_sans_45px_char_034,  /*  34: "    */
    open_sans_45px_char_035,  /*  35: #    */
    open_sans_45px_char_036,  /*  36: $    */
    open_sans_45px_char_037,  /*  37: %    */
    open_sans_45px_char_038,  /*  38: &    */
    open_sans_45px_char_039,  /*  39: '    */
    open_sans_45px_char_040,  /*  40: (    */
    open_sans_45px_char_041,  /*  41: )    */
    open_sans_45px_char_042,  /*  42: *    */
    open_sans_45px_char_043,  /*  43: +    */
    open_sans_45px_char_044,  /*  44: ,    */
    open_sans_45px_char_045,  /*  45: -    */
    open_sans_45px_char_046,  /*  46: .    */
    open_sans_45px_char_047,  /*  47: /    */
    open_sans_45px_char_048,  /*  48: 0    */
    open_sans_45px_char_049,  /*  49: 1    */
    open_sans_45px_char_050,  /*  50: 2    */
    open_sans_45px_char_051,  /*  51: 3    */
    open_sans_45px_char_052,  /*  52: 4    */
    open_sans_45px_char_053,  /*  53: 5    */
    open_sans_45px_char_054,  /*  54: 6    */
    open_sans_45px_char_055,  /*  55: 7    */
    open_sans_45px_char_056,  /*  56: 8    */
    open_sans_45px_char_057,  /*  57: 9    */
    open_sans_45px_char_058,  /*  58: :    */
    open_sans_45px_char_059,  /*  59: ;    */
    open_sans_45px_char_060,  /*  60: <    */
    open_sans_45px_char_061,  /*  61: =    */
    open_sans_45px_char_062,  /*  62: >    */
    open_sans_45px_char_063,  /*  63: ?    */
    open_sans_45px_char_064,  /*  64: @    */
    open_sans_45px_char_065,  /*  65: A    */
    open_sans_45px_char_066,  /*  66: B    */
    open_sans_45px_char_067,  /*  67: C    */
    open_sans_45px_char_068,  /*  68: D    */
    open_sans_45px_char_069,  /*  69: E    */
    open_sans_45px_char_070,  /*  70: F    */
    open_sans_45px_char_071,  /*  71: G    */
    open_sans_45px_char_072,  /*  72: H    */
    open_sans_45px_char_073,  /*  73: I    */
    open_sans_45px_char_074,  /*  74: J    */
    open_sans_45px_char_075,  /*  75: K    */
    open_sans_45px_char_076,  /*  76: L    */
    open_sans_45px_char_077,  /*  77: M    */
    open_sans_45px_char_078,  /*  78: N    */
    open_sans_45px_char_079,  /*  79: O    */
    open_sans_45px_char_080,  /*  80: P    */
    open_sans_45px_char_081,  /*  81: Q    */
    open_sans_45px_char_082,  /*  82: R    */
    open_sans_45px_char_083,  /*  83: S    */
    open_sans_45px_char_084,  /*  84: T    */
    open_sans_45px_char_085,  /*  85: U    */
    open_sans_45px_char_086,  /*  86: V    */
    open_sans_45px_char_087,  /*  87: W    */
    open_sans_45px_char_088,  /*  88: X    */
    open_sans_45px_char_089,  /*  89: Y    */
    open_sans_45px_char_090,  /*  90: Z    */
    open_sans_45px_char_091,  /*  91: [    */
    open_sans_45px_char_092,  /*  92: \    */
    open_sans_45px_char_093,  /*  93: ]    */
    open_sans_45px_char_094,  /*  94: ^    */
    open_sans_45px_char_095,  /*  95: _    */
    open_sans_45px_char_096,  /*  96: `    */
    open_sans_45px_char_097,  /*  97: a    */
    open_sans_45px_char_098,  /*  98: b    */
    open_sans_45px_char_099,  /*  99: c    */
    open_sans_45px_char_100,  /* 100: d    */
    open_sans_45px_char_101,  /* 101: e    */
    open_sans_45px_char_102,  /* 102: f    */
    open_sans_45px_char_103,  /* 103: g    */
    open_sans_45px_char_104,  /* 104: h    */
    open_sans_45px_char_105,  /* 105: i    */
    open_sans_45px_char_106,  /* 106: j    */
    open_sans_45px_char_107,  /* 107: k    */
    open_sans_45px_char_108,  /* 108: l    */
    open_sans_45px_char_109,  /* 109: m    */
    open_sans_45px_char_110,  /* 110: n    */
    open_sans_45px_char_111,  /* 111: o    */
    open_sans_45px_char_112,  /* 112: p    */
    open_sans_45px_char_113,  /* 113: q    */
    open_sans_45px_char_114,  /* 114: r    */
    open_sans_45px_char_115,  /* 115: s    */
    open_sans_45px_char_116,  /* 116: t    */
    open_sans_45px_char_117,  /* 117: u    */
    open_sans_45px_char_118,  /* 118: v    */
    open_sans_45px_char_119,  /* 119: w    */
    open_sans_45px_char_120,  /* 120: x    */
    open_sans_45px_char_121,  /* 121: y    */
    open_sans_45px_char_122,  /* 122: z    */
    open_sans_45px_char_123,  /* 123: {    */
    open_sans_45px_char_124,  /* 124: |    */
    open_sans_45px_char_125,  /* 125: }    */
    open_sans_45px_char_126,  /* 126: ~    */
    open_sans_45px_char_127,  /* 127: DEL  */
};

/* 字体结构体 */
const  ipgui_font_t open_sans_45px = {
    .glyphs = ( ipgui_glyph_t*)open_sans_45px_glyph_array,
    .line_height = 54,
    .baseline = 34,
    .font_size = 45,
    .max_height = 45,
    .space_width = 12
};

/* 获取字形函数 */
const  ipgui_glyph_t* open_sans_45px_get_glyph(unsigned char char_code)
{
    if (char_code < 128) {
        return &open_sans_45px_glyph_array[char_code];
    }
    return &open_sans_45px_char_063;  /* 返回'?'字符 */
}

/* 文本宽度计算 */
unsigned short open_sans_45px_text_width(const char* text)
{
    unsigned short width = 0;
    while (*text) {
        unsigned char ch = (unsigned char)*text;
        if (ch < 128) {
            const  ipgui_glyph_t* glyph = &open_sans_45px_glyph_array[ch];
            width += glyph->advance;
        }
        text++;
    }
    return width;
}
