/*
 * Open Sans 22px 字体实现
 * 字体: Open Sans 2
 * 字符: ASCII 0-127
 */

#include "ipgui_draw_builtin_font.h"

/* 字符   0: NUL  */
/*
 * ██████████████████░░
 * ██▒▒░░░░░░░░░░░░██░░
 * ██░░          ░░██░░
 * ██░░          ░░██░░
 * ██░░          ░░██░░
 * ██░░          ░░██░░
 * ██░░          ░░██░░
 * ██░░          ░░██░░
 * ██░░          ░░██░░
 * ██░░          ░░██░░
 * ██░░          ░░██░░
 * ██░░          ░░██░░
 * ██░░          ░░██░░
 * ██░░          ░░██░░
 * ██▒▒░░░░░░░░░░░░██░░
 * ██████████████████░░
 */
static const unsigned char open_sans_22px_char_000_bitmap[] = {
    0xec, 0xff, 0xff, 0xff, 0xff, 0xff, 0xff, 0xff, 0xff, 0x1c, /* 行 0 */
    0xec, 0x46, 0x1c, 0x1c, 0x1c, 0x1c, 0x1c, 0x1f, 0xff, 0x1c, /* 行 1 */
    0xec, 0x30, 0x00, 0x00, 0x00, 0x00, 0x00, 0x04, 0xff, 0x1c, /* 行 2 */
    0xec, 0x30, 0x00, 0x00, 0x00, 0x00, 0x00, 0x04, 0xff, 0x1c, /* 行 3 */
    0xec, 0x30, 0x00, 0x00, 0x00, 0x00, 0x00, 0x04, 0xff, 0x1c, /* 行 4 */
    0xec, 0x30, 0x00, 0x00, 0x00, 0x00, 0x00, 0x04, 0xff, 0x1c, /* 行 5 */
    0xec, 0x30, 0x00, 0x00, 0x00, 0x00, 0x00, 0x04, 0xff, 0x1c, /* 行 6 */
    0xec, 0x30, 0x00, 0x00, 0x00, 0x00, 0x00, 0x04, 0xff, 0x1c, /* 行 7 */
    0xec, 0x30, 0x00, 0x00, 0x00, 0x00, 0x00, 0x04, 0xff, 0x1c, /* 行 8 */
    0xec, 0x30, 0x00, 0x00, 0x00, 0x00, 0x00, 0x04, 0xff, 0x1c, /* 行 9 */
    0xec, 0x30, 0x00, 0x00, 0x00, 0x00, 0x00, 0x04, 0xff, 0x1c, /* 行10 */
    0xec, 0x30, 0x00, 0x00, 0x00, 0x00, 0x00, 0x04, 0xff, 0x1c, /* 行11 */
    0xec, 0x30, 0x00, 0x00, 0x00, 0x00, 0x00, 0x04, 0xff, 0x1c, /* 行12 */
    0xec, 0x30, 0x00, 0x00, 0x00, 0x00, 0x00, 0x04, 0xff, 0x1c, /* 行13 */
    0xec, 0x4a, 0x20, 0x20, 0x20, 0x20, 0x20, 0x23, 0xff, 0x1c, /* 行14 */
    0xec, 0xff, 0xff, 0xff, 0xff, 0xff, 0xff, 0xff, 0xff, 0x1c, /* 行15 */
};

/* 字符   1: SOH  */
/*
 * ██████████████████░░
 * ██▒▒░░░░░░░░░░░░██░░
 * ██░░          ░░██░░
 * ██░░          ░░██░░
 * ██░░          ░░██░░
 * ██░░          ░░██░░
 * ██░░          ░░██░░
 * ██░░          ░░██░░
 * ██░░          ░░██░░
 * ██░░          ░░██░░
 * ██░░          ░░██░░
 * ██░░          ░░██░░
 * ██░░          ░░██░░
 * ██░░          ░░██░░
 * ██▒▒░░░░░░░░░░░░██░░
 * ██████████████████░░
 */
static const unsigned char open_sans_22px_char_001_bitmap[] = {
    0xec, 0xff, 0xff, 0xff, 0xff, 0xff, 0xff, 0xff, 0xff, 0x1c, /* 行 0 */
    0xec, 0x46, 0x1c, 0x1c, 0x1c, 0x1c, 0x1c, 0x1f, 0xff, 0x1c, /* 行 1 */
    0xec, 0x30, 0x00, 0x00, 0x00, 0x00, 0x00, 0x04, 0xff, 0x1c, /* 行 2 */
    0xec, 0x30, 0x00, 0x00, 0x00, 0x00, 0x00, 0x04, 0xff, 0x1c, /* 行 3 */
    0xec, 0x30, 0x00, 0x00, 0x00, 0x00, 0x00, 0x04, 0xff, 0x1c, /* 行 4 */
    0xec, 0x30, 0x00, 0x00, 0x00, 0x00, 0x00, 0x04, 0xff, 0x1c, /* 行 5 */
    0xec, 0x30, 0x00, 0x00, 0x00, 0x00, 0x00, 0x04, 0xff, 0x1c, /* 行 6 */
    0xec, 0x30, 0x00, 0x00, 0x00, 0x00, 0x00, 0x04, 0xff, 0x1c, /* 行 7 */
    0xec, 0x30, 0x00, 0x00, 0x00, 0x00, 0x00, 0x04, 0xff, 0x1c, /* 行 8 */
    0xec, 0x30, 0x00, 0x00, 0x00, 0x00, 0x00, 0x04, 0xff, 0x1c, /* 行 9 */
    0xec, 0x30, 0x00, 0x00, 0x00, 0x00, 0x00, 0x04, 0xff, 0x1c, /* 行10 */
    0xec, 0x30, 0x00, 0x00, 0x00, 0x00, 0x00, 0x04, 0xff, 0x1c, /* 行11 */
    0xec, 0x30, 0x00, 0x00, 0x00, 0x00, 0x00, 0x04, 0xff, 0x1c, /* 行12 */
    0xec, 0x30, 0x00, 0x00, 0x00, 0x00, 0x00, 0x04, 0xff, 0x1c, /* 行13 */
    0xec, 0x4a, 0x20, 0x20, 0x20, 0x20, 0x20, 0x23, 0xff, 0x1c, /* 行14 */
    0xec, 0xff, 0xff, 0xff, 0xff, 0xff, 0xff, 0xff, 0xff, 0x1c, /* 行15 */
};

/* 字符   2: STX  */
/*
 * ██████████████████░░
 * ██▒▒░░░░░░░░░░░░██░░
 * ██░░          ░░██░░
 * ██░░          ░░██░░
 * ██░░          ░░██░░
 * ██░░          ░░██░░
 * ██░░          ░░██░░
 * ██░░          ░░██░░
 * ██░░          ░░██░░
 * ██░░          ░░██░░
 * ██░░          ░░██░░
 * ██░░          ░░██░░
 * ██░░          ░░██░░
 * ██░░          ░░██░░
 * ██▒▒░░░░░░░░░░░░██░░
 * ██████████████████░░
 */
static const unsigned char open_sans_22px_char_002_bitmap[] = {
    0xec, 0xff, 0xff, 0xff, 0xff, 0xff, 0xff, 0xff, 0xff, 0x1c, /* 行 0 */
    0xec, 0x46, 0x1c, 0x1c, 0x1c, 0x1c, 0x1c, 0x1f, 0xff, 0x1c, /* 行 1 */
    0xec, 0x30, 0x00, 0x00, 0x00, 0x00, 0x00, 0x04, 0xff, 0x1c, /* 行 2 */
    0xec, 0x30, 0x00, 0x00, 0x00, 0x00, 0x00, 0x04, 0xff, 0x1c, /* 行 3 */
    0xec, 0x30, 0x00, 0x00, 0x00, 0x00, 0x00, 0x04, 0xff, 0x1c, /* 行 4 */
    0xec, 0x30, 0x00, 0x00, 0x00, 0x00, 0x00, 0x04, 0xff, 0x1c, /* 行 5 */
    0xec, 0x30, 0x00, 0x00, 0x00, 0x00, 0x00, 0x04, 0xff, 0x1c, /* 行 6 */
    0xec, 0x30, 0x00, 0x00, 0x00, 0x00, 0x00, 0x04, 0xff, 0x1c, /* 行 7 */
    0xec, 0x30, 0x00, 0x00, 0x00, 0x00, 0x00, 0x04, 0xff, 0x1c, /* 行 8 */
    0xec, 0x30, 0x00, 0x00, 0x00, 0x00, 0x00, 0x04, 0xff, 0x1c, /* 行 9 */
    0xec, 0x30, 0x00, 0x00, 0x00, 0x00, 0x00, 0x04, 0xff, 0x1c, /* 行10 */
    0xec, 0x30, 0x00, 0x00, 0x00, 0x00, 0x00, 0x04, 0xff, 0x1c, /* 行11 */
    0xec, 0x30, 0x00, 0x00, 0x00, 0x00, 0x00, 0x04, 0xff, 0x1c, /* 行12 */
    0xec, 0x30, 0x00, 0x00, 0x00, 0x00, 0x00, 0x04, 0xff, 0x1c, /* 行13 */
    0xec, 0x4a, 0x20, 0x20, 0x20, 0x20, 0x20, 0x23, 0xff, 0x1c, /* 行14 */
    0xec, 0xff, 0xff, 0xff, 0xff, 0xff, 0xff, 0xff, 0xff, 0x1c, /* 行15 */
};

/* 字符   3: ETX  */
/*
 * ██████████████████░░
 * ██▒▒░░░░░░░░░░░░██░░
 * ██░░          ░░██░░
 * ██░░          ░░██░░
 * ██░░          ░░██░░
 * ██░░          ░░██░░
 * ██░░          ░░██░░
 * ██░░          ░░██░░
 * ██░░          ░░██░░
 * ██░░          ░░██░░
 * ██░░          ░░██░░
 * ██░░          ░░██░░
 * ██░░          ░░██░░
 * ██░░          ░░██░░
 * ██▒▒░░░░░░░░░░░░██░░
 * ██████████████████░░
 */
static const unsigned char open_sans_22px_char_003_bitmap[] = {
    0xec, 0xff, 0xff, 0xff, 0xff, 0xff, 0xff, 0xff, 0xff, 0x1c, /* 行 0 */
    0xec, 0x46, 0x1c, 0x1c, 0x1c, 0x1c, 0x1c, 0x1f, 0xff, 0x1c, /* 行 1 */
    0xec, 0x30, 0x00, 0x00, 0x00, 0x00, 0x00, 0x04, 0xff, 0x1c, /* 行 2 */
    0xec, 0x30, 0x00, 0x00, 0x00, 0x00, 0x00, 0x04, 0xff, 0x1c, /* 行 3 */
    0xec, 0x30, 0x00, 0x00, 0x00, 0x00, 0x00, 0x04, 0xff, 0x1c, /* 行 4 */
    0xec, 0x30, 0x00, 0x00, 0x00, 0x00, 0x00, 0x04, 0xff, 0x1c, /* 行 5 */
    0xec, 0x30, 0x00, 0x00, 0x00, 0x00, 0x00, 0x04, 0xff, 0x1c, /* 行 6 */
    0xec, 0x30, 0x00, 0x00, 0x00, 0x00, 0x00, 0x04, 0xff, 0x1c, /* 行 7 */
    0xec, 0x30, 0x00, 0x00, 0x00, 0x00, 0x00, 0x04, 0xff, 0x1c, /* 行 8 */
    0xec, 0x30, 0x00, 0x00, 0x00, 0x00, 0x00, 0x04, 0xff, 0x1c, /* 行 9 */
    0xec, 0x30, 0x00, 0x00, 0x00, 0x00, 0x00, 0x04, 0xff, 0x1c, /* 行10 */
    0xec, 0x30, 0x00, 0x00, 0x00, 0x00, 0x00, 0x04, 0xff, 0x1c, /* 行11 */
    0xec, 0x30, 0x00, 0x00, 0x00, 0x00, 0x00, 0x04, 0xff, 0x1c, /* 行12 */
    0xec, 0x30, 0x00, 0x00, 0x00, 0x00, 0x00, 0x04, 0xff, 0x1c, /* 行13 */
    0xec, 0x4a, 0x20, 0x20, 0x20, 0x20, 0x20, 0x23, 0xff, 0x1c, /* 行14 */
    0xec, 0xff, 0xff, 0xff, 0xff, 0xff, 0xff, 0xff, 0xff, 0x1c, /* 行15 */
};

/* 字符   4: EOT  */
/*
 * ██████████████████░░
 * ██▒▒░░░░░░░░░░░░██░░
 * ██░░          ░░██░░
 * ██░░          ░░██░░
 * ██░░          ░░██░░
 * ██░░          ░░██░░
 * ██░░          ░░██░░
 * ██░░          ░░██░░
 * ██░░          ░░██░░
 * ██░░          ░░██░░
 * ██░░          ░░██░░
 * ██░░          ░░██░░
 * ██░░          ░░██░░
 * ██░░          ░░██░░
 * ██▒▒░░░░░░░░░░░░██░░
 * ██████████████████░░
 */
static const unsigned char open_sans_22px_char_004_bitmap[] = {
    0xec, 0xff, 0xff, 0xff, 0xff, 0xff, 0xff, 0xff, 0xff, 0x1c, /* 行 0 */
    0xec, 0x46, 0x1c, 0x1c, 0x1c, 0x1c, 0x1c, 0x1f, 0xff, 0x1c, /* 行 1 */
    0xec, 0x30, 0x00, 0x00, 0x00, 0x00, 0x00, 0x04, 0xff, 0x1c, /* 行 2 */
    0xec, 0x30, 0x00, 0x00, 0x00, 0x00, 0x00, 0x04, 0xff, 0x1c, /* 行 3 */
    0xec, 0x30, 0x00, 0x00, 0x00, 0x00, 0x00, 0x04, 0xff, 0x1c, /* 行 4 */
    0xec, 0x30, 0x00, 0x00, 0x00, 0x00, 0x00, 0x04, 0xff, 0x1c, /* 行 5 */
    0xec, 0x30, 0x00, 0x00, 0x00, 0x00, 0x00, 0x04, 0xff, 0x1c, /* 行 6 */
    0xec, 0x30, 0x00, 0x00, 0x00, 0x00, 0x00, 0x04, 0xff, 0x1c, /* 行 7 */
    0xec, 0x30, 0x00, 0x00, 0x00, 0x00, 0x00, 0x04, 0xff, 0x1c, /* 行 8 */
    0xec, 0x30, 0x00, 0x00, 0x00, 0x00, 0x00, 0x04, 0xff, 0x1c, /* 行 9 */
    0xec, 0x30, 0x00, 0x00, 0x00, 0x00, 0x00, 0x04, 0xff, 0x1c, /* 行10 */
    0xec, 0x30, 0x00, 0x00, 0x00, 0x00, 0x00, 0x04, 0xff, 0x1c, /* 行11 */
    0xec, 0x30, 0x00, 0x00, 0x00, 0x00, 0x00, 0x04, 0xff, 0x1c, /* 行12 */
    0xec, 0x30, 0x00, 0x00, 0x00, 0x00, 0x00, 0x04, 0xff, 0x1c, /* 行13 */
    0xec, 0x4a, 0x20, 0x20, 0x20, 0x20, 0x20, 0x23, 0xff, 0x1c, /* 行14 */
    0xec, 0xff, 0xff, 0xff, 0xff, 0xff, 0xff, 0xff, 0xff, 0x1c, /* 行15 */
};

/* 字符   5: ENQ  */
/*
 * ██████████████████░░
 * ██▒▒░░░░░░░░░░░░██░░
 * ██░░          ░░██░░
 * ██░░          ░░██░░
 * ██░░          ░░██░░
 * ██░░          ░░██░░
 * ██░░          ░░██░░
 * ██░░          ░░██░░
 * ██░░          ░░██░░
 * ██░░          ░░██░░
 * ██░░          ░░██░░
 * ██░░          ░░██░░
 * ██░░          ░░██░░
 * ██░░          ░░██░░
 * ██▒▒░░░░░░░░░░░░██░░
 * ██████████████████░░
 */
static const unsigned char open_sans_22px_char_005_bitmap[] = {
    0xec, 0xff, 0xff, 0xff, 0xff, 0xff, 0xff, 0xff, 0xff, 0x1c, /* 行 0 */
    0xec, 0x46, 0x1c, 0x1c, 0x1c, 0x1c, 0x1c, 0x1f, 0xff, 0x1c, /* 行 1 */
    0xec, 0x30, 0x00, 0x00, 0x00, 0x00, 0x00, 0x04, 0xff, 0x1c, /* 行 2 */
    0xec, 0x30, 0x00, 0x00, 0x00, 0x00, 0x00, 0x04, 0xff, 0x1c, /* 行 3 */
    0xec, 0x30, 0x00, 0x00, 0x00, 0x00, 0x00, 0x04, 0xff, 0x1c, /* 行 4 */
    0xec, 0x30, 0x00, 0x00, 0x00, 0x00, 0x00, 0x04, 0xff, 0x1c, /* 行 5 */
    0xec, 0x30, 0x00, 0x00, 0x00, 0x00, 0x00, 0x04, 0xff, 0x1c, /* 行 6 */
    0xec, 0x30, 0x00, 0x00, 0x00, 0x00, 0x00, 0x04, 0xff, 0x1c, /* 行 7 */
    0xec, 0x30, 0x00, 0x00, 0x00, 0x00, 0x00, 0x04, 0xff, 0x1c, /* 行 8 */
    0xec, 0x30, 0x00, 0x00, 0x00, 0x00, 0x00, 0x04, 0xff, 0x1c, /* 行 9 */
    0xec, 0x30, 0x00, 0x00, 0x00, 0x00, 0x00, 0x04, 0xff, 0x1c, /* 行10 */
    0xec, 0x30, 0x00, 0x00, 0x00, 0x00, 0x00, 0x04, 0xff, 0x1c, /* 行11 */
    0xec, 0x30, 0x00, 0x00, 0x00, 0x00, 0x00, 0x04, 0xff, 0x1c, /* 行12 */
    0xec, 0x30, 0x00, 0x00, 0x00, 0x00, 0x00, 0x04, 0xff, 0x1c, /* 行13 */
    0xec, 0x4a, 0x20, 0x20, 0x20, 0x20, 0x20, 0x23, 0xff, 0x1c, /* 行14 */
    0xec, 0xff, 0xff, 0xff, 0xff, 0xff, 0xff, 0xff, 0xff, 0x1c, /* 行15 */
};

/* 字符   6: ACK  */
/*
 * ██████████████████░░
 * ██▒▒░░░░░░░░░░░░██░░
 * ██░░          ░░██░░
 * ██░░          ░░██░░
 * ██░░          ░░██░░
 * ██░░          ░░██░░
 * ██░░          ░░██░░
 * ██░░          ░░██░░
 * ██░░          ░░██░░
 * ██░░          ░░██░░
 * ██░░          ░░██░░
 * ██░░          ░░██░░
 * ██░░          ░░██░░
 * ██░░          ░░██░░
 * ██▒▒░░░░░░░░░░░░██░░
 * ██████████████████░░
 */
static const unsigned char open_sans_22px_char_006_bitmap[] = {
    0xec, 0xff, 0xff, 0xff, 0xff, 0xff, 0xff, 0xff, 0xff, 0x1c, /* 行 0 */
    0xec, 0x46, 0x1c, 0x1c, 0x1c, 0x1c, 0x1c, 0x1f, 0xff, 0x1c, /* 行 1 */
    0xec, 0x30, 0x00, 0x00, 0x00, 0x00, 0x00, 0x04, 0xff, 0x1c, /* 行 2 */
    0xec, 0x30, 0x00, 0x00, 0x00, 0x00, 0x00, 0x04, 0xff, 0x1c, /* 行 3 */
    0xec, 0x30, 0x00, 0x00, 0x00, 0x00, 0x00, 0x04, 0xff, 0x1c, /* 行 4 */
    0xec, 0x30, 0x00, 0x00, 0x00, 0x00, 0x00, 0x04, 0xff, 0x1c, /* 行 5 */
    0xec, 0x30, 0x00, 0x00, 0x00, 0x00, 0x00, 0x04, 0xff, 0x1c, /* 行 6 */
    0xec, 0x30, 0x00, 0x00, 0x00, 0x00, 0x00, 0x04, 0xff, 0x1c, /* 行 7 */
    0xec, 0x30, 0x00, 0x00, 0x00, 0x00, 0x00, 0x04, 0xff, 0x1c, /* 行 8 */
    0xec, 0x30, 0x00, 0x00, 0x00, 0x00, 0x00, 0x04, 0xff, 0x1c, /* 行 9 */
    0xec, 0x30, 0x00, 0x00, 0x00, 0x00, 0x00, 0x04, 0xff, 0x1c, /* 行10 */
    0xec, 0x30, 0x00, 0x00, 0x00, 0x00, 0x00, 0x04, 0xff, 0x1c, /* 行11 */
    0xec, 0x30, 0x00, 0x00, 0x00, 0x00, 0x00, 0x04, 0xff, 0x1c, /* 行12 */
    0xec, 0x30, 0x00, 0x00, 0x00, 0x00, 0x00, 0x04, 0xff, 0x1c, /* 行13 */
    0xec, 0x4a, 0x20, 0x20, 0x20, 0x20, 0x20, 0x23, 0xff, 0x1c, /* 行14 */
    0xec, 0xff, 0xff, 0xff, 0xff, 0xff, 0xff, 0xff, 0xff, 0x1c, /* 行15 */
};

/* 字符   7: BEL  */
/*
 * ██████████████████░░
 * ██▒▒░░░░░░░░░░░░██░░
 * ██░░          ░░██░░
 * ██░░          ░░██░░
 * ██░░          ░░██░░
 * ██░░          ░░██░░
 * ██░░          ░░██░░
 * ██░░          ░░██░░
 * ██░░          ░░██░░
 * ██░░          ░░██░░
 * ██░░          ░░██░░
 * ██░░          ░░██░░
 * ██░░          ░░██░░
 * ██░░          ░░██░░
 * ██▒▒░░░░░░░░░░░░██░░
 * ██████████████████░░
 */
static const unsigned char open_sans_22px_char_007_bitmap[] = {
    0xec, 0xff, 0xff, 0xff, 0xff, 0xff, 0xff, 0xff, 0xff, 0x1c, /* 行 0 */
    0xec, 0x46, 0x1c, 0x1c, 0x1c, 0x1c, 0x1c, 0x1f, 0xff, 0x1c, /* 行 1 */
    0xec, 0x30, 0x00, 0x00, 0x00, 0x00, 0x00, 0x04, 0xff, 0x1c, /* 行 2 */
    0xec, 0x30, 0x00, 0x00, 0x00, 0x00, 0x00, 0x04, 0xff, 0x1c, /* 行 3 */
    0xec, 0x30, 0x00, 0x00, 0x00, 0x00, 0x00, 0x04, 0xff, 0x1c, /* 行 4 */
    0xec, 0x30, 0x00, 0x00, 0x00, 0x00, 0x00, 0x04, 0xff, 0x1c, /* 行 5 */
    0xec, 0x30, 0x00, 0x00, 0x00, 0x00, 0x00, 0x04, 0xff, 0x1c, /* 行 6 */
    0xec, 0x30, 0x00, 0x00, 0x00, 0x00, 0x00, 0x04, 0xff, 0x1c, /* 行 7 */
    0xec, 0x30, 0x00, 0x00, 0x00, 0x00, 0x00, 0x04, 0xff, 0x1c, /* 行 8 */
    0xec, 0x30, 0x00, 0x00, 0x00, 0x00, 0x00, 0x04, 0xff, 0x1c, /* 行 9 */
    0xec, 0x30, 0x00, 0x00, 0x00, 0x00, 0x00, 0x04, 0xff, 0x1c, /* 行10 */
    0xec, 0x30, 0x00, 0x00, 0x00, 0x00, 0x00, 0x04, 0xff, 0x1c, /* 行11 */
    0xec, 0x30, 0x00, 0x00, 0x00, 0x00, 0x00, 0x04, 0xff, 0x1c, /* 行12 */
    0xec, 0x30, 0x00, 0x00, 0x00, 0x00, 0x00, 0x04, 0xff, 0x1c, /* 行13 */
    0xec, 0x4a, 0x20, 0x20, 0x20, 0x20, 0x20, 0x23, 0xff, 0x1c, /* 行14 */
    0xec, 0xff, 0xff, 0xff, 0xff, 0xff, 0xff, 0xff, 0xff, 0x1c, /* 行15 */
};

/* 字符   8: BS   */
/*
 * ██████████████████░░
 * ██▒▒░░░░░░░░░░░░██░░
 * ██░░          ░░██░░
 * ██░░          ░░██░░
 * ██░░          ░░██░░
 * ██░░          ░░██░░
 * ██░░          ░░██░░
 * ██░░          ░░██░░
 * ██░░          ░░██░░
 * ██░░          ░░██░░
 * ██░░          ░░██░░
 * ██░░          ░░██░░
 * ██░░          ░░██░░
 * ██░░          ░░██░░
 * ██▒▒░░░░░░░░░░░░██░░
 * ██████████████████░░
 */
static const unsigned char open_sans_22px_char_008_bitmap[] = {
    0xec, 0xff, 0xff, 0xff, 0xff, 0xff, 0xff, 0xff, 0xff, 0x1c, /* 行 0 */
    0xec, 0x46, 0x1c, 0x1c, 0x1c, 0x1c, 0x1c, 0x1f, 0xff, 0x1c, /* 行 1 */
    0xec, 0x30, 0x00, 0x00, 0x00, 0x00, 0x00, 0x04, 0xff, 0x1c, /* 行 2 */
    0xec, 0x30, 0x00, 0x00, 0x00, 0x00, 0x00, 0x04, 0xff, 0x1c, /* 行 3 */
    0xec, 0x30, 0x00, 0x00, 0x00, 0x00, 0x00, 0x04, 0xff, 0x1c, /* 行 4 */
    0xec, 0x30, 0x00, 0x00, 0x00, 0x00, 0x00, 0x04, 0xff, 0x1c, /* 行 5 */
    0xec, 0x30, 0x00, 0x00, 0x00, 0x00, 0x00, 0x04, 0xff, 0x1c, /* 行 6 */
    0xec, 0x30, 0x00, 0x00, 0x00, 0x00, 0x00, 0x04, 0xff, 0x1c, /* 行 7 */
    0xec, 0x30, 0x00, 0x00, 0x00, 0x00, 0x00, 0x04, 0xff, 0x1c, /* 行 8 */
    0xec, 0x30, 0x00, 0x00, 0x00, 0x00, 0x00, 0x04, 0xff, 0x1c, /* 行 9 */
    0xec, 0x30, 0x00, 0x00, 0x00, 0x00, 0x00, 0x04, 0xff, 0x1c, /* 行10 */
    0xec, 0x30, 0x00, 0x00, 0x00, 0x00, 0x00, 0x04, 0xff, 0x1c, /* 行11 */
    0xec, 0x30, 0x00, 0x00, 0x00, 0x00, 0x00, 0x04, 0xff, 0x1c, /* 行12 */
    0xec, 0x30, 0x00, 0x00, 0x00, 0x00, 0x00, 0x04, 0xff, 0x1c, /* 行13 */
    0xec, 0x4a, 0x20, 0x20, 0x20, 0x20, 0x20, 0x23, 0xff, 0x1c, /* 行14 */
    0xec, 0xff, 0xff, 0xff, 0xff, 0xff, 0xff, 0xff, 0xff, 0x1c, /* 行15 */
};

/* 字符   9: HT   */
/*
 * ██████████████████░░
 * ██▒▒░░░░░░░░░░░░██░░
 * ██░░          ░░██░░
 * ██░░          ░░██░░
 * ██░░          ░░██░░
 * ██░░          ░░██░░
 * ██░░          ░░██░░
 * ██░░          ░░██░░
 * ██░░          ░░██░░
 * ██░░          ░░██░░
 * ██░░          ░░██░░
 * ██░░          ░░██░░
 * ██░░          ░░██░░
 * ██░░          ░░██░░
 * ██▒▒░░░░░░░░░░░░██░░
 * ██████████████████░░
 */
static const unsigned char open_sans_22px_char_009_bitmap[] = {
    0xec, 0xff, 0xff, 0xff, 0xff, 0xff, 0xff, 0xff, 0xff, 0x1c, /* 行 0 */
    0xec, 0x46, 0x1c, 0x1c, 0x1c, 0x1c, 0x1c, 0x1f, 0xff, 0x1c, /* 行 1 */
    0xec, 0x30, 0x00, 0x00, 0x00, 0x00, 0x00, 0x04, 0xff, 0x1c, /* 行 2 */
    0xec, 0x30, 0x00, 0x00, 0x00, 0x00, 0x00, 0x04, 0xff, 0x1c, /* 行 3 */
    0xec, 0x30, 0x00, 0x00, 0x00, 0x00, 0x00, 0x04, 0xff, 0x1c, /* 行 4 */
    0xec, 0x30, 0x00, 0x00, 0x00, 0x00, 0x00, 0x04, 0xff, 0x1c, /* 行 5 */
    0xec, 0x30, 0x00, 0x00, 0x00, 0x00, 0x00, 0x04, 0xff, 0x1c, /* 行 6 */
    0xec, 0x30, 0x00, 0x00, 0x00, 0x00, 0x00, 0x04, 0xff, 0x1c, /* 行 7 */
    0xec, 0x30, 0x00, 0x00, 0x00, 0x00, 0x00, 0x04, 0xff, 0x1c, /* 行 8 */
    0xec, 0x30, 0x00, 0x00, 0x00, 0x00, 0x00, 0x04, 0xff, 0x1c, /* 行 9 */
    0xec, 0x30, 0x00, 0x00, 0x00, 0x00, 0x00, 0x04, 0xff, 0x1c, /* 行10 */
    0xec, 0x30, 0x00, 0x00, 0x00, 0x00, 0x00, 0x04, 0xff, 0x1c, /* 行11 */
    0xec, 0x30, 0x00, 0x00, 0x00, 0x00, 0x00, 0x04, 0xff, 0x1c, /* 行12 */
    0xec, 0x30, 0x00, 0x00, 0x00, 0x00, 0x00, 0x04, 0xff, 0x1c, /* 行13 */
    0xec, 0x4a, 0x20, 0x20, 0x20, 0x20, 0x20, 0x23, 0xff, 0x1c, /* 行14 */
    0xec, 0xff, 0xff, 0xff, 0xff, 0xff, 0xff, 0xff, 0xff, 0x1c, /* 行15 */
};

/* 字符  10: LF   */
/*
 * ██████████████████░░
 * ██▒▒░░░░░░░░░░░░██░░
 * ██░░          ░░██░░
 * ██░░          ░░██░░
 * ██░░          ░░██░░
 * ██░░          ░░██░░
 * ██░░          ░░██░░
 * ██░░          ░░██░░
 * ██░░          ░░██░░
 * ██░░          ░░██░░
 * ██░░          ░░██░░
 * ██░░          ░░██░░
 * ██░░          ░░██░░
 * ██░░          ░░██░░
 * ██▒▒░░░░░░░░░░░░██░░
 * ██████████████████░░
 */
static const unsigned char open_sans_22px_char_010_bitmap[] = {
    0xec, 0xff, 0xff, 0xff, 0xff, 0xff, 0xff, 0xff, 0xff, 0x1c, /* 行 0 */
    0xec, 0x46, 0x1c, 0x1c, 0x1c, 0x1c, 0x1c, 0x1f, 0xff, 0x1c, /* 行 1 */
    0xec, 0x30, 0x00, 0x00, 0x00, 0x00, 0x00, 0x04, 0xff, 0x1c, /* 行 2 */
    0xec, 0x30, 0x00, 0x00, 0x00, 0x00, 0x00, 0x04, 0xff, 0x1c, /* 行 3 */
    0xec, 0x30, 0x00, 0x00, 0x00, 0x00, 0x00, 0x04, 0xff, 0x1c, /* 行 4 */
    0xec, 0x30, 0x00, 0x00, 0x00, 0x00, 0x00, 0x04, 0xff, 0x1c, /* 行 5 */
    0xec, 0x30, 0x00, 0x00, 0x00, 0x00, 0x00, 0x04, 0xff, 0x1c, /* 行 6 */
    0xec, 0x30, 0x00, 0x00, 0x00, 0x00, 0x00, 0x04, 0xff, 0x1c, /* 行 7 */
    0xec, 0x30, 0x00, 0x00, 0x00, 0x00, 0x00, 0x04, 0xff, 0x1c, /* 行 8 */
    0xec, 0x30, 0x00, 0x00, 0x00, 0x00, 0x00, 0x04, 0xff, 0x1c, /* 行 9 */
    0xec, 0x30, 0x00, 0x00, 0x00, 0x00, 0x00, 0x04, 0xff, 0x1c, /* 行10 */
    0xec, 0x30, 0x00, 0x00, 0x00, 0x00, 0x00, 0x04, 0xff, 0x1c, /* 行11 */
    0xec, 0x30, 0x00, 0x00, 0x00, 0x00, 0x00, 0x04, 0xff, 0x1c, /* 行12 */
    0xec, 0x30, 0x00, 0x00, 0x00, 0x00, 0x00, 0x04, 0xff, 0x1c, /* 行13 */
    0xec, 0x4a, 0x20, 0x20, 0x20, 0x20, 0x20, 0x23, 0xff, 0x1c, /* 行14 */
    0xec, 0xff, 0xff, 0xff, 0xff, 0xff, 0xff, 0xff, 0xff, 0x1c, /* 行15 */
};

/* 字符  11: VT   */
/*
 * ██████████████████░░
 * ██▒▒░░░░░░░░░░░░██░░
 * ██░░          ░░██░░
 * ██░░          ░░██░░
 * ██░░          ░░██░░
 * ██░░          ░░██░░
 * ██░░          ░░██░░
 * ██░░          ░░██░░
 * ██░░          ░░██░░
 * ██░░          ░░██░░
 * ██░░          ░░██░░
 * ██░░          ░░██░░
 * ██░░          ░░██░░
 * ██░░          ░░██░░
 * ██▒▒░░░░░░░░░░░░██░░
 * ██████████████████░░
 */
static const unsigned char open_sans_22px_char_011_bitmap[] = {
    0xec, 0xff, 0xff, 0xff, 0xff, 0xff, 0xff, 0xff, 0xff, 0x1c, /* 行 0 */
    0xec, 0x46, 0x1c, 0x1c, 0x1c, 0x1c, 0x1c, 0x1f, 0xff, 0x1c, /* 行 1 */
    0xec, 0x30, 0x00, 0x00, 0x00, 0x00, 0x00, 0x04, 0xff, 0x1c, /* 行 2 */
    0xec, 0x30, 0x00, 0x00, 0x00, 0x00, 0x00, 0x04, 0xff, 0x1c, /* 行 3 */
    0xec, 0x30, 0x00, 0x00, 0x00, 0x00, 0x00, 0x04, 0xff, 0x1c, /* 行 4 */
    0xec, 0x30, 0x00, 0x00, 0x00, 0x00, 0x00, 0x04, 0xff, 0x1c, /* 行 5 */
    0xec, 0x30, 0x00, 0x00, 0x00, 0x00, 0x00, 0x04, 0xff, 0x1c, /* 行 6 */
    0xec, 0x30, 0x00, 0x00, 0x00, 0x00, 0x00, 0x04, 0xff, 0x1c, /* 行 7 */
    0xec, 0x30, 0x00, 0x00, 0x00, 0x00, 0x00, 0x04, 0xff, 0x1c, /* 行 8 */
    0xec, 0x30, 0x00, 0x00, 0x00, 0x00, 0x00, 0x04, 0xff, 0x1c, /* 行 9 */
    0xec, 0x30, 0x00, 0x00, 0x00, 0x00, 0x00, 0x04, 0xff, 0x1c, /* 行10 */
    0xec, 0x30, 0x00, 0x00, 0x00, 0x00, 0x00, 0x04, 0xff, 0x1c, /* 行11 */
    0xec, 0x30, 0x00, 0x00, 0x00, 0x00, 0x00, 0x04, 0xff, 0x1c, /* 行12 */
    0xec, 0x30, 0x00, 0x00, 0x00, 0x00, 0x00, 0x04, 0xff, 0x1c, /* 行13 */
    0xec, 0x4a, 0x20, 0x20, 0x20, 0x20, 0x20, 0x23, 0xff, 0x1c, /* 行14 */
    0xec, 0xff, 0xff, 0xff, 0xff, 0xff, 0xff, 0xff, 0xff, 0x1c, /* 行15 */
};

/* 字符  12: FF   */
/*
 * ██████████████████░░
 * ██▒▒░░░░░░░░░░░░██░░
 * ██░░          ░░██░░
 * ██░░          ░░██░░
 * ██░░          ░░██░░
 * ██░░          ░░██░░
 * ██░░          ░░██░░
 * ██░░          ░░██░░
 * ██░░          ░░██░░
 * ██░░          ░░██░░
 * ██░░          ░░██░░
 * ██░░          ░░██░░
 * ██░░          ░░██░░
 * ██░░          ░░██░░
 * ██▒▒░░░░░░░░░░░░██░░
 * ██████████████████░░
 */
static const unsigned char open_sans_22px_char_012_bitmap[] = {
    0xec, 0xff, 0xff, 0xff, 0xff, 0xff, 0xff, 0xff, 0xff, 0x1c, /* 行 0 */
    0xec, 0x46, 0x1c, 0x1c, 0x1c, 0x1c, 0x1c, 0x1f, 0xff, 0x1c, /* 行 1 */
    0xec, 0x30, 0x00, 0x00, 0x00, 0x00, 0x00, 0x04, 0xff, 0x1c, /* 行 2 */
    0xec, 0x30, 0x00, 0x00, 0x00, 0x00, 0x00, 0x04, 0xff, 0x1c, /* 行 3 */
    0xec, 0x30, 0x00, 0x00, 0x00, 0x00, 0x00, 0x04, 0xff, 0x1c, /* 行 4 */
    0xec, 0x30, 0x00, 0x00, 0x00, 0x00, 0x00, 0x04, 0xff, 0x1c, /* 行 5 */
    0xec, 0x30, 0x00, 0x00, 0x00, 0x00, 0x00, 0x04, 0xff, 0x1c, /* 行 6 */
    0xec, 0x30, 0x00, 0x00, 0x00, 0x00, 0x00, 0x04, 0xff, 0x1c, /* 行 7 */
    0xec, 0x30, 0x00, 0x00, 0x00, 0x00, 0x00, 0x04, 0xff, 0x1c, /* 行 8 */
    0xec, 0x30, 0x00, 0x00, 0x00, 0x00, 0x00, 0x04, 0xff, 0x1c, /* 行 9 */
    0xec, 0x30, 0x00, 0x00, 0x00, 0x00, 0x00, 0x04, 0xff, 0x1c, /* 行10 */
    0xec, 0x30, 0x00, 0x00, 0x00, 0x00, 0x00, 0x04, 0xff, 0x1c, /* 行11 */
    0xec, 0x30, 0x00, 0x00, 0x00, 0x00, 0x00, 0x04, 0xff, 0x1c, /* 行12 */
    0xec, 0x30, 0x00, 0x00, 0x00, 0x00, 0x00, 0x04, 0xff, 0x1c, /* 行13 */
    0xec, 0x4a, 0x20, 0x20, 0x20, 0x20, 0x20, 0x23, 0xff, 0x1c, /* 行14 */
    0xec, 0xff, 0xff, 0xff, 0xff, 0xff, 0xff, 0xff, 0xff, 0x1c, /* 行15 */
};

/* 字符  13: CR   */
/*
 * ██████████████████░░
 * ██▒▒░░░░░░░░░░░░██░░
 * ██░░          ░░██░░
 * ██░░          ░░██░░
 * ██░░          ░░██░░
 * ██░░          ░░██░░
 * ██░░          ░░██░░
 * ██░░          ░░██░░
 * ██░░          ░░██░░
 * ██░░          ░░██░░
 * ██░░          ░░██░░
 * ██░░          ░░██░░
 * ██░░          ░░██░░
 * ██░░          ░░██░░
 * ██▒▒░░░░░░░░░░░░██░░
 * ██████████████████░░
 */
static const unsigned char open_sans_22px_char_013_bitmap[] = {
    0xec, 0xff, 0xff, 0xff, 0xff, 0xff, 0xff, 0xff, 0xff, 0x1c, /* 行 0 */
    0xec, 0x46, 0x1c, 0x1c, 0x1c, 0x1c, 0x1c, 0x1f, 0xff, 0x1c, /* 行 1 */
    0xec, 0x30, 0x00, 0x00, 0x00, 0x00, 0x00, 0x04, 0xff, 0x1c, /* 行 2 */
    0xec, 0x30, 0x00, 0x00, 0x00, 0x00, 0x00, 0x04, 0xff, 0x1c, /* 行 3 */
    0xec, 0x30, 0x00, 0x00, 0x00, 0x00, 0x00, 0x04, 0xff, 0x1c, /* 行 4 */
    0xec, 0x30, 0x00, 0x00, 0x00, 0x00, 0x00, 0x04, 0xff, 0x1c, /* 行 5 */
    0xec, 0x30, 0x00, 0x00, 0x00, 0x00, 0x00, 0x04, 0xff, 0x1c, /* 行 6 */
    0xec, 0x30, 0x00, 0x00, 0x00, 0x00, 0x00, 0x04, 0xff, 0x1c, /* 行 7 */
    0xec, 0x30, 0x00, 0x00, 0x00, 0x00, 0x00, 0x04, 0xff, 0x1c, /* 行 8 */
    0xec, 0x30, 0x00, 0x00, 0x00, 0x00, 0x00, 0x04, 0xff, 0x1c, /* 行 9 */
    0xec, 0x30, 0x00, 0x00, 0x00, 0x00, 0x00, 0x04, 0xff, 0x1c, /* 行10 */
    0xec, 0x30, 0x00, 0x00, 0x00, 0x00, 0x00, 0x04, 0xff, 0x1c, /* 行11 */
    0xec, 0x30, 0x00, 0x00, 0x00, 0x00, 0x00, 0x04, 0xff, 0x1c, /* 行12 */
    0xec, 0x30, 0x00, 0x00, 0x00, 0x00, 0x00, 0x04, 0xff, 0x1c, /* 行13 */
    0xec, 0x4a, 0x20, 0x20, 0x20, 0x20, 0x20, 0x23, 0xff, 0x1c, /* 行14 */
    0xec, 0xff, 0xff, 0xff, 0xff, 0xff, 0xff, 0xff, 0xff, 0x1c, /* 行15 */
};

/* 字符  14: SO   */
/*
 * ██████████████████░░
 * ██▒▒░░░░░░░░░░░░██░░
 * ██░░          ░░██░░
 * ██░░          ░░██░░
 * ██░░          ░░██░░
 * ██░░          ░░██░░
 * ██░░          ░░██░░
 * ██░░          ░░██░░
 * ██░░          ░░██░░
 * ██░░          ░░██░░
 * ██░░          ░░██░░
 * ██░░          ░░██░░
 * ██░░          ░░██░░
 * ██░░          ░░██░░
 * ██▒▒░░░░░░░░░░░░██░░
 * ██████████████████░░
 */
static const unsigned char open_sans_22px_char_014_bitmap[] = {
    0xec, 0xff, 0xff, 0xff, 0xff, 0xff, 0xff, 0xff, 0xff, 0x1c, /* 行 0 */
    0xec, 0x46, 0x1c, 0x1c, 0x1c, 0x1c, 0x1c, 0x1f, 0xff, 0x1c, /* 行 1 */
    0xec, 0x30, 0x00, 0x00, 0x00, 0x00, 0x00, 0x04, 0xff, 0x1c, /* 行 2 */
    0xec, 0x30, 0x00, 0x00, 0x00, 0x00, 0x00, 0x04, 0xff, 0x1c, /* 行 3 */
    0xec, 0x30, 0x00, 0x00, 0x00, 0x00, 0x00, 0x04, 0xff, 0x1c, /* 行 4 */
    0xec, 0x30, 0x00, 0x00, 0x00, 0x00, 0x00, 0x04, 0xff, 0x1c, /* 行 5 */
    0xec, 0x30, 0x00, 0x00, 0x00, 0x00, 0x00, 0x04, 0xff, 0x1c, /* 行 6 */
    0xec, 0x30, 0x00, 0x00, 0x00, 0x00, 0x00, 0x04, 0xff, 0x1c, /* 行 7 */
    0xec, 0x30, 0x00, 0x00, 0x00, 0x00, 0x00, 0x04, 0xff, 0x1c, /* 行 8 */
    0xec, 0x30, 0x00, 0x00, 0x00, 0x00, 0x00, 0x04, 0xff, 0x1c, /* 行 9 */
    0xec, 0x30, 0x00, 0x00, 0x00, 0x00, 0x00, 0x04, 0xff, 0x1c, /* 行10 */
    0xec, 0x30, 0x00, 0x00, 0x00, 0x00, 0x00, 0x04, 0xff, 0x1c, /* 行11 */
    0xec, 0x30, 0x00, 0x00, 0x00, 0x00, 0x00, 0x04, 0xff, 0x1c, /* 行12 */
    0xec, 0x30, 0x00, 0x00, 0x00, 0x00, 0x00, 0x04, 0xff, 0x1c, /* 行13 */
    0xec, 0x4a, 0x20, 0x20, 0x20, 0x20, 0x20, 0x23, 0xff, 0x1c, /* 行14 */
    0xec, 0xff, 0xff, 0xff, 0xff, 0xff, 0xff, 0xff, 0xff, 0x1c, /* 行15 */
};

/* 字符  15: SI   */
/*
 * ██████████████████░░
 * ██▒▒░░░░░░░░░░░░██░░
 * ██░░          ░░██░░
 * ██░░          ░░██░░
 * ██░░          ░░██░░
 * ██░░          ░░██░░
 * ██░░          ░░██░░
 * ██░░          ░░██░░
 * ██░░          ░░██░░
 * ██░░          ░░██░░
 * ██░░          ░░██░░
 * ██░░          ░░██░░
 * ██░░          ░░██░░
 * ██░░          ░░██░░
 * ██▒▒░░░░░░░░░░░░██░░
 * ██████████████████░░
 */
static const unsigned char open_sans_22px_char_015_bitmap[] = {
    0xec, 0xff, 0xff, 0xff, 0xff, 0xff, 0xff, 0xff, 0xff, 0x1c, /* 行 0 */
    0xec, 0x46, 0x1c, 0x1c, 0x1c, 0x1c, 0x1c, 0x1f, 0xff, 0x1c, /* 行 1 */
    0xec, 0x30, 0x00, 0x00, 0x00, 0x00, 0x00, 0x04, 0xff, 0x1c, /* 行 2 */
    0xec, 0x30, 0x00, 0x00, 0x00, 0x00, 0x00, 0x04, 0xff, 0x1c, /* 行 3 */
    0xec, 0x30, 0x00, 0x00, 0x00, 0x00, 0x00, 0x04, 0xff, 0x1c, /* 行 4 */
    0xec, 0x30, 0x00, 0x00, 0x00, 0x00, 0x00, 0x04, 0xff, 0x1c, /* 行 5 */
    0xec, 0x30, 0x00, 0x00, 0x00, 0x00, 0x00, 0x04, 0xff, 0x1c, /* 行 6 */
    0xec, 0x30, 0x00, 0x00, 0x00, 0x00, 0x00, 0x04, 0xff, 0x1c, /* 行 7 */
    0xec, 0x30, 0x00, 0x00, 0x00, 0x00, 0x00, 0x04, 0xff, 0x1c, /* 行 8 */
    0xec, 0x30, 0x00, 0x00, 0x00, 0x00, 0x00, 0x04, 0xff, 0x1c, /* 行 9 */
    0xec, 0x30, 0x00, 0x00, 0x00, 0x00, 0x00, 0x04, 0xff, 0x1c, /* 行10 */
    0xec, 0x30, 0x00, 0x00, 0x00, 0x00, 0x00, 0x04, 0xff, 0x1c, /* 行11 */
    0xec, 0x30, 0x00, 0x00, 0x00, 0x00, 0x00, 0x04, 0xff, 0x1c, /* 行12 */
    0xec, 0x30, 0x00, 0x00, 0x00, 0x00, 0x00, 0x04, 0xff, 0x1c, /* 行13 */
    0xec, 0x4a, 0x20, 0x20, 0x20, 0x20, 0x20, 0x23, 0xff, 0x1c, /* 行14 */
    0xec, 0xff, 0xff, 0xff, 0xff, 0xff, 0xff, 0xff, 0xff, 0x1c, /* 行15 */
};

/* 字符  16: DLE  */
/*
 * ██████████████████░░
 * ██▒▒░░░░░░░░░░░░██░░
 * ██░░          ░░██░░
 * ██░░          ░░██░░
 * ██░░          ░░██░░
 * ██░░          ░░██░░
 * ██░░          ░░██░░
 * ██░░          ░░██░░
 * ██░░          ░░██░░
 * ██░░          ░░██░░
 * ██░░          ░░██░░
 * ██░░          ░░██░░
 * ██░░          ░░██░░
 * ██░░          ░░██░░
 * ██▒▒░░░░░░░░░░░░██░░
 * ██████████████████░░
 */
static const unsigned char open_sans_22px_char_016_bitmap[] = {
    0xec, 0xff, 0xff, 0xff, 0xff, 0xff, 0xff, 0xff, 0xff, 0x1c, /* 行 0 */
    0xec, 0x46, 0x1c, 0x1c, 0x1c, 0x1c, 0x1c, 0x1f, 0xff, 0x1c, /* 行 1 */
    0xec, 0x30, 0x00, 0x00, 0x00, 0x00, 0x00, 0x04, 0xff, 0x1c, /* 行 2 */
    0xec, 0x30, 0x00, 0x00, 0x00, 0x00, 0x00, 0x04, 0xff, 0x1c, /* 行 3 */
    0xec, 0x30, 0x00, 0x00, 0x00, 0x00, 0x00, 0x04, 0xff, 0x1c, /* 行 4 */
    0xec, 0x30, 0x00, 0x00, 0x00, 0x00, 0x00, 0x04, 0xff, 0x1c, /* 行 5 */
    0xec, 0x30, 0x00, 0x00, 0x00, 0x00, 0x00, 0x04, 0xff, 0x1c, /* 行 6 */
    0xec, 0x30, 0x00, 0x00, 0x00, 0x00, 0x00, 0x04, 0xff, 0x1c, /* 行 7 */
    0xec, 0x30, 0x00, 0x00, 0x00, 0x00, 0x00, 0x04, 0xff, 0x1c, /* 行 8 */
    0xec, 0x30, 0x00, 0x00, 0x00, 0x00, 0x00, 0x04, 0xff, 0x1c, /* 行 9 */
    0xec, 0x30, 0x00, 0x00, 0x00, 0x00, 0x00, 0x04, 0xff, 0x1c, /* 行10 */
    0xec, 0x30, 0x00, 0x00, 0x00, 0x00, 0x00, 0x04, 0xff, 0x1c, /* 行11 */
    0xec, 0x30, 0x00, 0x00, 0x00, 0x00, 0x00, 0x04, 0xff, 0x1c, /* 行12 */
    0xec, 0x30, 0x00, 0x00, 0x00, 0x00, 0x00, 0x04, 0xff, 0x1c, /* 行13 */
    0xec, 0x4a, 0x20, 0x20, 0x20, 0x20, 0x20, 0x23, 0xff, 0x1c, /* 行14 */
    0xec, 0xff, 0xff, 0xff, 0xff, 0xff, 0xff, 0xff, 0xff, 0x1c, /* 行15 */
};

/* 字符  17: DC1  */
/*
 * ██████████████████░░
 * ██▒▒░░░░░░░░░░░░██░░
 * ██░░          ░░██░░
 * ██░░          ░░██░░
 * ██░░          ░░██░░
 * ██░░          ░░██░░
 * ██░░          ░░██░░
 * ██░░          ░░██░░
 * ██░░          ░░██░░
 * ██░░          ░░██░░
 * ██░░          ░░██░░
 * ██░░          ░░██░░
 * ██░░          ░░██░░
 * ██░░          ░░██░░
 * ██▒▒░░░░░░░░░░░░██░░
 * ██████████████████░░
 */
static const unsigned char open_sans_22px_char_017_bitmap[] = {
    0xec, 0xff, 0xff, 0xff, 0xff, 0xff, 0xff, 0xff, 0xff, 0x1c, /* 行 0 */
    0xec, 0x46, 0x1c, 0x1c, 0x1c, 0x1c, 0x1c, 0x1f, 0xff, 0x1c, /* 行 1 */
    0xec, 0x30, 0x00, 0x00, 0x00, 0x00, 0x00, 0x04, 0xff, 0x1c, /* 行 2 */
    0xec, 0x30, 0x00, 0x00, 0x00, 0x00, 0x00, 0x04, 0xff, 0x1c, /* 行 3 */
    0xec, 0x30, 0x00, 0x00, 0x00, 0x00, 0x00, 0x04, 0xff, 0x1c, /* 行 4 */
    0xec, 0x30, 0x00, 0x00, 0x00, 0x00, 0x00, 0x04, 0xff, 0x1c, /* 行 5 */
    0xec, 0x30, 0x00, 0x00, 0x00, 0x00, 0x00, 0x04, 0xff, 0x1c, /* 行 6 */
    0xec, 0x30, 0x00, 0x00, 0x00, 0x00, 0x00, 0x04, 0xff, 0x1c, /* 行 7 */
    0xec, 0x30, 0x00, 0x00, 0x00, 0x00, 0x00, 0x04, 0xff, 0x1c, /* 行 8 */
    0xec, 0x30, 0x00, 0x00, 0x00, 0x00, 0x00, 0x04, 0xff, 0x1c, /* 行 9 */
    0xec, 0x30, 0x00, 0x00, 0x00, 0x00, 0x00, 0x04, 0xff, 0x1c, /* 行10 */
    0xec, 0x30, 0x00, 0x00, 0x00, 0x00, 0x00, 0x04, 0xff, 0x1c, /* 行11 */
    0xec, 0x30, 0x00, 0x00, 0x00, 0x00, 0x00, 0x04, 0xff, 0x1c, /* 行12 */
    0xec, 0x30, 0x00, 0x00, 0x00, 0x00, 0x00, 0x04, 0xff, 0x1c, /* 行13 */
    0xec, 0x4a, 0x20, 0x20, 0x20, 0x20, 0x20, 0x23, 0xff, 0x1c, /* 行14 */
    0xec, 0xff, 0xff, 0xff, 0xff, 0xff, 0xff, 0xff, 0xff, 0x1c, /* 行15 */
};

/* 字符  18: DC2  */
/*
 * ██████████████████░░
 * ██▒▒░░░░░░░░░░░░██░░
 * ██░░          ░░██░░
 * ██░░          ░░██░░
 * ██░░          ░░██░░
 * ██░░          ░░██░░
 * ██░░          ░░██░░
 * ██░░          ░░██░░
 * ██░░          ░░██░░
 * ██░░          ░░██░░
 * ██░░          ░░██░░
 * ██░░          ░░██░░
 * ██░░          ░░██░░
 * ██░░          ░░██░░
 * ██▒▒░░░░░░░░░░░░██░░
 * ██████████████████░░
 */
static const unsigned char open_sans_22px_char_018_bitmap[] = {
    0xec, 0xff, 0xff, 0xff, 0xff, 0xff, 0xff, 0xff, 0xff, 0x1c, /* 行 0 */
    0xec, 0x46, 0x1c, 0x1c, 0x1c, 0x1c, 0x1c, 0x1f, 0xff, 0x1c, /* 行 1 */
    0xec, 0x30, 0x00, 0x00, 0x00, 0x00, 0x00, 0x04, 0xff, 0x1c, /* 行 2 */
    0xec, 0x30, 0x00, 0x00, 0x00, 0x00, 0x00, 0x04, 0xff, 0x1c, /* 行 3 */
    0xec, 0x30, 0x00, 0x00, 0x00, 0x00, 0x00, 0x04, 0xff, 0x1c, /* 行 4 */
    0xec, 0x30, 0x00, 0x00, 0x00, 0x00, 0x00, 0x04, 0xff, 0x1c, /* 行 5 */
    0xec, 0x30, 0x00, 0x00, 0x00, 0x00, 0x00, 0x04, 0xff, 0x1c, /* 行 6 */
    0xec, 0x30, 0x00, 0x00, 0x00, 0x00, 0x00, 0x04, 0xff, 0x1c, /* 行 7 */
    0xec, 0x30, 0x00, 0x00, 0x00, 0x00, 0x00, 0x04, 0xff, 0x1c, /* 行 8 */
    0xec, 0x30, 0x00, 0x00, 0x00, 0x00, 0x00, 0x04, 0xff, 0x1c, /* 行 9 */
    0xec, 0x30, 0x00, 0x00, 0x00, 0x00, 0x00, 0x04, 0xff, 0x1c, /* 行10 */
    0xec, 0x30, 0x00, 0x00, 0x00, 0x00, 0x00, 0x04, 0xff, 0x1c, /* 行11 */
    0xec, 0x30, 0x00, 0x00, 0x00, 0x00, 0x00, 0x04, 0xff, 0x1c, /* 行12 */
    0xec, 0x30, 0x00, 0x00, 0x00, 0x00, 0x00, 0x04, 0xff, 0x1c, /* 行13 */
    0xec, 0x4a, 0x20, 0x20, 0x20, 0x20, 0x20, 0x23, 0xff, 0x1c, /* 行14 */
    0xec, 0xff, 0xff, 0xff, 0xff, 0xff, 0xff, 0xff, 0xff, 0x1c, /* 行15 */
};

/* 字符  19: DC3  */
/*
 * ██████████████████░░
 * ██▒▒░░░░░░░░░░░░██░░
 * ██░░          ░░██░░
 * ██░░          ░░██░░
 * ██░░          ░░██░░
 * ██░░          ░░██░░
 * ██░░          ░░██░░
 * ██░░          ░░██░░
 * ██░░          ░░██░░
 * ██░░          ░░██░░
 * ██░░          ░░██░░
 * ██░░          ░░██░░
 * ██░░          ░░██░░
 * ██░░          ░░██░░
 * ██▒▒░░░░░░░░░░░░██░░
 * ██████████████████░░
 */
static const unsigned char open_sans_22px_char_019_bitmap[] = {
    0xec, 0xff, 0xff, 0xff, 0xff, 0xff, 0xff, 0xff, 0xff, 0x1c, /* 行 0 */
    0xec, 0x46, 0x1c, 0x1c, 0x1c, 0x1c, 0x1c, 0x1f, 0xff, 0x1c, /* 行 1 */
    0xec, 0x30, 0x00, 0x00, 0x00, 0x00, 0x00, 0x04, 0xff, 0x1c, /* 行 2 */
    0xec, 0x30, 0x00, 0x00, 0x00, 0x00, 0x00, 0x04, 0xff, 0x1c, /* 行 3 */
    0xec, 0x30, 0x00, 0x00, 0x00, 0x00, 0x00, 0x04, 0xff, 0x1c, /* 行 4 */
    0xec, 0x30, 0x00, 0x00, 0x00, 0x00, 0x00, 0x04, 0xff, 0x1c, /* 行 5 */
    0xec, 0x30, 0x00, 0x00, 0x00, 0x00, 0x00, 0x04, 0xff, 0x1c, /* 行 6 */
    0xec, 0x30, 0x00, 0x00, 0x00, 0x00, 0x00, 0x04, 0xff, 0x1c, /* 行 7 */
    0xec, 0x30, 0x00, 0x00, 0x00, 0x00, 0x00, 0x04, 0xff, 0x1c, /* 行 8 */
    0xec, 0x30, 0x00, 0x00, 0x00, 0x00, 0x00, 0x04, 0xff, 0x1c, /* 行 9 */
    0xec, 0x30, 0x00, 0x00, 0x00, 0x00, 0x00, 0x04, 0xff, 0x1c, /* 行10 */
    0xec, 0x30, 0x00, 0x00, 0x00, 0x00, 0x00, 0x04, 0xff, 0x1c, /* 行11 */
    0xec, 0x30, 0x00, 0x00, 0x00, 0x00, 0x00, 0x04, 0xff, 0x1c, /* 行12 */
    0xec, 0x30, 0x00, 0x00, 0x00, 0x00, 0x00, 0x04, 0xff, 0x1c, /* 行13 */
    0xec, 0x4a, 0x20, 0x20, 0x20, 0x20, 0x20, 0x23, 0xff, 0x1c, /* 行14 */
    0xec, 0xff, 0xff, 0xff, 0xff, 0xff, 0xff, 0xff, 0xff, 0x1c, /* 行15 */
};

/* 字符  20: DC4  */
/*
 * ██████████████████░░
 * ██▒▒░░░░░░░░░░░░██░░
 * ██░░          ░░██░░
 * ██░░          ░░██░░
 * ██░░          ░░██░░
 * ██░░          ░░██░░
 * ██░░          ░░██░░
 * ██░░          ░░██░░
 * ██░░          ░░██░░
 * ██░░          ░░██░░
 * ██░░          ░░██░░
 * ██░░          ░░██░░
 * ██░░          ░░██░░
 * ██░░          ░░██░░
 * ██▒▒░░░░░░░░░░░░██░░
 * ██████████████████░░
 */
static const unsigned char open_sans_22px_char_020_bitmap[] = {
    0xec, 0xff, 0xff, 0xff, 0xff, 0xff, 0xff, 0xff, 0xff, 0x1c, /* 行 0 */
    0xec, 0x46, 0x1c, 0x1c, 0x1c, 0x1c, 0x1c, 0x1f, 0xff, 0x1c, /* 行 1 */
    0xec, 0x30, 0x00, 0x00, 0x00, 0x00, 0x00, 0x04, 0xff, 0x1c, /* 行 2 */
    0xec, 0x30, 0x00, 0x00, 0x00, 0x00, 0x00, 0x04, 0xff, 0x1c, /* 行 3 */
    0xec, 0x30, 0x00, 0x00, 0x00, 0x00, 0x00, 0x04, 0xff, 0x1c, /* 行 4 */
    0xec, 0x30, 0x00, 0x00, 0x00, 0x00, 0x00, 0x04, 0xff, 0x1c, /* 行 5 */
    0xec, 0x30, 0x00, 0x00, 0x00, 0x00, 0x00, 0x04, 0xff, 0x1c, /* 行 6 */
    0xec, 0x30, 0x00, 0x00, 0x00, 0x00, 0x00, 0x04, 0xff, 0x1c, /* 行 7 */
    0xec, 0x30, 0x00, 0x00, 0x00, 0x00, 0x00, 0x04, 0xff, 0x1c, /* 行 8 */
    0xec, 0x30, 0x00, 0x00, 0x00, 0x00, 0x00, 0x04, 0xff, 0x1c, /* 行 9 */
    0xec, 0x30, 0x00, 0x00, 0x00, 0x00, 0x00, 0x04, 0xff, 0x1c, /* 行10 */
    0xec, 0x30, 0x00, 0x00, 0x00, 0x00, 0x00, 0x04, 0xff, 0x1c, /* 行11 */
    0xec, 0x30, 0x00, 0x00, 0x00, 0x00, 0x00, 0x04, 0xff, 0x1c, /* 行12 */
    0xec, 0x30, 0x00, 0x00, 0x00, 0x00, 0x00, 0x04, 0xff, 0x1c, /* 行13 */
    0xec, 0x4a, 0x20, 0x20, 0x20, 0x20, 0x20, 0x23, 0xff, 0x1c, /* 行14 */
    0xec, 0xff, 0xff, 0xff, 0xff, 0xff, 0xff, 0xff, 0xff, 0x1c, /* 行15 */
};

/* 字符  21: NAK  */
/*
 * ██████████████████░░
 * ██▒▒░░░░░░░░░░░░██░░
 * ██░░          ░░██░░
 * ██░░          ░░██░░
 * ██░░          ░░██░░
 * ██░░          ░░██░░
 * ██░░          ░░██░░
 * ██░░          ░░██░░
 * ██░░          ░░██░░
 * ██░░          ░░██░░
 * ██░░          ░░██░░
 * ██░░          ░░██░░
 * ██░░          ░░██░░
 * ██░░          ░░██░░
 * ██▒▒░░░░░░░░░░░░██░░
 * ██████████████████░░
 */
static const unsigned char open_sans_22px_char_021_bitmap[] = {
    0xec, 0xff, 0xff, 0xff, 0xff, 0xff, 0xff, 0xff, 0xff, 0x1c, /* 行 0 */
    0xec, 0x46, 0x1c, 0x1c, 0x1c, 0x1c, 0x1c, 0x1f, 0xff, 0x1c, /* 行 1 */
    0xec, 0x30, 0x00, 0x00, 0x00, 0x00, 0x00, 0x04, 0xff, 0x1c, /* 行 2 */
    0xec, 0x30, 0x00, 0x00, 0x00, 0x00, 0x00, 0x04, 0xff, 0x1c, /* 行 3 */
    0xec, 0x30, 0x00, 0x00, 0x00, 0x00, 0x00, 0x04, 0xff, 0x1c, /* 行 4 */
    0xec, 0x30, 0x00, 0x00, 0x00, 0x00, 0x00, 0x04, 0xff, 0x1c, /* 行 5 */
    0xec, 0x30, 0x00, 0x00, 0x00, 0x00, 0x00, 0x04, 0xff, 0x1c, /* 行 6 */
    0xec, 0x30, 0x00, 0x00, 0x00, 0x00, 0x00, 0x04, 0xff, 0x1c, /* 行 7 */
    0xec, 0x30, 0x00, 0x00, 0x00, 0x00, 0x00, 0x04, 0xff, 0x1c, /* 行 8 */
    0xec, 0x30, 0x00, 0x00, 0x00, 0x00, 0x00, 0x04, 0xff, 0x1c, /* 行 9 */
    0xec, 0x30, 0x00, 0x00, 0x00, 0x00, 0x00, 0x04, 0xff, 0x1c, /* 行10 */
    0xec, 0x30, 0x00, 0x00, 0x00, 0x00, 0x00, 0x04, 0xff, 0x1c, /* 行11 */
    0xec, 0x30, 0x00, 0x00, 0x00, 0x00, 0x00, 0x04, 0xff, 0x1c, /* 行12 */
    0xec, 0x30, 0x00, 0x00, 0x00, 0x00, 0x00, 0x04, 0xff, 0x1c, /* 行13 */
    0xec, 0x4a, 0x20, 0x20, 0x20, 0x20, 0x20, 0x23, 0xff, 0x1c, /* 行14 */
    0xec, 0xff, 0xff, 0xff, 0xff, 0xff, 0xff, 0xff, 0xff, 0x1c, /* 行15 */
};

/* 字符  22: SYN  */
/*
 * ██████████████████░░
 * ██▒▒░░░░░░░░░░░░██░░
 * ██░░          ░░██░░
 * ██░░          ░░██░░
 * ██░░          ░░██░░
 * ██░░          ░░██░░
 * ██░░          ░░██░░
 * ██░░          ░░██░░
 * ██░░          ░░██░░
 * ██░░          ░░██░░
 * ██░░          ░░██░░
 * ██░░          ░░██░░
 * ██░░          ░░██░░
 * ██░░          ░░██░░
 * ██▒▒░░░░░░░░░░░░██░░
 * ██████████████████░░
 */
static const unsigned char open_sans_22px_char_022_bitmap[] = {
    0xec, 0xff, 0xff, 0xff, 0xff, 0xff, 0xff, 0xff, 0xff, 0x1c, /* 行 0 */
    0xec, 0x46, 0x1c, 0x1c, 0x1c, 0x1c, 0x1c, 0x1f, 0xff, 0x1c, /* 行 1 */
    0xec, 0x30, 0x00, 0x00, 0x00, 0x00, 0x00, 0x04, 0xff, 0x1c, /* 行 2 */
    0xec, 0x30, 0x00, 0x00, 0x00, 0x00, 0x00, 0x04, 0xff, 0x1c, /* 行 3 */
    0xec, 0x30, 0x00, 0x00, 0x00, 0x00, 0x00, 0x04, 0xff, 0x1c, /* 行 4 */
    0xec, 0x30, 0x00, 0x00, 0x00, 0x00, 0x00, 0x04, 0xff, 0x1c, /* 行 5 */
    0xec, 0x30, 0x00, 0x00, 0x00, 0x00, 0x00, 0x04, 0xff, 0x1c, /* 行 6 */
    0xec, 0x30, 0x00, 0x00, 0x00, 0x00, 0x00, 0x04, 0xff, 0x1c, /* 行 7 */
    0xec, 0x30, 0x00, 0x00, 0x00, 0x00, 0x00, 0x04, 0xff, 0x1c, /* 行 8 */
    0xec, 0x30, 0x00, 0x00, 0x00, 0x00, 0x00, 0x04, 0xff, 0x1c, /* 行 9 */
    0xec, 0x30, 0x00, 0x00, 0x00, 0x00, 0x00, 0x04, 0xff, 0x1c, /* 行10 */
    0xec, 0x30, 0x00, 0x00, 0x00, 0x00, 0x00, 0x04, 0xff, 0x1c, /* 行11 */
    0xec, 0x30, 0x00, 0x00, 0x00, 0x00, 0x00, 0x04, 0xff, 0x1c, /* 行12 */
    0xec, 0x30, 0x00, 0x00, 0x00, 0x00, 0x00, 0x04, 0xff, 0x1c, /* 行13 */
    0xec, 0x4a, 0x20, 0x20, 0x20, 0x20, 0x20, 0x23, 0xff, 0x1c, /* 行14 */
    0xec, 0xff, 0xff, 0xff, 0xff, 0xff, 0xff, 0xff, 0xff, 0x1c, /* 行15 */
};

/* 字符  23: ETB  */
/*
 * ██████████████████░░
 * ██▒▒░░░░░░░░░░░░██░░
 * ██░░          ░░██░░
 * ██░░          ░░██░░
 * ██░░          ░░██░░
 * ██░░          ░░██░░
 * ██░░          ░░██░░
 * ██░░          ░░██░░
 * ██░░          ░░██░░
 * ██░░          ░░██░░
 * ██░░          ░░██░░
 * ██░░          ░░██░░
 * ██░░          ░░██░░
 * ██░░          ░░██░░
 * ██▒▒░░░░░░░░░░░░██░░
 * ██████████████████░░
 */
static const unsigned char open_sans_22px_char_023_bitmap[] = {
    0xec, 0xff, 0xff, 0xff, 0xff, 0xff, 0xff, 0xff, 0xff, 0x1c, /* 行 0 */
    0xec, 0x46, 0x1c, 0x1c, 0x1c, 0x1c, 0x1c, 0x1f, 0xff, 0x1c, /* 行 1 */
    0xec, 0x30, 0x00, 0x00, 0x00, 0x00, 0x00, 0x04, 0xff, 0x1c, /* 行 2 */
    0xec, 0x30, 0x00, 0x00, 0x00, 0x00, 0x00, 0x04, 0xff, 0x1c, /* 行 3 */
    0xec, 0x30, 0x00, 0x00, 0x00, 0x00, 0x00, 0x04, 0xff, 0x1c, /* 行 4 */
    0xec, 0x30, 0x00, 0x00, 0x00, 0x00, 0x00, 0x04, 0xff, 0x1c, /* 行 5 */
    0xec, 0x30, 0x00, 0x00, 0x00, 0x00, 0x00, 0x04, 0xff, 0x1c, /* 行 6 */
    0xec, 0x30, 0x00, 0x00, 0x00, 0x00, 0x00, 0x04, 0xff, 0x1c, /* 行 7 */
    0xec, 0x30, 0x00, 0x00, 0x00, 0x00, 0x00, 0x04, 0xff, 0x1c, /* 行 8 */
    0xec, 0x30, 0x00, 0x00, 0x00, 0x00, 0x00, 0x04, 0xff, 0x1c, /* 行 9 */
    0xec, 0x30, 0x00, 0x00, 0x00, 0x00, 0x00, 0x04, 0xff, 0x1c, /* 行10 */
    0xec, 0x30, 0x00, 0x00, 0x00, 0x00, 0x00, 0x04, 0xff, 0x1c, /* 行11 */
    0xec, 0x30, 0x00, 0x00, 0x00, 0x00, 0x00, 0x04, 0xff, 0x1c, /* 行12 */
    0xec, 0x30, 0x00, 0x00, 0x00, 0x00, 0x00, 0x04, 0xff, 0x1c, /* 行13 */
    0xec, 0x4a, 0x20, 0x20, 0x20, 0x20, 0x20, 0x23, 0xff, 0x1c, /* 行14 */
    0xec, 0xff, 0xff, 0xff, 0xff, 0xff, 0xff, 0xff, 0xff, 0x1c, /* 行15 */
};

/* 字符  24: CAN  */
/*
 * ██████████████████░░
 * ██▒▒░░░░░░░░░░░░██░░
 * ██░░          ░░██░░
 * ██░░          ░░██░░
 * ██░░          ░░██░░
 * ██░░          ░░██░░
 * ██░░          ░░██░░
 * ██░░          ░░██░░
 * ██░░          ░░██░░
 * ██░░          ░░██░░
 * ██░░          ░░██░░
 * ██░░          ░░██░░
 * ██░░          ░░██░░
 * ██░░          ░░██░░
 * ██▒▒░░░░░░░░░░░░██░░
 * ██████████████████░░
 */
static const unsigned char open_sans_22px_char_024_bitmap[] = {
    0xec, 0xff, 0xff, 0xff, 0xff, 0xff, 0xff, 0xff, 0xff, 0x1c, /* 行 0 */
    0xec, 0x46, 0x1c, 0x1c, 0x1c, 0x1c, 0x1c, 0x1f, 0xff, 0x1c, /* 行 1 */
    0xec, 0x30, 0x00, 0x00, 0x00, 0x00, 0x00, 0x04, 0xff, 0x1c, /* 行 2 */
    0xec, 0x30, 0x00, 0x00, 0x00, 0x00, 0x00, 0x04, 0xff, 0x1c, /* 行 3 */
    0xec, 0x30, 0x00, 0x00, 0x00, 0x00, 0x00, 0x04, 0xff, 0x1c, /* 行 4 */
    0xec, 0x30, 0x00, 0x00, 0x00, 0x00, 0x00, 0x04, 0xff, 0x1c, /* 行 5 */
    0xec, 0x30, 0x00, 0x00, 0x00, 0x00, 0x00, 0x04, 0xff, 0x1c, /* 行 6 */
    0xec, 0x30, 0x00, 0x00, 0x00, 0x00, 0x00, 0x04, 0xff, 0x1c, /* 行 7 */
    0xec, 0x30, 0x00, 0x00, 0x00, 0x00, 0x00, 0x04, 0xff, 0x1c, /* 行 8 */
    0xec, 0x30, 0x00, 0x00, 0x00, 0x00, 0x00, 0x04, 0xff, 0x1c, /* 行 9 */
    0xec, 0x30, 0x00, 0x00, 0x00, 0x00, 0x00, 0x04, 0xff, 0x1c, /* 行10 */
    0xec, 0x30, 0x00, 0x00, 0x00, 0x00, 0x00, 0x04, 0xff, 0x1c, /* 行11 */
    0xec, 0x30, 0x00, 0x00, 0x00, 0x00, 0x00, 0x04, 0xff, 0x1c, /* 行12 */
    0xec, 0x30, 0x00, 0x00, 0x00, 0x00, 0x00, 0x04, 0xff, 0x1c, /* 行13 */
    0xec, 0x4a, 0x20, 0x20, 0x20, 0x20, 0x20, 0x23, 0xff, 0x1c, /* 行14 */
    0xec, 0xff, 0xff, 0xff, 0xff, 0xff, 0xff, 0xff, 0xff, 0x1c, /* 行15 */
};

/* 字符  25: EM   */
/*
 * ██████████████████░░
 * ██▒▒░░░░░░░░░░░░██░░
 * ██░░          ░░██░░
 * ██░░          ░░██░░
 * ██░░          ░░██░░
 * ██░░          ░░██░░
 * ██░░          ░░██░░
 * ██░░          ░░██░░
 * ██░░          ░░██░░
 * ██░░          ░░██░░
 * ██░░          ░░██░░
 * ██░░          ░░██░░
 * ██░░          ░░██░░
 * ██░░          ░░██░░
 * ██▒▒░░░░░░░░░░░░██░░
 * ██████████████████░░
 */
static const unsigned char open_sans_22px_char_025_bitmap[] = {
    0xec, 0xff, 0xff, 0xff, 0xff, 0xff, 0xff, 0xff, 0xff, 0x1c, /* 行 0 */
    0xec, 0x46, 0x1c, 0x1c, 0x1c, 0x1c, 0x1c, 0x1f, 0xff, 0x1c, /* 行 1 */
    0xec, 0x30, 0x00, 0x00, 0x00, 0x00, 0x00, 0x04, 0xff, 0x1c, /* 行 2 */
    0xec, 0x30, 0x00, 0x00, 0x00, 0x00, 0x00, 0x04, 0xff, 0x1c, /* 行 3 */
    0xec, 0x30, 0x00, 0x00, 0x00, 0x00, 0x00, 0x04, 0xff, 0x1c, /* 行 4 */
    0xec, 0x30, 0x00, 0x00, 0x00, 0x00, 0x00, 0x04, 0xff, 0x1c, /* 行 5 */
    0xec, 0x30, 0x00, 0x00, 0x00, 0x00, 0x00, 0x04, 0xff, 0x1c, /* 行 6 */
    0xec, 0x30, 0x00, 0x00, 0x00, 0x00, 0x00, 0x04, 0xff, 0x1c, /* 行 7 */
    0xec, 0x30, 0x00, 0x00, 0x00, 0x00, 0x00, 0x04, 0xff, 0x1c, /* 行 8 */
    0xec, 0x30, 0x00, 0x00, 0x00, 0x00, 0x00, 0x04, 0xff, 0x1c, /* 行 9 */
    0xec, 0x30, 0x00, 0x00, 0x00, 0x00, 0x00, 0x04, 0xff, 0x1c, /* 行10 */
    0xec, 0x30, 0x00, 0x00, 0x00, 0x00, 0x00, 0x04, 0xff, 0x1c, /* 行11 */
    0xec, 0x30, 0x00, 0x00, 0x00, 0x00, 0x00, 0x04, 0xff, 0x1c, /* 行12 */
    0xec, 0x30, 0x00, 0x00, 0x00, 0x00, 0x00, 0x04, 0xff, 0x1c, /* 行13 */
    0xec, 0x4a, 0x20, 0x20, 0x20, 0x20, 0x20, 0x23, 0xff, 0x1c, /* 行14 */
    0xec, 0xff, 0xff, 0xff, 0xff, 0xff, 0xff, 0xff, 0xff, 0x1c, /* 行15 */
};

/* 字符  26: SUB  */
/*
 * ██████████████████░░
 * ██▒▒░░░░░░░░░░░░██░░
 * ██░░          ░░██░░
 * ██░░          ░░██░░
 * ██░░          ░░██░░
 * ██░░          ░░██░░
 * ██░░          ░░██░░
 * ██░░          ░░██░░
 * ██░░          ░░██░░
 * ██░░          ░░██░░
 * ██░░          ░░██░░
 * ██░░          ░░██░░
 * ██░░          ░░██░░
 * ██░░          ░░██░░
 * ██▒▒░░░░░░░░░░░░██░░
 * ██████████████████░░
 */
static const unsigned char open_sans_22px_char_026_bitmap[] = {
    0xec, 0xff, 0xff, 0xff, 0xff, 0xff, 0xff, 0xff, 0xff, 0x1c, /* 行 0 */
    0xec, 0x46, 0x1c, 0x1c, 0x1c, 0x1c, 0x1c, 0x1f, 0xff, 0x1c, /* 行 1 */
    0xec, 0x30, 0x00, 0x00, 0x00, 0x00, 0x00, 0x04, 0xff, 0x1c, /* 行 2 */
    0xec, 0x30, 0x00, 0x00, 0x00, 0x00, 0x00, 0x04, 0xff, 0x1c, /* 行 3 */
    0xec, 0x30, 0x00, 0x00, 0x00, 0x00, 0x00, 0x04, 0xff, 0x1c, /* 行 4 */
    0xec, 0x30, 0x00, 0x00, 0x00, 0x00, 0x00, 0x04, 0xff, 0x1c, /* 行 5 */
    0xec, 0x30, 0x00, 0x00, 0x00, 0x00, 0x00, 0x04, 0xff, 0x1c, /* 行 6 */
    0xec, 0x30, 0x00, 0x00, 0x00, 0x00, 0x00, 0x04, 0xff, 0x1c, /* 行 7 */
    0xec, 0x30, 0x00, 0x00, 0x00, 0x00, 0x00, 0x04, 0xff, 0x1c, /* 行 8 */
    0xec, 0x30, 0x00, 0x00, 0x00, 0x00, 0x00, 0x04, 0xff, 0x1c, /* 行 9 */
    0xec, 0x30, 0x00, 0x00, 0x00, 0x00, 0x00, 0x04, 0xff, 0x1c, /* 行10 */
    0xec, 0x30, 0x00, 0x00, 0x00, 0x00, 0x00, 0x04, 0xff, 0x1c, /* 行11 */
    0xec, 0x30, 0x00, 0x00, 0x00, 0x00, 0x00, 0x04, 0xff, 0x1c, /* 行12 */
    0xec, 0x30, 0x00, 0x00, 0x00, 0x00, 0x00, 0x04, 0xff, 0x1c, /* 行13 */
    0xec, 0x4a, 0x20, 0x20, 0x20, 0x20, 0x20, 0x23, 0xff, 0x1c, /* 行14 */
    0xec, 0xff, 0xff, 0xff, 0xff, 0xff, 0xff, 0xff, 0xff, 0x1c, /* 行15 */
};

/* 字符  27: ESC  */
/*
 * ██████████████████░░
 * ██▒▒░░░░░░░░░░░░██░░
 * ██░░          ░░██░░
 * ██░░          ░░██░░
 * ██░░          ░░██░░
 * ██░░          ░░██░░
 * ██░░          ░░██░░
 * ██░░          ░░██░░
 * ██░░          ░░██░░
 * ██░░          ░░██░░
 * ██░░          ░░██░░
 * ██░░          ░░██░░
 * ██░░          ░░██░░
 * ██░░          ░░██░░
 * ██▒▒░░░░░░░░░░░░██░░
 * ██████████████████░░
 */
static const unsigned char open_sans_22px_char_027_bitmap[] = {
    0xec, 0xff, 0xff, 0xff, 0xff, 0xff, 0xff, 0xff, 0xff, 0x1c, /* 行 0 */
    0xec, 0x46, 0x1c, 0x1c, 0x1c, 0x1c, 0x1c, 0x1f, 0xff, 0x1c, /* 行 1 */
    0xec, 0x30, 0x00, 0x00, 0x00, 0x00, 0x00, 0x04, 0xff, 0x1c, /* 行 2 */
    0xec, 0x30, 0x00, 0x00, 0x00, 0x00, 0x00, 0x04, 0xff, 0x1c, /* 行 3 */
    0xec, 0x30, 0x00, 0x00, 0x00, 0x00, 0x00, 0x04, 0xff, 0x1c, /* 行 4 */
    0xec, 0x30, 0x00, 0x00, 0x00, 0x00, 0x00, 0x04, 0xff, 0x1c, /* 行 5 */
    0xec, 0x30, 0x00, 0x00, 0x00, 0x00, 0x00, 0x04, 0xff, 0x1c, /* 行 6 */
    0xec, 0x30, 0x00, 0x00, 0x00, 0x00, 0x00, 0x04, 0xff, 0x1c, /* 行 7 */
    0xec, 0x30, 0x00, 0x00, 0x00, 0x00, 0x00, 0x04, 0xff, 0x1c, /* 行 8 */
    0xec, 0x30, 0x00, 0x00, 0x00, 0x00, 0x00, 0x04, 0xff, 0x1c, /* 行 9 */
    0xec, 0x30, 0x00, 0x00, 0x00, 0x00, 0x00, 0x04, 0xff, 0x1c, /* 行10 */
    0xec, 0x30, 0x00, 0x00, 0x00, 0x00, 0x00, 0x04, 0xff, 0x1c, /* 行11 */
    0xec, 0x30, 0x00, 0x00, 0x00, 0x00, 0x00, 0x04, 0xff, 0x1c, /* 行12 */
    0xec, 0x30, 0x00, 0x00, 0x00, 0x00, 0x00, 0x04, 0xff, 0x1c, /* 行13 */
    0xec, 0x4a, 0x20, 0x20, 0x20, 0x20, 0x20, 0x23, 0xff, 0x1c, /* 行14 */
    0xec, 0xff, 0xff, 0xff, 0xff, 0xff, 0xff, 0xff, 0xff, 0x1c, /* 行15 */
};

/* 字符  28: FS   */
/*
 * ██████████████████░░
 * ██▒▒░░░░░░░░░░░░██░░
 * ██░░          ░░██░░
 * ██░░          ░░██░░
 * ██░░          ░░██░░
 * ██░░          ░░██░░
 * ██░░          ░░██░░
 * ██░░          ░░██░░
 * ██░░          ░░██░░
 * ██░░          ░░██░░
 * ██░░          ░░██░░
 * ██░░          ░░██░░
 * ██░░          ░░██░░
 * ██░░          ░░██░░
 * ██▒▒░░░░░░░░░░░░██░░
 * ██████████████████░░
 */
static const unsigned char open_sans_22px_char_028_bitmap[] = {
    0xec, 0xff, 0xff, 0xff, 0xff, 0xff, 0xff, 0xff, 0xff, 0x1c, /* 行 0 */
    0xec, 0x46, 0x1c, 0x1c, 0x1c, 0x1c, 0x1c, 0x1f, 0xff, 0x1c, /* 行 1 */
    0xec, 0x30, 0x00, 0x00, 0x00, 0x00, 0x00, 0x04, 0xff, 0x1c, /* 行 2 */
    0xec, 0x30, 0x00, 0x00, 0x00, 0x00, 0x00, 0x04, 0xff, 0x1c, /* 行 3 */
    0xec, 0x30, 0x00, 0x00, 0x00, 0x00, 0x00, 0x04, 0xff, 0x1c, /* 行 4 */
    0xec, 0x30, 0x00, 0x00, 0x00, 0x00, 0x00, 0x04, 0xff, 0x1c, /* 行 5 */
    0xec, 0x30, 0x00, 0x00, 0x00, 0x00, 0x00, 0x04, 0xff, 0x1c, /* 行 6 */
    0xec, 0x30, 0x00, 0x00, 0x00, 0x00, 0x00, 0x04, 0xff, 0x1c, /* 行 7 */
    0xec, 0x30, 0x00, 0x00, 0x00, 0x00, 0x00, 0x04, 0xff, 0x1c, /* 行 8 */
    0xec, 0x30, 0x00, 0x00, 0x00, 0x00, 0x00, 0x04, 0xff, 0x1c, /* 行 9 */
    0xec, 0x30, 0x00, 0x00, 0x00, 0x00, 0x00, 0x04, 0xff, 0x1c, /* 行10 */
    0xec, 0x30, 0x00, 0x00, 0x00, 0x00, 0x00, 0x04, 0xff, 0x1c, /* 行11 */
    0xec, 0x30, 0x00, 0x00, 0x00, 0x00, 0x00, 0x04, 0xff, 0x1c, /* 行12 */
    0xec, 0x30, 0x00, 0x00, 0x00, 0x00, 0x00, 0x04, 0xff, 0x1c, /* 行13 */
    0xec, 0x4a, 0x20, 0x20, 0x20, 0x20, 0x20, 0x23, 0xff, 0x1c, /* 行14 */
    0xec, 0xff, 0xff, 0xff, 0xff, 0xff, 0xff, 0xff, 0xff, 0x1c, /* 行15 */
};

/* 字符  29: GS   */
/*
 * ██████████████████░░
 * ██▒▒░░░░░░░░░░░░██░░
 * ██░░          ░░██░░
 * ██░░          ░░██░░
 * ██░░          ░░██░░
 * ██░░          ░░██░░
 * ██░░          ░░██░░
 * ██░░          ░░██░░
 * ██░░          ░░██░░
 * ██░░          ░░██░░
 * ██░░          ░░██░░
 * ██░░          ░░██░░
 * ██░░          ░░██░░
 * ██░░          ░░██░░
 * ██▒▒░░░░░░░░░░░░██░░
 * ██████████████████░░
 */
static const unsigned char open_sans_22px_char_029_bitmap[] = {
    0xec, 0xff, 0xff, 0xff, 0xff, 0xff, 0xff, 0xff, 0xff, 0x1c, /* 行 0 */
    0xec, 0x46, 0x1c, 0x1c, 0x1c, 0x1c, 0x1c, 0x1f, 0xff, 0x1c, /* 行 1 */
    0xec, 0x30, 0x00, 0x00, 0x00, 0x00, 0x00, 0x04, 0xff, 0x1c, /* 行 2 */
    0xec, 0x30, 0x00, 0x00, 0x00, 0x00, 0x00, 0x04, 0xff, 0x1c, /* 行 3 */
    0xec, 0x30, 0x00, 0x00, 0x00, 0x00, 0x00, 0x04, 0xff, 0x1c, /* 行 4 */
    0xec, 0x30, 0x00, 0x00, 0x00, 0x00, 0x00, 0x04, 0xff, 0x1c, /* 行 5 */
    0xec, 0x30, 0x00, 0x00, 0x00, 0x00, 0x00, 0x04, 0xff, 0x1c, /* 行 6 */
    0xec, 0x30, 0x00, 0x00, 0x00, 0x00, 0x00, 0x04, 0xff, 0x1c, /* 行 7 */
    0xec, 0x30, 0x00, 0x00, 0x00, 0x00, 0x00, 0x04, 0xff, 0x1c, /* 行 8 */
    0xec, 0x30, 0x00, 0x00, 0x00, 0x00, 0x00, 0x04, 0xff, 0x1c, /* 行 9 */
    0xec, 0x30, 0x00, 0x00, 0x00, 0x00, 0x00, 0x04, 0xff, 0x1c, /* 行10 */
    0xec, 0x30, 0x00, 0x00, 0x00, 0x00, 0x00, 0x04, 0xff, 0x1c, /* 行11 */
    0xec, 0x30, 0x00, 0x00, 0x00, 0x00, 0x00, 0x04, 0xff, 0x1c, /* 行12 */
    0xec, 0x30, 0x00, 0x00, 0x00, 0x00, 0x00, 0x04, 0xff, 0x1c, /* 行13 */
    0xec, 0x4a, 0x20, 0x20, 0x20, 0x20, 0x20, 0x23, 0xff, 0x1c, /* 行14 */
    0xec, 0xff, 0xff, 0xff, 0xff, 0xff, 0xff, 0xff, 0xff, 0x1c, /* 行15 */
};

/* 字符  30: RS   */
/*
 * ██████████████████░░
 * ██▒▒░░░░░░░░░░░░██░░
 * ██░░          ░░██░░
 * ██░░          ░░██░░
 * ██░░          ░░██░░
 * ██░░          ░░██░░
 * ██░░          ░░██░░
 * ██░░          ░░██░░
 * ██░░          ░░██░░
 * ██░░          ░░██░░
 * ██░░          ░░██░░
 * ██░░          ░░██░░
 * ██░░          ░░██░░
 * ██░░          ░░██░░
 * ██▒▒░░░░░░░░░░░░██░░
 * ██████████████████░░
 */
static const unsigned char open_sans_22px_char_030_bitmap[] = {
    0xec, 0xff, 0xff, 0xff, 0xff, 0xff, 0xff, 0xff, 0xff, 0x1c, /* 行 0 */
    0xec, 0x46, 0x1c, 0x1c, 0x1c, 0x1c, 0x1c, 0x1f, 0xff, 0x1c, /* 行 1 */
    0xec, 0x30, 0x00, 0x00, 0x00, 0x00, 0x00, 0x04, 0xff, 0x1c, /* 行 2 */
    0xec, 0x30, 0x00, 0x00, 0x00, 0x00, 0x00, 0x04, 0xff, 0x1c, /* 行 3 */
    0xec, 0x30, 0x00, 0x00, 0x00, 0x00, 0x00, 0x04, 0xff, 0x1c, /* 行 4 */
    0xec, 0x30, 0x00, 0x00, 0x00, 0x00, 0x00, 0x04, 0xff, 0x1c, /* 行 5 */
    0xec, 0x30, 0x00, 0x00, 0x00, 0x00, 0x00, 0x04, 0xff, 0x1c, /* 行 6 */
    0xec, 0x30, 0x00, 0x00, 0x00, 0x00, 0x00, 0x04, 0xff, 0x1c, /* 行 7 */
    0xec, 0x30, 0x00, 0x00, 0x00, 0x00, 0x00, 0x04, 0xff, 0x1c, /* 行 8 */
    0xec, 0x30, 0x00, 0x00, 0x00, 0x00, 0x00, 0x04, 0xff, 0x1c, /* 行 9 */
    0xec, 0x30, 0x00, 0x00, 0x00, 0x00, 0x00, 0x04, 0xff, 0x1c, /* 行10 */
    0xec, 0x30, 0x00, 0x00, 0x00, 0x00, 0x00, 0x04, 0xff, 0x1c, /* 行11 */
    0xec, 0x30, 0x00, 0x00, 0x00, 0x00, 0x00, 0x04, 0xff, 0x1c, /* 行12 */
    0xec, 0x30, 0x00, 0x00, 0x00, 0x00, 0x00, 0x04, 0xff, 0x1c, /* 行13 */
    0xec, 0x4a, 0x20, 0x20, 0x20, 0x20, 0x20, 0x23, 0xff, 0x1c, /* 行14 */
    0xec, 0xff, 0xff, 0xff, 0xff, 0xff, 0xff, 0xff, 0xff, 0x1c, /* 行15 */
};

/* 字符  31: US   */
/*
 * ██████████████████░░
 * ██▒▒░░░░░░░░░░░░██░░
 * ██░░          ░░██░░
 * ██░░          ░░██░░
 * ██░░          ░░██░░
 * ██░░          ░░██░░
 * ██░░          ░░██░░
 * ██░░          ░░██░░
 * ██░░          ░░██░░
 * ██░░          ░░██░░
 * ██░░          ░░██░░
 * ██░░          ░░██░░
 * ██░░          ░░██░░
 * ██░░          ░░██░░
 * ██▒▒░░░░░░░░░░░░██░░
 * ██████████████████░░
 */
static const unsigned char open_sans_22px_char_031_bitmap[] = {
    0xec, 0xff, 0xff, 0xff, 0xff, 0xff, 0xff, 0xff, 0xff, 0x1c, /* 行 0 */
    0xec, 0x46, 0x1c, 0x1c, 0x1c, 0x1c, 0x1c, 0x1f, 0xff, 0x1c, /* 行 1 */
    0xec, 0x30, 0x00, 0x00, 0x00, 0x00, 0x00, 0x04, 0xff, 0x1c, /* 行 2 */
    0xec, 0x30, 0x00, 0x00, 0x00, 0x00, 0x00, 0x04, 0xff, 0x1c, /* 行 3 */
    0xec, 0x30, 0x00, 0x00, 0x00, 0x00, 0x00, 0x04, 0xff, 0x1c, /* 行 4 */
    0xec, 0x30, 0x00, 0x00, 0x00, 0x00, 0x00, 0x04, 0xff, 0x1c, /* 行 5 */
    0xec, 0x30, 0x00, 0x00, 0x00, 0x00, 0x00, 0x04, 0xff, 0x1c, /* 行 6 */
    0xec, 0x30, 0x00, 0x00, 0x00, 0x00, 0x00, 0x04, 0xff, 0x1c, /* 行 7 */
    0xec, 0x30, 0x00, 0x00, 0x00, 0x00, 0x00, 0x04, 0xff, 0x1c, /* 行 8 */
    0xec, 0x30, 0x00, 0x00, 0x00, 0x00, 0x00, 0x04, 0xff, 0x1c, /* 行 9 */
    0xec, 0x30, 0x00, 0x00, 0x00, 0x00, 0x00, 0x04, 0xff, 0x1c, /* 行10 */
    0xec, 0x30, 0x00, 0x00, 0x00, 0x00, 0x00, 0x04, 0xff, 0x1c, /* 行11 */
    0xec, 0x30, 0x00, 0x00, 0x00, 0x00, 0x00, 0x04, 0xff, 0x1c, /* 行12 */
    0xec, 0x30, 0x00, 0x00, 0x00, 0x00, 0x00, 0x04, 0xff, 0x1c, /* 行13 */
    0xec, 0x4a, 0x20, 0x20, 0x20, 0x20, 0x20, 0x23, 0xff, 0x1c, /* 行14 */
    0xec, 0xff, 0xff, 0xff, 0xff, 0xff, 0xff, 0xff, 0xff, 0x1c, /* 行15 */
};

/* 字符  33: !    */
/*
 * ░░████░░
 * ░░████  
 * ░░████  
 * ░░████  
 *   ████  
 *   ████  
 *   ██▓▓  
 *   ██▓▓  
 *   ██▓▓  
 *   ▓▓▓▓  
 *   ▓▓▓▓  
 *         
 *         
 * ░░██▓▓░░
 * ▒▒████░░
 * ░░████░░
 */
static const unsigned char open_sans_22px_char_033_bitmap[] = {
    0x26, 0xff, 0xff, 0x05, /* 行 0 */
    0x19, 0xff, 0xf8, 0x00, /* 行 1 */
    0x0c, 0xff, 0xeb, 0x00, /* 行 2 */
    0x01, 0xfe, 0xdf, 0x00, /* 行 3 */
    0x00, 0xf3, 0xd2, 0x00, /* 行 4 */
    0x00, 0xe6, 0xc5, 0x00, /* 行 5 */
    0x00, 0xd9, 0xb8, 0x00, /* 行 6 */
    0x00, 0xcd, 0xac, 0x00, /* 行 7 */
    0x00, 0xc0, 0x9f, 0x00, /* 行 8 */
    0x00, 0xb3, 0x92, 0x00, /* 行 9 */
    0x00, 0xa6, 0x86, 0x00, /* 行10 */
    0x00, 0x00, 0x00, 0x00, /* 行11 */
    0x00, 0x00, 0x00, 0x00, /* 行12 */
    0x19, 0xcd, 0xb9, 0x06, /* 行13 */
    0x53, 0xff, 0xff, 0x2e, /* 行14 */
    0x1f, 0xe4, 0xd1, 0x09, /* 行15 */
};

/* 字符  34: "    */
/*
 * ▓▓██▒▒  ▓▓██▒▒
 * ▒▒██▒▒  ▓▓██▒▒
 * ▒▒██░░  ▒▒██░░
 * ▒▒██░░  ▒▒██░░
 * ▒▒██░░  ▒▒██░░
 * ░░██░░  ░░██░░
 */
static const unsigned char open_sans_22px_char_034_bitmap[] = {
    0x8b, 0xff, 0x62, 0x00, 0x93, 0xff, 0x5a, /* 行 0 */
    0x78, 0xff, 0x4f, 0x00, 0x80, 0xff, 0x47, /* 行 1 */
    0x66, 0xff, 0x3c, 0x00, 0x6e, 0xff, 0x34, /* 行 2 */
    0x53, 0xff, 0x2a, 0x00, 0x5b, 0xff, 0x22, /* 行 3 */
    0x40, 0xff, 0x17, 0x00, 0x48, 0xff, 0x0f, /* 行 4 */
    0x2d, 0xff, 0x05, 0x00, 0x35, 0xfc, 0x01, /* 行 5 */
};

/* 字符  35: #    */
/*
 *           ▓▓██      ██▓▓    
 *           ██▓▓    ░░██▒▒    
 *         ░░██▓▓    ░░██▒▒    
 *         ░░██▒▒    ▒▒██░░    
 *         ▒▒██░░    ▓▓██      
 *   ▓▓██████████████████████▓▓
 *   ░░▒▒▒▒████▒▒▒▒▒▒██▓▓▒▒▒▒░░
 *         ██▓▓    ░░██▒▒      
 *       ░░██▒▒    ▒▒██░░      
 *       ▒▒██░░    ▓▓██        
 * ▒▒████████████████████████  
 * ░░▒▒▒▒████▒▒▒▒▒▒██▓▓▒▒▒▒▒▒  
 *       ██▓▓    ░░██▒▒        
 *     ░░██▒▒    ▒▒██░░        
 *     ░░██▒▒    ▓▓██░░        
 *     ▒▒██░░    ▓▓██          
 */
static const unsigned char open_sans_22px_char_035_bitmap[] = {
    0x00, 0x00, 0x00, 0x00, 0x00, 0x9b, 0xe1, 0x00, 0x00, 0x00, 0xd3, 0x9c, 0x00, 0x00, /* 行 0 */
    0x00, 0x00, 0x00, 0x00, 0x00, 0xc9, 0xb4, 0x00, 0x00, 0x06, 0xfa, 0x6f, 0x00, 0x00, /* 行 1 */
    0x00, 0x00, 0x00, 0x00, 0x01, 0xf4, 0x87, 0x00, 0x00, 0x2e, 0xff, 0x41, 0x00, 0x00, /* 行 2 */
    0x00, 0x00, 0x00, 0x00, 0x24, 0xff, 0x5a, 0x00, 0x00, 0x5c, 0xff, 0x14, 0x00, 0x00, /* 行 3 */
    0x00, 0x00, 0x00, 0x00, 0x51, 0xff, 0x2e, 0x00, 0x00, 0x89, 0xe6, 0x00, 0x00, 0x00, /* 行 4 */
    0x00, 0x9c, 0xff, 0xff, 0xff, 0xff, 0xff, 0xff, 0xff, 0xff, 0xff, 0xff, 0xff, 0xa4, /* 行 5 */
    0x00, 0x38, 0x5c, 0x5c, 0xcf, 0xd7, 0x5c, 0x5c, 0x5e, 0xfd, 0xa8, 0x5c, 0x5c, 0x3a, /* 行 6 */
    0x00, 0x00, 0x00, 0x00, 0xdf, 0x97, 0x00, 0x00, 0x29, 0xff, 0x4f, 0x00, 0x00, 0x00, /* 行 7 */
    0x00, 0x00, 0x00, 0x13, 0xff, 0x65, 0x00, 0x00, 0x5a, 0xff, 0x1d, 0x00, 0x00, 0x00, /* 行 8 */
    0x00, 0x00, 0x00, 0x46, 0xff, 0x34, 0x00, 0x00, 0x8b, 0xec, 0x00, 0x00, 0x00, 0x00, /* 行 9 */
    0x74, 0xff, 0xff, 0xff, 0xff, 0xff, 0xff, 0xff, 0xff, 0xff, 0xff, 0xff, 0xe0, 0x00, /* 行10 */
    0x2d, 0x64, 0x64, 0xd1, 0xde, 0x64, 0x64, 0x64, 0xfa, 0xb4, 0x64, 0x64, 0x57, 0x00, /* 行11 */
    0x00, 0x00, 0x00, 0xd9, 0xa1, 0x00, 0x00, 0x1f, 0xff, 0x5b, 0x00, 0x00, 0x00, 0x00, /* 行12 */
    0x00, 0x00, 0x0b, 0xfd, 0x71, 0x00, 0x00, 0x51, 0xff, 0x29, 0x00, 0x00, 0x00, 0x00, /* 行13 */
    0x00, 0x00, 0x39, 0xff, 0x40, 0x00, 0x00, 0x82, 0xf4, 0x02, 0x00, 0x00, 0x00, 0x00, /* 行14 */
    0x00, 0x00, 0x68, 0xff, 0x10, 0x00, 0x00, 0xb3, 0xc5, 0x00, 0x00, 0x00, 0x00, 0x00, /* 行15 */
};

/* 字符  36: $    */
/*
 *         ▒▒██          
 *         ▒▒██          
 *     ▒▒▓▓████████▓▓▒▒  
 *   ▓▓████▓▓██▓▓▓▓██▒▒  
 * ░░██▓▓░░▒▒██    ░░░░  
 * ▒▒██▒▒  ▒▒██          
 * ░░██▓▓░░▒▒██          
 *   ▓▓████▓▓██          
 *   ░░▓▓██████▓▓░░      
 *       ░░▓▓██████▓▓░░  
 *         ▒▒██░░████▓▓  
 *         ▒▒██  ░░████░░
 *         ▒▒██    ████░░
 * ░░░░    ▒▒██  ░░████  
 * ▓▓██▓▓▓▓▓▓██▓▓████░░  
 * ░░▓▓██████████▓▓░░    
 *         ▒▒██          
 *         ▒▒██          
 */
static const unsigned char open_sans_22px_char_036_bitmap[] = {
    0x00, 0x00, 0x00, 0x00, 0x68, 0xf8, 0x00, 0x00, 0x00, 0x00, 0x00, /* 行 0 */
    0x00, 0x00, 0x00, 0x00, 0x68, 0xf8, 0x00, 0x00, 0x00, 0x00, 0x00, /* 行 1 */
    0x00, 0x00, 0x57, 0xbd, 0xf5, 0xff, 0xf7, 0xda, 0xa0, 0x43, 0x00, /* 行 2 */
    0x00, 0xa1, 0xff, 0xd5, 0xbc, 0xfb, 0x81, 0xab, 0xee, 0x7c, 0x00, /* 行 3 */
    0x38, 0xff, 0xbf, 0x04, 0x68, 0xf8, 0x00, 0x00, 0x04, 0x09, 0x00, /* 行 4 */
    0x5b, 0xff, 0x77, 0x00, 0x68, 0xf8, 0x00, 0x00, 0x00, 0x00, 0x00, /* 行 5 */
    0x37, 0xff, 0xba, 0x02, 0x68, 0xf8, 0x00, 0x00, 0x00, 0x00, 0x00, /* 行 6 */
    0x00, 0xbf, 0xff, 0xc1, 0x9d, 0xf8, 0x00, 0x00, 0x00, 0x00, 0x00, /* 行 7 */
    0x00, 0x11, 0xa6, 0xfe, 0xff, 0xfd, 0x8d, 0x2b, 0x00, 0x00, 0x00, /* 行 8 */
    0x00, 0x00, 0x00, 0x27, 0xad, 0xff, 0xff, 0xfe, 0xa0, 0x0b, 0x00, /* 行 9 */
    0x00, 0x00, 0x00, 0x00, 0x68, 0xf8, 0x3b, 0xc3, 0xff, 0xa4, 0x00, /* 行10 */
    0x00, 0x00, 0x00, 0x00, 0x68, 0xf8, 0x00, 0x07, 0xe3, 0xfd, 0x0b, /* 行11 */
    0x00, 0x00, 0x00, 0x00, 0x68, 0xf8, 0x00, 0x00, 0xc1, 0xff, 0x16, /* 行12 */
    0x2a, 0x09, 0x00, 0x00, 0x68, 0xf8, 0x00, 0x34, 0xf7, 0xd7, 0x00, /* 行13 */
    0x98, 0xf6, 0xbe, 0x9c, 0xb6, 0xfc, 0xba, 0xfb, 0xeb, 0x39, 0x00, /* 行14 */
    0x3d, 0xa5, 0xd4, 0xea, 0xfc, 0xff, 0xc7, 0x83, 0x13, 0x00, 0x00, /* 行15 */
    0x00, 0x00, 0x00, 0x00, 0x68, 0xf8, 0x00, 0x00, 0x00, 0x00, 0x00, /* 行16 */
    0x00, 0x00, 0x00, 0x00, 0x68, 0xf8, 0x00, 0x00, 0x00, 0x00, 0x00, /* 行17 */
};

/* 字符  37: %    */
/*
 *   ▒▒████▓▓░░          ▓▓██░░    
 * ░░██▓▓▒▒████        ░░██▒▒      
 * ▓▓██░░  ▒▒██░░      ▓▓██░░      
 * ██▓▓    ░░██▒▒    ▒▒██▒▒        
 * ██▓▓      ██▒▒  ░░████          
 * ██▓▓    ░░██▒▒  ▒▒██░░          
 * ██▓▓    ░░██▒▒░░██▓▓░░▓▓████▒▒  
 * ▓▓██░░  ▒▒██░░▒▒██░░▓▓██▒▒▓▓██░░
 * ░░██▓▓▒▒████░░██▓▓░░██▒▒  ░░██▓▓
 *   ▒▒████▓▓░░▓▓██░░▒▒██░░    ▓▓██
 *           ░░██▒▒  ▒▒██░░    ▓▓██
 *           ▓▓██░░  ▒▒██░░    ▓▓██
 *         ░░██▒▒    ▒▒██░░    ▓▓██
 *         ▓▓██░░    ░░██▒▒  ░░██▓▓
 *       ▒▒██▒▒        ▓▓██▒▒▓▓██▒▒
 *     ░░████          ░░▓▓████▒▒  
 */
static const unsigned char open_sans_22px_char_037_bitmap[] = {
    0x00, 0x5d, 0xe0, 0xf7, 0xb6, 0x1a, 0x00, 0x00, 0x00, 0x00, 0x00, 0xa2, 0xe6, 0x0b, 0x00, 0x00, /* 行 0 */
    0x33, 0xfd, 0xa2, 0x5f, 0xe1, 0xc2, 0x00, 0x00, 0x00, 0x00, 0x2f, 0xfd, 0x66, 0x00, 0x00, 0x00, /* 行 1 */
    0x95, 0xe7, 0x03, 0x00, 0x52, 0xff, 0x30, 0x00, 0x00, 0x00, 0xb9, 0xd7, 0x03, 0x00, 0x00, 0x00, /* 行 2 */
    0xc7, 0xb1, 0x00, 0x00, 0x12, 0xff, 0x67, 0x00, 0x00, 0x44, 0xff, 0x4f, 0x00, 0x00, 0x00, 0x00, /* 行 3 */
    0xdb, 0x9e, 0x00, 0x00, 0x00, 0xfb, 0x7d, 0x00, 0x01, 0xce, 0xc3, 0x00, 0x00, 0x00, 0x00, 0x00, /* 行 4 */
    0xda, 0x9f, 0x00, 0x00, 0x01, 0xfc, 0x7d, 0x00, 0x5c, 0xff, 0x39, 0x00, 0x00, 0x00, 0x00, 0x00, /* 行 5 */
    0xc4, 0xb3, 0x00, 0x00, 0x14, 0xff, 0x68, 0x07, 0xdf, 0xac, 0x18, 0xb5, 0xf7, 0xe0, 0x5f, 0x00, /* 行 6 */
    0x8d, 0xe9, 0x04, 0x00, 0x56, 0xff, 0x34, 0x73, 0xfb, 0x26, 0xbb, 0xe5, 0x63, 0x9d, 0xfe, 0x3c, /* 行 7 */
    0x28, 0xfa, 0xa9, 0x66, 0xe4, 0xca, 0x11, 0xed, 0x95, 0x20, 0xff, 0x5e, 0x00, 0x01, 0xd7, 0xa8, /* 行 8 */
    0x00, 0x52, 0xde, 0xf8, 0xbb, 0x1e, 0x8a, 0xf3, 0x17, 0x52, 0xff, 0x25, 0x00, 0x00, 0x99, 0xdf, /* 行 9 */
    0x00, 0x00, 0x00, 0x00, 0x00, 0x1d, 0xf7, 0x7e, 0x00, 0x67, 0xff, 0x13, 0x00, 0x00, 0x84, 0xf5, /* 行10 */
    0x00, 0x00, 0x00, 0x00, 0x00, 0xa1, 0xe7, 0x0b, 0x00, 0x66, 0xff, 0x13, 0x00, 0x00, 0x85, 0xf5, /* 行11 */
    0x00, 0x00, 0x00, 0x00, 0x2e, 0xfd, 0x67, 0x00, 0x00, 0x50, 0xff, 0x26, 0x00, 0x00, 0x99, 0xdf, /* 行12 */
    0x00, 0x00, 0x00, 0x00, 0xb8, 0xd8, 0x04, 0x00, 0x00, 0x1c, 0xff, 0x60, 0x00, 0x01, 0xd8, 0xab, /* 行13 */
    0x00, 0x00, 0x00, 0x42, 0xff, 0x50, 0x00, 0x00, 0x00, 0x00, 0xb2, 0xe6, 0x63, 0x9c, 0xff, 0x43, /* 行14 */
    0x00, 0x00, 0x01, 0xcc, 0xc5, 0x00, 0x00, 0x00, 0x00, 0x00, 0x14, 0xb0, 0xf7, 0xe3, 0x68, 0x00, /* 行15 */
};

/* 字符  38: &    */
/*
 *     ░░▓▓██████▓▓░░              
 *   ░░████▓▓▓▓▓▓████░░            
 *   ░░██▓▓      ▓▓██▒▒            
 *   ▒▒██▒▒      ▒▒██▒▒            
 *   ░░████    ░░▓▓██░░            
 *     ▓▓██▒▒░░▓▓██▓▓              
 *     ░░████████▒▒                
 *     ░░██████▓▓                  
 *   ▒▒████▒▒████▒▒      ░░████    
 * ░░████░░  ░░████▒▒    ▒▒██▓▓    
 * ▓▓██▒▒      ░░████▒▒  ▓▓██░░    
 * ▓▓██░░        ░░████▓▓██▓▓      
 * ▓▓██░░          ░░██████░░      
 * ▒▒████░░      ░░▒▒██████▓▓      
 * ░░██████▓▓▓▓▓▓██████░░████▓▓    
 *   ░░▒▒████████▓▓▒▒░░  ░░████▓▓  
 */
static const unsigned char open_sans_22px_char_038_bitmap[] = {
    0x00, 0x00, 0x0d, 0x82, 0xd8, 0xf6, 0xe1, 0x9b, 0x18, 0x00, 0x00, 0x00, 0x00, 0x00, 0x00, 0x00, /* 行 0 */
    0x00, 0x01, 0xc3, 0xff, 0xbc, 0x82, 0xaf, 0xff, 0xd0, 0x06, 0x00, 0x00, 0x00, 0x00, 0x00, 0x00, /* 行 1 */
    0x00, 0x33, 0xff, 0xb3, 0x00, 0x00, 0x00, 0x9d, 0xff, 0x41, 0x00, 0x00, 0x00, 0x00, 0x00, 0x00, /* 行 2 */
    0x00, 0x46, 0xff, 0x7e, 0x00, 0x00, 0x00, 0x6d, 0xff, 0x5b, 0x00, 0x00, 0x00, 0x00, 0x00, 0x00, /* 行 3 */
    0x00, 0x1a, 0xfc, 0xc1, 0x00, 0x00, 0x01, 0xbd, 0xfd, 0x26, 0x00, 0x00, 0x00, 0x00, 0x00, 0x00, /* 行 4 */
    0x00, 0x00, 0x9c, 0xff, 0x71, 0x0d, 0xa4, 0xff, 0x8a, 0x00, 0x00, 0x00, 0x00, 0x00, 0x00, 0x00, /* 行 5 */
    0x00, 0x00, 0x0d, 0xd1, 0xfe, 0xe8, 0xfb, 0x7f, 0x00, 0x00, 0x00, 0x00, 0x00, 0x00, 0x00, 0x00, /* 行 6 */
    0x00, 0x00, 0x33, 0xd1, 0xff, 0xff, 0x92, 0x00, 0x00, 0x00, 0x00, 0x00, 0x00, 0x00, 0x00, 0x00, /* 行 7 */
    0x00, 0x5b, 0xfa, 0xeb, 0x69, 0xdd, 0xff, 0x72, 0x00, 0x00, 0x00, 0x04, 0xee, 0xdc, 0x00, 0x00, /* 行 8 */
    0x2a, 0xfb, 0xe3, 0x1d, 0x00, 0x1d, 0xdd, 0xff, 0x77, 0x00, 0x00, 0x40, 0xff, 0x92, 0x00, 0x00, /* 行 9 */
    0x95, 0xff, 0x55, 0x00, 0x00, 0x00, 0x1d, 0xdd, 0xff, 0x7d, 0x00, 0xb1, 0xff, 0x32, 0x00, 0x00, /* 行10 */
    0xbe, 0xff, 0x1d, 0x00, 0x00, 0x00, 0x00, 0x1d, 0xdc, 0xff, 0xaf, 0xff, 0xb2, 0x00, 0x00, 0x00, /* 行11 */
    0xb5, 0xff, 0x38, 0x00, 0x00, 0x00, 0x00, 0x00, 0x1c, 0xe0, 0xff, 0xf5, 0x1b, 0x00, 0x00, 0x00, /* 行12 */
    0x70, 0xff, 0xc2, 0x0f, 0x00, 0x00, 0x00, 0x0d, 0x7d, 0xfa, 0xff, 0xff, 0x86, 0x00, 0x00, 0x00, /* 行13 */
    0x09, 0xcc, 0xff, 0xec, 0xae, 0x9f, 0xbc, 0xf5, 0xff, 0xc4, 0x3c, 0xda, 0xff, 0x85, 0x00, 0x00, /* 行14 */
    0x00, 0x0a, 0x7e, 0xd2, 0xf7, 0xf8, 0xe1, 0xab, 0x4e, 0x01, 0x00, 0x1a, 0xd8, 0xff, 0x84, 0x00, /* 行15 */
};

/* 字符  39: '    */
/*
 * ▓▓██▒▒
 * ▒▒██▒▒
 * ▒▒██░░
 * ▒▒██░░
 * ▒▒██░░
 * ░░██░░
 */
static const unsigned char open_sans_22px_char_039_bitmap[] = {
    0x8b, 0xff, 0x62, /* 行 0 */
    0x78, 0xff, 0x4f, /* 行 1 */
    0x66, 0xff, 0x3c, /* 行 2 */
    0x53, 0xff, 0x2a, /* 行 3 */
    0x40, 0xff, 0x17, /* 行 4 */
    0x2d, 0xff, 0x05, /* 行 5 */
};

/* 字符  40: (    */
/*
 *       ░░██▓▓
 *     ░░████░░
 *     ▒▒██▒▒  
 *   ░░████░░  
 *   ▒▒██▓▓    
 *   ▓▓██▒▒    
 *   ████░░    
 *   ████      
 * ░░████      
 * ░░████      
 * ░░████      
 *   ████      
 *   ████░░    
 *   ▓▓██▒▒    
 *   ▒▒██▓▓    
 *   ░░████░░  
 *     ▓▓██▒▒  
 *     ░░████░░
 *       ▒▒██▓▓
 */
static const unsigned char open_sans_22px_char_040_bitmap[] = {
    0x00, 0x00, 0x00, 0x3e, 0xfd, 0x8a, /* 行 0 */
    0x00, 0x00, 0x0d, 0xdf, 0xdf, 0x0a, /* 行 1 */
    0x00, 0x00, 0x7f, 0xff, 0x5c, 0x00, /* 行 2 */
    0x00, 0x07, 0xe8, 0xeb, 0x07, 0x00, /* 行 3 */
    0x00, 0x55, 0xff, 0x8e, 0x00, 0x00, /* 行 4 */
    0x00, 0x96, 0xff, 0x4c, 0x00, 0x00, /* 行 5 */
    0x00, 0xd4, 0xfe, 0x11, 0x00, 0x00, /* 行 6 */
    0x00, 0xf7, 0xe8, 0x00, 0x00, 0x00, /* 行 7 */
    0x0b, 0xff, 0xd4, 0x00, 0x00, 0x00, /* 行 8 */
    0x1b, 0xff, 0xc4, 0x00, 0x00, 0x00, /* 行 9 */
    0x0e, 0xff, 0xd2, 0x00, 0x00, 0x00, /* 行10 */
    0x00, 0xfa, 0xe7, 0x00, 0x00, 0x00, /* 行11 */
    0x00, 0xdb, 0xfd, 0x0f, 0x00, 0x00, /* 行12 */
    0x00, 0x9d, 0xff, 0x4a, 0x00, 0x00, /* 行13 */
    0x00, 0x5c, 0xff, 0x8d, 0x00, 0x00, /* 行14 */
    0x00, 0x0b, 0xee, 0xea, 0x06, 0x00, /* 行15 */
    0x00, 0x00, 0x86, 0xff, 0x5b, 0x00, /* 行16 */
    0x00, 0x00, 0x11, 0xe3, 0xdd, 0x08, /* 行17 */
    0x00, 0x00, 0x00, 0x41, 0xfd, 0x84, /* 行18 */
};

/* 字符  41: )    */
/*
 * ░░██▓▓░░    
 *   ▒▒██▒▒    
 *   ░░████░░  
 *     ▒▒██▒▒  
 *     ░░████  
 *       ████░░
 *       ▓▓██▒▒
 *       ▒▒██▒▒
 *       ▒▒██▓▓
 *       ▒▒██▓▓
 *       ▒▒██▓▓
 *       ▒▒██▒▒
 *       ▓▓██▒▒
 *       ████░░
 *     ░░████  
 *     ▒▒██▒▒  
 *   ░░████░░  
 *   ▒▒██▒▒    
 * ░░██▓▓░░    
 */
static const unsigned char open_sans_22px_char_041_bitmap[] = {
    0x18, 0xef, 0xba, 0x01, 0x00, 0x00, /* 行 0 */
    0x00, 0x66, 0xff, 0x6c, 0x00, 0x00, /* 行 1 */
    0x00, 0x01, 0xd7, 0xf1, 0x0d, 0x00, /* 行 2 */
    0x00, 0x00, 0x6f, 0xff, 0x6e, 0x00, /* 行 3 */
    0x00, 0x00, 0x10, 0xfa, 0xd4, 0x00, /* 行 4 */
    0x00, 0x00, 0x00, 0xc9, 0xff, 0x15, /* 行 5 */
    0x00, 0x00, 0x00, 0x8d, 0xff, 0x53, /* 行 6 */
    0x00, 0x00, 0x00, 0x64, 0xff, 0x77, /* 行 7 */
    0x00, 0x00, 0x00, 0x51, 0xff, 0x8a, /* 行 8 */
    0x00, 0x00, 0x00, 0x41, 0xff, 0x9a, /* 行 9 */
    0x00, 0x00, 0x00, 0x4f, 0xff, 0x8d, /* 行10 */
    0x00, 0x00, 0x00, 0x64, 0xff, 0x79, /* 行11 */
    0x00, 0x00, 0x00, 0x89, 0xff, 0x5a, /* 行12 */
    0x00, 0x00, 0x00, 0xc7, 0xff, 0x1c, /* 行13 */
    0x00, 0x00, 0x0e, 0xfa, 0xdb, 0x00, /* 行14 */
    0x00, 0x00, 0x6c, 0xff, 0x78, 0x00, /* 行15 */
    0x00, 0x01, 0xd6, 0xf4, 0x11, 0x00, /* 行16 */
    0x00, 0x63, 0xff, 0x75, 0x00, 0x00, /* 行17 */
    0x15, 0xed, 0xbd, 0x01, 0x00, 0x00, /* 行18 */
};

/* 字符  42: *    */
/*
 *         ░░████░░        
 *           ████          
 *           ████          
 *   ▓▓▓▓░░░░▓▓▓▓░░░░▓▓▓▓  
 * ░░████████████████████░░
 * ░░░░░░▒▒▓▓████▓▓▒▒░░░░░░
 *       ░░████████░░      
 *       ▓▓██▒▒▒▒██▓▓      
 *     ▒▒████░░░░████▒▒    
 *     ░░▓▓▒▒    ▒▒▓▓░░    
 */
static const unsigned char open_sans_22px_char_042_bitmap[] = {
    0x00, 0x00, 0x00, 0x00, 0x01, 0xf9, 0xfd, 0x04, 0x00, 0x00, 0x00, 0x00, /* 行 0 */
    0x00, 0x00, 0x00, 0x00, 0x00, 0xdf, 0xe6, 0x00, 0x00, 0x00, 0x00, 0x00, /* 行 1 */
    0x00, 0x00, 0x00, 0x00, 0x00, 0xc3, 0xca, 0x00, 0x00, 0x00, 0x00, 0x00, /* 行 2 */
    0x00, 0xac, 0x89, 0x3f, 0x04, 0xa7, 0xae, 0x03, 0x3a, 0x83, 0xbd, 0x00, /* 行 3 */
    0x03, 0xf9, 0xff, 0xff, 0xf0, 0xe5, 0xe6, 0xee, 0xff, 0xff, 0xff, 0x12, /* 行 4 */
    0x01, 0x21, 0x37, 0x4c, 0x85, 0xff, 0xff, 0x8b, 0x4d, 0x38, 0x22, 0x03, /* 行 5 */
    0x00, 0x00, 0x00, 0x06, 0xcb, 0xc9, 0xcc, 0xd4, 0x0a, 0x00, 0x00, 0x00, /* 行 6 */
    0x00, 0x00, 0x00, 0x8d, 0xff, 0x59, 0x52, 0xff, 0x9e, 0x00, 0x00, 0x00, /* 行 7 */
    0x00, 0x00, 0x48, 0xfe, 0xe5, 0x05, 0x01, 0xd6, 0xff, 0x5d, 0x00, 0x00, /* 行 8 */
    0x00, 0x00, 0x16, 0x95, 0x76, 0x00, 0x00, 0x5c, 0xa7, 0x1f, 0x00, 0x00, /* 行 9 */
};

/* 字符  43: +    */
/*
 *         ▒▒▓▓░░        
 *         ▒▒██░░        
 *         ▒▒██░░        
 *         ▒▒██░░        
 *         ▒▒██░░        
 * ████████████████████▒▒
 * ▒▒▒▒▒▒▒▒▓▓██▒▒▒▒▒▒▒▒░░
 *         ▒▒██░░        
 *         ▒▒██░░        
 *         ▒▒██░░        
 *         ▒▒██░░        
 *         ░░░░          
 */
static const unsigned char open_sans_22px_char_043_bitmap[] = {
    0x00, 0x00, 0x00, 0x00, 0x49, 0x98, 0x02, 0x00, 0x00, 0x00, 0x00, /* 行 0 */
    0x00, 0x00, 0x00, 0x00, 0x7c, 0xff, 0x04, 0x00, 0x00, 0x00, 0x00, /* 行 1 */
    0x00, 0x00, 0x00, 0x00, 0x7c, 0xff, 0x04, 0x00, 0x00, 0x00, 0x00, /* 行 2 */
    0x00, 0x00, 0x00, 0x00, 0x7c, 0xff, 0x04, 0x00, 0x00, 0x00, 0x00, /* 行 3 */
    0x00, 0x00, 0x00, 0x00, 0x7c, 0xff, 0x04, 0x00, 0x00, 0x00, 0x00, /* 行 4 */
    0xe0, 0xff, 0xff, 0xff, 0xff, 0xff, 0xff, 0xff, 0xff, 0xff, 0x70, /* 行 5 */
    0x6c, 0x7c, 0x7c, 0x7c, 0xbb, 0xff, 0x7e, 0x7c, 0x7c, 0x7c, 0x36, /* 行 6 */
    0x00, 0x00, 0x00, 0x00, 0x7c, 0xff, 0x04, 0x00, 0x00, 0x00, 0x00, /* 行 7 */
    0x00, 0x00, 0x00, 0x00, 0x7c, 0xff, 0x04, 0x00, 0x00, 0x00, 0x00, /* 行 8 */
    0x00, 0x00, 0x00, 0x00, 0x7c, 0xff, 0x04, 0x00, 0x00, 0x00, 0x00, /* 行 9 */
    0x00, 0x00, 0x00, 0x00, 0x7c, 0xff, 0x04, 0x00, 0x00, 0x00, 0x00, /* 行10 */
    0x00, 0x00, 0x00, 0x00, 0x07, 0x10, 0x00, 0x00, 0x00, 0x00, 0x00, /* 行11 */
};

/* 字符  44: ,    */
/*
 *   ▒▒████
 *   ▒▒██▓▓
 *   ▓▓██░░
 * ░░██▓▓  
 * ░░██░░  
 */
static const unsigned char open_sans_22px_char_044_bitmap[] = {
    0x00, 0x4b, 0xff, 0xcf, /* 行 0 */
    0x00, 0x7c, 0xff, 0x80, /* 行 1 */
    0x00, 0xb3, 0xfd, 0x20, /* 行 2 */
    0x01, 0xee, 0xaf, 0x00, /* 行 3 */
    0x32, 0xff, 0x3d, 0x00, /* 行 4 */
};

/* 字符  45: -    */
/*
 * ░░██████████░░
 * ░░▓▓▓▓▓▓▓▓▓▓░░
 */
static const unsigned char open_sans_22px_char_045_bitmap[] = {
    0x18, 0xff, 0xff, 0xff, 0xff, 0xff, 0x2c, /* 行 0 */
    0x0f, 0xa4, 0xa4, 0xa4, 0xa4, 0xa4, 0x1c, /* 行 1 */
};

/* 字符  46: .    */
/*
 * ░░██▓▓░░
 * ▒▒████░░
 * ░░████░░
 */
static const unsigned char open_sans_22px_char_046_bitmap[] = {
    0x17, 0xcc, 0xb7, 0x06, /* 行 0 */
    0x53, 0xff, 0xff, 0x2e, /* 行 1 */
    0x1f, 0xe5, 0xcf, 0x09, /* 行 2 */
};

/* 字符  47: /    */
/*
 *           ░░██▓▓
 *           ▒▒██▒▒
 *           ████░░
 *         ░░██▓▓  
 *         ▓▓██░░  
 *       ░░████    
 *       ▒▒██▒▒    
 *       ▓▓██░░    
 *     ░░██▓▓      
 *     ▒▒██▒▒      
 *     ████░░      
 *   ░░██▓▓        
 *   ▓▓██▒▒        
 *   ████░░        
 * ░░██▓▓          
 * ▓▓██░░          
 */
static const unsigned char open_sans_22px_char_047_bitmap[] = {
    0x00, 0x00, 0x00, 0x00, 0x00, 0x1d, 0xfd, 0xac, /* 行 0 */
    0x00, 0x00, 0x00, 0x00, 0x00, 0x79, 0xff, 0x4f, /* 行 1 */
    0x00, 0x00, 0x00, 0x00, 0x00, 0xd6, 0xeb, 0x05, /* 行 2 */
    0x00, 0x00, 0x00, 0x00, 0x35, 0xff, 0x93, 0x00, /* 行 3 */
    0x00, 0x00, 0x00, 0x00, 0x92, 0xff, 0x35, 0x00, /* 行 4 */
    0x00, 0x00, 0x00, 0x05, 0xea, 0xd7, 0x00, 0x00, /* 行 5 */
    0x00, 0x00, 0x00, 0x4e, 0xff, 0x7a, 0x00, 0x00, /* 行 6 */
    0x00, 0x00, 0x00, 0xac, 0xfe, 0x1e, 0x00, 0x00, /* 行 7 */
    0x00, 0x00, 0x10, 0xf8, 0xbe, 0x00, 0x00, 0x00, /* 行 8 */
    0x00, 0x00, 0x67, 0xff, 0x61, 0x00, 0x00, 0x00, /* 行 9 */
    0x00, 0x00, 0xc5, 0xf5, 0x0d, 0x00, 0x00, 0x00, /* 行10 */
    0x00, 0x23, 0xff, 0xa5, 0x00, 0x00, 0x00, 0x00, /* 行11 */
    0x00, 0x80, 0xff, 0x47, 0x00, 0x00, 0x00, 0x00, /* 行12 */
    0x00, 0xdc, 0xe6, 0x03, 0x00, 0x00, 0x00, 0x00, /* 行13 */
    0x3c, 0xff, 0x8c, 0x00, 0x00, 0x00, 0x00, 0x00, /* 行14 */
    0x99, 0xff, 0x2e, 0x00, 0x00, 0x00, 0x00, 0x00, /* 行15 */
};

/* 字符  48: 0    */
/*
 *     ░░▓▓██████▒▒░░    
 *   ▒▒████▓▓▓▓████▓▓░░  
 * ░░████░░    ░░▓▓██▒▒  
 * ▒▒██▓▓        ░░████  
 * ▓▓██░░          ▓▓██░░
 * ▓▓██░░          ▓▓██▒▒
 * ████            ▒▒██▒▒
 * ████            ▒▒██▒▒
 * ████            ▒▒██▒▒
 * ████            ▒▒██▒▒
 * ▓▓██░░          ▓▓██▒▒
 * ▓▓██░░          ▓▓██░░
 * ▒▒██▓▓        ░░████  
 * ░░████░░      ▓▓██▒▒  
 *   ░░████▓▓▓▓██████░░  
 *     ░░▓▓██████▓▓░░    
 */
static const unsigned char open_sans_22px_char_048_bitmap[] = {
    0x00, 0x00, 0x31, 0xaf, 0xeb, 0xf7, 0xd4, 0x73, 0x03, 0x00, 0x00, /* 行 0 */
    0x00, 0x40, 0xf9, 0xf7, 0xab, 0x95, 0xcf, 0xff, 0xad, 0x01, 0x00, /* 行 1 */
    0x05, 0xdf, 0xf5, 0x31, 0x00, 0x00, 0x01, 0x98, 0xff, 0x60, 0x00, /* 行 2 */
    0x4e, 0xff, 0x89, 0x00, 0x00, 0x00, 0x00, 0x0b, 0xf1, 0xd1, 0x00, /* 行 3 */
    0x93, 0xff, 0x3b, 0x00, 0x00, 0x00, 0x00, 0x00, 0xae, 0xff, 0x1d, /* 行 4 */
    0xbe, 0xff, 0x0e, 0x00, 0x00, 0x00, 0x00, 0x00, 0x80, 0xff, 0x4b, /* 行 5 */
    0xd8, 0xf5, 0x00, 0x00, 0x00, 0x00, 0x00, 0x00, 0x66, 0xff, 0x69, /* 行 6 */
    0xe3, 0xeb, 0x00, 0x00, 0x00, 0x00, 0x00, 0x00, 0x5c, 0xff, 0x75, /* 行 7 */
    0xe3, 0xeb, 0x00, 0x00, 0x00, 0x00, 0x00, 0x00, 0x5d, 0xff, 0x75, /* 行 8 */
    0xd6, 0xf5, 0x00, 0x00, 0x00, 0x00, 0x00, 0x00, 0x66, 0xff, 0x6a, /* 行 9 */
    0xb9, 0xff, 0x0e, 0x00, 0x00, 0x00, 0x00, 0x00, 0x80, 0xff, 0x4f, /* 行10 */
    0x8c, 0xff, 0x3b, 0x00, 0x00, 0x00, 0x00, 0x00, 0xae, 0xff, 0x26, /* 行11 */
    0x43, 0xff, 0x89, 0x00, 0x00, 0x00, 0x00, 0x0a, 0xf1, 0xe0, 0x00, /* 行12 */
    0x01, 0xd2, 0xf4, 0x2f, 0x00, 0x00, 0x00, 0x94, 0xff, 0x75, 0x00, /* 行13 */
    0x00, 0x32, 0xf4, 0xf6, 0xa6, 0x90, 0xcb, 0xff, 0xc4, 0x07, 0x00, /* 行14 */
    0x00, 0x00, 0x27, 0xaa, 0xeb, 0xf8, 0xd9, 0x80, 0x08, 0x00, 0x00, /* 行15 */
};

/* 字符  49: 1    */
/*
 *       ▒▒██▓▓
 *   ░░▓▓████▓▓
 * ░░▓▓██▓▓██▓▓
 * ▓▓██▓▓░░██▓▓
 * ▒▒▓▓  ░░██▓▓
 *       ░░██▓▓
 *       ░░██▓▓
 *       ░░██▓▓
 *       ░░██▓▓
 *       ░░██▓▓
 *       ░░██▓▓
 *       ░░██▓▓
 *       ░░██▓▓
 *       ░░██▓▓
 *       ░░██▓▓
 *       ░░██▓▓
 */
static const unsigned char open_sans_22px_char_049_bitmap[] = {
    0x00, 0x00, 0x00, 0x69, 0xfc, 0xb0, /* 行 0 */
    0x00, 0x01, 0x8a, 0xff, 0xff, 0xb0, /* 行 1 */
    0x07, 0xa9, 0xff, 0xa3, 0xfc, 0xb0, /* 行 2 */
    0xb6, 0xff, 0x96, 0x07, 0xff, 0xb0, /* 行 3 */
    0x60, 0x83, 0x00, 0x0d, 0xff, 0xb0, /* 行 4 */
    0x00, 0x00, 0x00, 0x10, 0xff, 0xb0, /* 行 5 */
    0x00, 0x00, 0x00, 0x10, 0xff, 0xb0, /* 行 6 */
    0x00, 0x00, 0x00, 0x10, 0xff, 0xb0, /* 行 7 */
    0x00, 0x00, 0x00, 0x10, 0xff, 0xb0, /* 行 8 */
    0x00, 0x00, 0x00, 0x10, 0xff, 0xb0, /* 行 9 */
    0x00, 0x00, 0x00, 0x10, 0xff, 0xb0, /* 行10 */
    0x00, 0x00, 0x00, 0x10, 0xff, 0xb0, /* 行11 */
    0x00, 0x00, 0x00, 0x10, 0xff, 0xb0, /* 行12 */
    0x00, 0x00, 0x00, 0x10, 0xff, 0xb0, /* 行13 */
    0x00, 0x00, 0x00, 0x10, 0xff, 0xb0, /* 行14 */
    0x00, 0x00, 0x00, 0x10, 0xff, 0xb0, /* 行15 */
};

/* 字符  50: 2    */
/*
 *   ░░▓▓████████▒▒░░    
 * ▒▒██████▓▓▓▓██████░░  
 * ░░██░░      ░░▓▓██▒▒  
 *               ░░██▓▓  
 *               ░░██▓▓  
 *               ▒▒██▓▓  
 *               ▓▓██░░  
 *             ▒▒██▓▓    
 *           ░░████░░    
 *         ░░████░░      
 *       ░░████░░        
 *     ░░████░░          
 *   ░░████░░            
 * ░░████░░              
 * ██████▓▓▓▓▓▓▓▓▓▓▓▓▓▓▒▒
 * ████████████████████▒▒
 */
static const unsigned char open_sans_22px_char_050_bitmap[] = {
    0x00, 0x14, 0x80, 0xce, 0xf3, 0xf6, 0xd2, 0x79, 0x06, 0x00, 0x00, /* 行 0 */
    0x4e, 0xef, 0xff, 0xc6, 0x93, 0x9a, 0xde, 0xff, 0xc0, 0x05, 0x00, /* 行 1 */
    0x37, 0xc9, 0x31, 0x00, 0x00, 0x00, 0x07, 0xb8, 0xff, 0x64, 0x00, /* 行 2 */
    0x00, 0x00, 0x00, 0x00, 0x00, 0x00, 0x00, 0x3a, 0xff, 0xa9, 0x00, /* 行 3 */
    0x00, 0x00, 0x00, 0x00, 0x00, 0x00, 0x00, 0x1f, 0xff, 0xaf, 0x00, /* 行 4 */
    0x00, 0x00, 0x00, 0x00, 0x00, 0x00, 0x00, 0x44, 0xff, 0x89, 0x00, /* 行 5 */
    0x00, 0x00, 0x00, 0x00, 0x00, 0x00, 0x00, 0xa8, 0xff, 0x2d, 0x00, /* 行 6 */
    0x00, 0x00, 0x00, 0x00, 0x00, 0x00, 0x48, 0xff, 0xac, 0x00, 0x00, /* 行 7 */
    0x00, 0x00, 0x00, 0x00, 0x00, 0x2a, 0xee, 0xe0, 0x13, 0x00, 0x00, /* 行 8 */
    0x00, 0x00, 0x00, 0x00, 0x22, 0xe4, 0xed, 0x29, 0x00, 0x00, 0x00, /* 行 9 */
    0x00, 0x00, 0x00, 0x1f, 0xe0, 0xed, 0x31, 0x00, 0x00, 0x00, 0x00, /* 行10 */
    0x00, 0x00, 0x1e, 0xde, 0xec, 0x30, 0x00, 0x00, 0x00, 0x00, 0x00, /* 行11 */
    0x00, 0x1d, 0xdd, 0xea, 0x2d, 0x00, 0x00, 0x00, 0x00, 0x00, 0x00, /* 行12 */
    0x1c, 0xdc, 0xe8, 0x2b, 0x00, 0x00, 0x00, 0x00, 0x00, 0x00, 0x00, /* 行13 */
    0xd1, 0xff, 0xcb, 0xa8, 0xa8, 0xa8, 0xa8, 0xa8, 0xa8, 0xa8, 0x41, /* 行14 */
    0xec, 0xff, 0xff, 0xff, 0xff, 0xff, 0xff, 0xff, 0xff, 0xff, 0x64, /* 行15 */
};

/* 字符  51: 3    */
/*
 *   ░░▓▓████████▓▓░░    
 * ▓▓████▓▓▓▓▓▓██████░░  
 * ▒▒▓▓░░      ░░▓▓██▓▓  
 *               ░░████  
 *               ░░██▓▓  
 *               ▓▓██▒▒  
 *         ░░░░▓▓██▓▓░░  
 *     ▓▓████████▒▒░░    
 *     ▒▒▓▓▓▓▓▓████▓▓░░  
 *             ░░▒▒████░░
 *                 ▓▓██░░
 *                 ▓▓██▒▒
 *                 ████░░
 * ▒▒░░          ▒▒████  
 * ████▓▓▓▓▓▓▓▓██████░░  
 * ▒▒▓▓██████████▒▒░░    
 */
static const unsigned char open_sans_22px_char_051_bitmap[] = {
    0x00, 0x33, 0x98, 0xd8, 0xf5, 0xf7, 0xd8, 0x8b, 0x12, 0x00, 0x00, /* 行 0 */
    0x8b, 0xff, 0xf8, 0xb7, 0x91, 0x99, 0xd6, 0xff, 0xde, 0x16, 0x00, /* 行 1 */
    0x45, 0x8f, 0x14, 0x00, 0x00, 0x00, 0x02, 0x9c, 0xff, 0x8d, 0x00, /* 行 2 */
    0x00, 0x00, 0x00, 0x00, 0x00, 0x00, 0x00, 0x23, 0xff, 0xc5, 0x00, /* 行 3 */
    0x00, 0x00, 0x00, 0x00, 0x00, 0x00, 0x00, 0x1e, 0xff, 0xb7, 0x00, /* 行 4 */
    0x00, 0x00, 0x00, 0x00, 0x00, 0x00, 0x00, 0x81, 0xff, 0x71, 0x00, /* 行 5 */
    0x00, 0x00, 0x00, 0x00, 0x0f, 0x35, 0x9f, 0xff, 0xb3, 0x06, 0x00, /* 行 6 */
    0x00, 0x00, 0x98, 0xff, 0xff, 0xff, 0xe9, 0x5f, 0x01, 0x00, 0x00, /* 行 7 */
    0x00, 0x00, 0x50, 0x88, 0x8e, 0xa6, 0xe1, 0xfe, 0xb1, 0x17, 0x00, /* 行 8 */
    0x00, 0x00, 0x00, 0x00, 0x00, 0x00, 0x01, 0x69, 0xff, 0xc0, 0x01, /* 行 9 */
    0x00, 0x00, 0x00, 0x00, 0x00, 0x00, 0x00, 0x00, 0xb7, 0xff, 0x26, /* 行10 */
    0x00, 0x00, 0x00, 0x00, 0x00, 0x00, 0x00, 0x00, 0x96, 0xff, 0x44, /* 行11 */
    0x00, 0x00, 0x00, 0x00, 0x00, 0x00, 0x00, 0x00, 0xc3, 0xff, 0x28, /* 行12 */
    0x5e, 0x0e, 0x00, 0x00, 0x00, 0x00, 0x00, 0x6b, 0xff, 0xcc, 0x00, /* 行13 */
    0xfc, 0xf7, 0xba, 0x93, 0x87, 0x99, 0xd6, 0xff, 0xe2, 0x27, 0x00, /* 行14 */
    0x59, 0xad, 0xda, 0xef, 0xfb, 0xed, 0xc4, 0x77, 0x0d, 0x00, 0x00, /* 行15 */
};

/* 字符  52: 4    */
/*
 *               ▒▒████      
 *             ░░██████      
 *           ░░████████      
 *           ▒▒██▒▒████      
 *         ░░██▓▓  ████      
 *       ░░████░░  ████      
 *       ▒▒██▒▒    ████      
 *     ░░██▓▓      ████      
 *   ░░████░░      ████      
 *   ▓▓██▒▒        ████      
 * ░░██▓▓          ████      
 * ▓▓██████████████████████░░
 * ▒▒▓▓▓▓▓▓▓▓▓▓▓▓▓▓████▓▓▓▓░░
 *                 ████      
 *                 ████      
 *                 ████      
 */
static const unsigned char open_sans_22px_char_052_bitmap[] = {
    0x00, 0x00, 0x00, 0x00, 0x00, 0x00, 0x00, 0x6b, 0xff, 0xd0, 0x00, 0x00, 0x00, /* 行 0 */
    0x00, 0x00, 0x00, 0x00, 0x00, 0x00, 0x23, 0xf4, 0xfe, 0xd0, 0x00, 0x00, 0x00, /* 行 1 */
    0x00, 0x00, 0x00, 0x00, 0x00, 0x02, 0xc2, 0xd5, 0xd4, 0xd0, 0x00, 0x00, 0x00, /* 行 2 */
    0x00, 0x00, 0x00, 0x00, 0x00, 0x72, 0xff, 0x49, 0xdd, 0xd0, 0x00, 0x00, 0x00, /* 行 3 */
    0x00, 0x00, 0x00, 0x00, 0x28, 0xf7, 0xa3, 0x00, 0xe4, 0xd0, 0x00, 0x00, 0x00, /* 行 4 */
    0x00, 0x00, 0x00, 0x03, 0xc9, 0xe5, 0x11, 0x00, 0xe7, 0xd0, 0x00, 0x00, 0x00, /* 行 5 */
    0x00, 0x00, 0x00, 0x7a, 0xff, 0x4a, 0x00, 0x00, 0xe8, 0xd0, 0x00, 0x00, 0x00, /* 行 6 */
    0x00, 0x00, 0x2d, 0xf9, 0x9c, 0x00, 0x00, 0x00, 0xe8, 0xd0, 0x00, 0x00, 0x00, /* 行 7 */
    0x00, 0x05, 0xce, 0xe1, 0x0e, 0x00, 0x00, 0x00, 0xe8, 0xd0, 0x00, 0x00, 0x00, /* 行 8 */
    0x00, 0x82, 0xfe, 0x44, 0x00, 0x00, 0x00, 0x00, 0xe8, 0xd0, 0x00, 0x00, 0x00, /* 行 9 */
    0x33, 0xfb, 0x96, 0x00, 0x00, 0x00, 0x00, 0x00, 0xe8, 0xd0, 0x00, 0x00, 0x00, /* 行10 */
    0x87, 0xff, 0xff, 0xff, 0xff, 0xff, 0xff, 0xff, 0xff, 0xff, 0xff, 0xff, 0x24, /* 行11 */
    0x55, 0xa0, 0xa0, 0xa0, 0xa0, 0xa0, 0xa0, 0xa0, 0xf7, 0xee, 0xa0, 0xa0, 0x16, /* 行12 */
    0x00, 0x00, 0x00, 0x00, 0x00, 0x00, 0x00, 0x00, 0xe8, 0xd0, 0x00, 0x00, 0x00, /* 行13 */
    0x00, 0x00, 0x00, 0x00, 0x00, 0x00, 0x00, 0x00, 0xe8, 0xd0, 0x00, 0x00, 0x00, /* 行14 */
    0x00, 0x00, 0x00, 0x00, 0x00, 0x00, 0x00, 0x00, 0xe8, 0xd0, 0x00, 0x00, 0x00, /* 行15 */
};

/* 字符  53: 5    */
/*
 *   ▓▓██████████████░░  
 *   ▓▓██▓▓▓▓▓▓▓▓▓▓▓▓░░  
 *   ████                
 *   ████                
 *   ██▓▓                
 * ░░██▓▓                
 * ░░████████████▓▓░░    
 * ░░▓▓▓▓▓▓▓▓▓▓██████░░  
 *             ░░▒▒████  
 *                 ████░░
 *                 ▓▓██▒▒
 *                 ▓▓██░░
 *               ░░████░░
 * ░░░░        ░░▓▓██▓▓  
 * ▓▓████▓▓▓▓▓▓████▓▓░░  
 * ░░▓▓████████▓▓▒▒░░    
 */
static const unsigned char open_sans_22px_char_053_bitmap[] = {
    0x00, 0xa3, 0xff, 0xff, 0xff, 0xff, 0xff, 0xff, 0xff, 0x34, 0x00, /* 行 0 */
    0x00, 0xb8, 0xf7, 0xa4, 0xa4, 0xa4, 0xa4, 0xa4, 0xa4, 0x21, 0x00, /* 行 1 */
    0x00, 0xcd, 0xd9, 0x00, 0x00, 0x00, 0x00, 0x00, 0x00, 0x00, 0x00, /* 行 2 */
    0x00, 0xe2, 0xc3, 0x00, 0x00, 0x00, 0x00, 0x00, 0x00, 0x00, 0x00, /* 行 3 */
    0x00, 0xf6, 0xad, 0x00, 0x00, 0x00, 0x00, 0x00, 0x00, 0x00, 0x00, /* 行 4 */
    0x0c, 0xff, 0x98, 0x00, 0x00, 0x00, 0x00, 0x00, 0x00, 0x00, 0x00, /* 行 5 */
    0x21, 0xff, 0xe5, 0xd9, 0xf3, 0xf6, 0xd6, 0x8c, 0x17, 0x00, 0x00, /* 行 6 */
    0x0d, 0xa6, 0xb6, 0x95, 0x8a, 0xa4, 0xdd, 0xff, 0xea, 0x2b, 0x00, /* 行 7 */
    0x00, 0x00, 0x00, 0x00, 0x00, 0x00, 0x03, 0x7d, 0xff, 0xcf, 0x00, /* 行 8 */
    0x00, 0x00, 0x00, 0x00, 0x00, 0x00, 0x00, 0x00, 0xcc, 0xff, 0x29, /* 行 9 */
    0x00, 0x00, 0x00, 0x00, 0x00, 0x00, 0x00, 0x00, 0x95, 0xff, 0x49, /* 行10 */
    0x00, 0x00, 0x00, 0x00, 0x00, 0x00, 0x00, 0x00, 0x92, 0xff, 0x3e, /* 行11 */
    0x00, 0x00, 0x00, 0x00, 0x00, 0x00, 0x00, 0x01, 0xd4, 0xfa, 0x0e, /* 行12 */
    0x3c, 0x13, 0x00, 0x00, 0x00, 0x00, 0x09, 0x8f, 0xff, 0x98, 0x00, /* 行13 */
    0x94, 0xfb, 0xc3, 0x99, 0x8e, 0xaa, 0xe6, 0xff, 0xbf, 0x0a, 0x00, /* 行14 */
    0x2b, 0x9c, 0xd7, 0xf5, 0xfc, 0xed, 0xbe, 0x63, 0x03, 0x00, 0x00, /* 行15 */
};

/* 字符  54: 6    */
/*
 *       ░░▒▒████████░░  
 *     ░░██████▓▓▒▒▓▓░░  
 *   ░░████░░            
 *   ▓▓██░░              
 * ░░██▓▓                
 * ▒▒██▒▒                
 * ▓▓██░░▒▒████████▒▒    
 * ▓▓██▓▓██▓▓▒▒▓▓████▒▒  
 * ▓▓████░░      ░░████░░
 * ▓▓██▒▒          ▒▒██▒▒
 * ▓▓██░░          ▒▒██▒▒
 * ▓▓██░░          ▒▒██▒▒
 * ░░██▓▓          ▓▓██▒▒
 *   ████▒▒      ░░████░░
 *   ░░████▓▓▓▓▓▓████░░  
 *     ░░▓▓██████▓▓░░    
 */
static const unsigned char open_sans_22px_char_054_bitmap[] = {
    0x00, 0x00, 0x00, 0x0f, 0x7b, 0xc7, 0xec, 0xfb, 0xed, 0x3e, 0x00, /* 行 0 */
    0x00, 0x00, 0x38, 0xe9, 0xff, 0xc5, 0x8c, 0x7d, 0x91, 0x35, 0x00, /* 行 1 */
    0x00, 0x20, 0xf1, 0xe8, 0x3c, 0x00, 0x00, 0x00, 0x00, 0x00, 0x00, /* 行 2 */
    0x00, 0xae, 0xfd, 0x38, 0x00, 0x00, 0x00, 0x00, 0x00, 0x00, 0x00, /* 行 3 */
    0x17, 0xfc, 0xb2, 0x00, 0x00, 0x00, 0x00, 0x00, 0x00, 0x00, 0x00, /* 行 4 */
    0x5e, 0xff, 0x64, 0x00, 0x00, 0x00, 0x00, 0x00, 0x00, 0x00, 0x00, /* 行 5 */
    0x8d, 0xff, 0x34, 0x5d, 0xc9, 0xf4, 0xf4, 0xc4, 0x50, 0x00, 0x00, /* 行 6 */
    0xab, 0xff, 0x9f, 0xf0, 0x97, 0x70, 0x8c, 0xe8, 0xff, 0x6e, 0x00, /* 行 7 */
    0xb8, 0xff, 0xd7, 0x19, 0x00, 0x00, 0x00, 0x14, 0xe4, 0xf7, 0x16, /* 行 8 */
    0xba, 0xff, 0x46, 0x00, 0x00, 0x00, 0x00, 0x00, 0x74, 0xff, 0x5c, /* 行 9 */
    0xaa, 0xff, 0x1b, 0x00, 0x00, 0x00, 0x00, 0x00, 0x4b, 0xff, 0x79, /* 行10 */
    0x80, 0xff, 0x3a, 0x00, 0x00, 0x00, 0x00, 0x00, 0x5a, 0xff, 0x71, /* 行11 */
    0x36, 0xff, 0x92, 0x00, 0x00, 0x00, 0x00, 0x00, 0x91, 0xff, 0x45, /* 行12 */
    0x00, 0xc1, 0xfb, 0x4b, 0x00, 0x00, 0x00, 0x35, 0xf7, 0xe1, 0x04, /* 行13 */
    0x00, 0x20, 0xe3, 0xfe, 0xb7, 0x8d, 0xb0, 0xfa, 0xf5, 0x3f, 0x00, /* 行14 */
    0x00, 0x00, 0x15, 0x93, 0xe1, 0xfa, 0xe9, 0xa8, 0x2b, 0x00, 0x00, /* 行15 */
};

/* 字符  55: 7    */
/*
 * ████████████████████▒▒
 * ▓▓▓▓▓▓▓▓▓▓▓▓▓▓▓▓████▒▒
 *                 ████░░
 *               ▒▒██▓▓  
 *               ▓▓██░░  
 *             ░░██▓▓    
 *             ▓▓██░░    
 *           ░░████      
 *           ▓▓██▒▒      
 *         ░░████░░      
 *         ▒▒██▒▒        
 *       ░░████░░        
 *       ▒▒██▓▓          
 *       ████░░          
 *     ▒▒██▓▓            
 *     ▓▓██▒▒            
 */
static const unsigned char open_sans_22px_char_055_bitmap[] = {
    0xfc, 0xff, 0xff, 0xff, 0xff, 0xff, 0xff, 0xff, 0xff, 0xff, 0x78, /* 行 0 */
    0xa1, 0xa4, 0xa4, 0xa4, 0xa4, 0xa4, 0xa4, 0xa4, 0xd2, 0xff, 0x67, /* 行 1 */
    0x00, 0x00, 0x00, 0x00, 0x00, 0x00, 0x00, 0x00, 0xcf, 0xf2, 0x0e, /* 行 2 */
    0x00, 0x00, 0x00, 0x00, 0x00, 0x00, 0x00, 0x44, 0xff, 0x90, 0x00, /* 行 3 */
    0x00, 0x00, 0x00, 0x00, 0x00, 0x00, 0x00, 0xb9, 0xfd, 0x22, 0x00, /* 行 4 */
    0x00, 0x00, 0x00, 0x00, 0x00, 0x00, 0x2d, 0xff, 0xae, 0x00, 0x00, /* 行 5 */
    0x00, 0x00, 0x00, 0x00, 0x00, 0x00, 0xa1, 0xff, 0x3d, 0x00, 0x00, /* 行 6 */
    0x00, 0x00, 0x00, 0x00, 0x00, 0x1a, 0xfa, 0xcc, 0x00, 0x00, 0x00, /* 行 7 */
    0x00, 0x00, 0x00, 0x00, 0x00, 0x89, 0xff, 0x5b, 0x00, 0x00, 0x00, /* 行 8 */
    0x00, 0x00, 0x00, 0x00, 0x0d, 0xef, 0xe5, 0x05, 0x00, 0x00, 0x00, /* 行 9 */
    0x00, 0x00, 0x00, 0x00, 0x72, 0xff, 0x79, 0x00, 0x00, 0x00, 0x00, /* 行10 */
    0x00, 0x00, 0x00, 0x04, 0xe1, 0xf5, 0x12, 0x00, 0x00, 0x00, 0x00, /* 行11 */
    0x00, 0x00, 0x00, 0x5a, 0xff, 0x97, 0x00, 0x00, 0x00, 0x00, 0x00, /* 行12 */
    0x00, 0x00, 0x00, 0xcd, 0xfe, 0x28, 0x00, 0x00, 0x00, 0x00, 0x00, /* 行13 */
    0x00, 0x00, 0x42, 0xff, 0xb5, 0x00, 0x00, 0x00, 0x00, 0x00, 0x00, /* 行14 */
    0x00, 0x00, 0xb6, 0xff, 0x44, 0x00, 0x00, 0x00, 0x00, 0x00, 0x00, /* 行15 */
};

/* 字符  56: 8    */
/*
 *     ▒▒████████▓▓░░    
 *   ▓▓████▓▓▒▒▓▓████░░  
 * ░░████░░      ▒▒██▓▓  
 * ▒▒██▒▒          ████  
 * ▒▒██▓▓        ░░████  
 * ░░████░░      ▒▒██▒▒  
 *   ▒▒████▒▒░░▓▓██▓▓░░  
 *     ░░████████▒▒      
 *   ░░▓▓██▓▓██████▒▒    
 * ░░████▒▒    ░░████▓▓  
 * ▓▓██▒▒        ░░████░░
 * ████            ▒▒██▒▒
 * ████░░          ▒▒██▒▒
 * ▓▓██▒▒        ░░████░░
 * ░░██████▓▓▒▒▓▓████▒▒  
 *   ░░▓▓████████▓▓░░    
 */
static const unsigned char open_sans_22px_char_056_bitmap[] = {
    0x00, 0x00, 0x58, 0xc1, 0xf1, 0xfa, 0xe2, 0x9e, 0x22, 0x00, 0x00, /* 行 0 */
    0x00, 0x8a, 0xff, 0xe2, 0x8e, 0x7e, 0xad, 0xfd, 0xf0, 0x2d, 0x00, /* 行 1 */
    0x22, 0xfe, 0xd2, 0x0a, 0x00, 0x00, 0x00, 0x51, 0xff, 0xb4, 0x00, /* 行 2 */
    0x53, 0xff, 0x75, 0x00, 0x00, 0x00, 0x00, 0x00, 0xe7, 0xe7, 0x00, /* 行 3 */
    0x42, 0xff, 0x82, 0x00, 0x00, 0x00, 0x00, 0x03, 0xf0, 0xd2, 0x00, /* 行 4 */
    0x07, 0xe7, 0xe9, 0x1c, 0x00, 0x00, 0x00, 0x76, 0xff, 0x72, 0x00, /* 行 5 */
    0x00, 0x44, 0xf9, 0xeb, 0x68, 0x22, 0x9c, 0xff, 0xa0, 0x02, 0x00, /* 行 6 */
    0x00, 0x00, 0x31, 0xe5, 0xff, 0xff, 0xff, 0x67, 0x00, 0x00, 0x00, /* 行 7 */
    0x00, 0x18, 0xb1, 0xff, 0xbd, 0xc3, 0xff, 0xf0, 0x69, 0x00, 0x00, /* 行 8 */
    0x15, 0xdc, 0xee, 0x49, 0x00, 0x00, 0x33, 0xc7, 0xff, 0x86, 0x00, /* 行 9 */
    0x90, 0xff, 0x49, 0x00, 0x00, 0x00, 0x00, 0x07, 0xce, 0xfc, 0x26, /* 行10 */
    0xcf, 0xf2, 0x00, 0x00, 0x00, 0x00, 0x00, 0x00, 0x68, 0xff, 0x60, /* 行11 */
    0xd1, 0xf8, 0x05, 0x00, 0x00, 0x00, 0x00, 0x00, 0x76, 0xff, 0x5d, /* 行12 */
    0x90, 0xff, 0x7d, 0x00, 0x00, 0x00, 0x00, 0x19, 0xe2, 0xf9, 0x1b, /* 行13 */
    0x15, 0xdb, 0xff, 0xcb, 0x8c, 0x7d, 0x9e, 0xf3, 0xfe, 0x6d, 0x00, /* 行14 */
    0x00, 0x0e, 0x80, 0xce, 0xf3, 0xfc, 0xe8, 0xaf, 0x3f, 0x00, 0x00, /* 行15 */
};

/* 字符  57: 9    */
/*
 *     ▒▒████████▒▒░░    
 *   ▓▓████▓▓▓▓████▓▓░░  
 * ░░████░░    ░░▓▓██▒▒  
 * ▓▓██░░        ░░████  
 * ████░░          ▓▓██░░
 * ████            ▒▒██▒▒
 * ▓▓██░░          ▓▓██▒▒
 * ▒▒██▓▓░░      ▒▒████▒▒
 * ░░██████▓▓▒▒▓▓██▓▓██▒▒
 *   ░░▓▓██████▓▓░░▓▓██░░
 *                 ▓▓██░░
 *               ░░██▓▓  
 *               ▓▓██▒▒  
 *           ░░▒▒██▓▓    
 *   ▒▒▓▓▒▒▓▓████▓▓░░    
 *   ▓▓██████▓▓▒▒░░      
 */
static const unsigned char open_sans_22px_char_057_bitmap[] = {
    0x00, 0x00, 0x53, 0xc1, 0xf2, 0xf1, 0xc8, 0x5f, 0x01, 0x00, 0x00, /* 行 0 */
    0x00, 0x85, 0xff, 0xe7, 0xa5, 0x97, 0xdc, 0xff, 0x9f, 0x01, 0x00, /* 行 1 */
    0x3d, 0xff, 0xc8, 0x12, 0x00, 0x00, 0x03, 0x9f, 0xff, 0x5b, 0x00, /* 行 2 */
    0x9f, 0xff, 0x3b, 0x00, 0x00, 0x00, 0x00, 0x08, 0xe2, 0xd4, 0x00, /* 行 3 */
    0xcd, 0xfc, 0x04, 0x00, 0x00, 0x00, 0x00, 0x00, 0x8f, 0xff, 0x1e, /* 行 4 */
    0xd6, 0xf2, 0x00, 0x00, 0x00, 0x00, 0x00, 0x00, 0x70, 0xff, 0x47, /* 行 5 */
    0xbc, 0xff, 0x19, 0x00, 0x00, 0x00, 0x00, 0x00, 0x9b, 0xff, 0x5c, /* 行 6 */
    0x70, 0xff, 0x98, 0x01, 0x00, 0x00, 0x00, 0x4b, 0xfa, 0xff, 0x5b, /* 行 7 */
    0x09, 0xcc, 0xff, 0xc4, 0x81, 0x78, 0xb4, 0xf3, 0xab, 0xff, 0x4d, /* 行 8 */
    0x00, 0x0d, 0x89, 0xde, 0xfa, 0xea, 0xa8, 0x28, 0x8c, 0xff, 0x30, /* 行 9 */
    0x00, 0x00, 0x00, 0x00, 0x00, 0x00, 0x00, 0x00, 0xbc, 0xfa, 0x06, /* 行10 */
    0x00, 0x00, 0x00, 0x00, 0x00, 0x00, 0x00, 0x13, 0xf8, 0xb7, 0x00, /* 行11 */
    0x00, 0x00, 0x00, 0x00, 0x00, 0x00, 0x00, 0x8d, 0xff, 0x52, 0x00, /* 行12 */
    0x00, 0x00, 0x00, 0x00, 0x00, 0x03, 0x77, 0xfe, 0xb8, 0x00, 0x00, /* 行13 */
    0x00, 0x7a, 0x85, 0x7e, 0x99, 0xe0, 0xff, 0xbd, 0x0d, 0x00, 0x00, /* 行14 */
    0x00, 0x9c, 0xf6, 0xfa, 0xe5, 0xb1, 0x57, 0x01, 0x00, 0x00, 0x00, /* 行15 */
};

/* 字符  58: :    */
/*
 * ░░████░░
 * ▒▒████░░
 * ░░██▓▓░░
 *         
 *         
 *         
 *         
 *         
 *         
 * ░░██▓▓░░
 * ▒▒████░░
 * ░░████░░
 */
static const unsigned char open_sans_22px_char_058_bitmap[] = {
    0x20, 0xe5, 0xd4, 0x0b, /* 行 0 */
    0x53, 0xff, 0xff, 0x2e, /* 行 1 */
    0x18, 0xcd, 0xb7, 0x06, /* 行 2 */
    0x00, 0x00, 0x00, 0x00, /* 行 3 */
    0x00, 0x00, 0x00, 0x00, /* 行 4 */
    0x00, 0x00, 0x00, 0x00, /* 行 5 */
    0x00, 0x00, 0x00, 0x00, /* 行 6 */
    0x00, 0x00, 0x00, 0x00, /* 行 7 */
    0x00, 0x00, 0x00, 0x00, /* 行 8 */
    0x17, 0xcc, 0xb7, 0x06, /* 行 9 */
    0x53, 0xff, 0xff, 0x2e, /* 行10 */
    0x1f, 0xe5, 0xcf, 0x09, /* 行11 */
};

/* 字符  59: ;    */
/*
 *   ░░████░░
 *   ▒▒████░░
 *   ░░██▓▓░░
 *           
 *           
 *           
 *           
 *           
 *           
 *   ▒▒████  
 *   ▒▒██▓▓  
 *   ▓▓██░░  
 * ░░██▓▓    
 * ░░██░░    
 */
static const unsigned char open_sans_22px_char_059_bitmap[] = {
    0x00, 0x2b, 0xea, 0xcd, 0x06, /* 行 0 */
    0x00, 0x63, 0xff, 0xff, 0x22, /* 行 1 */
    0x00, 0x20, 0xd1, 0xaf, 0x03, /* 行 2 */
    0x00, 0x00, 0x00, 0x00, 0x00, /* 行 3 */
    0x00, 0x00, 0x00, 0x00, 0x00, /* 行 4 */
    0x00, 0x00, 0x00, 0x00, 0x00, /* 行 5 */
    0x00, 0x00, 0x00, 0x00, 0x00, /* 行 6 */
    0x00, 0x00, 0x00, 0x00, 0x00, /* 行 7 */
    0x00, 0x00, 0x00, 0x00, 0x00, /* 行 8 */
    0x00, 0x4b, 0xff, 0xcf, 0x00, /* 行 9 */
    0x00, 0x7c, 0xff, 0x80, 0x00, /* 行10 */
    0x00, 0xb3, 0xfd, 0x20, 0x00, /* 行11 */
    0x01, 0xee, 0xaf, 0x00, 0x00, /* 行12 */
    0x32, 0xff, 0x3d, 0x00, 0x00, /* 行13 */
};

/* 字符  60: <    */
/*
 *                 ░░▓▓▒▒
 *             ░░▓▓████▒▒
 *         ░░▓▓████▒▒░░  
 *   ░░▒▒████▓▓░░        
 * ▒▒████▓▓░░            
 * ████▓▓░░              
 * ░░▒▒██████▒▒░░        
 *       ░░▓▓████▓▓▒▒░░  
 *           ░░▒▒██████▒▒
 *                 ░░▓▓▒▒
 */
static const unsigned char open_sans_22px_char_060_bitmap[] = {
    0x00, 0x00, 0x00, 0x00, 0x00, 0x00, 0x00, 0x00, 0x1e, 0x8f, 0x64, /* 行 0 */
    0x00, 0x00, 0x00, 0x00, 0x00, 0x00, 0x2c, 0xa1, 0xfb, 0xe2, 0x41, /* 行 1 */
    0x00, 0x00, 0x00, 0x00, 0x3c, 0xb3, 0xfe, 0xc9, 0x58, 0x04, 0x00, /* 行 2 */
    0x00, 0x01, 0x4e, 0xc5, 0xfc, 0xac, 0x3b, 0x00, 0x00, 0x00, 0x00, /* 行 3 */
    0x5b, 0xd6, 0xf2, 0x8f, 0x20, 0x00, 0x00, 0x00, 0x00, 0x00, 0x00, /* 行 4 */
    0xd1, 0xff, 0xac, 0x3a, 0x00, 0x00, 0x00, 0x00, 0x00, 0x00, 0x00, /* 行 5 */
    0x06, 0x58, 0xc1, 0xff, 0xd5, 0x72, 0x14, 0x00, 0x00, 0x00, 0x00, /* 行 6 */
    0x00, 0x00, 0x00, 0x2a, 0x92, 0xf0, 0xf9, 0xaa, 0x45, 0x01, 0x00, /* 行 7 */
    0x00, 0x00, 0x00, 0x00, 0x00, 0x0a, 0x64, 0xcc, 0xff, 0xdf, 0x43, /* 行 8 */
    0x00, 0x00, 0x00, 0x00, 0x00, 0x00, 0x00, 0x00, 0x35, 0x9e, 0x66, /* 行 9 */
};

/* 字符  61: =    */
/*
 * ▓▓██████████████████▒▒
 * ▒▒▒▒▒▒▒▒▒▒▒▒▒▒▒▒▒▒▒▒░░
 *                       
 *                       
 * ▒▒▒▒▒▒▒▒▒▒▒▒▒▒▒▒▒▒▒▒░░
 * ▓▓██████████████████▒▒
 */
static const unsigned char open_sans_22px_char_061_bitmap[] = {
    0xb8, 0xff, 0xff, 0xff, 0xff, 0xff, 0xff, 0xff, 0xff, 0xff, 0x44, /* 行 0 */
    0x56, 0x78, 0x78, 0x78, 0x78, 0x78, 0x78, 0x78, 0x78, 0x78, 0x1f, /* 行 1 */
    0x00, 0x00, 0x00, 0x00, 0x00, 0x00, 0x00, 0x00, 0x00, 0x00, 0x00, /* 行 2 */
    0x00, 0x00, 0x00, 0x00, 0x00, 0x00, 0x00, 0x00, 0x00, 0x00, 0x00, /* 行 3 */
    0x56, 0x78, 0x78, 0x78, 0x78, 0x78, 0x78, 0x78, 0x78, 0x78, 0x1f, /* 行 4 */
    0xb8, 0xff, 0xff, 0xff, 0xff, 0xff, 0xff, 0xff, 0xff, 0xff, 0x44, /* 行 5 */
};

/* 字符  62: >    */
/*
 * ▓▓▒▒░░                
 * ▓▓████▒▒░░            
 *   ░░▓▓████▒▒░░        
 *       ░░▒▒████▓▓░░    
 *           ░░▒▒████▓▓░░
 *             ░░▒▒████▒▒
 *         ░░▓▓████▓▓░░  
 *   ░░▒▒██████▒▒░░      
 * ▓▓████▓▓░░            
 * ▓▓▒▒░░                
 */
static const unsigned char open_sans_22px_char_062_bitmap[] = {
    0xb1, 0x5b, 0x04, 0x00, 0x00, 0x00, 0x00, 0x00, 0x00, 0x00, 0x00, /* 行 0 */
    0x98, 0xfb, 0xe0, 0x6d, 0x0a, 0x00, 0x00, 0x00, 0x00, 0x00, 0x00, /* 行 1 */
    0x00, 0x1d, 0x8a, 0xef, 0xec, 0x7f, 0x13, 0x00, 0x00, 0x00, 0x00, /* 行 2 */
    0x00, 0x00, 0x00, 0x0c, 0x6e, 0xdd, 0xf5, 0x91, 0x1f, 0x00, 0x00, /* 行 3 */
    0x00, 0x00, 0x00, 0x00, 0x00, 0x02, 0x51, 0xc3, 0xfb, 0xa3, 0x22, /* 行 4 */
    0x00, 0x00, 0x00, 0x00, 0x00, 0x00, 0x0b, 0x61, 0xe2, 0xff, 0x61, /* 行 5 */
    0x00, 0x00, 0x00, 0x00, 0x36, 0x9a, 0xf2, 0xf0, 0x93, 0x2a, 0x00, /* 行 6 */
    0x00, 0x13, 0x6f, 0xd3, 0xff, 0xcd, 0x65, 0x0b, 0x00, 0x00, 0x00, /* 行 7 */
    0x99, 0xf9, 0xf6, 0x9f, 0x36, 0x00, 0x00, 0x00, 0x00, 0x00, 0x00, /* 行 8 */
    0xb8, 0x70, 0x10, 0x00, 0x00, 0x00, 0x00, 0x00, 0x00, 0x00, 0x00, /* 行 9 */
};

/* 字符  63: ?    */
/*
 * ░░▒▒▓▓██████▓▓░░  
 * ▓▓████▓▓▓▓██████░░
 * ░░▒▒        ▒▒██▓▓
 *               ████
 *             ░░██▓▓
 *             ▓▓██▒▒
 *         ░░▓▓██▓▓  
 *       ░░▓▓██▒▒    
 *       ▒▒██▒▒      
 *       ██▓▓        
 *       ██▓▓        
 *                   
 *                   
 *     ░░██▓▓░░      
 *     ▒▒████░░      
 *     ░░████░░      
 */
static const unsigned char open_sans_22px_char_063_bitmap[] = {
    0x12, 0x73, 0xbf, 0xec, 0xf9, 0xde, 0xa7, 0x28, 0x00, /* 行 0 */
    0x81, 0xff, 0xe2, 0xb5, 0xa0, 0xc1, 0xfe, 0xf7, 0x34, /* 行 1 */
    0x17, 0x43, 0x00, 0x00, 0x00, 0x00, 0x4d, 0xff, 0xae, /* 行 2 */
    0x00, 0x00, 0x00, 0x00, 0x00, 0x00, 0x00, 0xe7, 0xd4, /* 行 3 */
    0x00, 0x00, 0x00, 0x00, 0x00, 0x00, 0x07, 0xf3, 0xb7, /* 行 4 */
    0x00, 0x00, 0x00, 0x00, 0x00, 0x00, 0x88, 0xff, 0x55, /* 行 5 */
    0x00, 0x00, 0x00, 0x00, 0x03, 0x91, 0xff, 0x8f, 0x00, /* 行 6 */
    0x00, 0x00, 0x00, 0x04, 0xad, 0xfe, 0x74, 0x00, 0x00, /* 行 7 */
    0x00, 0x00, 0x00, 0x75, 0xff, 0x5e, 0x00, 0x00, 0x00, /* 行 8 */
    0x00, 0x00, 0x00, 0xca, 0xb1, 0x00, 0x00, 0x00, 0x00, /* 行 9 */
    0x00, 0x00, 0x00, 0xe1, 0x81, 0x00, 0x00, 0x00, 0x00, /* 行10 */
    0x00, 0x00, 0x00, 0x00, 0x00, 0x00, 0x00, 0x00, 0x00, /* 行11 */
    0x00, 0x00, 0x00, 0x00, 0x00, 0x00, 0x00, 0x00, 0x00, /* 行12 */
    0x00, 0x00, 0x22, 0xd1, 0xb2, 0x03, 0x00, 0x00, 0x00, /* 行13 */
    0x00, 0x00, 0x63, 0xff, 0xff, 0x22, 0x00, 0x00, 0x00, /* 行14 */
    0x00, 0x00, 0x2a, 0xe9, 0xca, 0x05, 0x00, 0x00, 0x00, /* 行15 */
};

/* 字符  64: @    */
/*
 *           ░░▓▓██████████▓▓░░        
 *       ░░▓▓████▓▓▒▒▒▒▒▒▓▓████▒▒      
 *     ░░████▒▒░░          ░░▓▓██▒▒    
 *   ░░▓▓██░░                  ▓▓██░░  
 *   ▒▒██▒▒    ░░▓▓██████▓▓▒▒  ░░██▓▓  
 * ░░██▓▓    ░░████▒▒▒▒▒▒██▓▓    ▒▒██░░
 * ▒▒██▒▒    ▓▓██░░    ░░██▓▓    ░░██▒▒
 * ▒▒██░░  ░░██▓▓      ░░██▓▓    ░░██▒▒
 * ▓▓██    ░░██▒▒      ░░██▒▒    ░░██▒▒
 * ▓▓██    ░░██▒▒      ░░██▒▒    ░░██▒▒
 * ▓▓██    ░░██▒▒      ▒▒██▒▒    ▒▒██░░
 * ▓▓██░░  ░░██▓▓    ░░████▓▓    ▓▓██░░
 * ▒▒██░░    ▒▒██▓▓▒▒▓▓██▒▒██▒▒▓▓██▒▒  
 * ░░██▓▓    ░░▓▓████▓▓░░░░▓▓████▒▒    
 *   ▓▓██▒▒                            
 *   ░░████▒▒░░            ░░░░        
 *     ░░▓▓████▓▓▒▒▒▒▓▓▓▓████░░        
 *         ░░▓▓██████████▓▓▒▒░░        
 */
static const unsigned char open_sans_22px_char_064_bitmap[] = {
    0x00, 0x00, 0x00, 0x00, 0x00, 0x29, 0x87, 0xc8, 0xed, 0xfb, 0xf1, 0xca, 0x81, 0x1a, 0x00, 0x00, 0x00, 0x00, /* 行 0 */
    0x00, 0x00, 0x00, 0x07, 0x99, 0xfe, 0xe9, 0xa2, 0x77, 0x69, 0x7f, 0xaa, 0xf8, 0xf5, 0x5d, 0x00, 0x00, 0x00, /* 行 1 */
    0x00, 0x00, 0x18, 0xcc, 0xf6, 0x68, 0x05, 0x00, 0x00, 0x00, 0x00, 0x00, 0x13, 0xa7, 0xff, 0x75, 0x00, 0x00, /* 行 2 */
    0x00, 0x01, 0xbb, 0xe8, 0x30, 0x00, 0x00, 0x00, 0x00, 0x00, 0x00, 0x00, 0x00, 0x00, 0x94, 0xfa, 0x35, 0x00, /* 行 3 */
    0x00, 0x6f, 0xff, 0x4a, 0x00, 0x00, 0x15, 0x97, 0xe6, 0xf9, 0xe3, 0xb8, 0x57, 0x00, 0x08, 0xda, 0xb4, 0x00, /* 行 4 */
    0x05, 0xe7, 0xaf, 0x00, 0x00, 0x12, 0xdb, 0xeb, 0x76, 0x59, 0x7c, 0xfd, 0x9f, 0x00, 0x00, 0x76, 0xfb, 0x16, /* 行 5 */
    0x44, 0xff, 0x51, 0x00, 0x00, 0x98, 0xfd, 0x2e, 0x00, 0x00, 0x03, 0xff, 0x93, 0x00, 0x00, 0x29, 0xff, 0x4b, /* 行 6 */
    0x7e, 0xfe, 0x08, 0x00, 0x06, 0xf5, 0xb2, 0x00, 0x00, 0x00, 0x10, 0xff, 0x86, 0x00, 0x00, 0x0b, 0xff, 0x66, /* 行 7 */
    0xa2, 0xe9, 0x00, 0x00, 0x2d, 0xff, 0x7d, 0x00, 0x00, 0x00, 0x1d, 0xff, 0x79, 0x00, 0x00, 0x01, 0xfd, 0x75, /* 行 8 */
    0xb0, 0xd2, 0x00, 0x00, 0x39, 0xff, 0x66, 0x00, 0x00, 0x00, 0x38, 0xff, 0x6d, 0x00, 0x00, 0x14, 0xff, 0x61, /* 行 9 */
    0xa6, 0xd9, 0x00, 0x00, 0x20, 0xff, 0x77, 0x00, 0x00, 0x00, 0x62, 0xff, 0x67, 0x00, 0x00, 0x45, 0xff, 0x2e, /* 行10 */
    0x8f, 0xf4, 0x03, 0x00, 0x04, 0xe9, 0xbe, 0x00, 0x00, 0x01, 0xc2, 0xf6, 0x87, 0x00, 0x00, 0xa3, 0xd9, 0x01, /* 行11 */
    0x57, 0xff, 0x37, 0x00, 0x00, 0x77, 0xff, 0xa3, 0x62, 0xb0, 0xdb, 0x6b, 0xef, 0x6a, 0x8c, 0xfd, 0x4f, 0x00, /* 行12 */
    0x11, 0xf4, 0xa1, 0x00, 0x00, 0x02, 0x86, 0xea, 0xf3, 0xb3, 0x1f, 0x03, 0x9b, 0xf2, 0xd9, 0x57, 0x00, 0x00, /* 行13 */
    0x00, 0x88, 0xfe, 0x4d, 0x00, 0x00, 0x00, 0x00, 0x00, 0x00, 0x00, 0x00, 0x00, 0x00, 0x00, 0x00, 0x00, 0x00, /* 行14 */
    0x00, 0x06, 0xc6, 0xfa, 0x70, 0x06, 0x00, 0x00, 0x00, 0x00, 0x00, 0x00, 0x21, 0x0e, 0x00, 0x00, 0x00, 0x00, /* 行15 */
    0x00, 0x00, 0x0b, 0xa6, 0xff, 0xe8, 0xa2, 0x7a, 0x6d, 0x81, 0x9b, 0xd6, 0xff, 0x30, 0x00, 0x00, 0x00, 0x00, /* 行16 */
    0x00, 0x00, 0x00, 0x00, 0x32, 0x93, 0xd1, 0xee, 0xfb, 0xe9, 0xd1, 0x9d, 0x4e, 0x05, 0x00, 0x00, 0x00, 0x00, /* 行17 */
};

/* 字符  65: A    */
/*
 *           ░░████░░          
 *           ▒▒████▒▒          
 *           ██████▓▓          
 *         ░░██▒▒▓▓██░░        
 *         ▓▓██░░░░██▒▒        
 *       ░░████    ████░░      
 *       ▒▒██▒▒    ▒▒██▒▒      
 *       ▓▓██░░    ░░██▓▓      
 *     ░░██▓▓        ▓▓██░░    
 *     ▒▒████████████████▒▒    
 *   ░░████▓▓▓▓▓▓▓▓▓▓▓▓████    
 *   ▒▒██▒▒            ▓▓██░░  
 *   ▓▓██░░            ░░██▓▓  
 * ░░██▓▓              ░░████░░
 * ▒▒██▒▒                ▓▓██▒▒
 * ████░░                ░░██▓▓
 */
static const unsigned char open_sans_22px_char_065_bitmap[] = {
    0x00, 0x00, 0x00, 0x00, 0x00, 0x0b, 0xf2, 0xea, 0x05, 0x00, 0x00, 0x00, 0x00, 0x00, /* 行 0 */
    0x00, 0x00, 0x00, 0x00, 0x00, 0x61, 0xff, 0xff, 0x53, 0x00, 0x00, 0x00, 0x00, 0x00, /* 行 1 */
    0x00, 0x00, 0x00, 0x00, 0x00, 0xc4, 0xcb, 0xe2, 0xb6, 0x00, 0x00, 0x00, 0x00, 0x00, /* 行 2 */
    0x00, 0x00, 0x00, 0x00, 0x28, 0xff, 0x7d, 0x90, 0xfd, 0x1c, 0x00, 0x00, 0x00, 0x00, /* 行 3 */
    0x00, 0x00, 0x00, 0x00, 0x8b, 0xff, 0x2a, 0x33, 0xff, 0x7b, 0x00, 0x00, 0x00, 0x00, /* 行 4 */
    0x00, 0x00, 0x00, 0x05, 0xe9, 0xc6, 0x00, 0x00, 0xd2, 0xdd, 0x01, 0x00, 0x00, 0x00, /* 行 5 */
    0x00, 0x00, 0x00, 0x51, 0xff, 0x63, 0x00, 0x00, 0x72, 0xff, 0x41, 0x00, 0x00, 0x00, /* 行 6 */
    0x00, 0x00, 0x00, 0xb5, 0xf4, 0x0c, 0x00, 0x00, 0x16, 0xfb, 0xa4, 0x00, 0x00, 0x00, /* 行 7 */
    0x00, 0x00, 0x1b, 0xfc, 0x9d, 0x00, 0x00, 0x00, 0x00, 0xb0, 0xf6, 0x10, 0x00, 0x00, /* 行 8 */
    0x00, 0x00, 0x7b, 0xff, 0xff, 0xff, 0xff, 0xff, 0xff, 0xff, 0xff, 0x69, 0x00, 0x00, /* 行 9 */
    0x00, 0x01, 0xdc, 0xe5, 0xa4, 0xa4, 0xa4, 0xa4, 0xa4, 0xa4, 0xf2, 0xcc, 0x00, 0x00, /* 行10 */
    0x00, 0x42, 0xff, 0x78, 0x00, 0x00, 0x00, 0x00, 0x00, 0x00, 0x9c, 0xff, 0x2f, 0x00, /* 行11 */
    0x00, 0xa5, 0xfe, 0x1d, 0x00, 0x00, 0x00, 0x00, 0x00, 0x00, 0x3f, 0xff, 0x91, 0x00, /* 行12 */
    0x10, 0xf7, 0xbf, 0x00, 0x00, 0x00, 0x00, 0x00, 0x00, 0x00, 0x01, 0xe0, 0xed, 0x07, /* 行13 */
    0x6b, 0xff, 0x62, 0x00, 0x00, 0x00, 0x00, 0x00, 0x00, 0x00, 0x00, 0x84, 0xff, 0x57, /* 行14 */
    0xce, 0xf7, 0x0e, 0x00, 0x00, 0x00, 0x00, 0x00, 0x00, 0x00, 0x00, 0x27, 0xff, 0xba, /* 行15 */
};

/* 字符  66: B    */
/*
 * ██████████████▓▓▒▒░░    
 * ████▓▓▓▓▓▓▓▓██████▓▓    
 * ████          ░░████░░  
 * ████            ▓▓██▒▒  
 * ████            ▒▒██▒▒  
 * ████            ▓▓██░░  
 * ████      ░░░░▓▓██▓▓    
 * ████████████████▒▒      
 * ████▓▓▓▓▓▓▓▓▓▓████▒▒░░  
 * ████          ░░▓▓██▒▒  
 * ████            ░░████  
 * ████              ████░░
 * ████            ░░████  
 * ████          ░░▓▓██▓▓  
 * ████▓▓▓▓▓▓▓▓▓▓██████░░  
 * ████████████████▒▒░░    
 */
static const unsigned char open_sans_22px_char_066_bitmap[] = {
    0xd8, 0xff, 0xff, 0xff, 0xfe, 0xf5, 0xde, 0xaf, 0x56, 0x01, 0x00, 0x00, /* 行 0 */
    0xd8, 0xfe, 0x94, 0x94, 0x94, 0x9e, 0xc3, 0xfb, 0xff, 0xa4, 0x00, 0x00, /* 行 1 */
    0xd8, 0xfc, 0x00, 0x00, 0x00, 0x00, 0x00, 0x2b, 0xeb, 0xff, 0x3e, 0x00, /* 行 2 */
    0xd8, 0xfc, 0x00, 0x00, 0x00, 0x00, 0x00, 0x00, 0x84, 0xff, 0x77, 0x00, /* 行 3 */
    0xd8, 0xfc, 0x00, 0x00, 0x00, 0x00, 0x00, 0x00, 0x6e, 0xff, 0x72, 0x00, /* 行 4 */
    0xd8, 0xfc, 0x00, 0x00, 0x00, 0x00, 0x00, 0x00, 0xaa, 0xff, 0x37, 0x00, /* 行 5 */
    0xd8, 0xfc, 0x00, 0x00, 0x00, 0x05, 0x25, 0x84, 0xff, 0x93, 0x00, 0x00, /* 行 6 */
    0xd8, 0xff, 0xff, 0xff, 0xff, 0xff, 0xff, 0xda, 0x4a, 0x00, 0x00, 0x00, /* 行 7 */
    0xd8, 0xfe, 0x8c, 0x8c, 0x8c, 0x90, 0xa9, 0xe9, 0xed, 0x75, 0x02, 0x00, /* 行 8 */
    0xd8, 0xfc, 0x00, 0x00, 0x00, 0x00, 0x00, 0x07, 0xab, 0xff, 0x74, 0x00, /* 行 9 */
    0xd8, 0xfc, 0x00, 0x00, 0x00, 0x00, 0x00, 0x00, 0x15, 0xff, 0xe1, 0x00, /* 行10 */
    0xd8, 0xfc, 0x00, 0x00, 0x00, 0x00, 0x00, 0x00, 0x00, 0xf4, 0xfe, 0x04, /* 行11 */
    0xd8, 0xfc, 0x00, 0x00, 0x00, 0x00, 0x00, 0x00, 0x1e, 0xff, 0xee, 0x00, /* 行12 */
    0xd8, 0xfc, 0x00, 0x00, 0x00, 0x00, 0x00, 0x0f, 0xb8, 0xff, 0x9b, 0x00, /* 行13 */
    0xd8, 0xfe, 0x90, 0x90, 0x90, 0x97, 0xb2, 0xf2, 0xff, 0xd4, 0x14, 0x00, /* 行14 */
    0xd8, 0xff, 0xff, 0xff, 0xff, 0xff, 0xf2, 0xca, 0x77, 0x09, 0x00, 0x00, /* 行15 */
};

/* 字符  67: C    */
/*
 *       ░░▒▒▓▓████████▓▓▒▒░░
 *     ░░▓▓██████▓▓▓▓██████░░
 *   ░░████▓▓░░        ░░░░  
 *   ▓▓██▓▓░░                
 * ░░████░░                  
 * ▒▒██▓▓                    
 * ▓▓██▒▒                    
 * ▓▓██▒▒                    
 * ▓▓██▒▒                    
 * ▓▓██▒▒                    
 * ▒▒██▓▓                    
 * ░░████░░                  
 *   ▓▓██▓▓                  
 *   ░░████▓▓░░        ░░░░  
 *     ░░████████▓▓▓▓████▓▓  
 *       ░░▒▒██████████▓▓▒▒  
 */
static const unsigned char open_sans_22px_char_067_bitmap[] = {
    0x00, 0x00, 0x00, 0x01, 0x44, 0xa6, 0xd6, 0xf3, 0xf0, 0xd7, 0xab, 0x56, 0x06, /* 行 0 */
    0x00, 0x00, 0x13, 0xb9, 0xff, 0xfe, 0xce, 0xad, 0xb7, 0xd8, 0xff, 0xe6, 0x07, /* 行 1 */
    0x00, 0x09, 0xd5, 0xff, 0xb7, 0x22, 0x00, 0x00, 0x00, 0x00, 0x26, 0x3d, 0x00, /* 行 2 */
    0x00, 0x8e, 0xff, 0xb2, 0x03, 0x00, 0x00, 0x00, 0x00, 0x00, 0x00, 0x00, 0x00, /* 行 3 */
    0x0b, 0xf5, 0xf7, 0x16, 0x00, 0x00, 0x00, 0x00, 0x00, 0x00, 0x00, 0x00, 0x00, /* 行 4 */
    0x57, 0xff, 0xa6, 0x00, 0x00, 0x00, 0x00, 0x00, 0x00, 0x00, 0x00, 0x00, 0x00, /* 行 5 */
    0x82, 0xff, 0x6c, 0x00, 0x00, 0x00, 0x00, 0x00, 0x00, 0x00, 0x00, 0x00, 0x00, /* 行 6 */
    0x9b, 0xff, 0x54, 0x00, 0x00, 0x00, 0x00, 0x00, 0x00, 0x00, 0x00, 0x00, 0x00, /* 行 7 */
    0xa0, 0xff, 0x53, 0x00, 0x00, 0x00, 0x00, 0x00, 0x00, 0x00, 0x00, 0x00, 0x00, /* 行 8 */
    0x8e, 0xff, 0x69, 0x00, 0x00, 0x00, 0x00, 0x00, 0x00, 0x00, 0x00, 0x00, 0x00, /* 行 9 */
    0x63, 0xff, 0x9e, 0x00, 0x00, 0x00, 0x00, 0x00, 0x00, 0x00, 0x00, 0x00, 0x00, /* 行10 */
    0x21, 0xfe, 0xf0, 0x0c, 0x00, 0x00, 0x00, 0x00, 0x00, 0x00, 0x00, 0x00, 0x00, /* 行11 */
    0x00, 0xb5, 0xff, 0x99, 0x00, 0x00, 0x00, 0x00, 0x00, 0x00, 0x00, 0x00, 0x00, /* 行12 */
    0x00, 0x22, 0xf2, 0xff, 0x9f, 0x16, 0x00, 0x00, 0x00, 0x00, 0x03, 0x17, 0x00, /* 行13 */
    0x00, 0x00, 0x35, 0xe6, 0xff, 0xfa, 0xc5, 0xa7, 0xad, 0xc5, 0xf4, 0x9c, 0x00, /* 行14 */
    0x00, 0x00, 0x00, 0x0b, 0x72, 0xc0, 0xeb, 0xfb, 0xf0, 0xdd, 0xac, 0x49, 0x00, /* 行15 */
};

/* 字符  68: D    */
/*
 * ██████████████▓▓▒▒░░      
 * ████▓▓▓▓▓▓▓▓████████░░    
 * ████          ░░▓▓████░░  
 * ████              ▓▓██▓▓  
 * ████              ░░████░░
 * ████                ▓▓██▒▒
 * ████                ▒▒██▓▓
 * ████                ▒▒██▓▓
 * ████                ▒▒██▓▓
 * ████                ▒▒██▓▓
 * ████                ▓▓██▒▒
 * ████              ░░████░░
 * ████            ░░▓▓██▓▓  
 * ████          ░░▓▓████░░  
 * ████▓▓▓▓▓▓▓▓██████▓▓░░    
 * ██████████████▓▓▒▒        
 */
static const unsigned char open_sans_22px_char_068_bitmap[] = {
    0xd8, 0xff, 0xff, 0xff, 0xff, 0xf5, 0xdf, 0xa9, 0x56, 0x02, 0x00, 0x00, 0x00, /* 行 0 */
    0xd8, 0xfe, 0x94, 0x94, 0x95, 0xa4, 0xc9, 0xfb, 0xff, 0xcf, 0x22, 0x00, 0x00, /* 行 1 */
    0xd8, 0xfc, 0x00, 0x00, 0x00, 0x00, 0x00, 0x19, 0x9d, 0xff, 0xe6, 0x19, 0x00, /* 行 2 */
    0xd8, 0xfc, 0x00, 0x00, 0x00, 0x00, 0x00, 0x00, 0x00, 0x8a, 0xff, 0xaf, 0x00, /* 行 3 */
    0xd8, 0xfc, 0x00, 0x00, 0x00, 0x00, 0x00, 0x00, 0x00, 0x05, 0xe4, 0xfe, 0x26, /* 行 4 */
    0xd8, 0xfc, 0x00, 0x00, 0x00, 0x00, 0x00, 0x00, 0x00, 0x00, 0x8c, 0xff, 0x6d, /* 行 5 */
    0xd8, 0xfc, 0x00, 0x00, 0x00, 0x00, 0x00, 0x00, 0x00, 0x00, 0x58, 0xff, 0x9a, /* 行 6 */
    0xd8, 0xfc, 0x00, 0x00, 0x00, 0x00, 0x00, 0x00, 0x00, 0x00, 0x43, 0xff, 0xad, /* 行 7 */
    0xd8, 0xfc, 0x00, 0x00, 0x00, 0x00, 0x00, 0x00, 0x00, 0x00, 0x47, 0xff, 0xa7, /* 行 8 */
    0xd8, 0xfc, 0x00, 0x00, 0x00, 0x00, 0x00, 0x00, 0x00, 0x00, 0x5f, 0xff, 0x93, /* 行 9 */
    0xd8, 0xfc, 0x00, 0x00, 0x00, 0x00, 0x00, 0x00, 0x00, 0x00, 0x99, 0xff, 0x61, /* 行10 */
    0xd8, 0xfc, 0x00, 0x00, 0x00, 0x00, 0x00, 0x00, 0x00, 0x0e, 0xf0, 0xfb, 0x1b, /* 行11 */
    0xd8, 0xfc, 0x00, 0x00, 0x00, 0x00, 0x00, 0x00, 0x02, 0xa8, 0xff, 0x9e, 0x00, /* 行12 */
    0xd8, 0xfc, 0x00, 0x00, 0x00, 0x00, 0x00, 0x2e, 0xbb, 0xff, 0xda, 0x0f, 0x00, /* 行13 */
    0xd8, 0xfe, 0x94, 0x94, 0x99, 0xab, 0xda, 0xff, 0xff, 0xbc, 0x16, 0x00, 0x00, /* 行14 */
    0xd8, 0xff, 0xff, 0xff, 0xfe, 0xef, 0xd4, 0x9a, 0x41, 0x00, 0x00, 0x00, 0x00, /* 行15 */
};

/* 字符  69: E    */
/*
 * ██████████████████
 * ████▓▓▓▓▓▓▓▓▓▓▓▓▓▓
 * ████              
 * ████              
 * ████              
 * ████              
 * ████              
 * ████████████████▓▓
 * ████▓▓▓▓▓▓▓▓▓▓▓▓▒▒
 * ████              
 * ████              
 * ████              
 * ████              
 * ████              
 * ████▓▓▓▓▓▓▓▓▓▓▓▓▓▓
 * ██████████████████
 */
static const unsigned char open_sans_22px_char_069_bitmap[] = {
    0xd8, 0xff, 0xff, 0xff, 0xff, 0xff, 0xff, 0xff, 0xec, /* 行 0 */
    0xd8, 0xfe, 0xa0, 0xa0, 0xa0, 0xa0, 0xa0, 0xa0, 0x93, /* 行 1 */
    0xd8, 0xfc, 0x00, 0x00, 0x00, 0x00, 0x00, 0x00, 0x00, /* 行 2 */
    0xd8, 0xfc, 0x00, 0x00, 0x00, 0x00, 0x00, 0x00, 0x00, /* 行 3 */
    0xd8, 0xfc, 0x00, 0x00, 0x00, 0x00, 0x00, 0x00, 0x00, /* 行 4 */
    0xd8, 0xfc, 0x00, 0x00, 0x00, 0x00, 0x00, 0x00, 0x00, /* 行 5 */
    0xd8, 0xfc, 0x00, 0x00, 0x00, 0x00, 0x00, 0x00, 0x00, /* 行 6 */
    0xd8, 0xff, 0xff, 0xff, 0xff, 0xff, 0xff, 0xff, 0x80, /* 行 7 */
    0xd8, 0xfe, 0x9c, 0x9c, 0x9c, 0x9c, 0x9c, 0x9c, 0x4e, /* 行 8 */
    0xd8, 0xfc, 0x00, 0x00, 0x00, 0x00, 0x00, 0x00, 0x00, /* 行 9 */
    0xd8, 0xfc, 0x00, 0x00, 0x00, 0x00, 0x00, 0x00, 0x00, /* 行10 */
    0xd8, 0xfc, 0x00, 0x00, 0x00, 0x00, 0x00, 0x00, 0x00, /* 行11 */
    0xd8, 0xfc, 0x00, 0x00, 0x00, 0x00, 0x00, 0x00, 0x00, /* 行12 */
    0xd8, 0xfc, 0x00, 0x00, 0x00, 0x00, 0x00, 0x00, 0x00, /* 行13 */
    0xd8, 0xfe, 0xa4, 0xa4, 0xa4, 0xa4, 0xa4, 0xa4, 0x97, /* 行14 */
    0xd8, 0xff, 0xff, 0xff, 0xff, 0xff, 0xff, 0xff, 0xec, /* 行15 */
};

/* 字符  70: F    */
/*
 * ██████████████████
 * ████▓▓▓▓▓▓▓▓▓▓▓▓▓▓
 * ████              
 * ████              
 * ████              
 * ████              
 * ████              
 * ████████████████▓▓
 * ████▓▓▓▓▓▓▓▓▓▓▓▓▒▒
 * ████              
 * ████              
 * ████              
 * ████              
 * ████              
 * ████              
 * ████              
 */
static const unsigned char open_sans_22px_char_070_bitmap[] = {
    0xd8, 0xff, 0xff, 0xff, 0xff, 0xff, 0xff, 0xff, 0xec, /* 行 0 */
    0xd8, 0xfe, 0xa0, 0xa0, 0xa0, 0xa0, 0xa0, 0xa0, 0x93, /* 行 1 */
    0xd8, 0xfc, 0x00, 0x00, 0x00, 0x00, 0x00, 0x00, 0x00, /* 行 2 */
    0xd8, 0xfc, 0x00, 0x00, 0x00, 0x00, 0x00, 0x00, 0x00, /* 行 3 */
    0xd8, 0xfc, 0x00, 0x00, 0x00, 0x00, 0x00, 0x00, 0x00, /* 行 4 */
    0xd8, 0xfc, 0x00, 0x00, 0x00, 0x00, 0x00, 0x00, 0x00, /* 行 5 */
    0xd8, 0xfc, 0x00, 0x00, 0x00, 0x00, 0x00, 0x00, 0x00, /* 行 6 */
    0xd8, 0xff, 0xff, 0xff, 0xff, 0xff, 0xff, 0xff, 0x80, /* 行 7 */
    0xd8, 0xfe, 0xa0, 0xa0, 0xa0, 0xa0, 0xa0, 0xa0, 0x50, /* 行 8 */
    0xd8, 0xfc, 0x00, 0x00, 0x00, 0x00, 0x00, 0x00, 0x00, /* 行 9 */
    0xd8, 0xfc, 0x00, 0x00, 0x00, 0x00, 0x00, 0x00, 0x00, /* 行10 */
    0xd8, 0xfc, 0x00, 0x00, 0x00, 0x00, 0x00, 0x00, 0x00, /* 行11 */
    0xd8, 0xfc, 0x00, 0x00, 0x00, 0x00, 0x00, 0x00, 0x00, /* 行12 */
    0xd8, 0xfc, 0x00, 0x00, 0x00, 0x00, 0x00, 0x00, 0x00, /* 行13 */
    0xd8, 0xfc, 0x00, 0x00, 0x00, 0x00, 0x00, 0x00, 0x00, /* 行14 */
    0xd8, 0xfc, 0x00, 0x00, 0x00, 0x00, 0x00, 0x00, 0x00, /* 行15 */
};

/* 字符  71: G    */
/*
 *         ░░▓▓██████████▓▓▒▒░░
 *     ░░▓▓██████▓▓▓▓████████░░
 *   ░░▓▓████░░        ░░░░▒▒  
 *   ▒▒██▓▓░░                  
 * ░░████░░                    
 * ▒▒██▓▓                      
 * ▒▒██▒▒                      
 * ▓▓██▒▒                      
 * ▓▓██▒▒          ██████████▒▒
 * ▓▓██▒▒          ▓▓▓▓▓▓████▒▒
 * ▒▒██▓▓                ▒▒██▒▒
 * ░░████░░              ▒▒██▒▒
 *   ▓▓██▓▓              ▒▒██▒▒
 *   ░░████▓▓░░          ▒▒██▒▒
 *     ░░████████▓▓▓▓▓▓██████▒▒
 *       ░░▒▒▓▓██████████▓▓▒▒░░
 */
static const unsigned char open_sans_22px_char_071_bitmap[] = {
    0x00, 0x00, 0x00, 0x00, 0x27, 0x84, 0xca, 0xe5, 0xf9, 0xe7, 0xce, 0x96, 0x48, 0x04, /* 行 0 */
    0x00, 0x00, 0x07, 0x8f, 0xfe, 0xff, 0xe2, 0xb5, 0xab, 0xc5, 0xe9, 0xff, 0xe6, 0x05, /* 行 1 */
    0x00, 0x02, 0xb9, 0xff, 0xcb, 0x3a, 0x00, 0x00, 0x00, 0x00, 0x01, 0x3b, 0x48, 0x00, /* 行 2 */
    0x00, 0x79, 0xff, 0xbf, 0x08, 0x00, 0x00, 0x00, 0x00, 0x00, 0x00, 0x00, 0x00, 0x00, /* 行 3 */
    0x06, 0xed, 0xf8, 0x1b, 0x00, 0x00, 0x00, 0x00, 0x00, 0x00, 0x00, 0x00, 0x00, 0x00, /* 行 4 */
    0x51, 0xff, 0xa8, 0x00, 0x00, 0x00, 0x00, 0x00, 0x00, 0x00, 0x00, 0x00, 0x00, 0x00, /* 行 5 */
    0x7f, 0xff, 0x6a, 0x00, 0x00, 0x00, 0x00, 0x00, 0x00, 0x00, 0x00, 0x00, 0x00, 0x00, /* 行 6 */
    0x9a, 0xff, 0x50, 0x00, 0x00, 0x00, 0x00, 0x00, 0x00, 0x00, 0x00, 0x00, 0x00, 0x00, /* 行 7 */
    0xa0, 0xff, 0x4f, 0x00, 0x00, 0x00, 0x00, 0x00, 0xf0, 0xff, 0xff, 0xff, 0xff, 0x68, /* 行 8 */
    0x8d, 0xff, 0x65, 0x00, 0x00, 0x00, 0x00, 0x00, 0x99, 0xa4, 0xa4, 0xca, 0xff, 0x68, /* 行 9 */
    0x5e, 0xff, 0x9b, 0x00, 0x00, 0x00, 0x00, 0x00, 0x00, 0x00, 0x00, 0x6c, 0xff, 0x68, /* 行10 */
    0x1b, 0xfb, 0xef, 0x0c, 0x00, 0x00, 0x00, 0x00, 0x00, 0x00, 0x00, 0x6c, 0xff, 0x68, /* 行11 */
    0x00, 0xa4, 0xff, 0x9f, 0x00, 0x00, 0x00, 0x00, 0x00, 0x00, 0x00, 0x6c, 0xff, 0x68, /* 行12 */
    0x00, 0x15, 0xe4, 0xff, 0xae, 0x22, 0x00, 0x00, 0x00, 0x00, 0x00, 0x6c, 0xff, 0x68, /* 行13 */
    0x00, 0x00, 0x22, 0xd2, 0xff, 0xfd, 0xd0, 0xa8, 0x9b, 0xa6, 0xc2, 0xef, 0xff, 0x68, /* 行14 */
    0x00, 0x00, 0x00, 0x03, 0x5c, 0xb0, 0xe4, 0xf8, 0xfc, 0xf1, 0xd9, 0xab, 0x71, 0x1d, /* 行15 */
};

/* 字符  72: H    */
/*
 * ████                ████░░
 * ████                ████░░
 * ████                ████░░
 * ████                ████░░
 * ████                ████░░
 * ████                ████░░
 * ████                ████░░
 * ████████████████████████░░
 * ████▓▓▓▓▓▓▓▓▓▓▓▓▓▓▓▓████░░
 * ████                ████░░
 * ████                ████░░
 * ████                ████░░
 * ████                ████░░
 * ████                ████░░
 * ████                ████░░
 * ████                ████░░
 */
static const unsigned char open_sans_22px_char_072_bitmap[] = {
    0xd8, 0xfc, 0x00, 0x00, 0x00, 0x00, 0x00, 0x00, 0x00, 0x00, 0xc0, 0xff, 0x14, /* 行 0 */
    0xd8, 0xfc, 0x00, 0x00, 0x00, 0x00, 0x00, 0x00, 0x00, 0x00, 0xc0, 0xff, 0x14, /* 行 1 */
    0xd8, 0xfc, 0x00, 0x00, 0x00, 0x00, 0x00, 0x00, 0x00, 0x00, 0xc0, 0xff, 0x14, /* 行 2 */
    0xd8, 0xfc, 0x00, 0x00, 0x00, 0x00, 0x00, 0x00, 0x00, 0x00, 0xc0, 0xff, 0x14, /* 行 3 */
    0xd8, 0xfc, 0x00, 0x00, 0x00, 0x00, 0x00, 0x00, 0x00, 0x00, 0xc0, 0xff, 0x14, /* 行 4 */
    0xd8, 0xfc, 0x00, 0x00, 0x00, 0x00, 0x00, 0x00, 0x00, 0x00, 0xc0, 0xff, 0x14, /* 行 5 */
    0xd8, 0xfc, 0x00, 0x00, 0x00, 0x00, 0x00, 0x00, 0x00, 0x00, 0xc0, 0xff, 0x14, /* 行 6 */
    0xd8, 0xff, 0xff, 0xff, 0xff, 0xff, 0xff, 0xff, 0xff, 0xff, 0xff, 0xff, 0x14, /* 行 7 */
    0xd8, 0xfe, 0xa4, 0xa4, 0xa4, 0xa4, 0xa4, 0xa4, 0xa4, 0xa4, 0xe9, 0xff, 0x14, /* 行 8 */
    0xd8, 0xfc, 0x00, 0x00, 0x00, 0x00, 0x00, 0x00, 0x00, 0x00, 0xc0, 0xff, 0x14, /* 行 9 */
    0xd8, 0xfc, 0x00, 0x00, 0x00, 0x00, 0x00, 0x00, 0x00, 0x00, 0xc0, 0xff, 0x14, /* 行10 */
    0xd8, 0xfc, 0x00, 0x00, 0x00, 0x00, 0x00, 0x00, 0x00, 0x00, 0xc0, 0xff, 0x14, /* 行11 */
    0xd8, 0xfc, 0x00, 0x00, 0x00, 0x00, 0x00, 0x00, 0x00, 0x00, 0xc0, 0xff, 0x14, /* 行12 */
    0xd8, 0xfc, 0x00, 0x00, 0x00, 0x00, 0x00, 0x00, 0x00, 0x00, 0xc0, 0xff, 0x14, /* 行13 */
    0xd8, 0xfc, 0x00, 0x00, 0x00, 0x00, 0x00, 0x00, 0x00, 0x00, 0xc0, 0xff, 0x14, /* 行14 */
    0xd8, 0xfc, 0x00, 0x00, 0x00, 0x00, 0x00, 0x00, 0x00, 0x00, 0xc0, 0xff, 0x14, /* 行15 */
};

/* 字符  73: I    */
/*
 * ████
 * ████
 * ████
 * ████
 * ████
 * ████
 * ████
 * ████
 * ████
 * ████
 * ████
 * ████
 * ████
 * ████
 * ████
 * ████
 */
static const unsigned char open_sans_22px_char_073_bitmap[] = {
    0xd8, 0xfc, /* 行 0 */
    0xd8, 0xfc, /* 行 1 */
    0xd8, 0xfc, /* 行 2 */
    0xd8, 0xfc, /* 行 3 */
    0xd8, 0xfc, /* 行 4 */
    0xd8, 0xfc, /* 行 5 */
    0xd8, 0xfc, /* 行 6 */
    0xd8, 0xfc, /* 行 7 */
    0xd8, 0xfc, /* 行 8 */
    0xd8, 0xfc, /* 行 9 */
    0xd8, 0xfc, /* 行10 */
    0xd8, 0xfc, /* 行11 */
    0xd8, 0xfc, /* 行12 */
    0xd8, 0xfc, /* 行13 */
    0xd8, 0xfc, /* 行14 */
    0xd8, 0xfc, /* 行15 */
};

/* 字符  74: J    */
/*
 *         ████
 *         ████
 *         ████
 *         ████
 *         ████
 *         ████
 *         ████
 *         ████
 *         ████
 *         ████
 *         ████
 *         ████
 *         ████
 *         ████
 *         ████
 *         ████
 *       ░░████
 *       ▒▒██▓▓
 * ▓▓▓▓██████░░
 * ▓▓████▓▓░░  
 */
static const unsigned char open_sans_22px_char_074_bitmap[] = {
    0x00, 0x00, 0x00, 0x00, 0xf4, 0xe0, /* 行 0 */
    0x00, 0x00, 0x00, 0x00, 0xf4, 0xe0, /* 行 1 */
    0x00, 0x00, 0x00, 0x00, 0xf4, 0xe0, /* 行 2 */
    0x00, 0x00, 0x00, 0x00, 0xf4, 0xe0, /* 行 3 */
    0x00, 0x00, 0x00, 0x00, 0xf4, 0xe0, /* 行 4 */
    0x00, 0x00, 0x00, 0x00, 0xf4, 0xe0, /* 行 5 */
    0x00, 0x00, 0x00, 0x00, 0xf4, 0xe0, /* 行 6 */
    0x00, 0x00, 0x00, 0x00, 0xf4, 0xe0, /* 行 7 */
    0x00, 0x00, 0x00, 0x00, 0xf4, 0xe0, /* 行 8 */
    0x00, 0x00, 0x00, 0x00, 0xf4, 0xe0, /* 行 9 */
    0x00, 0x00, 0x00, 0x00, 0xf4, 0xe0, /* 行10 */
    0x00, 0x00, 0x00, 0x00, 0xf4, 0xe0, /* 行11 */
    0x00, 0x00, 0x00, 0x00, 0xf4, 0xe0, /* 行12 */
    0x00, 0x00, 0x00, 0x00, 0xf4, 0xe0, /* 行13 */
    0x00, 0x00, 0x00, 0x00, 0xf4, 0xe0, /* 行14 */
    0x00, 0x00, 0x00, 0x00, 0xf4, 0xdf, /* 行15 */
    0x00, 0x00, 0x00, 0x0b, 0xff, 0xce, /* 行16 */
    0x00, 0x00, 0x00, 0x6f, 0xff, 0x97, /* 行17 */
    0x94, 0xb1, 0xc1, 0xff, 0xf4, 0x25, /* 行18 */
    0x96, 0xf8, 0xf2, 0xb8, 0x32, 0x00, /* 行19 */
};

/* 字符  75: K    */
/*
 * ████            ▒▒████░░
 * ████          ▒▒████░░  
 * ████        ░░████░░    
 * ████      ░░████░░      
 * ████    ░░████░░        
 * ████  ░░████▒▒          
 * ████░░▓▓██▒▒            
 * ████▓▓████▒▒            
 * ██████▓▓████░░          
 * ████▒▒  ▒▒████░░        
 * ████    ░░▓▓██▓▓        
 * ████      ░░████▒▒      
 * ████        ░░████░░    
 * ████          ▓▓██▓▓    
 * ████          ░░████▒▒  
 * ████            ░░████░░
 */
static const unsigned char open_sans_22px_char_075_bitmap[] = {
    0xd8, 0xfc, 0x00, 0x00, 0x00, 0x00, 0x00, 0x00, 0x58, 0xfe, 0xc5, 0x09, /* 行 0 */
    0xd8, 0xfc, 0x00, 0x00, 0x00, 0x00, 0x00, 0x43, 0xf9, 0xd5, 0x11, 0x00, /* 行 1 */
    0xd8, 0xfc, 0x00, 0x00, 0x00, 0x00, 0x30, 0xf1, 0xe2, 0x1c, 0x00, 0x00, /* 行 2 */
    0xd8, 0xfc, 0x00, 0x00, 0x00, 0x21, 0xe7, 0xed, 0x29, 0x00, 0x00, 0x00, /* 行 3 */
    0xd8, 0xfc, 0x00, 0x00, 0x14, 0xd9, 0xf5, 0x38, 0x00, 0x00, 0x00, 0x00, /* 行 4 */
    0xd8, 0xfc, 0x00, 0x0a, 0xc8, 0xfb, 0x4a, 0x00, 0x00, 0x00, 0x00, 0x00, /* 行 5 */
    0xd8, 0xfc, 0x04, 0xb5, 0xff, 0x5e, 0x00, 0x00, 0x00, 0x00, 0x00, 0x00, /* 行 6 */
    0xd8, 0xfc, 0x9e, 0xff, 0xff, 0x58, 0x00, 0x00, 0x00, 0x00, 0x00, 0x00, /* 行 7 */
    0xd8, 0xff, 0xfa, 0x81, 0xf9, 0xf0, 0x21, 0x00, 0x00, 0x00, 0x00, 0x00, /* 行 8 */
    0xd8, 0xfe, 0x46, 0x00, 0x72, 0xff, 0xc7, 0x04, 0x00, 0x00, 0x00, 0x00, /* 行 9 */
    0xd8, 0xfc, 0x00, 0x00, 0x01, 0xb4, 0xff, 0x84, 0x00, 0x00, 0x00, 0x00, /* 行10 */
    0xd8, 0xfc, 0x00, 0x00, 0x00, 0x14, 0xe4, 0xfd, 0x40, 0x00, 0x00, 0x00, /* 行11 */
    0xd8, 0xfc, 0x00, 0x00, 0x00, 0x00, 0x3f, 0xfc, 0xe4, 0x13, 0x00, 0x00, /* 行12 */
    0xd8, 0xfc, 0x00, 0x00, 0x00, 0x00, 0x00, 0x80, 0xff, 0xb0, 0x00, 0x00, /* 行13 */
    0xd8, 0xfc, 0x00, 0x00, 0x00, 0x00, 0x00, 0x02, 0xc0, 0xff, 0x69, 0x00, /* 行14 */
    0xd8, 0xfc, 0x00, 0x00, 0x00, 0x00, 0x00, 0x00, 0x1b, 0xeb, 0xf6, 0x2c, /* 行15 */
};

/* 字符  76: L    */
/*
 * ████              
 * ████              
 * ████              
 * ████              
 * ████              
 * ████              
 * ████              
 * ████              
 * ████              
 * ████              
 * ████              
 * ████              
 * ████              
 * ████              
 * ████▓▓▓▓▓▓▓▓▓▓▓▓▓▓
 * ██████████████████
 */
static const unsigned char open_sans_22px_char_076_bitmap[] = {
    0xd8, 0xfc, 0x00, 0x00, 0x00, 0x00, 0x00, 0x00, 0x00, /* 行 0 */
    0xd8, 0xfc, 0x00, 0x00, 0x00, 0x00, 0x00, 0x00, 0x00, /* 行 1 */
    0xd8, 0xfc, 0x00, 0x00, 0x00, 0x00, 0x00, 0x00, 0x00, /* 行 2 */
    0xd8, 0xfc, 0x00, 0x00, 0x00, 0x00, 0x00, 0x00, 0x00, /* 行 3 */
    0xd8, 0xfc, 0x00, 0x00, 0x00, 0x00, 0x00, 0x00, 0x00, /* 行 4 */
    0xd8, 0xfc, 0x00, 0x00, 0x00, 0x00, 0x00, 0x00, 0x00, /* 行 5 */
    0xd8, 0xfc, 0x00, 0x00, 0x00, 0x00, 0x00, 0x00, 0x00, /* 行 6 */
    0xd8, 0xfc, 0x00, 0x00, 0x00, 0x00, 0x00, 0x00, 0x00, /* 行 7 */
    0xd8, 0xfc, 0x00, 0x00, 0x00, 0x00, 0x00, 0x00, 0x00, /* 行 8 */
    0xd8, 0xfc, 0x00, 0x00, 0x00, 0x00, 0x00, 0x00, 0x00, /* 行 9 */
    0xd8, 0xfc, 0x00, 0x00, 0x00, 0x00, 0x00, 0x00, 0x00, /* 行10 */
    0xd8, 0xfc, 0x00, 0x00, 0x00, 0x00, 0x00, 0x00, 0x00, /* 行11 */
    0xd8, 0xfc, 0x00, 0x00, 0x00, 0x00, 0x00, 0x00, 0x00, /* 行12 */
    0xd8, 0xfc, 0x00, 0x00, 0x00, 0x00, 0x00, 0x00, 0x00, /* 行13 */
    0xd8, 0xfe, 0xa8, 0xa8, 0xa8, 0xa8, 0xa8, 0xa8, 0x9a, /* 行14 */
    0xd8, 0xff, 0xff, 0xff, 0xff, 0xff, 0xff, 0xff, 0xec, /* 行15 */
};

/* 字符  77: M    */
/*
 * ██████░░                ░░████▓▓
 * ██████▒▒                ▓▓████▓▓
 * ████████              ░░██▓▓██▓▓
 * ████▓▓██░░            ▒▒██▒▒██▓▓
 * ████░░██▓▓            ▓▓██░░██▓▓
 * ████  ████░░        ░░██▓▓░░██▓▓
 * ████  ▒▒██▒▒        ▒▒██░░░░██▓▓
 * ████  ░░██▓▓        ████  ░░██▓▓
 * ████    ▓▓██░░    ░░██▒▒  ░░██▓▓
 * ████    ▒▒██▒▒    ▓▓██░░  ░░██▓▓
 * ████    ░░████  ░░██▓▓    ░░██▓▓
 * ████      ▓▓██░░▒▒██▒▒    ░░██▓▓
 * ████      ░░██▓▓████░░    ░░██▓▓
 * ████        ██████▓▓      ░░██▓▓
 * ████        ▒▒████░░      ░░██▓▓
 * ████        ░░████        ░░██▓▓
 */
static const unsigned char open_sans_22px_char_077_bitmap[] = {
    0xd8, 0xff, 0xfc, 0x1b, 0x00, 0x00, 0x00, 0x00, 0x00, 0x00, 0x00, 0x00, 0x35, 0xff, 0xff, 0xb8, /* 行 0 */
    0xd8, 0xfa, 0xff, 0x78, 0x00, 0x00, 0x00, 0x00, 0x00, 0x00, 0x00, 0x00, 0x96, 0xfc, 0xfe, 0xb8, /* 行 1 */
    0xd8, 0xc5, 0xee, 0xd7, 0x00, 0x00, 0x00, 0x00, 0x00, 0x00, 0x00, 0x08, 0xef, 0xb5, 0xfe, 0xb8, /* 行 2 */
    0xd8, 0xcb, 0x96, 0xff, 0x39, 0x00, 0x00, 0x00, 0x00, 0x00, 0x00, 0x58, 0xff, 0x60, 0xff, 0xb8, /* 行 3 */
    0xd8, 0xd2, 0x36, 0xff, 0x99, 0x00, 0x00, 0x00, 0x00, 0x00, 0x00, 0xba, 0xeb, 0x1c, 0xff, 0xb8, /* 行 4 */
    0xd8, 0xd6, 0x00, 0xd5, 0xf0, 0x09, 0x00, 0x00, 0x00, 0x00, 0x1d, 0xfd, 0x90, 0x1a, 0xff, 0xb8, /* 行 5 */
    0xd8, 0xd8, 0x00, 0x76, 0xff, 0x5a, 0x00, 0x00, 0x00, 0x00, 0x7c, 0xff, 0x2f, 0x1c, 0xff, 0xb8, /* 行 6 */
    0xd8, 0xd8, 0x00, 0x19, 0xfc, 0xba, 0x00, 0x00, 0x00, 0x00, 0xdc, 0xcd, 0x00, 0x1c, 0xff, 0xb8, /* 行 7 */
    0xd8, 0xd8, 0x00, 0x00, 0xb5, 0xfd, 0x1d, 0x00, 0x00, 0x3f, 0xff, 0x6c, 0x00, 0x1c, 0xff, 0xb8, /* 行 8 */
    0xd8, 0xd8, 0x00, 0x00, 0x55, 0xff, 0x7b, 0x00, 0x00, 0xa0, 0xf9, 0x12, 0x00, 0x1c, 0xff, 0xb8, /* 行 9 */
    0xd8, 0xd8, 0x00, 0x00, 0x07, 0xed, 0xda, 0x00, 0x0c, 0xf4, 0xaa, 0x00, 0x00, 0x1c, 0xff, 0xb8, /* 行10 */
    0xd8, 0xd8, 0x00, 0x00, 0x00, 0x95, 0xff, 0x3b, 0x62, 0xff, 0x49, 0x00, 0x00, 0x1c, 0xff, 0xb8, /* 行11 */
    0xd8, 0xd8, 0x00, 0x00, 0x00, 0x35, 0xff, 0x9c, 0xc4, 0xe4, 0x03, 0x00, 0x00, 0x1c, 0xff, 0xb8, /* 行12 */
    0xd8, 0xd8, 0x00, 0x00, 0x00, 0x00, 0xd4, 0xf7, 0xff, 0x86, 0x00, 0x00, 0x00, 0x1c, 0xff, 0xb8, /* 行13 */
    0xd8, 0xd8, 0x00, 0x00, 0x00, 0x00, 0x75, 0xff, 0xff, 0x26, 0x00, 0x00, 0x00, 0x1c, 0xff, 0xb8, /* 行14 */
    0xd8, 0xd8, 0x00, 0x00, 0x00, 0x00, 0x18, 0xfb, 0xc4, 0x00, 0x00, 0x00, 0x00, 0x1c, 0xff, 0xb8, /* 行15 */
};

/* 字符  78: N    */
/*
 * ████▓▓              ▒▒██▒▒
 * ██████░░            ▒▒██▒▒
 * ████████░░          ▒▒██▒▒
 * ██▓▓▓▓██▒▒          ▒▒██▒▒
 * ████░░████░░        ▒▒██▒▒
 * ████  ▒▒██▓▓        ▒▒██▒▒
 * ████    ▓▓██▒▒      ▒▒██▒▒
 * ████    ░░████░░    ▒▒██▒▒
 * ████      ▒▒██▓▓    ▒▒██▒▒
 * ████      ░░████▒▒  ▒▒██▒▒
 * ████        ░░████░░▒▒██▒▒
 * ████          ▓▓██▓▓░░██▒▒
 * ████          ░░████▒▒██▒▒
 * ████            ▒▒██████▒▒
 * ████              ▓▓████▒▒
 * ████              ░░████▒▒
 */
static const unsigned char open_sans_22px_char_078_bitmap[] = {
    0xd8, 0xff, 0x89, 0x00, 0x00, 0x00, 0x00, 0x00, 0x00, 0x00, 0x48, 0xff, 0x6c, /* 行 0 */
    0xd8, 0xff, 0xfb, 0x31, 0x00, 0x00, 0x00, 0x00, 0x00, 0x00, 0x48, 0xff, 0x6c, /* 行 1 */
    0xd8, 0xe8, 0xff, 0xcd, 0x03, 0x00, 0x00, 0x00, 0x00, 0x00, 0x48, 0xff, 0x6c, /* 行 2 */
    0xd8, 0xb9, 0xa5, 0xff, 0x75, 0x00, 0x00, 0x00, 0x00, 0x00, 0x48, 0xff, 0x6c, /* 行 3 */
    0xd8, 0xc7, 0x15, 0xec, 0xf6, 0x22, 0x00, 0x00, 0x00, 0x00, 0x48, 0xff, 0x6c, /* 行 4 */
    0xd8, 0xd0, 0x00, 0x5e, 0xff, 0xbc, 0x00, 0x00, 0x00, 0x00, 0x48, 0xff, 0x6c, /* 行 5 */
    0xd8, 0xd5, 0x00, 0x00, 0xba, 0xff, 0x61, 0x00, 0x00, 0x00, 0x48, 0xff, 0x6c, /* 行 6 */
    0xd8, 0xd8, 0x00, 0x00, 0x21, 0xf5, 0xed, 0x17, 0x00, 0x00, 0x48, 0xff, 0x6c, /* 行 7 */
    0xd8, 0xd8, 0x00, 0x00, 0x00, 0x73, 0xff, 0xa8, 0x00, 0x00, 0x48, 0xff, 0x6c, /* 行 8 */
    0xd8, 0xd8, 0x00, 0x00, 0x00, 0x03, 0xcc, 0xff, 0x4c, 0x00, 0x48, 0xff, 0x6c, /* 行 9 */
    0xd8, 0xd8, 0x00, 0x00, 0x00, 0x00, 0x30, 0xfb, 0xe2, 0x0d, 0x43, 0xff, 0x6c, /* 行10 */
    0xd8, 0xd8, 0x00, 0x00, 0x00, 0x00, 0x00, 0x89, 0xff, 0x94, 0x3b, 0xff, 0x6c, /* 行11 */
    0xd8, 0xd8, 0x00, 0x00, 0x00, 0x00, 0x00, 0x09, 0xdb, 0xfd, 0x68, 0xff, 0x6c, /* 行12 */
    0xd8, 0xd8, 0x00, 0x00, 0x00, 0x00, 0x00, 0x00, 0x42, 0xff, 0xec, 0xff, 0x6c, /* 行13 */
    0xd8, 0xd8, 0x00, 0x00, 0x00, 0x00, 0x00, 0x00, 0x00, 0x9e, 0xff, 0xff, 0x6c, /* 行14 */
    0xd8, 0xd8, 0x00, 0x00, 0x00, 0x00, 0x00, 0x00, 0x00, 0x11, 0xe8, 0xff, 0x6c, /* 行15 */
};

/* 字符  79: O    */
/*
 *       ░░▒▒▓▓████████▒▒░░      
 *     ░░██████▓▓▓▓▓▓██████▒▒    
 *   ░░████▓▓░░      ░░▒▒████░░  
 *   ▓▓██▓▓              ▒▒████  
 * ░░████░░                ████░░
 * ▒▒██▓▓                  ▒▒██▓▓
 * ▓▓██▒▒                  ░░██▓▓
 * ▓▓██▒▒                  ░░████
 * ▓▓██▒▒                  ░░████
 * ▓▓██▒▒                  ░░██▓▓
 * ▒▒██▓▓                  ▒▒██▓▓
 * ░░████░░                ████░░
 *   ▓▓██▒▒              ▒▒████  
 *   ░░████▒▒░░        ▒▒████░░  
 *     ░░██████▓▓▓▓▓▓██████░░    
 *       ░░▒▒▓▓████████▒▒░░      
 */
static const unsigned char open_sans_22px_char_079_bitmap[] = {
    0x00, 0x00, 0x00, 0x09, 0x6f, 0xbd, 0xe8, 0xfa, 0xec, 0xc7, 0x7c, 0x10, 0x00, 0x00, 0x00, /* 行 0 */
    0x00, 0x00, 0x30, 0xe2, 0xff, 0xf6, 0xbf, 0xa9, 0xb8, 0xec, 0xff, 0xec, 0x40, 0x00, 0x00, /* 行 1 */
    0x00, 0x1f, 0xef, 0xff, 0x87, 0x0b, 0x00, 0x00, 0x00, 0x03, 0x67, 0xf8, 0xf8, 0x2f, 0x00, /* 行 2 */
    0x00, 0xb2, 0xff, 0x80, 0x00, 0x00, 0x00, 0x00, 0x00, 0x00, 0x00, 0x55, 0xff, 0xcd, 0x00, /* 行 3 */
    0x21, 0xfe, 0xe6, 0x05, 0x00, 0x00, 0x00, 0x00, 0x00, 0x00, 0x00, 0x00, 0xc4, 0xff, 0x3c, /* 行 4 */
    0x63, 0xff, 0x93, 0x00, 0x00, 0x00, 0x00, 0x00, 0x00, 0x00, 0x00, 0x00, 0x6e, 0xff, 0x82, /* 行 5 */
    0x8e, 0xff, 0x62, 0x00, 0x00, 0x00, 0x00, 0x00, 0x00, 0x00, 0x00, 0x00, 0x3f, 0xff, 0xb0, /* 行 6 */
    0xa0, 0xff, 0x4f, 0x00, 0x00, 0x00, 0x00, 0x00, 0x00, 0x00, 0x00, 0x00, 0x2c, 0xff, 0xc3, /* 行 7 */
    0x9f, 0xff, 0x4e, 0x00, 0x00, 0x00, 0x00, 0x00, 0x00, 0x00, 0x00, 0x00, 0x2c, 0xff, 0xc2, /* 行 8 */
    0x8d, 0xff, 0x62, 0x00, 0x00, 0x00, 0x00, 0x00, 0x00, 0x00, 0x00, 0x00, 0x3f, 0xff, 0xb0, /* 行 9 */
    0x61, 0xff, 0x92, 0x00, 0x00, 0x00, 0x00, 0x00, 0x00, 0x00, 0x00, 0x00, 0x6d, 0xff, 0x81, /* 行10 */
    0x20, 0xfe, 0xe3, 0x03, 0x00, 0x00, 0x00, 0x00, 0x00, 0x00, 0x00, 0x00, 0xc0, 0xff, 0x3b, /* 行11 */
    0x00, 0xb2, 0xff, 0x76, 0x00, 0x00, 0x00, 0x00, 0x00, 0x00, 0x00, 0x4c, 0xff, 0xca, 0x00, /* 行12 */
    0x00, 0x20, 0xf0, 0xfe, 0x7a, 0x06, 0x00, 0x00, 0x00, 0x00, 0x5a, 0xf4, 0xf7, 0x2d, 0x00, /* 行13 */
    0x00, 0x00, 0x33, 0xe5, 0xff, 0xee, 0xb2, 0x9d, 0xab, 0xe3, 0xff, 0xeb, 0x3d, 0x00, 0x00, /* 行14 */
    0x00, 0x00, 0x00, 0x0a, 0x71, 0xbf, 0xeb, 0xfb, 0xed, 0xc7, 0x7a, 0x0f, 0x00, 0x00, 0x00, /* 行15 */
};

/* 字符  80: P    */
/*
 * ██████████████▒▒░░    
 * ████▓▓▓▓▓▓▓▓██████░░  
 * ████        ░░▓▓██▓▓  
 * ████          ░░████░░
 * ████            ████░░
 * ████            ████░░
 * ████          ░░████  
 * ████    ░░░░▒▒████░░  
 * ████████████████░░    
 * ████▓▓▓▓▓▓▒▒░░░░      
 * ████                  
 * ████                  
 * ████                  
 * ████                  
 * ████                  
 * ████                  
 */
static const unsigned char open_sans_22px_char_080_bitmap[] = {
    0xd8, 0xff, 0xff, 0xff, 0xfb, 0xeb, 0xc3, 0x75, 0x0c, 0x00, 0x00, /* 行 0 */
    0xd8, 0xfe, 0x94, 0x94, 0x9a, 0xb4, 0xf1, 0xff, 0xde, 0x1d, 0x00, /* 行 1 */
    0xd8, 0xfc, 0x00, 0x00, 0x00, 0x00, 0x0b, 0xa4, 0xff, 0xad, 0x00, /* 行 2 */
    0xd8, 0xfc, 0x00, 0x00, 0x00, 0x00, 0x00, 0x09, 0xf1, 0xf9, 0x06, /* 行 3 */
    0xd8, 0xfc, 0x00, 0x00, 0x00, 0x00, 0x00, 0x00, 0xca, 0xff, 0x19, /* 行 4 */
    0xd8, 0xfc, 0x00, 0x00, 0x00, 0x00, 0x00, 0x00, 0xdc, 0xfe, 0x09, /* 行 5 */
    0xd8, 0xfc, 0x00, 0x00, 0x00, 0x00, 0x00, 0x3e, 0xff, 0xc4, 0x00, /* 行 6 */
    0xd8, 0xfc, 0x00, 0x00, 0x09, 0x2a, 0x75, 0xf0, 0xf8, 0x3a, 0x00, /* 行 7 */
    0xd8, 0xff, 0xff, 0xff, 0xff, 0xff, 0xff, 0xd9, 0x3f, 0x00, 0x00, /* 行 8 */
    0xd8, 0xfe, 0x90, 0x8f, 0x87, 0x6f, 0x39, 0x01, 0x00, 0x00, 0x00, /* 行 9 */
    0xd8, 0xfc, 0x00, 0x00, 0x00, 0x00, 0x00, 0x00, 0x00, 0x00, 0x00, /* 行10 */
    0xd8, 0xfc, 0x00, 0x00, 0x00, 0x00, 0x00, 0x00, 0x00, 0x00, 0x00, /* 行11 */
    0xd8, 0xfc, 0x00, 0x00, 0x00, 0x00, 0x00, 0x00, 0x00, 0x00, 0x00, /* 行12 */
    0xd8, 0xfc, 0x00, 0x00, 0x00, 0x00, 0x00, 0x00, 0x00, 0x00, 0x00, /* 行13 */
    0xd8, 0xfc, 0x00, 0x00, 0x00, 0x00, 0x00, 0x00, 0x00, 0x00, 0x00, /* 行14 */
    0xd8, 0xfc, 0x00, 0x00, 0x00, 0x00, 0x00, 0x00, 0x00, 0x00, 0x00, /* 行15 */
};

/* 字符  81: Q    */
/*
 *       ░░▒▒▓▓████████▒▒░░      
 *     ░░██████▓▓▓▓▓▓██████▒▒    
 *   ░░████▓▓░░      ░░▒▒████░░  
 *   ▓▓██▓▓              ▒▒████  
 * ░░████░░                ████░░
 * ▒▒██▓▓                  ▒▒██▓▓
 * ▓▓██▒▒                  ░░██▓▓
 * ▓▓██▒▒                  ░░████
 * ▓▓██▒▒                  ░░████
 * ▓▓██▒▒                  ░░██▓▓
 * ▒▒██▓▓                  ▒▒██▓▓
 * ░░████░░                ████░░
 *   ▓▓██▒▒              ▒▒████░░
 *   ░░████▒▒░░        ▒▒████░░  
 *     ░░██████▓▓▓▓▓▓██████▒▒    
 *       ░░▒▒▓▓████████▓▓░░      
 *                 ▒▒████░░      
 *                   ▓▓██▓▓░░    
 *                   ░░████▓▓    
 *                     ░░████▒▒  
 */
static const unsigned char open_sans_22px_char_081_bitmap[] = {
    0x00, 0x00, 0x00, 0x09, 0x6f, 0xbd, 0xe8, 0xfa, 0xec, 0xc7, 0x7c, 0x10, 0x00, 0x00, 0x00, /* 行 0 */
    0x00, 0x00, 0x30, 0xe2, 0xff, 0xf6, 0xbf, 0xa9, 0xb8, 0xec, 0xff, 0xec, 0x40, 0x00, 0x00, /* 行 1 */
    0x00, 0x1f, 0xef, 0xff, 0x87, 0x0b, 0x00, 0x00, 0x00, 0x03, 0x67, 0xf8, 0xf8, 0x2f, 0x00, /* 行 2 */
    0x00, 0xb2, 0xff, 0x80, 0x00, 0x00, 0x00, 0x00, 0x00, 0x00, 0x00, 0x55, 0xff, 0xcd, 0x00, /* 行 3 */
    0x21, 0xfe, 0xe6, 0x05, 0x00, 0x00, 0x00, 0x00, 0x00, 0x00, 0x00, 0x00, 0xc4, 0xff, 0x3c, /* 行 4 */
    0x63, 0xff, 0x93, 0x00, 0x00, 0x00, 0x00, 0x00, 0x00, 0x00, 0x00, 0x00, 0x6e, 0xff, 0x82, /* 行 5 */
    0x8e, 0xff, 0x62, 0x00, 0x00, 0x00, 0x00, 0x00, 0x00, 0x00, 0x00, 0x00, 0x3f, 0xff, 0xb0, /* 行 6 */
    0xa0, 0xff, 0x4f, 0x00, 0x00, 0x00, 0x00, 0x00, 0x00, 0x00, 0x00, 0x00, 0x2c, 0xff, 0xc3, /* 行 7 */
    0x9f, 0xff, 0x4e, 0x00, 0x00, 0x00, 0x00, 0x00, 0x00, 0x00, 0x00, 0x00, 0x2c, 0xff, 0xc4, /* 行 8 */
    0x8d, 0xff, 0x62, 0x00, 0x00, 0x00, 0x00, 0x00, 0x00, 0x00, 0x00, 0x00, 0x3f, 0xff, 0xb1, /* 行 9 */
    0x61, 0xff, 0x92, 0x00, 0x00, 0x00, 0x00, 0x00, 0x00, 0x00, 0x00, 0x00, 0x6d, 0xff, 0x86, /* 行10 */
    0x20, 0xfe, 0xe3, 0x03, 0x00, 0x00, 0x00, 0x00, 0x00, 0x00, 0x00, 0x00, 0xc0, 0xff, 0x3d, /* 行11 */
    0x00, 0xb2, 0xff, 0x76, 0x00, 0x00, 0x00, 0x00, 0x00, 0x00, 0x00, 0x4c, 0xff, 0xcf, 0x01, /* 行12 */
    0x00, 0x20, 0xf0, 0xfe, 0x7a, 0x06, 0x00, 0x00, 0x00, 0x00, 0x5a, 0xf4, 0xf9, 0x35, 0x00, /* 行13 */
    0x00, 0x00, 0x33, 0xe5, 0xff, 0xee, 0xb2, 0x9d, 0xab, 0xe3, 0xff, 0xed, 0x48, 0x00, 0x00, /* 行14 */
    0x00, 0x00, 0x00, 0x0b, 0x71, 0xbf, 0xeb, 0xfb, 0xfe, 0xff, 0x9b, 0x15, 0x00, 0x00, 0x00, /* 行15 */
    0x00, 0x00, 0x00, 0x00, 0x00, 0x00, 0x00, 0x00, 0x6d, 0xff, 0xd4, 0x0f, 0x00, 0x00, 0x00, /* 行16 */
    0x00, 0x00, 0x00, 0x00, 0x00, 0x00, 0x00, 0x00, 0x00, 0xaa, 0xff, 0xbb, 0x04, 0x00, 0x00, /* 行17 */
    0x00, 0x00, 0x00, 0x00, 0x00, 0x00, 0x00, 0x00, 0x00, 0x0d, 0xda, 0xff, 0x9a, 0x00, 0x00, /* 行18 */
    0x00, 0x00, 0x00, 0x00, 0x00, 0x00, 0x00, 0x00, 0x00, 0x00, 0x2e, 0xf6, 0xff, 0x76, 0x00, /* 行19 */
};

/* 字符  82: R    */
/*
 * ██████████████▓▓░░      
 * ████▓▓▓▓▓▓▓▓██████░░    
 * ████        ░░▓▓██▓▓    
 * ████          ░░████░░  
 * ████            ████░░  
 * ████            ████░░  
 * ████          ░░██▓▓    
 * ████    ░░░░▒▒████░░    
 * ████████████████░░      
 * ████▓▓▓▓▓▓████░░        
 * ████      ░░████░░      
 * ████        ▓▓██▒▒      
 * ████        ░░████░░    
 * ████          ▒▒██▓▓    
 * ████          ░░████▒▒  
 * ████            ░░████░░
 */
static const unsigned char open_sans_22px_char_082_bitmap[] = {
    0xd8, 0xff, 0xff, 0xff, 0xfd, 0xf0, 0xcc, 0x83, 0x13, 0x00, 0x00, 0x00, /* 行 0 */
    0xd8, 0xfe, 0x98, 0x98, 0x9a, 0xae, 0xe6, 0xff, 0xe6, 0x22, 0x00, 0x00, /* 行 1 */
    0xd8, 0xfc, 0x00, 0x00, 0x00, 0x00, 0x04, 0x99, 0xff, 0xb2, 0x00, 0x00, /* 行 2 */
    0xd8, 0xfc, 0x00, 0x00, 0x00, 0x00, 0x00, 0x07, 0xf5, 0xf9, 0x06, 0x00, /* 行 3 */
    0xd8, 0xfc, 0x00, 0x00, 0x00, 0x00, 0x00, 0x00, 0xd0, 0xff, 0x19, 0x00, /* 行 4 */
    0xd8, 0xfc, 0x00, 0x00, 0x00, 0x00, 0x00, 0x00, 0xe4, 0xfc, 0x05, 0x00, /* 行 5 */
    0xd8, 0xfc, 0x00, 0x00, 0x00, 0x00, 0x00, 0x3a, 0xff, 0xbf, 0x00, 0x00, /* 行 6 */
    0xd8, 0xfc, 0x00, 0x00, 0x01, 0x15, 0x57, 0xe3, 0xf3, 0x34, 0x00, 0x00, /* 行 7 */
    0xd8, 0xff, 0xff, 0xff, 0xff, 0xff, 0xff, 0xc1, 0x32, 0x00, 0x00, 0x00, /* 行 8 */
    0xd8, 0xfe, 0x90, 0x90, 0x90, 0xd3, 0xff, 0x3d, 0x00, 0x00, 0x00, 0x00, /* 行 9 */
    0xd8, 0xfc, 0x00, 0x00, 0x00, 0x31, 0xfd, 0xd4, 0x05, 0x00, 0x00, 0x00, /* 行10 */
    0xd8, 0xfc, 0x00, 0x00, 0x00, 0x00, 0x97, 0xff, 0x76, 0x00, 0x00, 0x00, /* 行11 */
    0xd8, 0xfc, 0x00, 0x00, 0x00, 0x00, 0x13, 0xed, 0xf4, 0x1e, 0x00, 0x00, /* 行12 */
    0xd8, 0xfc, 0x00, 0x00, 0x00, 0x00, 0x00, 0x69, 0xff, 0xaf, 0x00, 0x00, /* 行13 */
    0xd8, 0xfc, 0x00, 0x00, 0x00, 0x00, 0x00, 0x02, 0xcf, 0xff, 0x4c, 0x00, /* 行14 */
    0xd8, 0xfc, 0x00, 0x00, 0x00, 0x00, 0x00, 0x00, 0x3c, 0xff, 0xdf, 0x09, /* 行15 */
};

/* 字符  83: S    */
/*
 *   ░░▒▒██████████▒▒░░  
 * ░░▓▓████▓▓▓▓██████▒▒  
 * ▒▒████░░      ░░▒▒░░  
 * ▓▓██▒▒                
 * ▓▓██▒▒                
 * ▒▒██▓▓░░              
 * ░░██████▒▒░░          
 *   ░░▓▓██████▓▓░░      
 *       ░░▓▓██████▒▒    
 *           ░░▒▒████▒▒  
 *               ░░████  
 *                 ████  
 *               ░░████  
 * ▒▒░░        ░░▓▓██▓▓  
 * ██████▓▓▓▓▓▓██████░░  
 * ▒▒▓▓██████████▒▒░░    
 */
static const unsigned char open_sans_22px_char_083_bitmap[] = {
    0x00, 0x03, 0x66, 0xc4, 0xf1, 0xf9, 0xe2, 0xc4, 0x7d, 0x24, 0x00, /* 行 0 */
    0x03, 0xb5, 0xff, 0xf3, 0xbc, 0xac, 0xc7, 0xf0, 0xff, 0x65, 0x00, /* 行 1 */
    0x5e, 0xff, 0xc4, 0x11, 0x00, 0x00, 0x00, 0x05, 0x46, 0x10, 0x00, /* 行 2 */
    0x9d, 0xff, 0x47, 0x00, 0x00, 0x00, 0x00, 0x00, 0x00, 0x00, 0x00, /* 行 3 */
    0x92, 0xff, 0x41, 0x00, 0x00, 0x00, 0x00, 0x00, 0x00, 0x00, 0x00, /* 行 4 */
    0x5c, 0xff, 0xad, 0x03, 0x00, 0x00, 0x00, 0x00, 0x00, 0x00, 0x00, /* 行 5 */
    0x03, 0xcd, 0xff, 0xc8, 0x4a, 0x02, 0x00, 0x00, 0x00, 0x00, 0x00, /* 行 6 */
    0x00, 0x12, 0xa8, 0xff, 0xff, 0xe3, 0x81, 0x17, 0x00, 0x00, 0x00, /* 行 7 */
    0x00, 0x00, 0x00, 0x2e, 0x94, 0xee, 0xff, 0xf5, 0x6d, 0x00, 0x00, /* 行 8 */
    0x00, 0x00, 0x00, 0x00, 0x00, 0x08, 0x6b, 0xf0, 0xff, 0x5a, 0x00, /* 行 9 */
    0x00, 0x00, 0x00, 0x00, 0x00, 0x00, 0x00, 0x35, 0xfe, 0xd2, 0x00, /* 行10 */
    0x00, 0x00, 0x00, 0x00, 0x00, 0x00, 0x00, 0x00, 0xde, 0xf9, 0x00, /* 行11 */
    0x00, 0x00, 0x00, 0x00, 0x00, 0x00, 0x00, 0x04, 0xf5, 0xea, 0x00, /* 行12 */
    0x4a, 0x12, 0x00, 0x00, 0x00, 0x00, 0x08, 0x96, 0xff, 0x97, 0x00, /* 行13 */
    0xdc, 0xfc, 0xce, 0xb2, 0x9e, 0xb3, 0xea, 0xff, 0xcd, 0x11, 0x00, /* 行14 */
    0x61, 0xb7, 0xe3, 0xf8, 0xfd, 0xee, 0xc2, 0x6c, 0x06, 0x00, 0x00, /* 行15 */
};

/* 字符  84: T    */
/*
 * ████████████████████████
 * ▓▓▓▓▓▓▓▓▓▓████▓▓▓▓▓▓▓▓▓▓
 *           ████          
 *           ████          
 *           ████          
 *           ████          
 *           ████          
 *           ████          
 *           ████          
 *           ████          
 *           ████          
 *           ████          
 *           ████          
 *           ████          
 *           ████          
 *           ████          
 */
static const unsigned char open_sans_22px_char_084_bitmap[] = {
    0xd0, 0xff, 0xff, 0xff, 0xff, 0xff, 0xff, 0xff, 0xff, 0xff, 0xff, 0xf8, /* 行 0 */
    0x82, 0xa0, 0xa0, 0xa0, 0xa0, 0xef, 0xff, 0xa0, 0xa0, 0xa0, 0xa0, 0x9b, /* 行 1 */
    0x00, 0x00, 0x00, 0x00, 0x00, 0xd4, 0xff, 0x00, 0x00, 0x00, 0x00, 0x00, /* 行 2 */
    0x00, 0x00, 0x00, 0x00, 0x00, 0xd4, 0xff, 0x00, 0x00, 0x00, 0x00, 0x00, /* 行 3 */
    0x00, 0x00, 0x00, 0x00, 0x00, 0xd4, 0xff, 0x00, 0x00, 0x00, 0x00, 0x00, /* 行 4 */
    0x00, 0x00, 0x00, 0x00, 0x00, 0xd4, 0xff, 0x00, 0x00, 0x00, 0x00, 0x00, /* 行 5 */
    0x00, 0x00, 0x00, 0x00, 0x00, 0xd4, 0xff, 0x00, 0x00, 0x00, 0x00, 0x00, /* 行 6 */
    0x00, 0x00, 0x00, 0x00, 0x00, 0xd4, 0xff, 0x00, 0x00, 0x00, 0x00, 0x00, /* 行 7 */
    0x00, 0x00, 0x00, 0x00, 0x00, 0xd4, 0xff, 0x00, 0x00, 0x00, 0x00, 0x00, /* 行 8 */
    0x00, 0x00, 0x00, 0x00, 0x00, 0xd4, 0xff, 0x00, 0x00, 0x00, 0x00, 0x00, /* 行 9 */
    0x00, 0x00, 0x00, 0x00, 0x00, 0xd4, 0xff, 0x00, 0x00, 0x00, 0x00, 0x00, /* 行10 */
    0x00, 0x00, 0x00, 0x00, 0x00, 0xd4, 0xff, 0x00, 0x00, 0x00, 0x00, 0x00, /* 行11 */
    0x00, 0x00, 0x00, 0x00, 0x00, 0xd4, 0xff, 0x00, 0x00, 0x00, 0x00, 0x00, /* 行12 */
    0x00, 0x00, 0x00, 0x00, 0x00, 0xd4, 0xff, 0x00, 0x00, 0x00, 0x00, 0x00, /* 行13 */
    0x00, 0x00, 0x00, 0x00, 0x00, 0xd4, 0xff, 0x00, 0x00, 0x00, 0x00, 0x00, /* 行14 */
    0x00, 0x00, 0x00, 0x00, 0x00, 0xd4, 0xff, 0x00, 0x00, 0x00, 0x00, 0x00, /* 行15 */
};

/* 字符  85: U    */
/*
 * ████                ████░░
 * ████                ████░░
 * ████                ████░░
 * ████                ████░░
 * ████                ████░░
 * ████                ████░░
 * ████                ████░░
 * ████                ████░░
 * ████                ████░░
 * ████                ████░░
 * ████                ████░░
 * ████░░            ░░████  
 * ▓▓██▒▒            ▒▒██▓▓  
 * ░░████░░        ░░████░░  
 *   ▒▒██████▓▓▓▓██████▒▒    
 *     ░░▓▓████████▓▓░░      
 */
static const unsigned char open_sans_22px_char_085_bitmap[] = {
    0xff, 0xd4, 0x00, 0x00, 0x00, 0x00, 0x00, 0x00, 0x00, 0x00, 0xd0, 0xff, 0x04, /* 行 0 */
    0xff, 0xd4, 0x00, 0x00, 0x00, 0x00, 0x00, 0x00, 0x00, 0x00, 0xd0, 0xff, 0x04, /* 行 1 */
    0xff, 0xd4, 0x00, 0x00, 0x00, 0x00, 0x00, 0x00, 0x00, 0x00, 0xd0, 0xff, 0x04, /* 行 2 */
    0xff, 0xd4, 0x00, 0x00, 0x00, 0x00, 0x00, 0x00, 0x00, 0x00, 0xd0, 0xff, 0x04, /* 行 3 */
    0xff, 0xd4, 0x00, 0x00, 0x00, 0x00, 0x00, 0x00, 0x00, 0x00, 0xd0, 0xff, 0x04, /* 行 4 */
    0xff, 0xd4, 0x00, 0x00, 0x00, 0x00, 0x00, 0x00, 0x00, 0x00, 0xd0, 0xff, 0x04, /* 行 5 */
    0xff, 0xd4, 0x00, 0x00, 0x00, 0x00, 0x00, 0x00, 0x00, 0x00, 0xd0, 0xff, 0x04, /* 行 6 */
    0xff, 0xd4, 0x00, 0x00, 0x00, 0x00, 0x00, 0x00, 0x00, 0x00, 0xd0, 0xff, 0x04, /* 行 7 */
    0xff, 0xd4, 0x00, 0x00, 0x00, 0x00, 0x00, 0x00, 0x00, 0x00, 0xd0, 0xff, 0x04, /* 行 8 */
    0xff, 0xd4, 0x00, 0x00, 0x00, 0x00, 0x00, 0x00, 0x00, 0x00, 0xd0, 0xff, 0x04, /* 行 9 */
    0xf9, 0xd8, 0x00, 0x00, 0x00, 0x00, 0x00, 0x00, 0x00, 0x00, 0xd5, 0xfc, 0x01, /* 行10 */
    0xe0, 0xf3, 0x03, 0x00, 0x00, 0x00, 0x00, 0x00, 0x00, 0x02, 0xf1, 0xe3, 0x00, /* 行11 */
    0x9f, 0xff, 0x50, 0x00, 0x00, 0x00, 0x00, 0x00, 0x00, 0x4f, 0xff, 0x9f, 0x00, /* 行12 */
    0x2d, 0xfa, 0xe9, 0x3a, 0x00, 0x00, 0x00, 0x00, 0x38, 0xe9, 0xf8, 0x29, 0x00, /* 行13 */
    0x00, 0x5e, 0xfa, 0xff, 0xcc, 0xa1, 0xa0, 0xc9, 0xff, 0xf5, 0x52, 0x00, 0x00, /* 行14 */
    0x00, 0x00, 0x2c, 0x9c, 0xde, 0xf8, 0xf6, 0xd8, 0x93, 0x22, 0x00, 0x00, 0x00, /* 行15 */
};

/* 字符  86: V    */
/*
 * ████░░              ░░████░░
 * ▒▒██▒▒              ▒▒██▓▓  
 * ░░████              ▓▓██░░  
 *   ████░░          ░░████    
 *   ▒▒██▓▓          ▒▒██▓▓    
 *   ░░████          ████░░    
 *     ▓▓██░░      ░░████      
 *     ▒▒██▓▓      ▒▒██▒▒      
 *     ░░████░░    ████░░      
 *       ▓▓██░░  ░░██▓▓        
 *       ▒▒██▓▓  ▓▓██▒▒        
 *       ░░████░░████░░        
 *         ▓▓██▒▒██▓▓          
 *         ▒▒██████▒▒          
 *         ░░██████░░          
 *           ▓▓██▓▓            
 */
static const unsigned char open_sans_22px_char_086_bitmap[] = {
    0xd3, 0xfe, 0x1d, 0x00, 0x00, 0x00, 0x00, 0x00, 0x00, 0x00, 0x12, 0xfa, 0xe7, 0x03, /* 行 0 */
    0x7a, 0xff, 0x75, 0x00, 0x00, 0x00, 0x00, 0x00, 0x00, 0x00, 0x65, 0xff, 0x8f, 0x00, /* 行 1 */
    0x20, 0xff, 0xce, 0x00, 0x00, 0x00, 0x00, 0x00, 0x00, 0x00, 0xbe, 0xff, 0x35, 0x00, /* 行 2 */
    0x00, 0xc6, 0xff, 0x27, 0x00, 0x00, 0x00, 0x00, 0x00, 0x19, 0xfd, 0xda, 0x00, 0x00, /* 行 3 */
    0x00, 0x6c, 0xff, 0x80, 0x00, 0x00, 0x00, 0x00, 0x00, 0x70, 0xff, 0x80, 0x00, 0x00, /* 行 4 */
    0x00, 0x15, 0xfb, 0xd9, 0x00, 0x00, 0x00, 0x00, 0x00, 0xc9, 0xff, 0x26, 0x00, 0x00, /* 行 5 */
    0x00, 0x00, 0xb8, 0xff, 0x33, 0x00, 0x00, 0x00, 0x22, 0xff, 0xcb, 0x00, 0x00, 0x00, /* 行 6 */
    0x00, 0x00, 0x5e, 0xff, 0x8c, 0x00, 0x00, 0x00, 0x7b, 0xff, 0x70, 0x00, 0x00, 0x00, /* 行 7 */
    0x00, 0x00, 0x0d, 0xf6, 0xe3, 0x01, 0x00, 0x00, 0xd4, 0xfd, 0x19, 0x00, 0x00, 0x00, /* 行 8 */
    0x00, 0x00, 0x00, 0xaa, 0xff, 0x3e, 0x00, 0x2d, 0xff, 0xbb, 0x00, 0x00, 0x00, 0x00, /* 行 9 */
    0x00, 0x00, 0x00, 0x50, 0xff, 0x96, 0x00, 0x82, 0xff, 0x61, 0x00, 0x00, 0x00, 0x00, /* 行10 */
    0x00, 0x00, 0x00, 0x06, 0xee, 0xe6, 0x01, 0xcd, 0xf7, 0x0f, 0x00, 0x00, 0x00, 0x00, /* 行11 */
    0x00, 0x00, 0x00, 0x00, 0x9c, 0xff, 0x4b, 0xfe, 0xac, 0x00, 0x00, 0x00, 0x00, 0x00, /* 行12 */
    0x00, 0x00, 0x00, 0x00, 0x42, 0xff, 0xd1, 0xff, 0x51, 0x00, 0x00, 0x00, 0x00, 0x00, /* 行13 */
    0x00, 0x00, 0x00, 0x00, 0x02, 0xe5, 0xff, 0xf0, 0x07, 0x00, 0x00, 0x00, 0x00, 0x00, /* 行14 */
    0x00, 0x00, 0x00, 0x00, 0x00, 0x8d, 0xff, 0x9d, 0x00, 0x00, 0x00, 0x00, 0x00, 0x00, /* 行15 */
};

/* 字符  87: W    */
/*
 * ▓▓██▒▒          ░░████░░          ░░████░░
 * ▒▒██▓▓          ▒▒████▓▓          ▒▒██▓▓  
 * ░░████          ▓▓██████          ▓▓██▒▒  
 *   ████░░        ████▓▓██░░        ████░░  
 *   ▓▓██▒▒      ░░██▓▓▒▒██▒▒      ░░████    
 *   ▒▒██▓▓      ▒▒██▒▒░░██▓▓      ▒▒██▓▓    
 *   ░░████      ████░░  ████░░    ▓▓██▒▒    
 *     ████░░  ░░██▓▓    ▒▒██▒▒    ████░░    
 *     ▒▒██▒▒  ▒▒██▒▒    ░░██▓▓  ░░████      
 *     ░░██▓▓  ▓▓██░░      ████░░▒▒██▓▓      
 *     ░░████  ████        ▓▓██░░▒▒██▒▒      
 *       ▓▓██░░██▓▓        ▒▒██▒▒▓▓██░░      
 *       ▒▒██▓▓██▒▒        ░░██▓▓████        
 *       ░░██████░░          ▓▓████▓▓        
 *       ░░████▓▓            ▒▒████▒▒        
 *         ▓▓██▒▒            ░░████░░        
 */
static const unsigned char open_sans_22px_char_087_bitmap[] = {
    0x93, 0xff, 0x5b, 0x00, 0x00, 0x00, 0x00, 0x00, 0x0a, 0xf7, 0xff, 0x36, 0x00, 0x00, 0x00, 0x00, 0x00, 0x08, 0xf8, 0xec, 0x01, /* 行 0 */
    0x50, 0xff, 0x9b, 0x00, 0x00, 0x00, 0x00, 0x00, 0x4c, 0xff, 0xff, 0x83, 0x00, 0x00, 0x00, 0x00, 0x00, 0x41, 0xff, 0xaa, 0x00, /* 行 1 */
    0x10, 0xfc, 0xdb, 0x00, 0x00, 0x00, 0x00, 0x00, 0x96, 0xfc, 0xe1, 0xd0, 0x00, 0x00, 0x00, 0x00, 0x00, 0x81, 0xff, 0x67, 0x00, /* 行 2 */
    0x00, 0xcb, 0xff, 0x1b, 0x00, 0x00, 0x00, 0x00, 0xe0, 0xd2, 0x9b, 0xff, 0x1e, 0x00, 0x00, 0x00, 0x00, 0xc1, 0xff, 0x24, 0x00, /* 行 3 */
    0x00, 0x88, 0xff, 0x5b, 0x00, 0x00, 0x00, 0x2b, 0xff, 0x91, 0x56, 0xff, 0x6a, 0x00, 0x00, 0x00, 0x08, 0xf8, 0xe1, 0x00, 0x00, /* 行 4 */
    0x00, 0x45, 0xff, 0x9b, 0x00, 0x00, 0x00, 0x76, 0xff, 0x4b, 0x10, 0xfb, 0xb7, 0x00, 0x00, 0x00, 0x41, 0xff, 0x9d, 0x00, 0x00, /* 行 5 */
    0x00, 0x09, 0xf8, 0xdb, 0x00, 0x00, 0x00, 0xc0, 0xf8, 0x0a, 0x00, 0xc0, 0xf8, 0x0c, 0x00, 0x00, 0x81, 0xff, 0x5a, 0x00, 0x00, /* 行 6 */
    0x00, 0x00, 0xc0, 0xff, 0x1b, 0x00, 0x0f, 0xfb, 0xb9, 0x00, 0x00, 0x74, 0xff, 0x51, 0x00, 0x00, 0xc1, 0xff, 0x18, 0x00, 0x00, /* 行 7 */
    0x00, 0x00, 0x7d, 0xff, 0x5b, 0x00, 0x55, 0xff, 0x6f, 0x00, 0x00, 0x29, 0xff, 0x9e, 0x00, 0x08, 0xf8, 0xd3, 0x00, 0x00, 0x00, /* 行 8 */
    0x00, 0x00, 0x3a, 0xff, 0x9b, 0x00, 0x9f, 0xff, 0x26, 0x00, 0x00, 0x00, 0xdc, 0xe9, 0x01, 0x41, 0xff, 0x90, 0x00, 0x00, 0x00, /* 行 9 */
    0x00, 0x00, 0x04, 0xf2, 0xd8, 0x00, 0xe2, 0xdc, 0x00, 0x00, 0x00, 0x00, 0x91, 0xff, 0x32, 0x7e, 0xff, 0x4d, 0x00, 0x00, 0x00, /* 行10 */
    0x00, 0x00, 0x00, 0xb5, 0xfe, 0x35, 0xff, 0x92, 0x00, 0x00, 0x00, 0x00, 0x45, 0xff, 0x74, 0xb8, 0xfb, 0x0e, 0x00, 0x00, 0x00, /* 行11 */
    0x00, 0x00, 0x00, 0x72, 0xff, 0x98, 0xff, 0x49, 0x00, 0x00, 0x00, 0x00, 0x06, 0xf3, 0xaa, 0xea, 0xc6, 0x00, 0x00, 0x00, 0x00, /* 行12 */
    0x00, 0x00, 0x00, 0x2f, 0xff, 0xed, 0xf6, 0x09, 0x00, 0x00, 0x00, 0x00, 0x00, 0xae, 0xec, 0xff, 0x83, 0x00, 0x00, 0x00, 0x00, /* 行13 */
    0x00, 0x00, 0x00, 0x01, 0xea, 0xff, 0xb6, 0x00, 0x00, 0x00, 0x00, 0x00, 0x00, 0x62, 0xff, 0xff, 0x40, 0x00, 0x00, 0x00, 0x00, /* 行14 */
    0x00, 0x00, 0x00, 0x00, 0xa9, 0xff, 0x6c, 0x00, 0x00, 0x00, 0x00, 0x00, 0x00, 0x17, 0xfe, 0xf6, 0x07, 0x00, 0x00, 0x00, 0x00, /* 行15 */
};

/* 字符  88: X    */
/*
 * ▒▒████            ░░████░░
 *   ▓▓██▒▒          ▓▓██▒▒  
 *   ░░████░░      ▒▒██▓▓    
 *     ▒▒██▓▓    ░░████░░    
 *       ▓▓██░░  ▒▒██▒▒      
 *       ░░████░░██▓▓        
 *         ▒▒██████░░        
 *         ░░████▓▓          
 *         ░░██████░░        
 *       ░░████▒▒██▓▓        
 *       ▒▒██▒▒░░████░░      
 *     ░░████░░  ░░████░░    
 *     ▓▓██░░      ▓▓██▒▒    
 *   ▒▒██▓▓        ░░████░░  
 * ░░████░░          ▒▒██▓▓  
 * ▓▓██▒▒            ░░████▒▒
 */
static const unsigned char open_sans_22px_char_088_bitmap[] = {
    0x40, 0xfe, 0xc1, 0x00, 0x00, 0x00, 0x00, 0x00, 0x00, 0x15, 0xed, 0xde, 0x0a, /* 行 0 */
    0x00, 0x9b, 0xff, 0x60, 0x00, 0x00, 0x00, 0x00, 0x00, 0xa2, 0xff, 0x45, 0x00, /* 行 1 */
    0x00, 0x10, 0xe7, 0xeb, 0x12, 0x00, 0x00, 0x00, 0x41, 0xff, 0xa1, 0x00, 0x00, /* 行 2 */
    0x00, 0x00, 0x54, 0xff, 0x9b, 0x00, 0x00, 0x07, 0xd8, 0xea, 0x13, 0x00, 0x00, /* 行 3 */
    0x00, 0x00, 0x00, 0xb1, 0xfe, 0x3a, 0x00, 0x7f, 0xff, 0x59, 0x00, 0x00, 0x00, /* 行 4 */
    0x00, 0x00, 0x00, 0x1c, 0xf1, 0xd2, 0x2a, 0xf8, 0xb5, 0x00, 0x00, 0x00, 0x00, /* 行 5 */
    0x00, 0x00, 0x00, 0x00, 0x6a, 0xff, 0xed, 0xf2, 0x1d, 0x00, 0x00, 0x00, 0x00, /* 行 6 */
    0x00, 0x00, 0x00, 0x00, 0x01, 0xda, 0xff, 0x89, 0x00, 0x00, 0x00, 0x00, 0x00, /* 行 7 */
    0x00, 0x00, 0x00, 0x00, 0x3b, 0xfe, 0xff, 0xe4, 0x0d, 0x00, 0x00, 0x00, 0x00, /* 行 8 */
    0x00, 0x00, 0x00, 0x05, 0xd3, 0xeb, 0x71, 0xff, 0x91, 0x00, 0x00, 0x00, 0x00, /* 行 9 */
    0x00, 0x00, 0x00, 0x79, 0xff, 0x61, 0x01, 0xc4, 0xfc, 0x33, 0x00, 0x00, 0x00, /* 行10 */
    0x00, 0x00, 0x22, 0xf6, 0xc4, 0x01, 0x00, 0x2f, 0xfc, 0xcc, 0x03, 0x00, 0x00, /* 行11 */
    0x00, 0x00, 0xb8, 0xfb, 0x2d, 0x00, 0x00, 0x00, 0x92, 0xff, 0x6e, 0x00, 0x00, /* 行12 */
    0x00, 0x59, 0xff, 0x8d, 0x00, 0x00, 0x00, 0x00, 0x0f, 0xe8, 0xf2, 0x1b, 0x00, /* 行13 */
    0x10, 0xe8, 0xe4, 0x0c, 0x00, 0x00, 0x00, 0x00, 0x00, 0x5f, 0xff, 0xac, 0x00, /* 行14 */
    0x98, 0xff, 0x55, 0x00, 0x00, 0x00, 0x00, 0x00, 0x00, 0x01, 0xc3, 0xff, 0x4c, /* 行15 */
};

/* 字符  89: Y    */
/*
 * ▓▓██▒▒            ░░████░░
 * ░░████            ▒▒██▓▓  
 *   ▓▓██▒▒        ░░████░░  
 *   ░░████░░      ▒▒██▒▒    
 *     ▓▓██▒▒    ░░████░░    
 *     ░░████░░  ▓▓██▒▒      
 *       ▓▓██▒▒░░████░░      
 *       ░░████▓▓██▒▒        
 *         ▒▒██████          
 *         ░░████░░          
 *           ████░░          
 *           ████░░          
 *           ████░░          
 *           ████░░          
 *           ████░░          
 *           ████░░          
 */
static const unsigned char open_sans_22px_char_089_bitmap[] = {
    0xbc, 0xff, 0x42, 0x00, 0x00, 0x00, 0x00, 0x00, 0x00, 0x07, 0xe3, 0xf5, 0x19, /* 行 0 */
    0x35, 0xff, 0xc6, 0x00, 0x00, 0x00, 0x00, 0x00, 0x00, 0x72, 0xff, 0x85, 0x00, /* 行 1 */
    0x00, 0xad, 0xff, 0x4b, 0x00, 0x00, 0x00, 0x00, 0x0c, 0xea, 0xed, 0x0f, 0x00, /* 行 2 */
    0x00, 0x28, 0xfc, 0xcf, 0x01, 0x00, 0x00, 0x00, 0x7e, 0xff, 0x73, 0x00, 0x00, /* 行 3 */
    0x00, 0x00, 0x9e, 0xff, 0x55, 0x00, 0x00, 0x12, 0xf0, 0xe2, 0x08, 0x00, 0x00, /* 行 4 */
    0x00, 0x00, 0x1d, 0xf8, 0xd7, 0x03, 0x00, 0x8a, 0xff, 0x61, 0x00, 0x00, 0x00, /* 行 5 */
    0x00, 0x00, 0x00, 0x8e, 0xff, 0x5f, 0x19, 0xf6, 0xd4, 0x02, 0x00, 0x00, 0x00, /* 行 6 */
    0x00, 0x00, 0x00, 0x14, 0xf2, 0xde, 0x9b, 0xff, 0x4e, 0x00, 0x00, 0x00, 0x00, /* 行 7 */
    0x00, 0x00, 0x00, 0x00, 0x7f, 0xff, 0xff, 0xc5, 0x00, 0x00, 0x00, 0x00, 0x00, /* 行 8 */
    0x00, 0x00, 0x00, 0x00, 0x0c, 0xeb, 0xff, 0x3f, 0x00, 0x00, 0x00, 0x00, 0x00, /* 行 9 */
    0x00, 0x00, 0x00, 0x00, 0x00, 0xc4, 0xff, 0x14, 0x00, 0x00, 0x00, 0x00, 0x00, /* 行10 */
    0x00, 0x00, 0x00, 0x00, 0x00, 0xc4, 0xff, 0x14, 0x00, 0x00, 0x00, 0x00, 0x00, /* 行11 */
    0x00, 0x00, 0x00, 0x00, 0x00, 0xc4, 0xff, 0x14, 0x00, 0x00, 0x00, 0x00, 0x00, /* 行12 */
    0x00, 0x00, 0x00, 0x00, 0x00, 0xc4, 0xff, 0x14, 0x00, 0x00, 0x00, 0x00, 0x00, /* 行13 */
    0x00, 0x00, 0x00, 0x00, 0x00, 0xc4, 0xff, 0x14, 0x00, 0x00, 0x00, 0x00, 0x00, /* 行14 */
    0x00, 0x00, 0x00, 0x00, 0x00, 0xc4, 0xff, 0x14, 0x00, 0x00, 0x00, 0x00, 0x00, /* 行15 */
};

/* 字符  90: Z    */
/*
 *   ████████████████████▒▒
 *   ▓▓▓▓▓▓▓▓▓▓▓▓▓▓▓▓████▒▒
 *                 ▒▒████░░
 *               ░░████░░  
 *               ▓▓██▒▒    
 *             ▒▒████░░    
 *           ░░████░░      
 *           ▓▓██▓▓        
 *         ░░████░░        
 *       ░░████░░          
 *       ▓▓██▓▓            
 *     ░░████░░            
 *   ░░████▒▒              
 *   ▒▒██▓▓                
 * ░░████▓▓▓▓▓▓▓▓▓▓▓▓▓▓▓▓▒▒
 * ░░████████████████████▓▓
 */
static const unsigned char open_sans_22px_char_090_bitmap[] = {
    0x00, 0xdc, 0xff, 0xff, 0xff, 0xff, 0xff, 0xff, 0xff, 0xff, 0xff, 0x70, /* 行 0 */
    0x00, 0x8c, 0xa4, 0xa4, 0xa4, 0xa4, 0xa4, 0xa4, 0xa4, 0xf6, 0xff, 0x57, /* 行 1 */
    0x00, 0x00, 0x00, 0x00, 0x00, 0x00, 0x00, 0x00, 0x56, 0xff, 0xc1, 0x01, /* 行 2 */
    0x00, 0x00, 0x00, 0x00, 0x00, 0x00, 0x00, 0x12, 0xe9, 0xf7, 0x26, 0x00, /* 行 3 */
    0x00, 0x00, 0x00, 0x00, 0x00, 0x00, 0x00, 0xa1, 0xff, 0x77, 0x00, 0x00, /* 行 4 */
    0x00, 0x00, 0x00, 0x00, 0x00, 0x00, 0x47, 0xff, 0xce, 0x04, 0x00, 0x00, /* 行 5 */
    0x00, 0x00, 0x00, 0x00, 0x00, 0x0b, 0xe0, 0xfb, 0x31, 0x00, 0x00, 0x00, /* 行 6 */
    0x00, 0x00, 0x00, 0x00, 0x00, 0x92, 0xff, 0x87, 0x00, 0x00, 0x00, 0x00, /* 行 7 */
    0x00, 0x00, 0x00, 0x00, 0x39, 0xfd, 0xd9, 0x08, 0x00, 0x00, 0x00, 0x00, /* 行 8 */
    0x00, 0x00, 0x00, 0x06, 0xd5, 0xfe, 0x3e, 0x00, 0x00, 0x00, 0x00, 0x00, /* 行 9 */
    0x00, 0x00, 0x00, 0x82, 0xff, 0x97, 0x00, 0x00, 0x00, 0x00, 0x00, 0x00, /* 行10 */
    0x00, 0x00, 0x2d, 0xfa, 0xe3, 0x0e, 0x00, 0x00, 0x00, 0x00, 0x00, 0x00, /* 行11 */
    0x00, 0x03, 0xca, 0xff, 0x4d, 0x00, 0x00, 0x00, 0x00, 0x00, 0x00, 0x00, /* 行12 */
    0x00, 0x73, 0xff, 0xa7, 0x00, 0x00, 0x00, 0x00, 0x00, 0x00, 0x00, 0x00, /* 行13 */
    0x11, 0xf5, 0xff, 0xbb, 0xa8, 0xa8, 0xa8, 0xa8, 0xa8, 0xa8, 0xa8, 0x70, /* 行14 */
    0x20, 0xff, 0xff, 0xff, 0xff, 0xff, 0xff, 0xff, 0xff, 0xff, 0xff, 0xac, /* 行15 */
};

/* 字符  91: [    */
/*
 * ░░████████▓▓
 * ░░████▓▓▓▓▒▒
 * ░░██▓▓      
 * ░░██▓▓      
 * ░░██▓▓      
 * ░░██▓▓      
 * ░░██▓▓      
 * ░░██▓▓      
 * ░░██▓▓      
 * ░░██▓▓      
 * ░░██▓▓      
 * ░░██▓▓      
 * ░░██▓▓      
 * ░░██▓▓      
 * ░░██▓▓      
 * ░░██▓▓      
 * ░░██▓▓      
 * ░░████▓▓▓▓▒▒
 * ░░████████▓▓
 */
static const unsigned char open_sans_22px_char_091_bitmap[] = {
    0x38, 0xff, 0xff, 0xff, 0xff, 0xb0, /* 行 0 */
    0x38, 0xff, 0xcd, 0x84, 0x84, 0x5a, /* 行 1 */
    0x38, 0xff, 0x98, 0x00, 0x00, 0x00, /* 行 2 */
    0x38, 0xff, 0x98, 0x00, 0x00, 0x00, /* 行 3 */
    0x38, 0xff, 0x98, 0x00, 0x00, 0x00, /* 行 4 */
    0x38, 0xff, 0x98, 0x00, 0x00, 0x00, /* 行 5 */
    0x38, 0xff, 0x98, 0x00, 0x00, 0x00, /* 行 6 */
    0x38, 0xff, 0x98, 0x00, 0x00, 0x00, /* 行 7 */
    0x38, 0xff, 0x98, 0x00, 0x00, 0x00, /* 行 8 */
    0x38, 0xff, 0x98, 0x00, 0x00, 0x00, /* 行 9 */
    0x38, 0xff, 0x98, 0x00, 0x00, 0x00, /* 行10 */
    0x38, 0xff, 0x98, 0x00, 0x00, 0x00, /* 行11 */
    0x38, 0xff, 0x98, 0x00, 0x00, 0x00, /* 行12 */
    0x38, 0xff, 0x98, 0x00, 0x00, 0x00, /* 行13 */
    0x38, 0xff, 0x98, 0x00, 0x00, 0x00, /* 行14 */
    0x38, 0xff, 0x98, 0x00, 0x00, 0x00, /* 行15 */
    0x38, 0xff, 0x98, 0x00, 0x00, 0x00, /* 行16 */
    0x38, 0xff, 0xcf, 0x88, 0x88, 0x5d, /* 行17 */
    0x38, 0xff, 0xff, 0xff, 0xff, 0xb0, /* 行18 */
};

/* 字符  92: \    */
/*
 * ▓▓██░░          
 * ░░██▓▓          
 *   ████░░        
 *   ▒▒██▒▒        
 *   ░░██▓▓        
 *     ▓▓██░░      
 *     ▒▒██▒▒      
 *     ░░████      
 *       ▓▓██░░    
 *       ▒▒██▒▒    
 *       ░░████    
 *         ▓▓██░░  
 *         ░░██▓▓  
 *           ████░░
 *           ▒▒██▒▒
 *           ░░██▓▓
 */
static const unsigned char open_sans_22px_char_092_bitmap[] = {
    0x92, 0xff, 0x2e, 0x00, 0x00, 0x00, 0x00, 0x00, /* 行 0 */
    0x34, 0xff, 0x8c, 0x00, 0x00, 0x00, 0x00, 0x00, /* 行 1 */
    0x00, 0xd6, 0xe6, 0x03, 0x00, 0x00, 0x00, 0x00, /* 行 2 */
    0x00, 0x79, 0xff, 0x48, 0x00, 0x00, 0x00, 0x00, /* 行 3 */
    0x00, 0x1d, 0xfe, 0xa6, 0x00, 0x00, 0x00, 0x00, /* 行 4 */
    0x00, 0x00, 0xbe, 0xf6, 0x0e, 0x00, 0x00, 0x00, /* 行 5 */
    0x00, 0x00, 0x61, 0xff, 0x62, 0x00, 0x00, 0x00, /* 行 6 */
    0x00, 0x00, 0x0d, 0xf5, 0xc0, 0x00, 0x00, 0x00, /* 行 7 */
    0x00, 0x00, 0x00, 0xa6, 0xfe, 0x1f, 0x00, 0x00, /* 行 8 */
    0x00, 0x00, 0x00, 0x48, 0xff, 0x7c, 0x00, 0x00, /* 行 9 */
    0x00, 0x00, 0x00, 0x03, 0xe7, 0xd9, 0x00, 0x00, /* 行10 */
    0x00, 0x00, 0x00, 0x00, 0x8d, 0xff, 0x38, 0x00, /* 行11 */
    0x00, 0x00, 0x00, 0x00, 0x30, 0xff, 0x96, 0x00, /* 行12 */
    0x00, 0x00, 0x00, 0x00, 0x00, 0xd2, 0xed, 0x06, /* 行13 */
    0x00, 0x00, 0x00, 0x00, 0x00, 0x75, 0xff, 0x52, /* 行14 */
    0x00, 0x00, 0x00, 0x00, 0x00, 0x1a, 0xfc, 0xb0, /* 行15 */
};

/* 字符  93: ]    */
/*
 * ▒▒████████▒▒
 * ░░▓▓▓▓▓▓██▒▒
 *       ▒▒██▒▒
 *       ▒▒██▒▒
 *       ▒▒██▒▒
 *       ▒▒██▒▒
 *       ▒▒██▒▒
 *       ▒▒██▒▒
 *       ▒▒██▒▒
 *       ▒▒██▒▒
 *       ▒▒██▒▒
 *       ▒▒██▒▒
 *       ▒▒██▒▒
 *       ▒▒██▒▒
 *       ▒▒██▒▒
 *       ▒▒██▒▒
 *       ▒▒██▒▒
 * ░░▓▓▓▓▓▓██▒▒
 * ▒▒████████▒▒
 */
static const unsigned char open_sans_22px_char_093_bitmap[] = {
    0x74, 0xff, 0xff, 0xff, 0xff, 0x74, /* 行 0 */
    0x3b, 0x84, 0x84, 0xae, 0xff, 0x74, /* 行 1 */
    0x00, 0x00, 0x00, 0x58, 0xff, 0x74, /* 行 2 */
    0x00, 0x00, 0x00, 0x58, 0xff, 0x74, /* 行 3 */
    0x00, 0x00, 0x00, 0x58, 0xff, 0x74, /* 行 4 */
    0x00, 0x00, 0x00, 0x58, 0xff, 0x74, /* 行 5 */
    0x00, 0x00, 0x00, 0x58, 0xff, 0x74, /* 行 6 */
    0x00, 0x00, 0x00, 0x58, 0xff, 0x74, /* 行 7 */
    0x00, 0x00, 0x00, 0x58, 0xff, 0x74, /* 行 8 */
    0x00, 0x00, 0x00, 0x58, 0xff, 0x74, /* 行 9 */
    0x00, 0x00, 0x00, 0x58, 0xff, 0x74, /* 行10 */
    0x00, 0x00, 0x00, 0x58, 0xff, 0x74, /* 行11 */
    0x00, 0x00, 0x00, 0x58, 0xff, 0x74, /* 行12 */
    0x00, 0x00, 0x00, 0x58, 0xff, 0x74, /* 行13 */
    0x00, 0x00, 0x00, 0x58, 0xff, 0x74, /* 行14 */
    0x00, 0x00, 0x00, 0x58, 0xff, 0x74, /* 行15 */
    0x00, 0x00, 0x00, 0x58, 0xff, 0x74, /* 行16 */
    0x3d, 0x88, 0x88, 0xb1, 0xff, 0x74, /* 行17 */
    0x74, 0xff, 0xff, 0xff, 0xff, 0x74, /* 行18 */
};

/* 字符  94: ^    */
/*
 *         ░░██▓▓          
 *         ▓▓████░░        
 *       ░░██▓▓██▓▓        
 *       ▒▒██░░▒▒██░░      
 *     ░░██▓▓  ░░██▓▓      
 *     ▒▒██░░    ▒▒██░░    
 *   ░░██▓▓      ░░██▓▓    
 *   ▒▒██▒▒        ▒▒██░░  
 *   ████          ░░██▓▓  
 * ░░██▒▒            ▒▒██░░
 */
static const unsigned char open_sans_22px_char_094_bitmap[] = {
    0x00, 0x00, 0x00, 0x00, 0x15, 0xf6, 0x81, 0x00, 0x00, 0x00, 0x00, 0x00, /* 行 0 */
    0x00, 0x00, 0x00, 0x00, 0x83, 0xff, 0xf1, 0x12, 0x00, 0x00, 0x00, 0x00, /* 行 1 */
    0x00, 0x00, 0x00, 0x0c, 0xee, 0x89, 0xeb, 0x87, 0x00, 0x00, 0x00, 0x00, /* 行 2 */
    0x00, 0x00, 0x00, 0x71, 0xf7, 0x15, 0x78, 0xf4, 0x16, 0x00, 0x00, 0x00, /* 行 3 */
    0x00, 0x00, 0x05, 0xe2, 0x9a, 0x00, 0x0c, 0xec, 0x8d, 0x00, 0x00, 0x00, /* 行 4 */
    0x00, 0x00, 0x60, 0xfe, 0x29, 0x00, 0x00, 0x7b, 0xf7, 0x1a, 0x00, 0x00, /* 行 5 */
    0x00, 0x01, 0xd5, 0xb6, 0x00, 0x00, 0x00, 0x0e, 0xee, 0x94, 0x00, 0x00, /* 行 6 */
    0x00, 0x4e, 0xff, 0x44, 0x00, 0x00, 0x00, 0x00, 0x7d, 0xf9, 0x1e, 0x00, /* 行 7 */
    0x00, 0xc5, 0xd1, 0x00, 0x00, 0x00, 0x00, 0x00, 0x0f, 0xef, 0x9a, 0x00, /* 行 8 */
    0x3c, 0xff, 0x60, 0x00, 0x00, 0x00, 0x00, 0x00, 0x00, 0x7f, 0xfb, 0x23, /* 行 9 */
};

/* 字符  95: _    */
/*
 * ░░████████████████████
 * ░░▒▒▒▒▒▒▒▒▒▒▒▒▒▒▒▒▒▒▒▒
 */
static const unsigned char open_sans_22px_char_095_bitmap[] = {
    0x0c, 0xff, 0xff, 0xff, 0xff, 0xff, 0xff, 0xff, 0xff, 0xff, 0xe8, /* 行 0 */
    0x04, 0x68, 0x68, 0x68, 0x68, 0x68, 0x68, 0x68, 0x68, 0x68, 0x5e, /* 行 1 */
};

/* 字符  96: `    */
/*
 * ▓▓██▓▓    
 * ░░████░░  
 *   ░░██▓▓  
 *     ▒▒██▒▒
 */
static const unsigned char open_sans_22px_char_096_bitmap[] = {
    0x9a, 0xff, 0x9d, 0x00, 0x00, /* 行 0 */
    0x11, 0xdf, 0xfa, 0x21, 0x00, /* 行 1 */
    0x00, 0x31, 0xf3, 0xab, 0x00, /* 行 2 */
    0x00, 0x00, 0x45, 0xf7, 0x47, /* 行 3 */
};

/* 字符  97: a    */
/*
 *   ░░▒▒████████▓▓░░  
 *   ▒▒████▓▓▓▓██████░░
 *   ░░░░      ░░▓▓██▒▒
 *               ▒▒██▒▒
 *               ▒▒██▒▒
 *   ░░▒▒▓▓██████████▒▒
 * ░░████▓▓▒▒▒▒▒▒▓▓██▒▒
 * ████▒▒        ▒▒██▒▒
 * ████          ▓▓██▒▒
 * ████░░      ░░████▒▒
 * ▒▒████▓▓▓▓▓▓██▓▓██▒▒
 * ░░▒▒████████▒▒░░██▒▒
 */
static const unsigned char open_sans_22px_char_097_bitmap[] = {
    0x00, 0x16, 0x73, 0xc7, 0xf1, 0xfb, 0xe4, 0x9d, 0x18, 0x00, /* 行 0 */
    0x00, 0x7a, 0xfe, 0xc4, 0x93, 0x85, 0xc4, 0xff, 0xd5, 0x04, /* 行 1 */
    0x00, 0x12, 0x23, 0x00, 0x00, 0x00, 0x01, 0xb4, 0xff, 0x46, /* 行 2 */
    0x00, 0x00, 0x00, 0x00, 0x00, 0x00, 0x00, 0x5f, 0xff, 0x6c, /* 行 3 */
    0x00, 0x00, 0x00, 0x00, 0x00, 0x00, 0x00, 0x49, 0xff, 0x74, /* 行 4 */
    0x00, 0x0d, 0x6c, 0xb0, 0xd8, 0xeb, 0xf6, 0xfd, 0xff, 0x74, /* 行 5 */
    0x2c, 0xe6, 0xfc, 0xb1, 0x77, 0x5e, 0x51, 0x84, 0xff, 0x74, /* 行 6 */
    0xc1, 0xff, 0x51, 0x00, 0x00, 0x00, 0x00, 0x60, 0xff, 0x74, /* 行 7 */
    0xf3, 0xef, 0x00, 0x00, 0x00, 0x00, 0x00, 0x93, 0xff, 0x74, /* 行 8 */
    0xd7, 0xfc, 0x1d, 0x00, 0x00, 0x00, 0x3e, 0xf9, 0xff, 0x74, /* 行 9 */
    0x72, 0xff, 0xe3, 0x8c, 0x87, 0xb4, 0xfe, 0xa9, 0xff, 0x74, /* 行10 */
    0x01, 0x69, 0xd2, 0xf5, 0xf2, 0xc5, 0x54, 0x04, 0xf6, 0x74, /* 行11 */
};

/* 字符  98: b    */
/*
 * ░░██▓▓                  
 * ░░██▓▓                  
 * ░░██▓▓                  
 * ░░██▓▓                  
 * ░░██▓▓                  
 * ░░██▓▓░░▓▓██████▓▓░░    
 * ░░████████▓▓▓▓██████░░  
 * ░░████▓▓        ▓▓██▓▓  
 * ░░████░░        ░░████  
 * ░░████            ▓▓██░░
 * ░░██▓▓            ▓▓██░░
 * ░░██▓▓            ▓▓██░░
 * ░░████            ▓▓██░░
 * ░░████░░        ░░████  
 * ░░████▓▓░░      ▓▓██▓▓  
 * ░░██▓▓████▓▓▓▓██████░░  
 * ░░██▒▒░░▓▓██████▓▓░░    
 */
static const unsigned char open_sans_22px_char_098_bitmap[] = {
    0x1c, 0xff, 0xac, 0x00, 0x00, 0x00, 0x00, 0x00, 0x00, 0x00, 0x00, 0x00, /* 行 0 */
    0x1c, 0xff, 0xac, 0x00, 0x00, 0x00, 0x00, 0x00, 0x00, 0x00, 0x00, 0x00, /* 行 1 */
    0x1c, 0xff, 0xac, 0x00, 0x00, 0x00, 0x00, 0x00, 0x00, 0x00, 0x00, 0x00, /* 行 2 */
    0x1c, 0xff, 0xac, 0x00, 0x00, 0x00, 0x00, 0x00, 0x00, 0x00, 0x00, 0x00, /* 行 3 */
    0x1c, 0xff, 0xaa, 0x00, 0x00, 0x00, 0x00, 0x00, 0x00, 0x00, 0x00, 0x00, /* 行 4 */
    0x1c, 0xff, 0xa6, 0x24, 0xa6, 0xe9, 0xf9, 0xdd, 0x8a, 0x0f, 0x00, 0x00, /* 行 5 */
    0x1c, 0xff, 0xc5, 0xef, 0xce, 0x8e, 0x89, 0xc8, 0xff, 0xd1, 0x0c, 0x00, /* 行 6 */
    0x1c, 0xff, 0xff, 0x8d, 0x00, 0x00, 0x00, 0x00, 0x8a, 0xff, 0x88, 0x00, /* 行 7 */
    0x1c, 0xff, 0xf5, 0x0a, 0x00, 0x00, 0x00, 0x00, 0x07, 0xef, 0xea, 0x00, /* 行 8 */
    0x1c, 0xff, 0xc6, 0x00, 0x00, 0x00, 0x00, 0x00, 0x00, 0xb6, 0xff, 0x21, /* 行 9 */
    0x1c, 0xff, 0xb0, 0x00, 0x00, 0x00, 0x00, 0x00, 0x00, 0x9d, 0xff, 0x38, /* 行10 */
    0x1c, 0xff, 0xb1, 0x00, 0x00, 0x00, 0x00, 0x00, 0x00, 0x9f, 0xff, 0x37, /* 行11 */
    0x1c, 0xff, 0xc9, 0x00, 0x00, 0x00, 0x00, 0x00, 0x00, 0xbb, 0xff, 0x20, /* 行12 */
    0x1c, 0xff, 0xf8, 0x0e, 0x00, 0x00, 0x00, 0x00, 0x0c, 0xf4, 0xe7, 0x00, /* 行13 */
    0x1c, 0xff, 0xff, 0x97, 0x01, 0x00, 0x00, 0x00, 0x94, 0xff, 0x83, 0x00, /* 行14 */
    0x1c, 0xff, 0xaf, 0xf1, 0xd2, 0x8e, 0x88, 0xc9, 0xff, 0xcc, 0x0a, 0x00, /* 行15 */
    0x1c, 0xff, 0x48, 0x26, 0xa7, 0xe9, 0xfa, 0xdd, 0x87, 0x0d, 0x00, 0x00, /* 行16 */
};

/* 字符  99: c    */
/*
 *     ░░▓▓████████▒▒
 *   ▒▒████▓▓▓▓▓▓██▒▒
 * ░░████▒▒      ░░░░
 * ▒▒██▓▓            
 * ▓▓██░░            
 * ▓▓██░░            
 * ▓▓██░░            
 * ▓▓██░░            
 * ▒▒██▓▓            
 * ░░████░░        ░░
 *   ▒▒████▓▓▓▓▓▓██▓▓
 *     ░░▓▓████████▒▒
 */
static const unsigned char open_sans_22px_char_099_bitmap[] = {
    0x00, 0x00, 0x24, 0x9d, 0xe1, 0xf9, 0xe9, 0xc6, 0x5f, /* 行 0 */
    0x00, 0x40, 0xf3, 0xfe, 0xbf, 0x9a, 0xaf, 0xe8, 0x6d, /* 行 1 */
    0x0b, 0xe8, 0xf6, 0x40, 0x00, 0x00, 0x00, 0x01, 0x05, /* 行 2 */
    0x62, 0xff, 0x87, 0x00, 0x00, 0x00, 0x00, 0x00, 0x00, /* 行 3 */
    0xa0, 0xff, 0x39, 0x00, 0x00, 0x00, 0x00, 0x00, 0x00, /* 行 4 */
    0xbb, 0xff, 0x1a, 0x00, 0x00, 0x00, 0x00, 0x00, 0x00, /* 行 5 */
    0xbd, 0xff, 0x21, 0x00, 0x00, 0x00, 0x00, 0x00, 0x00, /* 行 6 */
    0xa5, 0xff, 0x3f, 0x00, 0x00, 0x00, 0x00, 0x00, 0x00, /* 行 7 */
    0x6a, 0xff, 0x91, 0x00, 0x00, 0x00, 0x00, 0x00, 0x00, /* 行 8 */
    0x10, 0xee, 0xf6, 0x37, 0x00, 0x00, 0x00, 0x00, 0x10, /* 行 9 */
    0x00, 0x4b, 0xf8, 0xfb, 0xb6, 0x96, 0xa9, 0xdd, 0x94, /* 行10 */
    0x00, 0x00, 0x2d, 0xa5, 0xe6, 0xfa, 0xeb, 0xc0, 0x48, /* 行11 */
};

/* 字符 100: d    */
/*
 *                 ░░██▓▓
 *                 ░░██▓▓
 *                 ░░██▓▓
 *                 ░░██▓▓
 *                 ░░██▓▓
 *     ▒▒▓▓██████▒▒░░██▓▓
 *   ▒▒████▓▓▓▓▓▓██▓▓██▓▓
 * ░░████░░      ░░████▓▓
 * ▒▒██▓▓          ▓▓██▓▓
 * ▓▓██░░          ▒▒██▓▓
 * ▓▓██░░          ░░██▓▓
 * ▓▓██░░          ░░██▓▓
 * ▓▓██░░          ▒▒██▓▓
 * ▒▒██▒▒          ▒▒██▓▓
 * ░░████░░      ░░████▓▓
 *   ▒▒████▓▓▓▓▓▓██▓▓██▓▓
 *     ▒▒▓▓██████▒▒░░██▓▓
 */
static const unsigned char open_sans_22px_char_100_bitmap[] = {
    0x00, 0x00, 0x00, 0x00, 0x00, 0x00, 0x00, 0x00, 0x30, 0xff, 0x98, /* 行 0 */
    0x00, 0x00, 0x00, 0x00, 0x00, 0x00, 0x00, 0x00, 0x30, 0xff, 0x98, /* 行 1 */
    0x00, 0x00, 0x00, 0x00, 0x00, 0x00, 0x00, 0x00, 0x30, 0xff, 0x98, /* 行 2 */
    0x00, 0x00, 0x00, 0x00, 0x00, 0x00, 0x00, 0x00, 0x30, 0xff, 0x98, /* 行 3 */
    0x00, 0x00, 0x00, 0x00, 0x00, 0x00, 0x00, 0x00, 0x30, 0xff, 0x98, /* 行 4 */
    0x00, 0x00, 0x43, 0xbc, 0xf1, 0xf5, 0xcc, 0x64, 0x2c, 0xff, 0x98, /* 行 5 */
    0x00, 0x5d, 0xfe, 0xf4, 0x9f, 0x86, 0xa9, 0xf8, 0xb0, 0xff, 0x98, /* 行 6 */
    0x15, 0xf3, 0xf1, 0x29, 0x00, 0x00, 0x00, 0x2d, 0xf3, 0xff, 0x98, /* 行 7 */
    0x6d, 0xff, 0x8d, 0x00, 0x00, 0x00, 0x00, 0x00, 0x8d, 0xff, 0x98, /* 行 8 */
    0xa4, 0xff, 0x3e, 0x00, 0x00, 0x00, 0x00, 0x00, 0x4f, 0xff, 0x98, /* 行 9 */
    0xbc, 0xff, 0x22, 0x00, 0x00, 0x00, 0x00, 0x00, 0x37, 0xff, 0x98, /* 行10 */
    0xbd, 0xff, 0x19, 0x00, 0x00, 0x00, 0x00, 0x00, 0x32, 0xff, 0x98, /* 行11 */
    0xa7, 0xff, 0x33, 0x00, 0x00, 0x00, 0x00, 0x00, 0x44, 0xff, 0x98, /* 行12 */
    0x71, 0xff, 0x77, 0x00, 0x00, 0x00, 0x00, 0x00, 0x7c, 0xff, 0x98, /* 行13 */
    0x19, 0xf6, 0xeb, 0x22, 0x00, 0x00, 0x00, 0x21, 0xea, 0xff, 0x98, /* 行14 */
    0x00, 0x66, 0xff, 0xf2, 0x9d, 0x84, 0xa3, 0xf4, 0x9f, 0xff, 0x98, /* 行15 */
    0x00, 0x00, 0x49, 0xbf, 0xf2, 0xf6, 0xce, 0x65, 0x01, 0xed, 0x98, /* 行16 */
};

/* 字符 101: e    */
/*
 *     ░░▓▓██████▓▓░░    
 *   ░░████▓▓▓▓▓▓████░░  
 * ░░████░░      ▒▒██▓▓  
 * ▒▒██▓▓        ░░████░░
 * ▓▓██░░          ████░░
 * ▓▓██████████████████░░
 * ▓▓██▓▓▒▒▒▒▒▒▒▒▒▒▒▒▒▒░░
 * ▓▓██▒▒                
 * ▒▒██▓▓                
 * ░░████▒▒        ░░░░  
 *   ░░██████▓▓▓▓▓▓██▓▓  
 *     ░░▓▓████████▓▓░░  
 */
static const unsigned char open_sans_22px_char_101_bitmap[] = {
    0x00, 0x00, 0x26, 0xa4, 0xe8, 0xf9, 0xde, 0x8b, 0x0f, 0x00, 0x00, /* 行 0 */
    0x00, 0x3c, 0xf3, 0xf9, 0xaa, 0x8c, 0xbf, 0xff, 0xd2, 0x0d, 0x00, /* 行 1 */
    0x09, 0xe3, 0xf6, 0x33, 0x00, 0x00, 0x00, 0x7d, 0xff, 0x8e, 0x00, /* 行 2 */
    0x5d, 0xff, 0x84, 0x00, 0x00, 0x00, 0x00, 0x06, 0xee, 0xee, 0x02, /* 行 3 */
    0x9d, 0xff, 0x3c, 0x00, 0x00, 0x00, 0x00, 0x00, 0xc8, 0xff, 0x20, /* 行 4 */
    0xba, 0xff, 0xff, 0xff, 0xff, 0xff, 0xff, 0xff, 0xff, 0xff, 0x2f, /* 行 5 */
    0xbc, 0xff, 0x85, 0x74, 0x74, 0x74, 0x74, 0x74, 0x74, 0x74, 0x15, /* 行 6 */
    0xa3, 0xff, 0x40, 0x00, 0x00, 0x00, 0x00, 0x00, 0x00, 0x00, 0x00, /* 行 7 */
    0x63, 0xff, 0x91, 0x00, 0x00, 0x00, 0x00, 0x00, 0x00, 0x00, 0x00, /* 行 8 */
    0x0a, 0xe4, 0xfc, 0x4c, 0x00, 0x00, 0x00, 0x00, 0x07, 0x2b, 0x00, /* 行 9 */
    0x00, 0x38, 0xee, 0xff, 0xc8, 0x98, 0x9f, 0xbb, 0xf3, 0xb0, 0x00, /* 行10 */
    0x00, 0x00, 0x1c, 0x92, 0xdb, 0xf8, 0xf9, 0xe2, 0xa2, 0x3d, 0x00, /* 行11 */
};

/* 字符 102: f    */
/*
 *       ░░▓▓██████░░
 *     ░░████▓▓▓▓▓▓░░
 *     ▒▒██▓▓        
 *     ▓▓██▒▒        
 *     ▓▓██░░        
 * ▒▒▓▓██████████░░  
 * ▒▒▒▒████▓▓▒▒▒▒░░  
 *     ▓▓██░░        
 *     ▓▓██░░        
 *     ▓▓██░░        
 *     ▓▓██░░        
 *     ▓▓██░░        
 *     ▓▓██░░        
 *     ▓▓██░░        
 *     ▓▓██░░        
 *     ▓▓██░░        
 *     ▓▓██░░        
 */
static const unsigned char open_sans_22px_char_102_bitmap[] = {
    0x00, 0x00, 0x00, 0x1f, 0xab, 0xee, 0xf8, 0xd6, 0x35, /* 行 0 */
    0x00, 0x00, 0x08, 0xdc, 0xfd, 0xa1, 0x81, 0xad, 0x0f, /* 行 1 */
    0x00, 0x00, 0x56, 0xff, 0x8b, 0x00, 0x00, 0x00, 0x00, /* 行 2 */
    0x00, 0x00, 0x85, 0xff, 0x47, 0x00, 0x00, 0x00, 0x00, /* 行 3 */
    0x00, 0x00, 0x93, 0xff, 0x35, 0x00, 0x00, 0x00, 0x00, /* 行 4 */
    0x51, 0xb8, 0xf9, 0xff, 0xf3, 0xf0, 0xf0, 0x30, 0x00, /* 行 5 */
    0x4f, 0x74, 0xc4, 0xff, 0x90, 0x74, 0x74, 0x17, 0x00, /* 行 6 */
    0x00, 0x00, 0x94, 0xff, 0x34, 0x00, 0x00, 0x00, 0x00, /* 行 7 */
    0x00, 0x00, 0x94, 0xff, 0x34, 0x00, 0x00, 0x00, 0x00, /* 行 8 */
    0x00, 0x00, 0x94, 0xff, 0x34, 0x00, 0x00, 0x00, 0x00, /* 行 9 */
    0x00, 0x00, 0x94, 0xff, 0x34, 0x00, 0x00, 0x00, 0x00, /* 行10 */
    0x00, 0x00, 0x94, 0xff, 0x34, 0x00, 0x00, 0x00, 0x00, /* 行11 */
    0x00, 0x00, 0x94, 0xff, 0x34, 0x00, 0x00, 0x00, 0x00, /* 行12 */
    0x00, 0x00, 0x94, 0xff, 0x34, 0x00, 0x00, 0x00, 0x00, /* 行13 */
    0x00, 0x00, 0x94, 0xff, 0x34, 0x00, 0x00, 0x00, 0x00, /* 行14 */
    0x00, 0x00, 0x94, 0xff, 0x34, 0x00, 0x00, 0x00, 0x00, /* 行15 */
    0x00, 0x00, 0x94, 0xff, 0x34, 0x00, 0x00, 0x00, 0x00, /* 行16 */
};

/* 字符 103: g    */
/*
 *     ░░▓▓██████████████▓▓
 *   ░░████▓▓▒▒▒▒████▓▓▒▒░░
 *   ▒▒██▒▒      ░░████    
 *   ▓▓██░░        ▓▓██░░  
 *   ▓▓██▒▒      ░░████░░  
 *   ░░████▒▒▒▒▒▒▓▓██▒▒    
 *     ░░████████▓▓▒▒      
 *     ▒▒██░░              
 *     ██▓▓                
 *     ████░░░░            
 *     ▒▒████████████▓▓░░  
 *   ▒▒████▓▓▓▓▓▓▓▓██████░░
 * ░░██▓▓            ▓▓██▒▒
 * ▓▓██░░            ▒▒██▒▒
 * ▒▒██▒▒          ░░████░░
 * ░░████▓▓▒▒▒▒▒▒▓▓████▒▒  
 *   ░░▓▓██████████▓▓░░    
 */
static const unsigned char open_sans_22px_char_103_bitmap[] = {
    0x00, 0x00, 0x16, 0x8e, 0xd6, 0xf5, 0xff, 0xff, 0xff, 0xff, 0xff, 0x88, /* 行 0 */
    0x00, 0x15, 0xe5, 0xf4, 0x87, 0x56, 0x66, 0xc6, 0xff, 0xae, 0x40, 0x15, /* 行 1 */
    0x00, 0x7c, 0xff, 0x63, 0x00, 0x00, 0x00, 0x08, 0xe0, 0xe5, 0x00, 0x00, /* 行 2 */
    0x00, 0xa1, 0xff, 0x27, 0x00, 0x00, 0x00, 0x00, 0xaf, 0xff, 0x15, 0x00, /* 行 3 */
    0x00, 0x81, 0xff, 0x56, 0x00, 0x00, 0x00, 0x03, 0xd8, 0xf2, 0x05, 0x00, /* 行 4 */
    0x00, 0x1a, 0xeb, 0xee, 0x79, 0x49, 0x56, 0xb6, 0xff, 0x72, 0x00, 0x00, /* 行 5 */
    0x00, 0x00, 0x26, 0xe2, 0xfa, 0xf9, 0xe6, 0xbb, 0x48, 0x00, 0x00, 0x00, /* 行 6 */
    0x00, 0x00, 0x76, 0xf0, 0x28, 0x00, 0x00, 0x00, 0x00, 0x00, 0x00, 0x00, /* 行 7 */
    0x00, 0x00, 0xee, 0x9e, 0x00, 0x00, 0x00, 0x00, 0x00, 0x00, 0x00, 0x00, /* 行 8 */
    0x00, 0x00, 0xf1, 0xcc, 0x1b, 0x01, 0x00, 0x00, 0x00, 0x00, 0x00, 0x00, /* 行 9 */
    0x00, 0x00, 0x71, 0xff, 0xff, 0xff, 0xff, 0xfa, 0xdf, 0x9b, 0x1e, 0x00, /* 行10 */
    0x00, 0x55, 0xdd, 0xd3, 0xa0, 0x98, 0x98, 0x9f, 0xc3, 0xfe, 0xe3, 0x0c, /* 行11 */
    0x37, 0xfe, 0x93, 0x00, 0x00, 0x00, 0x00, 0x00, 0x00, 0x8e, 0xff, 0x4e, /* 行12 */
    0x85, 0xff, 0x33, 0x00, 0x00, 0x00, 0x00, 0x00, 0x00, 0x65, 0xff, 0x53, /* 行13 */
    0x79, 0xff, 0x63, 0x00, 0x00, 0x00, 0x00, 0x00, 0x11, 0xcf, 0xf9, 0x18, /* 行14 */
    0x18, 0xe6, 0xf9, 0xa0, 0x6c, 0x5f, 0x6d, 0x99, 0xec, 0xfb, 0x62, 0x00, /* 行15 */
    0x00, 0x1a, 0x90, 0xd7, 0xf7, 0xfc, 0xf0, 0xce, 0x90, 0x28, 0x00, 0x00, /* 行16 */
};

/* 字符 104: h    */
/*
 * ░░██▓▓                
 * ░░██▓▓                
 * ░░██▓▓                
 * ░░██▓▓                
 * ░░██▓▓                
 * ░░██▓▓░░▓▓██████▓▓░░  
 * ░░██▓▓████▓▓▓▓██████░░
 * ░░████▓▓░░      ▓▓██▒▒
 * ░░████░░        ░░██▓▓
 * ░░████          ░░██▓▓
 * ░░██▓▓          ░░██▓▓
 * ░░██▓▓          ░░██▓▓
 * ░░██▓▓          ░░██▓▓
 * ░░██▓▓          ░░██▓▓
 * ░░██▓▓          ░░██▓▓
 * ░░██▓▓          ░░██▓▓
 * ░░██▓▓          ░░██▓▓
 */
static const unsigned char open_sans_22px_char_104_bitmap[] = {
    0x1c, 0xff, 0xac, 0x00, 0x00, 0x00, 0x00, 0x00, 0x00, 0x00, 0x00, /* 行 0 */
    0x1c, 0xff, 0xac, 0x00, 0x00, 0x00, 0x00, 0x00, 0x00, 0x00, 0x00, /* 行 1 */
    0x1c, 0xff, 0xac, 0x00, 0x00, 0x00, 0x00, 0x00, 0x00, 0x00, 0x00, /* 行 2 */
    0x1c, 0xff, 0xac, 0x00, 0x00, 0x00, 0x00, 0x00, 0x00, 0x00, 0x00, /* 行 3 */
    0x1c, 0xff, 0xac, 0x00, 0x00, 0x00, 0x00, 0x00, 0x00, 0x00, 0x00, /* 行 4 */
    0x1c, 0xff, 0xaa, 0x19, 0x99, 0xe4, 0xfa, 0xe7, 0xa5, 0x23, 0x00, /* 行 5 */
    0x1c, 0xff, 0xbe, 0xe6, 0xd5, 0x91, 0x8b, 0xc2, 0xff, 0xe9, 0x16, /* 行 6 */
    0x1c, 0xff, 0xff, 0x95, 0x01, 0x00, 0x00, 0x00, 0x92, 0xff, 0x7a, /* 行 7 */
    0x1c, 0xff, 0xf6, 0x0c, 0x00, 0x00, 0x00, 0x00, 0x29, 0xff, 0xac, /* 行 8 */
    0x1c, 0xff, 0xc5, 0x00, 0x00, 0x00, 0x00, 0x00, 0x0e, 0xff, 0xbb, /* 行 9 */
    0x1c, 0xff, 0xb0, 0x00, 0x00, 0x00, 0x00, 0x00, 0x0c, 0xff, 0xbc, /* 行10 */
    0x1c, 0xff, 0xac, 0x00, 0x00, 0x00, 0x00, 0x00, 0x0c, 0xff, 0xbc, /* 行11 */
    0x1c, 0xff, 0xac, 0x00, 0x00, 0x00, 0x00, 0x00, 0x0c, 0xff, 0xbc, /* 行12 */
    0x1c, 0xff, 0xac, 0x00, 0x00, 0x00, 0x00, 0x00, 0x0c, 0xff, 0xbc, /* 行13 */
    0x1c, 0xff, 0xac, 0x00, 0x00, 0x00, 0x00, 0x00, 0x0c, 0xff, 0xbc, /* 行14 */
    0x1c, 0xff, 0xac, 0x00, 0x00, 0x00, 0x00, 0x00, 0x0c, 0xff, 0xbc, /* 行15 */
    0x1c, 0xff, 0xac, 0x00, 0x00, 0x00, 0x00, 0x00, 0x0c, 0xff, 0xbc, /* 行16 */
};

/* 字符 105: i    */
/*
 *   ▒▒░░
 * ░░████
 * ░░██▓▓
 *       
 *       
 * ░░██▓▓
 * ░░██▓▓
 * ░░██▓▓
 * ░░██▓▓
 * ░░██▓▓
 * ░░██▓▓
 * ░░██▓▓
 * ░░██▓▓
 * ░░██▓▓
 * ░░██▓▓
 * ░░██▓▓
 * ░░██▓▓
 */
static const unsigned char open_sans_22px_char_105_bitmap[] = {
    0x00, 0x49, 0x20, /* 行 0 */
    0x33, 0xff, 0xc5, /* 行 1 */
    0x1a, 0xe8, 0x96, /* 行 2 */
    0x00, 0x00, 0x00, /* 行 3 */
    0x00, 0x00, 0x00, /* 行 4 */
    0x1c, 0xff, 0xac, /* 行 5 */
    0x1c, 0xff, 0xac, /* 行 6 */
    0x1c, 0xff, 0xac, /* 行 7 */
    0x1c, 0xff, 0xac, /* 行 8 */
    0x1c, 0xff, 0xac, /* 行 9 */
    0x1c, 0xff, 0xac, /* 行10 */
    0x1c, 0xff, 0xac, /* 行11 */
    0x1c, 0xff, 0xac, /* 行12 */
    0x1c, 0xff, 0xac, /* 行13 */
    0x1c, 0xff, 0xac, /* 行14 */
    0x1c, 0xff, 0xac, /* 行15 */
    0x1c, 0xff, 0xac, /* 行16 */
};

/* 字符 106: j    */
/*
 *         ▒▒░░
 *       ░░████
 *       ░░██▓▓
 *             
 *             
 *       ░░██▓▓
 *       ░░██▓▓
 *       ░░██▓▓
 *       ░░██▓▓
 *       ░░██▓▓
 *       ░░██▓▓
 *       ░░██▓▓
 *       ░░██▓▓
 *       ░░██▓▓
 *       ░░██▓▓
 *       ░░██▓▓
 *       ░░██▓▓
 *       ░░██▓▓
 *       ░░██▓▓
 *       ▒▒██▓▓
 * ░░▓▓▓▓████░░
 * ░░██████▒▒  
 */
static const unsigned char open_sans_22px_char_106_bitmap[] = {
    0x00, 0x00, 0x00, 0x00, 0x49, 0x20, /* 行 0 */
    0x00, 0x00, 0x00, 0x33, 0xff, 0xc5, /* 行 1 */
    0x00, 0x00, 0x00, 0x1a, 0xe8, 0x96, /* 行 2 */
    0x00, 0x00, 0x00, 0x00, 0x00, 0x00, /* 行 3 */
    0x00, 0x00, 0x00, 0x00, 0x00, 0x00, /* 行 4 */
    0x00, 0x00, 0x00, 0x1c, 0xff, 0xac, /* 行 5 */
    0x00, 0x00, 0x00, 0x1c, 0xff, 0xac, /* 行 6 */
    0x00, 0x00, 0x00, 0x1c, 0xff, 0xac, /* 行 7 */
    0x00, 0x00, 0x00, 0x1c, 0xff, 0xac, /* 行 8 */
    0x00, 0x00, 0x00, 0x1c, 0xff, 0xac, /* 行 9 */
    0x00, 0x00, 0x00, 0x1c, 0xff, 0xac, /* 行10 */
    0x00, 0x00, 0x00, 0x1c, 0xff, 0xac, /* 行11 */
    0x00, 0x00, 0x00, 0x1c, 0xff, 0xac, /* 行12 */
    0x00, 0x00, 0x00, 0x1c, 0xff, 0xac, /* 行13 */
    0x00, 0x00, 0x00, 0x1c, 0xff, 0xac, /* 行14 */
    0x00, 0x00, 0x00, 0x1c, 0xff, 0xac, /* 行15 */
    0x00, 0x00, 0x00, 0x1c, 0xff, 0xac, /* 行16 */
    0x00, 0x00, 0x00, 0x1c, 0xff, 0xac, /* 行17 */
    0x00, 0x00, 0x00, 0x1d, 0xff, 0xa8, /* 行18 */
    0x00, 0x00, 0x00, 0x43, 0xff, 0x8a, /* 行19 */
    0x21, 0x9d, 0x8c, 0xe4, 0xff, 0x39, /* 行20 */
    0x24, 0xe7, 0xf8, 0xd6, 0x5d, 0x00, /* 行21 */
};

/* 字符 107: k    */
/*
 * ░░██▓▓                
 * ░░██▓▓                
 * ░░██▓▓                
 * ░░██▓▓                
 * ░░██▓▓                
 * ░░██▓▓      ░░▓▓██▓▓  
 * ░░██▓▓    ░░▓▓██▓▓    
 * ░░██▓▓    ▓▓██▓▓░░    
 * ░░██▓▓  ▓▓██▓▓░░      
 * ░░██▓▓▒▒██▓▓░░        
 * ░░████████▓▓          
 * ░░████▒▒▓▓██░░        
 * ░░██▓▓  ░░████░░      
 * ░░██▓▓    ▒▒██▓▓░░    
 * ░░██▓▓      ▓▓██▒▒    
 * ░░██▓▓      ░░████░░  
 * ░░██▓▓        ░░████░░
 */
static const unsigned char open_sans_22px_char_107_bitmap[] = {
    0x1c, 0xff, 0xa8, 0x00, 0x00, 0x00, 0x00, 0x00, 0x00, 0x00, 0x00, /* 行 0 */
    0x1c, 0xff, 0xa8, 0x00, 0x00, 0x00, 0x00, 0x00, 0x00, 0x00, 0x00, /* 行 1 */
    0x1c, 0xff, 0xa8, 0x00, 0x00, 0x00, 0x00, 0x00, 0x00, 0x00, 0x00, /* 行 2 */
    0x1c, 0xff, 0xa8, 0x00, 0x00, 0x00, 0x00, 0x00, 0x00, 0x00, 0x00, /* 行 3 */
    0x1c, 0xff, 0xa8, 0x00, 0x00, 0x00, 0x00, 0x00, 0x00, 0x00, 0x00, /* 行 4 */
    0x1c, 0xff, 0xa8, 0x00, 0x00, 0x00, 0x01, 0x9f, 0xff, 0x83, 0x00, /* 行 5 */
    0x1c, 0xff, 0xa8, 0x00, 0x00, 0x01, 0x99, 0xff, 0x94, 0x00, 0x00, /* 行 6 */
    0x1c, 0xff, 0xa8, 0x00, 0x00, 0x93, 0xff, 0xa3, 0x01, 0x00, 0x00, /* 行 7 */
    0x1c, 0xff, 0xa7, 0x00, 0x8e, 0xff, 0xb1, 0x04, 0x00, 0x00, 0x00, /* 行 8 */
    0x1c, 0xff, 0xa0, 0x7a, 0xff, 0xbe, 0x07, 0x00, 0x00, 0x00, 0x00, /* 行 9 */
    0x1c, 0xff, 0xd8, 0xfe, 0xff, 0x80, 0x00, 0x00, 0x00, 0x00, 0x00, /* 行10 */
    0x1c, 0xff, 0xff, 0x77, 0xa7, 0xfc, 0x3e, 0x00, 0x00, 0x00, 0x00, /* 行11 */
    0x1c, 0xff, 0xb0, 0x00, 0x11, 0xe4, 0xe4, 0x14, 0x00, 0x00, 0x00, /* 行12 */
    0x1c, 0xff, 0xa8, 0x00, 0x00, 0x46, 0xfe, 0xb5, 0x01, 0x00, 0x00, /* 行13 */
    0x1c, 0xff, 0xa8, 0x00, 0x00, 0x00, 0x94, 0xff, 0x75, 0x00, 0x00, /* 行14 */
    0x1c, 0xff, 0xa8, 0x00, 0x00, 0x00, 0x09, 0xd8, 0xfa, 0x38, 0x00, /* 行15 */
    0x1c, 0xff, 0xa8, 0x00, 0x00, 0x00, 0x00, 0x35, 0xfb, 0xdf, 0x10, /* 行16 */
};

/* 字符 108: l    */
/*
 * ░░██▓▓
 * ░░██▓▓
 * ░░██▓▓
 * ░░██▓▓
 * ░░██▓▓
 * ░░██▓▓
 * ░░██▓▓
 * ░░██▓▓
 * ░░██▓▓
 * ░░██▓▓
 * ░░██▓▓
 * ░░██▓▓
 * ░░██▓▓
 * ░░██▓▓
 * ░░██▓▓
 * ░░██▓▓
 * ░░██▓▓
 */
static const unsigned char open_sans_22px_char_108_bitmap[] = {
    0x1c, 0xff, 0xac, /* 行 0 */
    0x1c, 0xff, 0xac, /* 行 1 */
    0x1c, 0xff, 0xac, /* 行 2 */
    0x1c, 0xff, 0xac, /* 行 3 */
    0x1c, 0xff, 0xac, /* 行 4 */
    0x1c, 0xff, 0xac, /* 行 5 */
    0x1c, 0xff, 0xac, /* 行 6 */
    0x1c, 0xff, 0xac, /* 行 7 */
    0x1c, 0xff, 0xac, /* 行 8 */
    0x1c, 0xff, 0xac, /* 行 9 */
    0x1c, 0xff, 0xac, /* 行10 */
    0x1c, 0xff, 0xac, /* 行11 */
    0x1c, 0xff, 0xac, /* 行12 */
    0x1c, 0xff, 0xac, /* 行13 */
    0x1c, 0xff, 0xac, /* 行14 */
    0x1c, 0xff, 0xac, /* 行15 */
    0x1c, 0xff, 0xac, /* 行16 */
};

/* 字符 109: m    */
/*
 * ░░██▒▒░░▓▓██████▒▒  ░░▒▒██████▓▓░░  
 * ░░██▓▓████▓▓▓▓████▒▒▓▓██▓▓▓▓▓▓████░░
 * ░░████▓▓      ░░██████░░      ▓▓██▒▒
 * ░░████░░        ▓▓██▒▒        ░░██▓▓
 * ░░████          ▓▓██░░        ░░██▓▓
 * ░░██▓▓          ▓▓██░░        ░░██▓▓
 * ░░██▓▓          ▓▓██░░        ░░██▓▓
 * ░░██▓▓          ▓▓██░░        ░░██▓▓
 * ░░██▓▓          ▓▓██░░        ░░██▓▓
 * ░░██▓▓          ▓▓██░░        ░░██▓▓
 * ░░██▓▓          ▓▓██░░        ░░██▓▓
 * ░░██▓▓          ▓▓██░░        ░░██▓▓
 */
static const unsigned char open_sans_22px_char_109_bitmap[] = {
    0x1c, 0xff, 0x66, 0x15, 0x9c, 0xe9, 0xf6, 0xd0, 0x61, 0x00, 0x01, 0x67, 0xd0, 0xf7, 0xee, 0xb1, 0x2a, 0x00, /* 行 0 */
    0x1c, 0xff, 0x9a, 0xdb, 0xc9, 0x8d, 0x9c, 0xed, 0xff, 0x68, 0x9a, 0xf4, 0xac, 0x8e, 0xbf, 0xff, 0xec, 0x16, /* 行 1 */
    0x1c, 0xff, 0xff, 0x88, 0x00, 0x00, 0x00, 0x21, 0xf7, 0xf7, 0xe5, 0x26, 0x00, 0x00, 0x00, 0x98, 0xff, 0x73, /* 行 2 */
    0x1c, 0xff, 0xf3, 0x08, 0x00, 0x00, 0x00, 0x00, 0xb7, 0xff, 0x73, 0x00, 0x00, 0x00, 0x00, 0x37, 0xff, 0xa2, /* 行 3 */
    0x1c, 0xff, 0xc3, 0x00, 0x00, 0x00, 0x00, 0x00, 0x9d, 0xff, 0x3c, 0x00, 0x00, 0x00, 0x00, 0x1d, 0xff, 0xaf, /* 行 4 */
    0x1c, 0xff, 0xaf, 0x00, 0x00, 0x00, 0x00, 0x00, 0x9c, 0xff, 0x2d, 0x00, 0x00, 0x00, 0x00, 0x1c, 0xff, 0xb0, /* 行 5 */
    0x1c, 0xff, 0xac, 0x00, 0x00, 0x00, 0x00, 0x00, 0x9c, 0xff, 0x2c, 0x00, 0x00, 0x00, 0x00, 0x1c, 0xff, 0xb0, /* 行 6 */
    0x1c, 0xff, 0xac, 0x00, 0x00, 0x00, 0x00, 0x00, 0x9c, 0xff, 0x2c, 0x00, 0x00, 0x00, 0x00, 0x1c, 0xff, 0xb0, /* 行 7 */
    0x1c, 0xff, 0xac, 0x00, 0x00, 0x00, 0x00, 0x00, 0x9c, 0xff, 0x2c, 0x00, 0x00, 0x00, 0x00, 0x1c, 0xff, 0xb0, /* 行 8 */
    0x1c, 0xff, 0xac, 0x00, 0x00, 0x00, 0x00, 0x00, 0x9c, 0xff, 0x2c, 0x00, 0x00, 0x00, 0x00, 0x1c, 0xff, 0xb0, /* 行 9 */
    0x1c, 0xff, 0xac, 0x00, 0x00, 0x00, 0x00, 0x00, 0x9c, 0xff, 0x2c, 0x00, 0x00, 0x00, 0x00, 0x1c, 0xff, 0xb0, /* 行10 */
    0x1c, 0xff, 0xac, 0x00, 0x00, 0x00, 0x00, 0x00, 0x9c, 0xff, 0x2c, 0x00, 0x00, 0x00, 0x00, 0x1c, 0xff, 0xb0, /* 行11 */
};

/* 字符 110: n    */
/*
 * ░░██▒▒░░▓▓██████▓▓░░  
 * ░░██▓▓████▓▓▓▓██████░░
 * ░░████▓▓░░      ▓▓██▒▒
 * ░░████░░        ░░██▓▓
 * ░░████          ░░██▓▓
 * ░░██▓▓          ░░██▓▓
 * ░░██▓▓          ░░██▓▓
 * ░░██▓▓          ░░██▓▓
 * ░░██▓▓          ░░██▓▓
 * ░░██▓▓          ░░██▓▓
 * ░░██▓▓          ░░██▓▓
 * ░░██▓▓          ░░██▓▓
 */
static const unsigned char open_sans_22px_char_110_bitmap[] = {
    0x1c, 0xff, 0x68, 0x18, 0x97, 0xe3, 0xfa, 0xe7, 0xa6, 0x23, 0x00, /* 行 0 */
    0x1c, 0xff, 0xad, 0xe4, 0xdd, 0xa2, 0x90, 0xc6, 0xff, 0xea, 0x17, /* 行 1 */
    0x1c, 0xff, 0xff, 0x9f, 0x07, 0x00, 0x00, 0x00, 0x95, 0xff, 0x7a, /* 行 2 */
    0x1c, 0xff, 0xf6, 0x0c, 0x00, 0x00, 0x00, 0x00, 0x2a, 0xff, 0xac, /* 行 3 */
    0x1c, 0xff, 0xc5, 0x00, 0x00, 0x00, 0x00, 0x00, 0x0e, 0xff, 0xbb, /* 行 4 */
    0x1c, 0xff, 0xaf, 0x00, 0x00, 0x00, 0x00, 0x00, 0x0c, 0xff, 0xbc, /* 行 5 */
    0x1c, 0xff, 0xac, 0x00, 0x00, 0x00, 0x00, 0x00, 0x0c, 0xff, 0xbc, /* 行 6 */
    0x1c, 0xff, 0xac, 0x00, 0x00, 0x00, 0x00, 0x00, 0x0c, 0xff, 0xbc, /* 行 7 */
    0x1c, 0xff, 0xac, 0x00, 0x00, 0x00, 0x00, 0x00, 0x0c, 0xff, 0xbc, /* 行 8 */
    0x1c, 0xff, 0xac, 0x00, 0x00, 0x00, 0x00, 0x00, 0x0c, 0xff, 0xbc, /* 行 9 */
    0x1c, 0xff, 0xac, 0x00, 0x00, 0x00, 0x00, 0x00, 0x0c, 0xff, 0xbc, /* 行10 */
    0x1c, 0xff, 0xac, 0x00, 0x00, 0x00, 0x00, 0x00, 0x0c, 0xff, 0xbc, /* 行11 */
};

/* 字符 111: o    */
/*
 *     ░░▓▓██████▓▓░░      
 *   ▒▒████▓▓▓▓▓▓████▒▒    
 * ░░████░░      ░░████░░  
 * ▒▒██▓▓          ░░██▓▓  
 * ▓▓██░░            ████  
 * ▓▓██░░            ████░░
 * ▓▓██░░            ████░░
 * ▓▓██░░            ████  
 * ▒▒██▓▓          ░░██▓▓  
 * ░░████░░      ░░████░░  
 *   ░░████▓▓▓▓▓▓████▒▒    
 *     ░░▓▓██████▓▓▒▒      
 */
static const unsigned char open_sans_22px_char_111_bitmap[] = {
    0x00, 0x00, 0x24, 0x9d, 0xe1, 0xf9, 0xec, 0xb4, 0x3f, 0x00, 0x00, 0x00, /* 行 0 */
    0x00, 0x40, 0xf3, 0xfa, 0xad, 0x8a, 0xa0, 0xed, 0xfe, 0x6e, 0x00, 0x00, /* 行 1 */
    0x0b, 0xe8, 0xf2, 0x32, 0x00, 0x00, 0x00, 0x13, 0xd1, 0xfc, 0x33, 0x00, /* 行 2 */
    0x64, 0xff, 0x81, 0x00, 0x00, 0x00, 0x00, 0x00, 0x3e, 0xff, 0xa6, 0x00, /* 行 3 */
    0xa2, 0xff, 0x37, 0x00, 0x00, 0x00, 0x00, 0x00, 0x00, 0xf0, 0xe6, 0x00, /* 行 4 */
    0xbc, 0xff, 0x1a, 0x00, 0x00, 0x00, 0x00, 0x00, 0x00, 0xd3, 0xfe, 0x04, /* 行 5 */
    0xb8, 0xff, 0x1a, 0x00, 0x00, 0x00, 0x00, 0x00, 0x00, 0xd4, 0xfe, 0x03, /* 行 6 */
    0x9c, 0xff, 0x39, 0x00, 0x00, 0x00, 0x00, 0x00, 0x00, 0xf0, 0xe7, 0x00, /* 行 7 */
    0x56, 0xff, 0x85, 0x00, 0x00, 0x00, 0x00, 0x00, 0x3d, 0xff, 0xa9, 0x00, /* 行 8 */
    0x09, 0xdc, 0xf5, 0x35, 0x00, 0x00, 0x00, 0x11, 0xcf, 0xfe, 0x39, 0x00, /* 行 9 */
    0x00, 0x34, 0xeb, 0xfa, 0xac, 0x85, 0x9a, 0xea, 0xff, 0x77, 0x00, 0x00, /* 行10 */
    0x00, 0x00, 0x1e, 0x93, 0xde, 0xf9, 0xec, 0xb4, 0x44, 0x00, 0x00, 0x00, /* 行11 */
};

/* 字符 112: p    */
/*
 * ░░██▒▒░░▓▓██████▓▓░░    
 * ░░██▓▓████▓▓▓▓██████░░  
 * ░░████▓▓░░    ░░▓▓██▓▓  
 * ░░████░░        ░░████  
 * ░░████            ▓▓██░░
 * ░░██▓▓            ▓▓██░░
 * ░░██▓▓            ▓▓██░░
 * ░░████            ████░░
 * ░░████░░        ░░████  
 * ░░████▓▓░░    ░░▓▓██▓▓  
 * ░░████████▓▓▓▓██████░░  
 * ░░██▓▓░░▓▓██████▓▓░░    
 * ░░██▓▓                  
 * ░░██▓▓                  
 * ░░██▓▓                  
 * ░░██▓▓                  
 * ░░██▓▓                  
 */
static const unsigned char open_sans_22px_char_112_bitmap[] = {
    0x1c, 0xff, 0x69, 0x20, 0xa4, 0xe8, 0xf9, 0xdd, 0x8a, 0x0e, 0x00, 0x00, /* 行 0 */
    0x1c, 0xff, 0xb0, 0xea, 0xd5, 0x9d, 0x8f, 0xd5, 0xff, 0xcf, 0x0b, 0x00, /* 行 1 */
    0x1c, 0xff, 0xff, 0x92, 0x03, 0x00, 0x00, 0x03, 0xa5, 0xff, 0x86, 0x00, /* 行 2 */
    0x1c, 0xff, 0xf2, 0x08, 0x00, 0x00, 0x00, 0x00, 0x10, 0xf6, 0xe9, 0x00, /* 行 3 */
    0x1c, 0xff, 0xc1, 0x00, 0x00, 0x00, 0x00, 0x00, 0x00, 0xbb, 0xff, 0x20, /* 行 4 */
    0x1c, 0xff, 0xae, 0x00, 0x00, 0x00, 0x00, 0x00, 0x00, 0x9e, 0xff, 0x38, /* 行 5 */
    0x1c, 0xff, 0xb1, 0x00, 0x00, 0x00, 0x00, 0x00, 0x00, 0xa8, 0xff, 0x37, /* 行 6 */
    0x1c, 0xff, 0xc9, 0x00, 0x00, 0x00, 0x00, 0x00, 0x00, 0xc6, 0xff, 0x20, /* 行 7 */
    0x1c, 0xff, 0xf8, 0x0e, 0x00, 0x00, 0x00, 0x00, 0x1f, 0xfb, 0xe7, 0x00, /* 行 8 */
    0x1c, 0xff, 0xff, 0x97, 0x01, 0x00, 0x00, 0x03, 0xaa, 0xff, 0x83, 0x00, /* 行 9 */
    0x1c, 0xff, 0xc1, 0xf1, 0xd2, 0x8e, 0x8a, 0xd2, 0xff, 0xcc, 0x0a, 0x00, /* 行10 */
    0x1c, 0xff, 0x9f, 0x26, 0xa7, 0xe9, 0xfa, 0xdd, 0x87, 0x0d, 0x00, 0x00, /* 行11 */
    0x1c, 0xff, 0xab, 0x00, 0x00, 0x00, 0x00, 0x00, 0x00, 0x00, 0x00, 0x00, /* 行12 */
    0x1c, 0xff, 0xac, 0x00, 0x00, 0x00, 0x00, 0x00, 0x00, 0x00, 0x00, 0x00, /* 行13 */
    0x1c, 0xff, 0xac, 0x00, 0x00, 0x00, 0x00, 0x00, 0x00, 0x00, 0x00, 0x00, /* 行14 */
    0x1c, 0xff, 0xac, 0x00, 0x00, 0x00, 0x00, 0x00, 0x00, 0x00, 0x00, 0x00, /* 行15 */
    0x1c, 0xff, 0xac, 0x00, 0x00, 0x00, 0x00, 0x00, 0x00, 0x00, 0x00, 0x00, /* 行16 */
};

/* 字符 113: q    */
/*
 *     ▒▒▓▓██████▒▒  ██▓▓
 *   ▒▒████▓▓▓▓▓▓██▓▓██▓▓
 * ░░████░░      ░░████▓▓
 * ▒▒██▓▓          ▓▓██▓▓
 * ▓▓██░░          ▒▒██▓▓
 * ▓▓██░░          ░░██▓▓
 * ▓▓██░░          ░░██▓▓
 * ▓▓██░░          ▒▒██▓▓
 * ▒▒██▒▒          ▓▓██▓▓
 * ░░████░░      ░░████▓▓
 *   ▒▒████▓▓▓▓▓▓██▓▓██▓▓
 *     ▒▒████████▒▒░░██▓▓
 *                 ░░██▓▓
 *                 ░░██▓▓
 *                 ░░██▓▓
 *                 ░░██▓▓
 *                 ░░██▓▓
 */
static const unsigned char open_sans_22px_char_113_bitmap[] = {
    0x00, 0x00, 0x43, 0xbc, 0xf1, 0xf5, 0xcb, 0x60, 0x00, 0xe3, 0x98, /* 行 0 */
    0x00, 0x5d, 0xfe, 0xf4, 0x9f, 0x86, 0xa9, 0xf9, 0x97, 0xfe, 0x98, /* 行 1 */
    0x14, 0xf3, 0xf1, 0x29, 0x00, 0x00, 0x00, 0x2f, 0xf4, 0xff, 0x98, /* 行 2 */
    0x6c, 0xff, 0x8d, 0x00, 0x00, 0x00, 0x00, 0x00, 0x8f, 0xff, 0x98, /* 行 3 */
    0xa4, 0xff, 0x3e, 0x00, 0x00, 0x00, 0x00, 0x00, 0x4f, 0xff, 0x98, /* 行 4 */
    0xbc, 0xff, 0x22, 0x00, 0x00, 0x00, 0x00, 0x00, 0x37, 0xff, 0x98, /* 行 5 */
    0xbd, 0xff, 0x19, 0x00, 0x00, 0x00, 0x00, 0x00, 0x33, 0xff, 0x98, /* 行 6 */
    0xa6, 0xff, 0x33, 0x00, 0x00, 0x00, 0x00, 0x00, 0x48, 0xff, 0x98, /* 行 7 */
    0x6f, 0xff, 0x77, 0x00, 0x00, 0x00, 0x00, 0x00, 0x82, 0xff, 0x98, /* 行 8 */
    0x17, 0xf5, 0xea, 0x21, 0x00, 0x00, 0x00, 0x2a, 0xec, 0xff, 0x98, /* 行 9 */
    0x00, 0x63, 0xff, 0xf1, 0x9d, 0x89, 0xad, 0xf8, 0xa8, 0xff, 0x98, /* 行10 */
    0x00, 0x00, 0x48, 0xc0, 0xf3, 0xf5, 0xcb, 0x61, 0x2d, 0xff, 0x98, /* 行11 */
    0x00, 0x00, 0x00, 0x00, 0x00, 0x00, 0x00, 0x00, 0x30, 0xff, 0x98, /* 行12 */
    0x00, 0x00, 0x00, 0x00, 0x00, 0x00, 0x00, 0x00, 0x30, 0xff, 0x98, /* 行13 */
    0x00, 0x00, 0x00, 0x00, 0x00, 0x00, 0x00, 0x00, 0x30, 0xff, 0x98, /* 行14 */
    0x00, 0x00, 0x00, 0x00, 0x00, 0x00, 0x00, 0x00, 0x30, 0xff, 0x98, /* 行15 */
    0x00, 0x00, 0x00, 0x00, 0x00, 0x00, 0x00, 0x00, 0x30, 0xff, 0x98, /* 行16 */
};

/* 字符 114: r    */
/*
 * ░░██▒▒░░▒▒████▓▓
 * ░░██▒▒▓▓██▓▓▓▓▒▒
 * ░░██████░░      
 * ░░████░░        
 * ░░████          
 * ░░██▓▓          
 * ░░██▓▓          
 * ░░██▓▓          
 * ░░██▓▓          
 * ░░██▓▓          
 * ░░██▓▓          
 * ░░██▓▓          
 */
static const unsigned char open_sans_22px_char_114_bitmap[] = {
    0x1c, 0xff, 0x66, 0x04, 0x7d, 0xe0, 0xf8, 0x8c, /* 行 0 */
    0x1c, 0xff, 0x7c, 0xac, 0xf9, 0xb7, 0xab, 0x5d, /* 行 1 */
    0x1c, 0xff, 0xe7, 0xdf, 0x26, 0x00, 0x00, 0x00, /* 行 2 */
    0x1c, 0xff, 0xff, 0x39, 0x00, 0x00, 0x00, 0x00, /* 行 3 */
    0x1c, 0xff, 0xd3, 0x00, 0x00, 0x00, 0x00, 0x00, /* 行 4 */
    0x1c, 0xff, 0xb0, 0x00, 0x00, 0x00, 0x00, 0x00, /* 行 5 */
    0x1c, 0xff, 0xac, 0x00, 0x00, 0x00, 0x00, 0x00, /* 行 6 */
    0x1c, 0xff, 0xac, 0x00, 0x00, 0x00, 0x00, 0x00, /* 行 7 */
    0x1c, 0xff, 0xac, 0x00, 0x00, 0x00, 0x00, 0x00, /* 行 8 */
    0x1c, 0xff, 0xac, 0x00, 0x00, 0x00, 0x00, 0x00, /* 行 9 */
    0x1c, 0xff, 0xac, 0x00, 0x00, 0x00, 0x00, 0x00, /* 行10 */
    0x1c, 0xff, 0xac, 0x00, 0x00, 0x00, 0x00, 0x00, /* 行11 */
};

/* 字符 115: s    */
/*
 *   ░░▓▓████████▒▒░░
 * ▒▒████▓▓▓▓▓▓████░░
 * ████░░        ░░  
 * ████░░            
 * ▒▒████▒▒░░        
 *   ▒▒██████▓▓░░    
 *     ░░▒▒██████▒▒  
 *           ░░████░░
 *             ▒▒██▒▒
 *             ▒▒██▒▒
 * ██▓▓▓▓▒▒▓▓▓▓████░░
 * ▒▒██████████▒▒░░  
 */
static const unsigned char open_sans_22px_char_115_bitmap[] = {
    0x00, 0x3d, 0xaf, 0xe1, 0xf8, 0xe5, 0xc0, 0x73, 0x0c, /* 行 0 */
    0x58, 0xfe, 0xe3, 0x97, 0x87, 0xa2, 0xdf, 0xe6, 0x05, /* 行 1 */
    0xc8, 0xf1, 0x10, 0x00, 0x00, 0x00, 0x00, 0x18, 0x00, /* 行 2 */
    0xcd, 0xf7, 0x10, 0x00, 0x00, 0x00, 0x00, 0x00, 0x00, /* 行 3 */
    0x6e, 0xff, 0xd9, 0x5a, 0x07, 0x00, 0x00, 0x00, 0x00, /* 行 4 */
    0x00, 0x67, 0xe9, 0xff, 0xed, 0x91, 0x23, 0x00, 0x00, /* 行 5 */
    0x00, 0x00, 0x07, 0x59, 0xc0, 0xff, 0xfa, 0x76, 0x00, /* 行 6 */
    0x00, 0x00, 0x00, 0x00, 0x00, 0x38, 0xde, 0xff, 0x36, /* 行 7 */
    0x00, 0x00, 0x00, 0x00, 0x00, 0x00, 0x52, 0xff, 0x71, /* 行 8 */
    0x00, 0x00, 0x00, 0x00, 0x00, 0x00, 0x7c, 0xff, 0x59, /* 行 9 */
    0xc0, 0xb6, 0x91, 0x7f, 0x85, 0xb6, 0xfe, 0xd1, 0x08, /* 行10 */
    0x70, 0xc9, 0xee, 0xfc, 0xed, 0xce, 0x76, 0x0d, 0x00, /* 行11 */
};

/* 字符 116: t    */
/*
 *     ▒▒██        
 *     ▓▓██        
 *   ░░████        
 * ▒▒████████████░░
 * ▒▒▒▒████▒▒▒▒▒▒░░
 *     ████        
 *     ████        
 *     ████        
 *     ████        
 *     ████        
 *     ████        
 *     ████        
 *     ████░░      
 *     ▒▒████▓▓▓▓░░
 *     ░░▒▒██████░░
 */
static const unsigned char open_sans_22px_char_116_bitmap[] = {
    0x00, 0x00, 0x60, 0xcc, 0x00, 0x00, 0x00, 0x00, /* 行 0 */
    0x00, 0x00, 0xa7, 0xcc, 0x00, 0x00, 0x00, 0x00, /* 行 1 */
    0x00, 0x19, 0xec, 0xcc, 0x00, 0x00, 0x00, 0x00, /* 行 2 */
    0x75, 0xf9, 0xff, 0xff, 0xff, 0xff, 0xff, 0x38, /* 行 3 */
    0x43, 0x64, 0xfd, 0xe0, 0x64, 0x64, 0x64, 0x15, /* 行 4 */
    0x00, 0x00, 0xfc, 0xcc, 0x00, 0x00, 0x00, 0x00, /* 行 5 */
    0x00, 0x00, 0xfc, 0xcc, 0x00, 0x00, 0x00, 0x00, /* 行 6 */
    0x00, 0x00, 0xfc, 0xcc, 0x00, 0x00, 0x00, 0x00, /* 行 7 */
    0x00, 0x00, 0xfc, 0xcc, 0x00, 0x00, 0x00, 0x00, /* 行 8 */
    0x00, 0x00, 0xfc, 0xcc, 0x00, 0x00, 0x00, 0x00, /* 行 9 */
    0x00, 0x00, 0xfc, 0xcc, 0x00, 0x00, 0x00, 0x00, /* 行10 */
    0x00, 0x00, 0xf6, 0xd3, 0x00, 0x00, 0x00, 0x00, /* 行11 */
    0x00, 0x00, 0xd6, 0xf7, 0x17, 0x00, 0x00, 0x00, /* 行12 */
    0x00, 0x00, 0x7a, 0xff, 0xd9, 0x83, 0x88, 0x34, /* 行13 */
    0x00, 0x00, 0x05, 0x7f, 0xdd, 0xf8, 0xe2, 0x3a, /* 行14 */
};

/* 字符 117: u    */
/*
 * ░░██▓▓          ░░██▓▓
 * ░░██▓▓          ░░██▓▓
 * ░░██▓▓          ░░██▓▓
 * ░░██▓▓          ░░██▓▓
 * ░░██▓▓          ░░██▓▓
 * ░░██▓▓          ░░██▓▓
 * ░░██▓▓          ░░██▓▓
 * ░░██▓▓          ▒▒██▓▓
 * ░░██▓▓          ▓▓██▓▓
 * ░░████░░      ░░████▓▓
 *   ▓▓████▓▓▓▓▓▓██▓▓██▓▓
 *   ░░▒▒████████▒▒  ██▓▓
 */
static const unsigned char open_sans_22px_char_117_bitmap[] = {
    0x3c, 0xff, 0x90, 0x00, 0x00, 0x00, 0x00, 0x00, 0x2c, 0xff, 0x9c, /* 行 0 */
    0x3c, 0xff, 0x90, 0x00, 0x00, 0x00, 0x00, 0x00, 0x2c, 0xff, 0x9c, /* 行 1 */
    0x3c, 0xff, 0x90, 0x00, 0x00, 0x00, 0x00, 0x00, 0x2c, 0xff, 0x9c, /* 行 2 */
    0x3c, 0xff, 0x90, 0x00, 0x00, 0x00, 0x00, 0x00, 0x2c, 0xff, 0x9c, /* 行 3 */
    0x3c, 0xff, 0x90, 0x00, 0x00, 0x00, 0x00, 0x00, 0x2c, 0xff, 0x9c, /* 行 4 */
    0x3c, 0xff, 0x90, 0x00, 0x00, 0x00, 0x00, 0x00, 0x2c, 0xff, 0x9c, /* 行 5 */
    0x3c, 0xff, 0x90, 0x00, 0x00, 0x00, 0x00, 0x00, 0x30, 0xff, 0x9c, /* 行 6 */
    0x3b, 0xff, 0x91, 0x00, 0x00, 0x00, 0x00, 0x00, 0x46, 0xff, 0x9c, /* 行 7 */
    0x2e, 0xff, 0xac, 0x00, 0x00, 0x00, 0x00, 0x00, 0x82, 0xff, 0x9c, /* 行 8 */
    0x07, 0xf5, 0xf4, 0x1e, 0x00, 0x00, 0x00, 0x28, 0xef, 0xff, 0x9c, /* 行 9 */
    0x00, 0x86, 0xff, 0xee, 0x9c, 0x85, 0xa8, 0xf7, 0x9c, 0xff, 0x9c, /* 行10 */
    0x00, 0x02, 0x6e, 0xd0, 0xf7, 0xf5, 0xca, 0x62, 0x00, 0xee, 0x9c, /* 行11 */
};

/* 字符 118: v    */
/*
 * ████░░          ░░████  
 * ▒▒██▒▒          ▒▒██▒▒  
 * ░░████          ████░░  
 *   ▓▓██░░      ░░██▓▓    
 *   ▒▒██▓▓      ▒▒██▒▒    
 *   ░░████      ████░░    
 *     ▓▓██░░  ░░██▓▓      
 *     ░░██▓▓  ▓▓██░░      
 *       ████░░████        
 *       ▒▒██▒▒██▒▒        
 *       ░░██████░░        
 *         ▓▓██▓▓          
 */
static const unsigned char open_sans_22px_char_118_bitmap[] = {
    0xd0, 0xfc, 0x18, 0x00, 0x00, 0x00, 0x00, 0x00, 0x16, 0xfb, 0xd3, 0x00, /* 行 0 */
    0x71, 0xff, 0x6f, 0x00, 0x00, 0x00, 0x00, 0x00, 0x6d, 0xff, 0x74, 0x00, /* 行 1 */
    0x16, 0xfb, 0xca, 0x00, 0x00, 0x00, 0x00, 0x00, 0xc9, 0xfc, 0x19, 0x00, /* 行 2 */
    0x00, 0xb3, 0xff, 0x26, 0x00, 0x00, 0x00, 0x24, 0xff, 0xb5, 0x00, 0x00, /* 行 3 */
    0x00, 0x53, 0xff, 0x80, 0x00, 0x00, 0x00, 0x7f, 0xff, 0x56, 0x00, 0x00, /* 行 4 */
    0x00, 0x06, 0xed, 0xdb, 0x00, 0x00, 0x00, 0xd9, 0xef, 0x08, 0x00, 0x00, /* 行 5 */
    0x00, 0x00, 0x95, 0xff, 0x36, 0x00, 0x35, 0xff, 0x97, 0x00, 0x00, 0x00, /* 行 6 */
    0x00, 0x00, 0x35, 0xff, 0x90, 0x00, 0x8f, 0xff, 0x38, 0x00, 0x00, 0x00, /* 行 7 */
    0x00, 0x00, 0x00, 0xd6, 0xe4, 0x03, 0xe5, 0xd8, 0x00, 0x00, 0x00, 0x00, /* 行 8 */
    0x00, 0x00, 0x00, 0x77, 0xff, 0x70, 0xff, 0x79, 0x00, 0x00, 0x00, 0x00, /* 行 9 */
    0x00, 0x00, 0x00, 0x1a, 0xfc, 0xef, 0xfd, 0x1d, 0x00, 0x00, 0x00, 0x00, /* 行10 */
    0x00, 0x00, 0x00, 0x00, 0xb8, 0xff, 0xbb, 0x00, 0x00, 0x00, 0x00, 0x00, /* 行11 */
};

/* 字符 119: w    */
/*
 * ▓▓██░░        ▓▓██▓▓        ░░██▓▓
 * ▒▒██▒▒        ██████░░      ▒▒██▒▒
 * ░░██▓▓      ░░██▓▓██▒▒      ▓▓██░░
 *   ████░░    ▒▒██░░██▓▓      ████░░
 *   ▓▓██░░    ████  ████░░  ░░██▓▓  
 *   ▒▒██▒▒  ░░██▓▓  ▒▒██░░  ▒▒██▒▒  
 *   ░░██▓▓  ▒▒██▒▒  ░░██▓▓  ▓▓██░░  
 *     ▓▓██░░▓▓██░░    ████  ████    
 *     ▒▒██▒▒██▓▓      ▓▓██░░██▓▓    
 *     ░░██▓▓██▒▒      ▒▒██▓▓██▒▒    
 *     ░░██████░░      ░░██████░░    
 *       ▓▓██▓▓          ▓▓████      
 */
static const unsigned char open_sans_22px_char_119_bitmap[] = {
    0x9e, 0xff, 0x3f, 0x00, 0x00, 0x00, 0x00, 0x89, 0xff, 0xb2, 0x00, 0x00, 0x00, 0x00, 0x19, 0xff, 0xbc, /* 行 0 */
    0x59, 0xff, 0x7e, 0x00, 0x00, 0x00, 0x00, 0xd9, 0xff, 0xf6, 0x0a, 0x00, 0x00, 0x00, 0x5a, 0xff, 0x77, /* 行 1 */
    0x15, 0xfe, 0xbe, 0x00, 0x00, 0x00, 0x2a, 0xff, 0xb2, 0xff, 0x4f, 0x00, 0x00, 0x00, 0x9c, 0xff, 0x32, /* 行 2 */
    0x00, 0xd0, 0xf7, 0x07, 0x00, 0x00, 0x7b, 0xff, 0x36, 0xfd, 0x9e, 0x00, 0x00, 0x00, 0xdd, 0xeb, 0x01, /* 行 3 */
    0x00, 0x8b, 0xff, 0x3e, 0x00, 0x00, 0xcb, 0xe1, 0x00, 0xca, 0xe9, 0x02, 0x00, 0x1f, 0xff, 0xa7, 0x00, /* 行 4 */
    0x00, 0x47, 0xff, 0x7e, 0x00, 0x1d, 0xff, 0x95, 0x00, 0x7f, 0xff, 0x3a, 0x00, 0x61, 0xff, 0x62, 0x00, /* 行 5 */
    0x00, 0x09, 0xf8, 0xbe, 0x00, 0x6c, 0xff, 0x44, 0x00, 0x30, 0xff, 0x89, 0x00, 0xa2, 0xff, 0x1d, 0x00, /* 行 6 */
    0x00, 0x00, 0xbd, 0xf7, 0x07, 0xba, 0xee, 0x04, 0x00, 0x00, 0xe1, 0xd4, 0x00, 0xe2, 0xd7, 0x00, 0x00, /* 行 7 */
    0x00, 0x00, 0x79, 0xff, 0x45, 0xf8, 0xa1, 0x00, 0x00, 0x00, 0x93, 0xff, 0x3f, 0xff, 0x92, 0x00, 0x00, /* 行 8 */
    0x00, 0x00, 0x34, 0xff, 0xb0, 0xff, 0x4f, 0x00, 0x00, 0x00, 0x45, 0xff, 0xb0, 0xff, 0x4c, 0x00, 0x00, /* 行 9 */
    0x00, 0x00, 0x02, 0xec, 0xfd, 0xf4, 0x09, 0x00, 0x00, 0x00, 0x05, 0xf0, 0xfe, 0xfa, 0x0c, 0x00, 0x00, /* 行10 */
    0x00, 0x00, 0x00, 0xaa, 0xff, 0xac, 0x00, 0x00, 0x00, 0x00, 0x00, 0xa7, 0xff, 0xc2, 0x00, 0x00, 0x00, /* 行11 */
};

/* 字符 120: x    */
/*
 * ░░████░░        ▒▒██▓▓  
 *   ▒▒██▓▓      ░░████░░  
 *     ▓▓██▒▒  ░░████░░    
 *     ░░████░░▒▒██▒▒      
 *       ░░██████▓▓░░      
 *         ▓▓████░░        
 *         ▓▓████░░        
 *       ▒▒██▓▓████░░      
 *     ░░████░░▒▒██▓▓      
 *   ░░████░░    ▓▓██▒▒    
 *   ▓▓██▒▒      ░░████░░  
 * ░░████░░        ▒▒██▓▓░░
 */
static const unsigned char open_sans_22px_char_120_bitmap[] = {
    0x17, 0xeb, 0xeb, 0x16, 0x00, 0x00, 0x00, 0x00, 0x7a, 0xff, 0x86, 0x00, /* 行 0 */
    0x00, 0x50, 0xff, 0xaf, 0x00, 0x00, 0x00, 0x2c, 0xf9, 0xce, 0x05, 0x00, /* 行 1 */
    0x00, 0x00, 0x9d, 0xff, 0x5c, 0x00, 0x04, 0xcc, 0xf7, 0x29, 0x00, 0x00, /* 行 2 */
    0x00, 0x00, 0x0c, 0xdd, 0xef, 0x1b, 0x7d, 0xff, 0x6d, 0x00, 0x00, 0x00, /* 行 3 */
    0x00, 0x00, 0x00, 0x3a, 0xfc, 0xc9, 0xf9, 0xb9, 0x01, 0x00, 0x00, 0x00, /* 行 4 */
    0x00, 0x00, 0x00, 0x00, 0x88, 0xff, 0xf1, 0x1a, 0x00, 0x00, 0x00, 0x00, /* 行 5 */
    0x00, 0x00, 0x00, 0x00, 0xb6, 0xff, 0xfd, 0x3d, 0x00, 0x00, 0x00, 0x00, /* 行 6 */
    0x00, 0x00, 0x00, 0x6b, 0xff, 0x97, 0xe7, 0xe0, 0x0e, 0x00, 0x00, 0x00, /* 行 7 */
    0x00, 0x00, 0x28, 0xf6, 0xd1, 0x06, 0x4c, 0xff, 0xa2, 0x00, 0x00, 0x00, /* 行 8 */
    0x00, 0x05, 0xcd, 0xf9, 0x2e, 0x00, 0x00, 0x9f, 0xff, 0x56, 0x00, 0x00, /* 行 9 */
    0x00, 0x87, 0xff, 0x78, 0x00, 0x00, 0x00, 0x0e, 0xe2, 0xee, 0x1b, 0x00, /* 行10 */
    0x3c, 0xfd, 0xc5, 0x02, 0x00, 0x00, 0x00, 0x00, 0x44, 0xfe, 0xbc, 0x01, /* 行11 */
};

/* 字符 121: y    */
/*
 * ████░░          ░░████░░
 * ▒▒██▒▒          ▒▒██▒▒  
 * ░░████░░        ████░░  
 *   ▓▓██▒▒      ░░██▓▓    
 *   ░░██▓▓      ▒▒██▒▒    
 *     ████░░    ████░░    
 *     ▒▒██▒▒  ░░██▓▓      
 *     ░░████  ▓▓██░░      
 *       ▓▓██░░████        
 *       ░░██▓▓██▒▒        
 *         ██████░░        
 *         ▒▒██▓▓          
 *         ▓▓██▒▒          
 *       ░░████░░          
 *       ▒▒██▒▒            
 * ▒▒▓▓▓▓████░░            
 * ▓▓████▓▓░░              
 */
static const unsigned char open_sans_22px_char_121_bitmap[] = {
    0xc9, 0xfd, 0x1f, 0x00, 0x00, 0x00, 0x00, 0x00, 0x0f, 0xf7, 0xdd, 0x01, /* 行 0 */
    0x61, 0xff, 0x7f, 0x00, 0x00, 0x00, 0x00, 0x00, 0x64, 0xff, 0x7d, 0x00, /* 行 1 */
    0x0a, 0xf0, 0xe0, 0x02, 0x00, 0x00, 0x00, 0x00, 0xc1, 0xfe, 0x1e, 0x00, /* 行 2 */
    0x00, 0x93, 0xff, 0x45, 0x00, 0x00, 0x00, 0x1f, 0xfe, 0xbb, 0x00, 0x00, /* 行 3 */
    0x00, 0x2c, 0xff, 0xa7, 0x00, 0x00, 0x00, 0x7b, 0xff, 0x5a, 0x00, 0x00, /* 行 4 */
    0x00, 0x00, 0xc5, 0xf8, 0x12, 0x00, 0x00, 0xd7, 0xf0, 0x09, 0x00, 0x00, /* 行 5 */
    0x00, 0x00, 0x5e, 0xff, 0x6d, 0x00, 0x33, 0xff, 0x98, 0x00, 0x00, 0x00, /* 行 6 */
    0x00, 0x00, 0x08, 0xee, 0xca, 0x00, 0x8e, 0xff, 0x37, 0x00, 0x00, 0x00, /* 行 7 */
    0x00, 0x00, 0x00, 0x90, 0xff, 0x24, 0xe4, 0xd6, 0x00, 0x00, 0x00, 0x00, /* 行 8 */
    0x00, 0x00, 0x00, 0x29, 0xff, 0xa5, 0xff, 0x75, 0x00, 0x00, 0x00, 0x00, /* 行 9 */
    0x00, 0x00, 0x00, 0x00, 0xc2, 0xff, 0xfc, 0x18, 0x00, 0x00, 0x00, 0x00, /* 行10 */
    0x00, 0x00, 0x00, 0x00, 0x5f, 0xff, 0xb3, 0x00, 0x00, 0x00, 0x00, 0x00, /* 行11 */
    0x00, 0x00, 0x00, 0x00, 0x83, 0xff, 0x52, 0x00, 0x00, 0x00, 0x00, 0x00, /* 行12 */
    0x00, 0x00, 0x00, 0x06, 0xe4, 0xe9, 0x06, 0x00, 0x00, 0x00, 0x00, 0x00, /* 行13 */
    0x00, 0x00, 0x00, 0x7f, 0xff, 0x7b, 0x00, 0x00, 0x00, 0x00, 0x00, 0x00, /* 行14 */
    0x78, 0x83, 0xb6, 0xff, 0xd1, 0x09, 0x00, 0x00, 0x00, 0x00, 0x00, 0x00, /* 行15 */
    0xb6, 0xf6, 0xe4, 0x96, 0x13, 0x00, 0x00, 0x00, 0x00, 0x00, 0x00, 0x00, /* 行16 */
};

/* 字符 122: z    */
/*
 *   ▓▓██████████████▒▒
 *   ▒▒▒▒▒▒▒▒▒▒▒▒████░░
 *             ▒▒██▓▓  
 *           ░░████░░  
 *         ░░████░░    
 *         ▓▓██▒▒      
 *       ░░████░░      
 *     ░░████░░        
 *     ▓▓██▒▒          
 *   ▒▒██▓▓            
 * ░░████▒▒▒▒▒▒▒▒▒▒▒▒░░
 * ░░████████████████▒▒
 */
static const unsigned char open_sans_22px_char_122_bitmap[] = {
    0x00, 0xb8, 0xff, 0xff, 0xff, 0xff, 0xff, 0xff, 0xff, 0x44, /* 行 0 */
    0x00, 0x47, 0x64, 0x64, 0x64, 0x64, 0x66, 0xed, 0xfc, 0x29, /* 行 1 */
    0x00, 0x00, 0x00, 0x00, 0x00, 0x00, 0x73, 0xff, 0x85, 0x00, /* 行 2 */
    0x00, 0x00, 0x00, 0x00, 0x00, 0x2a, 0xf7, 0xcf, 0x05, 0x00, /* 行 3 */
    0x00, 0x00, 0x00, 0x00, 0x05, 0xcd, 0xf8, 0x2b, 0x00, 0x00, /* 行 4 */
    0x00, 0x00, 0x00, 0x00, 0x83, 0xff, 0x72, 0x00, 0x00, 0x00, /* 行 5 */
    0x00, 0x00, 0x00, 0x36, 0xfc, 0xc0, 0x01, 0x00, 0x00, 0x00, /* 行 6 */
    0x00, 0x00, 0x09, 0xd8, 0xf1, 0x1f, 0x00, 0x00, 0x00, 0x00, /* 行 7 */
    0x00, 0x00, 0x92, 0xff, 0x60, 0x00, 0x00, 0x00, 0x00, 0x00, /* 行 8 */
    0x00, 0x43, 0xfe, 0xaf, 0x00, 0x00, 0x00, 0x00, 0x00, 0x00, /* 行 9 */
    0x0a, 0xe2, 0xfe, 0x79, 0x64, 0x64, 0x64, 0x64, 0x64, 0x2a, /* 行10 */
    0x20, 0xff, 0xff, 0xff, 0xff, 0xff, 0xff, 0xff, 0xff, 0x6c, /* 行11 */
};

/* 字符 123: {    */
/*
 *         ░░▓▓██▓▓
 *       ░░████▓▓▒▒
 *       ▓▓██▒▒    
 *       ▓▓██░░    
 *       ▓▓██░░    
 *       ▓▓██░░    
 *       ▓▓██░░    
 *     ░░████░░    
 * ░░▒▒▓▓██▒▒      
 * ▒▒████▒▒        
 * ░░▒▒▓▓██▒▒      
 *     ░░████░░    
 *       ▓▓██░░    
 *       ▓▓██░░    
 *       ▓▓██░░    
 *       ▓▓██░░    
 *       ▓▓██▒▒    
 *       ░░████▓▓▒▒
 *         ░░▓▓██▓▓
 */
static const unsigned char open_sans_22px_char_123_bitmap[] = {
    0x00, 0x00, 0x00, 0x00, 0x1e, 0x99, 0xdb, 0x8e, /* 行 0 */
    0x00, 0x00, 0x00, 0x22, 0xee, 0xfd, 0xb0, 0x4e, /* 行 1 */
    0x00, 0x00, 0x00, 0x8e, 0xff, 0x6d, 0x00, 0x00, /* 行 2 */
    0x00, 0x00, 0x00, 0xb1, 0xff, 0x23, 0x00, 0x00, /* 行 3 */
    0x00, 0x00, 0x00, 0xb4, 0xff, 0x1c, 0x00, 0x00, /* 行 4 */
    0x00, 0x00, 0x00, 0xb4, 0xff, 0x1c, 0x00, 0x00, /* 行 5 */
    0x00, 0x00, 0x00, 0xb5, 0xff, 0x1a, 0x00, 0x00, /* 行 6 */
    0x00, 0x00, 0x03, 0xdd, 0xf7, 0x04, 0x00, 0x00, /* 行 7 */
    0x17, 0x58, 0xb4, 0xff, 0x76, 0x00, 0x00, 0x00, /* 行 8 */
    0x58, 0xff, 0xef, 0x5c, 0x00, 0x00, 0x00, 0x00, /* 行 9 */
    0x17, 0x59, 0xba, 0xff, 0x75, 0x00, 0x00, 0x00, /* 行10 */
    0x00, 0x00, 0x04, 0xdf, 0xf7, 0x03, 0x00, 0x00, /* 行11 */
    0x00, 0x00, 0x00, 0xb6, 0xff, 0x1a, 0x00, 0x00, /* 行12 */
    0x00, 0x00, 0x00, 0xb4, 0xff, 0x1c, 0x00, 0x00, /* 行13 */
    0x00, 0x00, 0x00, 0xb4, 0xff, 0x1c, 0x00, 0x00, /* 行14 */
    0x00, 0x00, 0x00, 0xb1, 0xff, 0x22, 0x00, 0x00, /* 行15 */
    0x00, 0x00, 0x00, 0x91, 0xff, 0x67, 0x00, 0x00, /* 行16 */
    0x00, 0x00, 0x00, 0x26, 0xf2, 0xfb, 0xac, 0x4d, /* 行17 */
    0x00, 0x00, 0x00, 0x00, 0x23, 0x9e, 0xdc, 0x8e, /* 行18 */
};

/* 字符 124: |    */
/*
 * ▓▓██
 * ▓▓██
 * ▓▓██
 * ▓▓██
 * ▓▓██
 * ▓▓██
 * ▓▓██
 * ▓▓██
 * ▓▓██
 * ▓▓██
 * ▓▓██
 * ▓▓██
 * ▓▓██
 * ▓▓██
 * ▓▓██
 * ▓▓██
 * ▓▓██
 * ▓▓██
 * ▓▓██
 * ▓▓██
 * ▓▓██
 * ▓▓██
 */
static const unsigned char open_sans_22px_char_124_bitmap[] = {
    0xb0, 0xd4, /* 行 0 */
    0xb0, 0xd4, /* 行 1 */
    0xb0, 0xd4, /* 行 2 */
    0xb0, 0xd4, /* 行 3 */
    0xb0, 0xd4, /* 行 4 */
    0xb0, 0xd4, /* 行 5 */
    0xb0, 0xd4, /* 行 6 */
    0xb0, 0xd4, /* 行 7 */
    0xb0, 0xd4, /* 行 8 */
    0xb0, 0xd4, /* 行 9 */
    0xb0, 0xd4, /* 行10 */
    0xb0, 0xd4, /* 行11 */
    0xb0, 0xd4, /* 行12 */
    0xb0, 0xd4, /* 行13 */
    0xb0, 0xd4, /* 行14 */
    0xb0, 0xd4, /* 行15 */
    0xb0, 0xd4, /* 行16 */
    0xb0, 0xd4, /* 行17 */
    0xb0, 0xd4, /* 行18 */
    0xb0, 0xd4, /* 行19 */
    0xb0, 0xd4, /* 行20 */
    0xb0, 0xd4, /* 行21 */
};

/* 字符 125: }    */
/*
 * ░░██▓▓▒▒        
 * ░░▓▓████▒▒      
 *     ░░████      
 *       ████░░    
 *       ████░░    
 *       ████░░    
 *       ████░░    
 *       ▓▓██░░    
 *       ░░████▒▒░░
 *         ░░████▓▓
 *       ░░████▒▒░░
 *       ▓▓██░░    
 *       ████░░    
 *       ████░░    
 *       ████░░    
 *       ████░░    
 *     ░░████      
 * ░░▓▓████▒▒      
 * ░░██▓▓▒▒        
 */
static const unsigned char open_sans_22px_char_125_bitmap[] = {
    0x37, 0xe7, 0xbb, 0x44, 0x00, 0x00, 0x00, 0x00, /* 行 0 */
    0x1c, 0x98, 0xed, 0xff, 0x61, 0x00, 0x00, 0x00, /* 行 1 */
    0x00, 0x00, 0x20, 0xf8, 0xde, 0x00, 0x00, 0x00, /* 行 2 */
    0x00, 0x00, 0x00, 0xcf, 0xfe, 0x02, 0x00, 0x00, /* 行 3 */
    0x00, 0x00, 0x00, 0xc8, 0xff, 0x04, 0x00, 0x00, /* 行 4 */
    0x00, 0x00, 0x00, 0xc8, 0xff, 0x04, 0x00, 0x00, /* 行 5 */
    0x00, 0x00, 0x00, 0xc6, 0xff, 0x05, 0x00, 0x00, /* 行 6 */
    0x00, 0x00, 0x00, 0xa8, 0xff, 0x30, 0x00, 0x00, /* 行 7 */
    0x00, 0x00, 0x00, 0x33, 0xef, 0xdb, 0x6a, 0x32, /* 行 8 */
    0x00, 0x00, 0x00, 0x00, 0x2d, 0xcf, 0xff, 0xb0, /* 行 9 */
    0x00, 0x00, 0x00, 0x39, 0xf2, 0xde, 0x6b, 0x32, /* 行10 */
    0x00, 0x00, 0x00, 0xab, 0xff, 0x33, 0x00, 0x00, /* 行11 */
    0x00, 0x00, 0x00, 0xc6, 0xff, 0x06, 0x00, 0x00, /* 行12 */
    0x00, 0x00, 0x00, 0xc8, 0xff, 0x04, 0x00, 0x00, /* 行13 */
    0x00, 0x00, 0x00, 0xc8, 0xff, 0x04, 0x00, 0x00, /* 行14 */
    0x00, 0x00, 0x00, 0xcf, 0xfe, 0x02, 0x00, 0x00, /* 行15 */
    0x00, 0x00, 0x1c, 0xf6, 0xdf, 0x00, 0x00, 0x00, /* 行16 */
    0x1b, 0x96, 0xea, 0xff, 0x66, 0x00, 0x00, 0x00, /* 行17 */
    0x37, 0xe8, 0xbd, 0x49, 0x00, 0x00, 0x00, 0x00, /* 行18 */
};

/* 字符 126: ~    */
/*
 * ░░▓▓████▓▓▒▒      ░░▒▒
 * ████▓▓▓▓██████▓▓▓▓██▒▒
 * ▓▓░░    ░░▒▒██████▓▓░░
 */
static const unsigned char open_sans_22px_char_126_bitmap[] = {
    0x2a, 0xbb, 0xf7, 0xe6, 0xac, 0x40, 0x00, 0x00, 0x00, 0x2b, 0x56, /* 行 0 */
    0xd7, 0xda, 0x8b, 0xa6, 0xf1, 0xff, 0xd1, 0x90, 0xa0, 0xf7, 0x66, /* 行 1 */
    0x80, 0x06, 0x00, 0x00, 0x0e, 0x6f, 0xcc, 0xf3, 0xe7, 0x81, 0x03, /* 行 2 */
};

/* 字符 127: DEL  */
/*
 * ██████████████████░░
 * ██▒▒░░░░░░░░░░░░██░░
 * ██░░          ░░██░░
 * ██░░          ░░██░░
 * ██░░          ░░██░░
 * ██░░          ░░██░░
 * ██░░          ░░██░░
 * ██░░          ░░██░░
 * ██░░          ░░██░░
 * ██░░          ░░██░░
 * ██░░          ░░██░░
 * ██░░          ░░██░░
 * ██░░          ░░██░░
 * ██░░          ░░██░░
 * ██▒▒░░░░░░░░░░░░██░░
 * ██████████████████░░
 */
static const unsigned char open_sans_22px_char_127_bitmap[] = {
    0xec, 0xff, 0xff, 0xff, 0xff, 0xff, 0xff, 0xff, 0xff, 0x1c, /* 行 0 */
    0xec, 0x46, 0x1c, 0x1c, 0x1c, 0x1c, 0x1c, 0x1f, 0xff, 0x1c, /* 行 1 */
    0xec, 0x30, 0x00, 0x00, 0x00, 0x00, 0x00, 0x04, 0xff, 0x1c, /* 行 2 */
    0xec, 0x30, 0x00, 0x00, 0x00, 0x00, 0x00, 0x04, 0xff, 0x1c, /* 行 3 */
    0xec, 0x30, 0x00, 0x00, 0x00, 0x00, 0x00, 0x04, 0xff, 0x1c, /* 行 4 */
    0xec, 0x30, 0x00, 0x00, 0x00, 0x00, 0x00, 0x04, 0xff, 0x1c, /* 行 5 */
    0xec, 0x30, 0x00, 0x00, 0x00, 0x00, 0x00, 0x04, 0xff, 0x1c, /* 行 6 */
    0xec, 0x30, 0x00, 0x00, 0x00, 0x00, 0x00, 0x04, 0xff, 0x1c, /* 行 7 */
    0xec, 0x30, 0x00, 0x00, 0x00, 0x00, 0x00, 0x04, 0xff, 0x1c, /* 行 8 */
    0xec, 0x30, 0x00, 0x00, 0x00, 0x00, 0x00, 0x04, 0xff, 0x1c, /* 行 9 */
    0xec, 0x30, 0x00, 0x00, 0x00, 0x00, 0x00, 0x04, 0xff, 0x1c, /* 行10 */
    0xec, 0x30, 0x00, 0x00, 0x00, 0x00, 0x00, 0x04, 0xff, 0x1c, /* 行11 */
    0xec, 0x30, 0x00, 0x00, 0x00, 0x00, 0x00, 0x04, 0xff, 0x1c, /* 行12 */
    0xec, 0x30, 0x00, 0x00, 0x00, 0x00, 0x00, 0x04, 0xff, 0x1c, /* 行13 */
    0xec, 0x4a, 0x20, 0x20, 0x20, 0x20, 0x20, 0x23, 0xff, 0x1c, /* 行14 */
    0xec, 0xff, 0xff, 0xff, 0xff, 0xff, 0xff, 0xff, 0xff, 0x1c, /* 行15 */
};

/* 字形结构体定义 */
static const  ipgui_glyph_t open_sans_22px_char_000 = {
    .cover_map = open_sans_22px_char_000_bitmap,
    .width = 10,
    .height = 16,
    .bearing_x = 2,
    .bearing_y = 16,
    .advance = 13
};

static const  ipgui_glyph_t open_sans_22px_char_001 = {
    .cover_map = open_sans_22px_char_001_bitmap,
    .width = 10,
    .height = 16,
    .bearing_x = 2,
    .bearing_y = 16,
    .advance = 13
};

static const  ipgui_glyph_t open_sans_22px_char_002 = {
    .cover_map = open_sans_22px_char_002_bitmap,
    .width = 10,
    .height = 16,
    .bearing_x = 2,
    .bearing_y = 16,
    .advance = 13
};

static const  ipgui_glyph_t open_sans_22px_char_003 = {
    .cover_map = open_sans_22px_char_003_bitmap,
    .width = 10,
    .height = 16,
    .bearing_x = 2,
    .bearing_y = 16,
    .advance = 13
};

static const  ipgui_glyph_t open_sans_22px_char_004 = {
    .cover_map = open_sans_22px_char_004_bitmap,
    .width = 10,
    .height = 16,
    .bearing_x = 2,
    .bearing_y = 16,
    .advance = 13
};

static const  ipgui_glyph_t open_sans_22px_char_005 = {
    .cover_map = open_sans_22px_char_005_bitmap,
    .width = 10,
    .height = 16,
    .bearing_x = 2,
    .bearing_y = 16,
    .advance = 13
};

static const  ipgui_glyph_t open_sans_22px_char_006 = {
    .cover_map = open_sans_22px_char_006_bitmap,
    .width = 10,
    .height = 16,
    .bearing_x = 2,
    .bearing_y = 16,
    .advance = 13
};

static const  ipgui_glyph_t open_sans_22px_char_007 = {
    .cover_map = open_sans_22px_char_007_bitmap,
    .width = 10,
    .height = 16,
    .bearing_x = 2,
    .bearing_y = 16,
    .advance = 13
};

static const  ipgui_glyph_t open_sans_22px_char_008 = {
    .cover_map = open_sans_22px_char_008_bitmap,
    .width = 10,
    .height = 16,
    .bearing_x = 2,
    .bearing_y = 16,
    .advance = 13
};

static const  ipgui_glyph_t open_sans_22px_char_009 = {
    .cover_map = open_sans_22px_char_009_bitmap,
    .width = 10,
    .height = 16,
    .bearing_x = 2,
    .bearing_y = 16,
    .advance = 44
};

static const  ipgui_glyph_t open_sans_22px_char_010 = {
    .cover_map = open_sans_22px_char_010_bitmap,
    .width = 10,
    .height = 16,
    .bearing_x = 2,
    .bearing_y = 16,
    .advance = 0
};

static const  ipgui_glyph_t open_sans_22px_char_011 = {
    .cover_map = open_sans_22px_char_011_bitmap,
    .width = 10,
    .height = 16,
    .bearing_x = 2,
    .bearing_y = 16,
    .advance = 13
};

static const  ipgui_glyph_t open_sans_22px_char_012 = {
    .cover_map = open_sans_22px_char_012_bitmap,
    .width = 10,
    .height = 16,
    .bearing_x = 2,
    .bearing_y = 16,
    .advance = 13
};

static const  ipgui_glyph_t open_sans_22px_char_013 = {
    .cover_map = open_sans_22px_char_013_bitmap,
    .width = 10,
    .height = 16,
    .bearing_x = 2,
    .bearing_y = 16,
    .advance = 0
};

static const  ipgui_glyph_t open_sans_22px_char_014 = {
    .cover_map = open_sans_22px_char_014_bitmap,
    .width = 10,
    .height = 16,
    .bearing_x = 2,
    .bearing_y = 16,
    .advance = 13
};

static const  ipgui_glyph_t open_sans_22px_char_015 = {
    .cover_map = open_sans_22px_char_015_bitmap,
    .width = 10,
    .height = 16,
    .bearing_x = 2,
    .bearing_y = 16,
    .advance = 13
};

static const  ipgui_glyph_t open_sans_22px_char_016 = {
    .cover_map = open_sans_22px_char_016_bitmap,
    .width = 10,
    .height = 16,
    .bearing_x = 2,
    .bearing_y = 16,
    .advance = 13
};

static const  ipgui_glyph_t open_sans_22px_char_017 = {
    .cover_map = open_sans_22px_char_017_bitmap,
    .width = 10,
    .height = 16,
    .bearing_x = 2,
    .bearing_y = 16,
    .advance = 13
};

static const  ipgui_glyph_t open_sans_22px_char_018 = {
    .cover_map = open_sans_22px_char_018_bitmap,
    .width = 10,
    .height = 16,
    .bearing_x = 2,
    .bearing_y = 16,
    .advance = 13
};

static const  ipgui_glyph_t open_sans_22px_char_019 = {
    .cover_map = open_sans_22px_char_019_bitmap,
    .width = 10,
    .height = 16,
    .bearing_x = 2,
    .bearing_y = 16,
    .advance = 13
};

static const  ipgui_glyph_t open_sans_22px_char_020 = {
    .cover_map = open_sans_22px_char_020_bitmap,
    .width = 10,
    .height = 16,
    .bearing_x = 2,
    .bearing_y = 16,
    .advance = 13
};

static const  ipgui_glyph_t open_sans_22px_char_021 = {
    .cover_map = open_sans_22px_char_021_bitmap,
    .width = 10,
    .height = 16,
    .bearing_x = 2,
    .bearing_y = 16,
    .advance = 13
};

static const  ipgui_glyph_t open_sans_22px_char_022 = {
    .cover_map = open_sans_22px_char_022_bitmap,
    .width = 10,
    .height = 16,
    .bearing_x = 2,
    .bearing_y = 16,
    .advance = 13
};

static const  ipgui_glyph_t open_sans_22px_char_023 = {
    .cover_map = open_sans_22px_char_023_bitmap,
    .width = 10,
    .height = 16,
    .bearing_x = 2,
    .bearing_y = 16,
    .advance = 13
};

static const  ipgui_glyph_t open_sans_22px_char_024 = {
    .cover_map = open_sans_22px_char_024_bitmap,
    .width = 10,
    .height = 16,
    .bearing_x = 2,
    .bearing_y = 16,
    .advance = 13
};

static const  ipgui_glyph_t open_sans_22px_char_025 = {
    .cover_map = open_sans_22px_char_025_bitmap,
    .width = 10,
    .height = 16,
    .bearing_x = 2,
    .bearing_y = 16,
    .advance = 13
};

static const  ipgui_glyph_t open_sans_22px_char_026 = {
    .cover_map = open_sans_22px_char_026_bitmap,
    .width = 10,
    .height = 16,
    .bearing_x = 2,
    .bearing_y = 16,
    .advance = 13
};

static const  ipgui_glyph_t open_sans_22px_char_027 = {
    .cover_map = open_sans_22px_char_027_bitmap,
    .width = 10,
    .height = 16,
    .bearing_x = 2,
    .bearing_y = 16,
    .advance = 13
};

static const  ipgui_glyph_t open_sans_22px_char_028 = {
    .cover_map = open_sans_22px_char_028_bitmap,
    .width = 10,
    .height = 16,
    .bearing_x = 2,
    .bearing_y = 16,
    .advance = 13
};

static const  ipgui_glyph_t open_sans_22px_char_029 = {
    .cover_map = open_sans_22px_char_029_bitmap,
    .width = 10,
    .height = 16,
    .bearing_x = 2,
    .bearing_y = 16,
    .advance = 13
};

static const  ipgui_glyph_t open_sans_22px_char_030 = {
    .cover_map = open_sans_22px_char_030_bitmap,
    .width = 10,
    .height = 16,
    .bearing_x = 2,
    .bearing_y = 16,
    .advance = 13
};

static const  ipgui_glyph_t open_sans_22px_char_031 = {
    .cover_map = open_sans_22px_char_031_bitmap,
    .width = 10,
    .height = 16,
    .bearing_x = 2,
    .bearing_y = 16,
    .advance = 13
};

static const  ipgui_glyph_t open_sans_22px_char_032 = {
    .cover_map = 0,
    .width = 0,
    .height = 0,
    .bearing_x = 0,
    .bearing_y = 0,
    .advance = 6
};

static const  ipgui_glyph_t open_sans_22px_char_033 = {
    .cover_map = open_sans_22px_char_033_bitmap,
    .width = 4,
    .height = 16,
    .bearing_x = 1,
    .bearing_y = 16,
    .advance = 6
};

static const  ipgui_glyph_t open_sans_22px_char_034 = {
    .cover_map = open_sans_22px_char_034_bitmap,
    .width = 7,
    .height = 6,
    .bearing_x = 1,
    .bearing_y = 16,
    .advance = 9
};

static const  ipgui_glyph_t open_sans_22px_char_035 = {
    .cover_map = open_sans_22px_char_035_bitmap,
    .width = 14,
    .height = 16,
    .bearing_x = 0,
    .bearing_y = 16,
    .advance = 14
};

static const  ipgui_glyph_t open_sans_22px_char_036 = {
    .cover_map = open_sans_22px_char_036_bitmap,
    .width = 11,
    .height = 18,
    .bearing_x = 1,
    .bearing_y = 17,
    .advance = 13
};

static const  ipgui_glyph_t open_sans_22px_char_037 = {
    .cover_map = open_sans_22px_char_037_bitmap,
    .width = 16,
    .height = 16,
    .bearing_x = 1,
    .bearing_y = 16,
    .advance = 18
};

static const  ipgui_glyph_t open_sans_22px_char_038 = {
    .cover_map = open_sans_22px_char_038_bitmap,
    .width = 16,
    .height = 16,
    .bearing_x = 1,
    .bearing_y = 16,
    .advance = 16
};

static const  ipgui_glyph_t open_sans_22px_char_039 = {
    .cover_map = open_sans_22px_char_039_bitmap,
    .width = 3,
    .height = 6,
    .bearing_x = 1,
    .bearing_y = 16,
    .advance = 5
};

static const  ipgui_glyph_t open_sans_22px_char_040 = {
    .cover_map = open_sans_22px_char_040_bitmap,
    .width = 6,
    .height = 19,
    .bearing_x = 0,
    .bearing_y = 16,
    .advance = 7
};

static const  ipgui_glyph_t open_sans_22px_char_041 = {
    .cover_map = open_sans_22px_char_041_bitmap,
    .width = 6,
    .height = 19,
    .bearing_x = 0,
    .bearing_y = 16,
    .advance = 7
};

static const  ipgui_glyph_t open_sans_22px_char_042 = {
    .cover_map = open_sans_22px_char_042_bitmap,
    .width = 12,
    .height = 10,
    .bearing_x = 0,
    .bearing_y = 17,
    .advance = 12
};

static const  ipgui_glyph_t open_sans_22px_char_043 = {
    .cover_map = open_sans_22px_char_043_bitmap,
    .width = 11,
    .height = 12,
    .bearing_x = 1,
    .bearing_y = 14,
    .advance = 13
};

static const  ipgui_glyph_t open_sans_22px_char_044 = {
    .cover_map = open_sans_22px_char_044_bitmap,
    .width = 4,
    .height = 5,
    .bearing_x = 0,
    .bearing_y = 3,
    .advance = 5
};

static const  ipgui_glyph_t open_sans_22px_char_045 = {
    .cover_map = open_sans_22px_char_045_bitmap,
    .width = 7,
    .height = 2,
    .bearing_x = 0,
    .bearing_y = 7,
    .advance = 7
};

static const  ipgui_glyph_t open_sans_22px_char_046 = {
    .cover_map = open_sans_22px_char_046_bitmap,
    .width = 4,
    .height = 3,
    .bearing_x = 1,
    .bearing_y = 3,
    .advance = 6
};

static const  ipgui_glyph_t open_sans_22px_char_047 = {
    .cover_map = open_sans_22px_char_047_bitmap,
    .width = 8,
    .height = 16,
    .bearing_x = 0,
    .bearing_y = 16,
    .advance = 8
};

static const  ipgui_glyph_t open_sans_22px_char_048 = {
    .cover_map = open_sans_22px_char_048_bitmap,
    .width = 11,
    .height = 16,
    .bearing_x = 1,
    .bearing_y = 16,
    .advance = 13
};

static const  ipgui_glyph_t open_sans_22px_char_049 = {
    .cover_map = open_sans_22px_char_049_bitmap,
    .width = 6,
    .height = 16,
    .bearing_x = 2,
    .bearing_y = 16,
    .advance = 13
};

static const  ipgui_glyph_t open_sans_22px_char_050 = {
    .cover_map = open_sans_22px_char_050_bitmap,
    .width = 11,
    .height = 16,
    .bearing_x = 1,
    .bearing_y = 16,
    .advance = 13
};

static const  ipgui_glyph_t open_sans_22px_char_051 = {
    .cover_map = open_sans_22px_char_051_bitmap,
    .width = 11,
    .height = 16,
    .bearing_x = 1,
    .bearing_y = 16,
    .advance = 13
};

static const  ipgui_glyph_t open_sans_22px_char_052 = {
    .cover_map = open_sans_22px_char_052_bitmap,
    .width = 13,
    .height = 16,
    .bearing_x = 0,
    .bearing_y = 16,
    .advance = 13
};

static const  ipgui_glyph_t open_sans_22px_char_053 = {
    .cover_map = open_sans_22px_char_053_bitmap,
    .width = 11,
    .height = 16,
    .bearing_x = 1,
    .bearing_y = 16,
    .advance = 13
};

static const  ipgui_glyph_t open_sans_22px_char_054 = {
    .cover_map = open_sans_22px_char_054_bitmap,
    .width = 11,
    .height = 16,
    .bearing_x = 1,
    .bearing_y = 16,
    .advance = 13
};

static const  ipgui_glyph_t open_sans_22px_char_055 = {
    .cover_map = open_sans_22px_char_055_bitmap,
    .width = 11,
    .height = 16,
    .bearing_x = 1,
    .bearing_y = 16,
    .advance = 13
};

static const  ipgui_glyph_t open_sans_22px_char_056 = {
    .cover_map = open_sans_22px_char_056_bitmap,
    .width = 11,
    .height = 16,
    .bearing_x = 1,
    .bearing_y = 16,
    .advance = 13
};

static const  ipgui_glyph_t open_sans_22px_char_057 = {
    .cover_map = open_sans_22px_char_057_bitmap,
    .width = 11,
    .height = 16,
    .bearing_x = 1,
    .bearing_y = 16,
    .advance = 13
};

static const  ipgui_glyph_t open_sans_22px_char_058 = {
    .cover_map = open_sans_22px_char_058_bitmap,
    .width = 4,
    .height = 12,
    .bearing_x = 1,
    .bearing_y = 12,
    .advance = 6
};

static const  ipgui_glyph_t open_sans_22px_char_059 = {
    .cover_map = open_sans_22px_char_059_bitmap,
    .width = 5,
    .height = 14,
    .bearing_x = 0,
    .bearing_y = 12,
    .advance = 6
};

static const  ipgui_glyph_t open_sans_22px_char_060 = {
    .cover_map = open_sans_22px_char_060_bitmap,
    .width = 11,
    .height = 10,
    .bearing_x = 1,
    .bearing_y = 13,
    .advance = 13
};

static const  ipgui_glyph_t open_sans_22px_char_061 = {
    .cover_map = open_sans_22px_char_061_bitmap,
    .width = 11,
    .height = 6,
    .bearing_x = 1,
    .bearing_y = 11,
    .advance = 13
};

static const  ipgui_glyph_t open_sans_22px_char_062 = {
    .cover_map = open_sans_22px_char_062_bitmap,
    .width = 11,
    .height = 10,
    .bearing_x = 1,
    .bearing_y = 13,
    .advance = 13
};

static const  ipgui_glyph_t open_sans_22px_char_063 = {
    .cover_map = open_sans_22px_char_063_bitmap,
    .width = 9,
    .height = 16,
    .bearing_x = 0,
    .bearing_y = 16,
    .advance = 9
};

static const  ipgui_glyph_t open_sans_22px_char_064 = {
    .cover_map = open_sans_22px_char_064_bitmap,
    .width = 18,
    .height = 18,
    .bearing_x = 1,
    .bearing_y = 16,
    .advance = 20
};

static const  ipgui_glyph_t open_sans_22px_char_065 = {
    .cover_map = open_sans_22px_char_065_bitmap,
    .width = 14,
    .height = 16,
    .bearing_x = 0,
    .bearing_y = 16,
    .advance = 14
};

static const  ipgui_glyph_t open_sans_22px_char_066 = {
    .cover_map = open_sans_22px_char_066_bitmap,
    .width = 12,
    .height = 16,
    .bearing_x = 2,
    .bearing_y = 16,
    .advance = 14
};

static const  ipgui_glyph_t open_sans_22px_char_067 = {
    .cover_map = open_sans_22px_char_067_bitmap,
    .width = 13,
    .height = 16,
    .bearing_x = 1,
    .bearing_y = 16,
    .advance = 14
};

static const  ipgui_glyph_t open_sans_22px_char_068 = {
    .cover_map = open_sans_22px_char_068_bitmap,
    .width = 13,
    .height = 16,
    .bearing_x = 2,
    .bearing_y = 16,
    .advance = 16
};

static const  ipgui_glyph_t open_sans_22px_char_069 = {
    .cover_map = open_sans_22px_char_069_bitmap,
    .width = 9,
    .height = 16,
    .bearing_x = 2,
    .bearing_y = 16,
    .advance = 12
};

static const  ipgui_glyph_t open_sans_22px_char_070 = {
    .cover_map = open_sans_22px_char_070_bitmap,
    .width = 9,
    .height = 16,
    .bearing_x = 2,
    .bearing_y = 16,
    .advance = 11
};

static const  ipgui_glyph_t open_sans_22px_char_071 = {
    .cover_map = open_sans_22px_char_071_bitmap,
    .width = 14,
    .height = 16,
    .bearing_x = 1,
    .bearing_y = 16,
    .advance = 16
};

static const  ipgui_glyph_t open_sans_22px_char_072 = {
    .cover_map = open_sans_22px_char_072_bitmap,
    .width = 13,
    .height = 16,
    .bearing_x = 2,
    .bearing_y = 16,
    .advance = 16
};

static const  ipgui_glyph_t open_sans_22px_char_073 = {
    .cover_map = open_sans_22px_char_073_bitmap,
    .width = 2,
    .height = 16,
    .bearing_x = 2,
    .bearing_y = 16,
    .advance = 6
};

static const  ipgui_glyph_t open_sans_22px_char_074 = {
    .cover_map = open_sans_22px_char_074_bitmap,
    .width = 6,
    .height = 20,
    .bearing_x = -2,
    .bearing_y = 16,
    .advance = 6
};

static const  ipgui_glyph_t open_sans_22px_char_075 = {
    .cover_map = open_sans_22px_char_075_bitmap,
    .width = 12,
    .height = 16,
    .bearing_x = 2,
    .bearing_y = 16,
    .advance = 14
};

static const  ipgui_glyph_t open_sans_22px_char_076 = {
    .cover_map = open_sans_22px_char_076_bitmap,
    .width = 9,
    .height = 16,
    .bearing_x = 2,
    .bearing_y = 16,
    .advance = 11
};

static const  ipgui_glyph_t open_sans_22px_char_077 = {
    .cover_map = open_sans_22px_char_077_bitmap,
    .width = 16,
    .height = 16,
    .bearing_x = 2,
    .bearing_y = 16,
    .advance = 20
};

static const  ipgui_glyph_t open_sans_22px_char_078 = {
    .cover_map = open_sans_22px_char_078_bitmap,
    .width = 13,
    .height = 16,
    .bearing_x = 2,
    .bearing_y = 16,
    .advance = 17
};

static const  ipgui_glyph_t open_sans_22px_char_079 = {
    .cover_map = open_sans_22px_char_079_bitmap,
    .width = 15,
    .height = 16,
    .bearing_x = 1,
    .bearing_y = 16,
    .advance = 17
};

static const  ipgui_glyph_t open_sans_22px_char_080 = {
    .cover_map = open_sans_22px_char_080_bitmap,
    .width = 11,
    .height = 16,
    .bearing_x = 2,
    .bearing_y = 16,
    .advance = 13
};

static const  ipgui_glyph_t open_sans_22px_char_081 = {
    .cover_map = open_sans_22px_char_081_bitmap,
    .width = 15,
    .height = 20,
    .bearing_x = 1,
    .bearing_y = 16,
    .advance = 17
};

static const  ipgui_glyph_t open_sans_22px_char_082 = {
    .cover_map = open_sans_22px_char_082_bitmap,
    .width = 12,
    .height = 16,
    .bearing_x = 2,
    .bearing_y = 16,
    .advance = 14
};

static const  ipgui_glyph_t open_sans_22px_char_083 = {
    .cover_map = open_sans_22px_char_083_bitmap,
    .width = 11,
    .height = 16,
    .bearing_x = 1,
    .bearing_y = 16,
    .advance = 12
};

static const  ipgui_glyph_t open_sans_22px_char_084 = {
    .cover_map = open_sans_22px_char_084_bitmap,
    .width = 12,
    .height = 16,
    .bearing_x = 0,
    .bearing_y = 16,
    .advance = 12
};

static const  ipgui_glyph_t open_sans_22px_char_085 = {
    .cover_map = open_sans_22px_char_085_bitmap,
    .width = 13,
    .height = 16,
    .bearing_x = 2,
    .bearing_y = 16,
    .advance = 16
};

static const  ipgui_glyph_t open_sans_22px_char_086 = {
    .cover_map = open_sans_22px_char_086_bitmap,
    .width = 14,
    .height = 16,
    .bearing_x = 0,
    .bearing_y = 16,
    .advance = 13
};

static const  ipgui_glyph_t open_sans_22px_char_087 = {
    .cover_map = open_sans_22px_char_087_bitmap,
    .width = 21,
    .height = 16,
    .bearing_x = 0,
    .bearing_y = 16,
    .advance = 20
};

static const  ipgui_glyph_t open_sans_22px_char_088 = {
    .cover_map = open_sans_22px_char_088_bitmap,
    .width = 13,
    .height = 16,
    .bearing_x = 0,
    .bearing_y = 16,
    .advance = 13
};

static const  ipgui_glyph_t open_sans_22px_char_089 = {
    .cover_map = open_sans_22px_char_089_bitmap,
    .width = 13,
    .height = 16,
    .bearing_x = 0,
    .bearing_y = 16,
    .advance = 12
};

static const  ipgui_glyph_t open_sans_22px_char_090 = {
    .cover_map = open_sans_22px_char_090_bitmap,
    .width = 12,
    .height = 16,
    .bearing_x = 0,
    .bearing_y = 16,
    .advance = 13
};

static const  ipgui_glyph_t open_sans_22px_char_091 = {
    .cover_map = open_sans_22px_char_091_bitmap,
    .width = 6,
    .height = 19,
    .bearing_x = 1,
    .bearing_y = 16,
    .advance = 7
};

static const  ipgui_glyph_t open_sans_22px_char_092 = {
    .cover_map = open_sans_22px_char_092_bitmap,
    .width = 8,
    .height = 16,
    .bearing_x = 0,
    .bearing_y = 16,
    .advance = 8
};

static const  ipgui_glyph_t open_sans_22px_char_093 = {
    .cover_map = open_sans_22px_char_093_bitmap,
    .width = 6,
    .height = 19,
    .bearing_x = 0,
    .bearing_y = 16,
    .advance = 7
};

static const  ipgui_glyph_t open_sans_22px_char_094 = {
    .cover_map = open_sans_22px_char_094_bitmap,
    .width = 12,
    .height = 10,
    .bearing_x = 0,
    .bearing_y = 16,
    .advance = 12
};

static const  ipgui_glyph_t open_sans_22px_char_095 = {
    .cover_map = open_sans_22px_char_095_bitmap,
    .width = 11,
    .height = 2,
    .bearing_x = -1,
    .bearing_y = -2,
    .advance = 10
};

static const  ipgui_glyph_t open_sans_22px_char_096 = {
    .cover_map = open_sans_22px_char_096_bitmap,
    .width = 5,
    .height = 4,
    .bearing_x = 4,
    .bearing_y = 17,
    .advance = 13
};

static const  ipgui_glyph_t open_sans_22px_char_097 = {
    .cover_map = open_sans_22px_char_097_bitmap,
    .width = 10,
    .height = 12,
    .bearing_x = 1,
    .bearing_y = 12,
    .advance = 12
};

static const  ipgui_glyph_t open_sans_22px_char_098 = {
    .cover_map = open_sans_22px_char_098_bitmap,
    .width = 12,
    .height = 17,
    .bearing_x = 1,
    .bearing_y = 17,
    .advance = 13
};

static const  ipgui_glyph_t open_sans_22px_char_099 = {
    .cover_map = open_sans_22px_char_099_bitmap,
    .width = 9,
    .height = 12,
    .bearing_x = 1,
    .bearing_y = 12,
    .advance = 10
};

static const  ipgui_glyph_t open_sans_22px_char_100 = {
    .cover_map = open_sans_22px_char_100_bitmap,
    .width = 11,
    .height = 17,
    .bearing_x = 1,
    .bearing_y = 17,
    .advance = 13
};

static const  ipgui_glyph_t open_sans_22px_char_101 = {
    .cover_map = open_sans_22px_char_101_bitmap,
    .width = 11,
    .height = 12,
    .bearing_x = 1,
    .bearing_y = 12,
    .advance = 12
};

static const  ipgui_glyph_t open_sans_22px_char_102 = {
    .cover_map = open_sans_22px_char_102_bitmap,
    .width = 9,
    .height = 17,
    .bearing_x = 0,
    .bearing_y = 17,
    .advance = 7
};

static const  ipgui_glyph_t open_sans_22px_char_103 = {
    .cover_map = open_sans_22px_char_103_bitmap,
    .width = 12,
    .height = 17,
    .bearing_x = 0,
    .bearing_y = 12,
    .advance = 12
};

static const  ipgui_glyph_t open_sans_22px_char_104 = {
    .cover_map = open_sans_22px_char_104_bitmap,
    .width = 11,
    .height = 17,
    .bearing_x = 1,
    .bearing_y = 17,
    .advance = 14
};

static const  ipgui_glyph_t open_sans_22px_char_105 = {
    .cover_map = open_sans_22px_char_105_bitmap,
    .width = 3,
    .height = 17,
    .bearing_x = 1,
    .bearing_y = 17,
    .advance = 6
};

static const  ipgui_glyph_t open_sans_22px_char_106 = {
    .cover_map = open_sans_22px_char_106_bitmap,
    .width = 6,
    .height = 22,
    .bearing_x = -2,
    .bearing_y = 17,
    .advance = 6
};

static const  ipgui_glyph_t open_sans_22px_char_107 = {
    .cover_map = open_sans_22px_char_107_bitmap,
    .width = 11,
    .height = 17,
    .bearing_x = 1,
    .bearing_y = 17,
    .advance = 12
};

static const  ipgui_glyph_t open_sans_22px_char_108 = {
    .cover_map = open_sans_22px_char_108_bitmap,
    .width = 3,
    .height = 17,
    .bearing_x = 1,
    .bearing_y = 17,
    .advance = 6
};

static const  ipgui_glyph_t open_sans_22px_char_109 = {
    .cover_map = open_sans_22px_char_109_bitmap,
    .width = 18,
    .height = 12,
    .bearing_x = 1,
    .bearing_y = 12,
    .advance = 20
};

static const  ipgui_glyph_t open_sans_22px_char_110 = {
    .cover_map = open_sans_22px_char_110_bitmap,
    .width = 11,
    .height = 12,
    .bearing_x = 1,
    .bearing_y = 12,
    .advance = 14
};

static const  ipgui_glyph_t open_sans_22px_char_111 = {
    .cover_map = open_sans_22px_char_111_bitmap,
    .width = 12,
    .height = 12,
    .bearing_x = 1,
    .bearing_y = 12,
    .advance = 13
};

static const  ipgui_glyph_t open_sans_22px_char_112 = {
    .cover_map = open_sans_22px_char_112_bitmap,
    .width = 12,
    .height = 17,
    .bearing_x = 1,
    .bearing_y = 12,
    .advance = 13
};

static const  ipgui_glyph_t open_sans_22px_char_113 = {
    .cover_map = open_sans_22px_char_113_bitmap,
    .width = 11,
    .height = 17,
    .bearing_x = 1,
    .bearing_y = 12,
    .advance = 13
};

static const  ipgui_glyph_t open_sans_22px_char_114 = {
    .cover_map = open_sans_22px_char_114_bitmap,
    .width = 8,
    .height = 12,
    .bearing_x = 1,
    .bearing_y = 12,
    .advance = 9
};

static const  ipgui_glyph_t open_sans_22px_char_115 = {
    .cover_map = open_sans_22px_char_115_bitmap,
    .width = 9,
    .height = 12,
    .bearing_x = 1,
    .bearing_y = 12,
    .advance = 11
};

static const  ipgui_glyph_t open_sans_22px_char_116 = {
    .cover_map = open_sans_22px_char_116_bitmap,
    .width = 8,
    .height = 15,
    .bearing_x = 0,
    .bearing_y = 15,
    .advance = 8
};

static const  ipgui_glyph_t open_sans_22px_char_117 = {
    .cover_map = open_sans_22px_char_117_bitmap,
    .width = 11,
    .height = 12,
    .bearing_x = 1,
    .bearing_y = 12,
    .advance = 14
};

static const  ipgui_glyph_t open_sans_22px_char_118 = {
    .cover_map = open_sans_22px_char_118_bitmap,
    .width = 12,
    .height = 12,
    .bearing_x = 0,
    .bearing_y = 12,
    .advance = 11
};

static const  ipgui_glyph_t open_sans_22px_char_119 = {
    .cover_map = open_sans_22px_char_119_bitmap,
    .width = 17,
    .height = 12,
    .bearing_x = 0,
    .bearing_y = 12,
    .advance = 17
};

static const  ipgui_glyph_t open_sans_22px_char_120 = {
    .cover_map = open_sans_22px_char_120_bitmap,
    .width = 12,
    .height = 12,
    .bearing_x = 0,
    .bearing_y = 12,
    .advance = 12
};

static const  ipgui_glyph_t open_sans_22px_char_121 = {
    .cover_map = open_sans_22px_char_121_bitmap,
    .width = 12,
    .height = 17,
    .bearing_x = 0,
    .bearing_y = 12,
    .advance = 11
};

static const  ipgui_glyph_t open_sans_22px_char_122 = {
    .cover_map = open_sans_22px_char_122_bitmap,
    .width = 10,
    .height = 12,
    .bearing_x = 0,
    .bearing_y = 12,
    .advance = 10
};

static const  ipgui_glyph_t open_sans_22px_char_123 = {
    .cover_map = open_sans_22px_char_123_bitmap,
    .width = 8,
    .height = 19,
    .bearing_x = 0,
    .bearing_y = 16,
    .advance = 8
};

static const  ipgui_glyph_t open_sans_22px_char_124 = {
    .cover_map = open_sans_22px_char_124_bitmap,
    .width = 2,
    .height = 22,
    .bearing_x = 5,
    .bearing_y = 17,
    .advance = 12
};

static const  ipgui_glyph_t open_sans_22px_char_125 = {
    .cover_map = open_sans_22px_char_125_bitmap,
    .width = 8,
    .height = 19,
    .bearing_x = 0,
    .bearing_y = 16,
    .advance = 8
};

static const  ipgui_glyph_t open_sans_22px_char_126 = {
    .cover_map = open_sans_22px_char_126_bitmap,
    .width = 11,
    .height = 3,
    .bearing_x = 1,
    .bearing_y = 9,
    .advance = 13
};

static const  ipgui_glyph_t open_sans_22px_char_127 = {
    .cover_map = open_sans_22px_char_127_bitmap,
    .width = 10,
    .height = 16,
    .bearing_x = 2,
    .bearing_y = 16,
    .advance = 13
};

/* 字形数组 */
static const  ipgui_glyph_t open_sans_22px_glyph_array[128] = {
    open_sans_22px_char_000,  /*   0: NUL  */
    open_sans_22px_char_001,  /*   1: SOH  */
    open_sans_22px_char_002,  /*   2: STX  */
    open_sans_22px_char_003,  /*   3: ETX  */
    open_sans_22px_char_004,  /*   4: EOT  */
    open_sans_22px_char_005,  /*   5: ENQ  */
    open_sans_22px_char_006,  /*   6: ACK  */
    open_sans_22px_char_007,  /*   7: BEL  */
    open_sans_22px_char_008,  /*   8: BS   */
    open_sans_22px_char_009,  /*   9: HT   */
    open_sans_22px_char_010,  /*  10: LF   */
    open_sans_22px_char_011,  /*  11: VT   */
    open_sans_22px_char_012,  /*  12: FF   */
    open_sans_22px_char_013,  /*  13: CR   */
    open_sans_22px_char_014,  /*  14: SO   */
    open_sans_22px_char_015,  /*  15: SI   */
    open_sans_22px_char_016,  /*  16: DLE  */
    open_sans_22px_char_017,  /*  17: DC1  */
    open_sans_22px_char_018,  /*  18: DC2  */
    open_sans_22px_char_019,  /*  19: DC3  */
    open_sans_22px_char_020,  /*  20: DC4  */
    open_sans_22px_char_021,  /*  21: NAK  */
    open_sans_22px_char_022,  /*  22: SYN  */
    open_sans_22px_char_023,  /*  23: ETB  */
    open_sans_22px_char_024,  /*  24: CAN  */
    open_sans_22px_char_025,  /*  25: EM   */
    open_sans_22px_char_026,  /*  26: SUB  */
    open_sans_22px_char_027,  /*  27: ESC  */
    open_sans_22px_char_028,  /*  28: FS   */
    open_sans_22px_char_029,  /*  29: GS   */
    open_sans_22px_char_030,  /*  30: RS   */
    open_sans_22px_char_031,  /*  31: US   */
    open_sans_22px_char_032,  /*  32: SPACE */
    open_sans_22px_char_033,  /*  33: !    */
    open_sans_22px_char_034,  /*  34: "    */
    open_sans_22px_char_035,  /*  35: #    */
    open_sans_22px_char_036,  /*  36: $    */
    open_sans_22px_char_037,  /*  37: %    */
    open_sans_22px_char_038,  /*  38: &    */
    open_sans_22px_char_039,  /*  39: '    */
    open_sans_22px_char_040,  /*  40: (    */
    open_sans_22px_char_041,  /*  41: )    */
    open_sans_22px_char_042,  /*  42: *    */
    open_sans_22px_char_043,  /*  43: +    */
    open_sans_22px_char_044,  /*  44: ,    */
    open_sans_22px_char_045,  /*  45: -    */
    open_sans_22px_char_046,  /*  46: .    */
    open_sans_22px_char_047,  /*  47: /    */
    open_sans_22px_char_048,  /*  48: 0    */
    open_sans_22px_char_049,  /*  49: 1    */
    open_sans_22px_char_050,  /*  50: 2    */
    open_sans_22px_char_051,  /*  51: 3    */
    open_sans_22px_char_052,  /*  52: 4    */
    open_sans_22px_char_053,  /*  53: 5    */
    open_sans_22px_char_054,  /*  54: 6    */
    open_sans_22px_char_055,  /*  55: 7    */
    open_sans_22px_char_056,  /*  56: 8    */
    open_sans_22px_char_057,  /*  57: 9    */
    open_sans_22px_char_058,  /*  58: :    */
    open_sans_22px_char_059,  /*  59: ;    */
    open_sans_22px_char_060,  /*  60: <    */
    open_sans_22px_char_061,  /*  61: =    */
    open_sans_22px_char_062,  /*  62: >    */
    open_sans_22px_char_063,  /*  63: ?    */
    open_sans_22px_char_064,  /*  64: @    */
    open_sans_22px_char_065,  /*  65: A    */
    open_sans_22px_char_066,  /*  66: B    */
    open_sans_22px_char_067,  /*  67: C    */
    open_sans_22px_char_068,  /*  68: D    */
    open_sans_22px_char_069,  /*  69: E    */
    open_sans_22px_char_070,  /*  70: F    */
    open_sans_22px_char_071,  /*  71: G    */
    open_sans_22px_char_072,  /*  72: H    */
    open_sans_22px_char_073,  /*  73: I    */
    open_sans_22px_char_074,  /*  74: J    */
    open_sans_22px_char_075,  /*  75: K    */
    open_sans_22px_char_076,  /*  76: L    */
    open_sans_22px_char_077,  /*  77: M    */
    open_sans_22px_char_078,  /*  78: N    */
    open_sans_22px_char_079,  /*  79: O    */
    open_sans_22px_char_080,  /*  80: P    */
    open_sans_22px_char_081,  /*  81: Q    */
    open_sans_22px_char_082,  /*  82: R    */
    open_sans_22px_char_083,  /*  83: S    */
    open_sans_22px_char_084,  /*  84: T    */
    open_sans_22px_char_085,  /*  85: U    */
    open_sans_22px_char_086,  /*  86: V    */
    open_sans_22px_char_087,  /*  87: W    */
    open_sans_22px_char_088,  /*  88: X    */
    open_sans_22px_char_089,  /*  89: Y    */
    open_sans_22px_char_090,  /*  90: Z    */
    open_sans_22px_char_091,  /*  91: [    */
    open_sans_22px_char_092,  /*  92: \    */
    open_sans_22px_char_093,  /*  93: ]    */
    open_sans_22px_char_094,  /*  94: ^    */
    open_sans_22px_char_095,  /*  95: _    */
    open_sans_22px_char_096,  /*  96: `    */
    open_sans_22px_char_097,  /*  97: a    */
    open_sans_22px_char_098,  /*  98: b    */
    open_sans_22px_char_099,  /*  99: c    */
    open_sans_22px_char_100,  /* 100: d    */
    open_sans_22px_char_101,  /* 101: e    */
    open_sans_22px_char_102,  /* 102: f    */
    open_sans_22px_char_103,  /* 103: g    */
    open_sans_22px_char_104,  /* 104: h    */
    open_sans_22px_char_105,  /* 105: i    */
    open_sans_22px_char_106,  /* 106: j    */
    open_sans_22px_char_107,  /* 107: k    */
    open_sans_22px_char_108,  /* 108: l    */
    open_sans_22px_char_109,  /* 109: m    */
    open_sans_22px_char_110,  /* 110: n    */
    open_sans_22px_char_111,  /* 111: o    */
    open_sans_22px_char_112,  /* 112: p    */
    open_sans_22px_char_113,  /* 113: q    */
    open_sans_22px_char_114,  /* 114: r    */
    open_sans_22px_char_115,  /* 115: s    */
    open_sans_22px_char_116,  /* 116: t    */
    open_sans_22px_char_117,  /* 117: u    */
    open_sans_22px_char_118,  /* 118: v    */
    open_sans_22px_char_119,  /* 119: w    */
    open_sans_22px_char_120,  /* 120: x    */
    open_sans_22px_char_121,  /* 121: y    */
    open_sans_22px_char_122,  /* 122: z    */
    open_sans_22px_char_123,  /* 123: {    */
    open_sans_22px_char_124,  /* 124: |    */
    open_sans_22px_char_125,  /* 125: }    */
    open_sans_22px_char_126,  /* 126: ~    */
    open_sans_22px_char_127,  /* 127: DEL  */
};

/* 字体结构体 */
const  ipgui_font_t open_sans_22px = {
    .glyphs = ( ipgui_glyph_t*)open_sans_22px_glyph_array,
    .line_height = 26,
    .baseline = 17,
    .font_size = 22,
    .max_height = 22,
    .space_width = 6
};

/* 获取字形函数 */
const  ipgui_glyph_t* open_sans_22px_get_glyph(unsigned char char_code)
{
    if (char_code < 128) {
        return &open_sans_22px_glyph_array[char_code];
    }
    return &open_sans_22px_char_063;  /* 返回'?'字符 */
}

/* 文本宽度计算 */
unsigned short open_sans_22px_text_width(const char* text)
{
    unsigned short width = 0;
    while (*text) {
        unsigned char ch = (unsigned char)*text;
        if (ch < 128) {
            const  ipgui_glyph_t* glyph = &open_sans_22px_glyph_array[ch];
            width += glyph->advance;
        }
        text++;
    }
    return width;
}
