/*
 * Quicksand Medium 18px 字体实现
 * 字体: Quicksand Medium
 * 字符: ASCII 0-127
 */

#include "ipgui_draw_builtin_font.h"

/* 字符   0: NUL  */
static const unsigned char quicksand_medium_18px_char_000_bitmap[] = {
    0x00, 0x00, 0x00, 0x00, 0x00, /* 行 0 */
    0x00, 0x00, 0x00, 0x00, 0x00, /* 行 1 */
    0x00, 0x00, 0x00, 0x00, 0x00, /* 行 2 */
    0x00, 0x00, 0x00, 0x00, 0x00, /* 行 3 */
    0x00, 0x00, 0x00, 0x00, 0x00, /* 行 4 */
    0x00, 0x00, 0x00, 0x00, 0x00, /* 行 5 */
};

static const ipgui_glyph_t quicksand_medium_18px_char_000 = {
    .cover_map = quicksand_medium_18px_char_000_bitmap,
    .width = 5,
    .height = 6,
    .bearing_x = 0,
    .bearing_y = 6,
    .advance = 5
};

/* 字符   1: SOH  */
static const unsigned char quicksand_medium_18px_char_001_bitmap[] = {
    0x16, 0x8d, 0x88, 0x88, 0x88, 0x88, 0x88, 0x88, 0x88, 0x5c, 0x00, /* 行 0 */
    0x47, 0xc8, 0x12, 0x00, 0x00, 0x00, 0x00, 0x00, 0x00, 0x8c, 0x00, /* 行 1 */
    0x48, 0x57, 0x90, 0x00, 0x00, 0x00, 0x00, 0x00, 0x00, 0x8c, 0x00, /* 行 2 */
    0x48, 0x44, 0x4a, 0x5a, 0x00, 0x00, 0x00, 0x00, 0x00, 0x8c, 0x00, /* 行 3 */
    0x48, 0x44, 0x00, 0x88, 0x1d, 0x00, 0x00, 0x00, 0x00, 0x8c, 0x00, /* 行 4 */
    0x48, 0x44, 0x00, 0x0b, 0x99, 0x01, 0x00, 0x00, 0x00, 0x8c, 0x00, /* 行 5 */
    0x48, 0x44, 0x00, 0x00, 0x39, 0x6d, 0x00, 0x00, 0x00, 0x8c, 0x00, /* 行 6 */
    0x48, 0x44, 0x00, 0x00, 0x00, 0x7c, 0x2a, 0x00, 0x00, 0x8c, 0x00, /* 行 7 */
    0x48, 0x44, 0x00, 0x00, 0x00, 0x05, 0x9c, 0x05, 0x00, 0x8c, 0x00, /* 行 8 */
    0x48, 0x44, 0x00, 0x00, 0x00, 0x00, 0x2a, 0x7d, 0x00, 0x8c, 0x00, /* 行 9 */
    0x48, 0x44, 0x00, 0x00, 0x00, 0x00, 0x00, 0x6e, 0x3a, 0x8c, 0x00, /* 行 10 */
    0x48, 0x44, 0x00, 0x00, 0x00, 0x00, 0x00, 0x01, 0x9b, 0x9a, 0x00, /* 行 11 */
    0x34, 0xa6, 0x8c, 0x8c, 0x8c, 0x8c, 0x8c, 0x8c, 0xa9, 0xb2, 0x00, /* 行 12 */
};

static const ipgui_glyph_t quicksand_medium_18px_char_001 = {
    .cover_map = quicksand_medium_18px_char_001_bitmap,
    .width = 11,
    .height = 13,
    .bearing_x = 0,
    .bearing_y = 13,
    .advance = 11
};

/* 字符   2: STX  */
static const unsigned char quicksand_medium_18px_char_002_bitmap[] = {
    0x16, 0x8d, 0x88, 0x88, 0x88, 0x88, 0x88, 0x88, 0x88, 0x5c, 0x00, /* 行 0 */
    0x47, 0xc8, 0x12, 0x00, 0x00, 0x00, 0x00, 0x00, 0x00, 0x8c, 0x00, /* 行 1 */
    0x48, 0x57, 0x90, 0x00, 0x00, 0x00, 0x00, 0x00, 0x00, 0x8c, 0x00, /* 行 2 */
    0x48, 0x44, 0x4a, 0x5a, 0x00, 0x00, 0x00, 0x00, 0x00, 0x8c, 0x00, /* 行 3 */
    0x48, 0x44, 0x00, 0x88, 0x1d, 0x00, 0x00, 0x00, 0x00, 0x8c, 0x00, /* 行 4 */
    0x48, 0x44, 0x00, 0x0b, 0x99, 0x01, 0x00, 0x00, 0x00, 0x8c, 0x00, /* 行 5 */
    0x48, 0x44, 0x00, 0x00, 0x39, 0x6d, 0x00, 0x00, 0x00, 0x8c, 0x00, /* 行 6 */
    0x48, 0x44, 0x00, 0x00, 0x00, 0x7c, 0x2a, 0x00, 0x00, 0x8c, 0x00, /* 行 7 */
    0x48, 0x44, 0x00, 0x00, 0x00, 0x05, 0x9c, 0x05, 0x00, 0x8c, 0x00, /* 行 8 */
    0x48, 0x44, 0x00, 0x00, 0x00, 0x00, 0x2a, 0x7d, 0x00, 0x8c, 0x00, /* 行 9 */
    0x48, 0x44, 0x00, 0x00, 0x00, 0x00, 0x00, 0x6e, 0x3a, 0x8c, 0x00, /* 行 10 */
    0x48, 0x44, 0x00, 0x00, 0x00, 0x00, 0x00, 0x01, 0x9b, 0x9a, 0x00, /* 行 11 */
    0x34, 0xa6, 0x8c, 0x8c, 0x8c, 0x8c, 0x8c, 0x8c, 0xa9, 0xb2, 0x00, /* 行 12 */
};

static const ipgui_glyph_t quicksand_medium_18px_char_002 = {
    .cover_map = quicksand_medium_18px_char_002_bitmap,
    .width = 11,
    .height = 13,
    .bearing_x = 0,
    .bearing_y = 13,
    .advance = 11
};

/* 字符   3: ETX  */
static const unsigned char quicksand_medium_18px_char_003_bitmap[] = {
    0x16, 0x8d, 0x88, 0x88, 0x88, 0x88, 0x88, 0x88, 0x88, 0x5c, 0x00, /* 行 0 */
    0x47, 0xc8, 0x12, 0x00, 0x00, 0x00, 0x00, 0x00, 0x00, 0x8c, 0x00, /* 行 1 */
    0x48, 0x57, 0x90, 0x00, 0x00, 0x00, 0x00, 0x00, 0x00, 0x8c, 0x00, /* 行 2 */
    0x48, 0x44, 0x4a, 0x5a, 0x00, 0x00, 0x00, 0x00, 0x00, 0x8c, 0x00, /* 行 3 */
    0x48, 0x44, 0x00, 0x88, 0x1d, 0x00, 0x00, 0x00, 0x00, 0x8c, 0x00, /* 行 4 */
    0x48, 0x44, 0x00, 0x0b, 0x99, 0x01, 0x00, 0x00, 0x00, 0x8c, 0x00, /* 行 5 */
    0x48, 0x44, 0x00, 0x00, 0x39, 0x6d, 0x00, 0x00, 0x00, 0x8c, 0x00, /* 行 6 */
    0x48, 0x44, 0x00, 0x00, 0x00, 0x7c, 0x2a, 0x00, 0x00, 0x8c, 0x00, /* 行 7 */
    0x48, 0x44, 0x00, 0x00, 0x00, 0x05, 0x9c, 0x05, 0x00, 0x8c, 0x00, /* 行 8 */
    0x48, 0x44, 0x00, 0x00, 0x00, 0x00, 0x2a, 0x7d, 0x00, 0x8c, 0x00, /* 行 9 */
    0x48, 0x44, 0x00, 0x00, 0x00, 0x00, 0x00, 0x6e, 0x3a, 0x8c, 0x00, /* 行 10 */
    0x48, 0x44, 0x00, 0x00, 0x00, 0x00, 0x00, 0x01, 0x9b, 0x9a, 0x00, /* 行 11 */
    0x34, 0xa6, 0x8c, 0x8c, 0x8c, 0x8c, 0x8c, 0x8c, 0xa9, 0xb2, 0x00, /* 行 12 */
};

static const ipgui_glyph_t quicksand_medium_18px_char_003 = {
    .cover_map = quicksand_medium_18px_char_003_bitmap,
    .width = 11,
    .height = 13,
    .bearing_x = 0,
    .bearing_y = 13,
    .advance = 11
};

/* 字符   4: EOT  */
static const unsigned char quicksand_medium_18px_char_004_bitmap[] = {
    0x16, 0x8d, 0x88, 0x88, 0x88, 0x88, 0x88, 0x88, 0x88, 0x5c, 0x00, /* 行 0 */
    0x47, 0xc8, 0x12, 0x00, 0x00, 0x00, 0x00, 0x00, 0x00, 0x8c, 0x00, /* 行 1 */
    0x48, 0x57, 0x90, 0x00, 0x00, 0x00, 0x00, 0x00, 0x00, 0x8c, 0x00, /* 行 2 */
    0x48, 0x44, 0x4a, 0x5a, 0x00, 0x00, 0x00, 0x00, 0x00, 0x8c, 0x00, /* 行 3 */
    0x48, 0x44, 0x00, 0x88, 0x1d, 0x00, 0x00, 0x00, 0x00, 0x8c, 0x00, /* 行 4 */
    0x48, 0x44, 0x00, 0x0b, 0x99, 0x01, 0x00, 0x00, 0x00, 0x8c, 0x00, /* 行 5 */
    0x48, 0x44, 0x00, 0x00, 0x39, 0x6d, 0x00, 0x00, 0x00, 0x8c, 0x00, /* 行 6 */
    0x48, 0x44, 0x00, 0x00, 0x00, 0x7c, 0x2a, 0x00, 0x00, 0x8c, 0x00, /* 行 7 */
    0x48, 0x44, 0x00, 0x00, 0x00, 0x05, 0x9c, 0x05, 0x00, 0x8c, 0x00, /* 行 8 */
    0x48, 0x44, 0x00, 0x00, 0x00, 0x00, 0x2a, 0x7d, 0x00, 0x8c, 0x00, /* 行 9 */
    0x48, 0x44, 0x00, 0x00, 0x00, 0x00, 0x00, 0x6e, 0x3a, 0x8c, 0x00, /* 行 10 */
    0x48, 0x44, 0x00, 0x00, 0x00, 0x00, 0x00, 0x01, 0x9b, 0x9a, 0x00, /* 行 11 */
    0x34, 0xa6, 0x8c, 0x8c, 0x8c, 0x8c, 0x8c, 0x8c, 0xa9, 0xb2, 0x00, /* 行 12 */
};

static const ipgui_glyph_t quicksand_medium_18px_char_004 = {
    .cover_map = quicksand_medium_18px_char_004_bitmap,
    .width = 11,
    .height = 13,
    .bearing_x = 0,
    .bearing_y = 13,
    .advance = 11
};

/* 字符   5: ENQ  */
static const unsigned char quicksand_medium_18px_char_005_bitmap[] = {
    0x16, 0x8d, 0x88, 0x88, 0x88, 0x88, 0x88, 0x88, 0x88, 0x5c, 0x00, /* 行 0 */
    0x47, 0xc8, 0x12, 0x00, 0x00, 0x00, 0x00, 0x00, 0x00, 0x8c, 0x00, /* 行 1 */
    0x48, 0x57, 0x90, 0x00, 0x00, 0x00, 0x00, 0x00, 0x00, 0x8c, 0x00, /* 行 2 */
    0x48, 0x44, 0x4a, 0x5a, 0x00, 0x00, 0x00, 0x00, 0x00, 0x8c, 0x00, /* 行 3 */
    0x48, 0x44, 0x00, 0x88, 0x1d, 0x00, 0x00, 0x00, 0x00, 0x8c, 0x00, /* 行 4 */
    0x48, 0x44, 0x00, 0x0b, 0x99, 0x01, 0x00, 0x00, 0x00, 0x8c, 0x00, /* 行 5 */
    0x48, 0x44, 0x00, 0x00, 0x39, 0x6d, 0x00, 0x00, 0x00, 0x8c, 0x00, /* 行 6 */
    0x48, 0x44, 0x00, 0x00, 0x00, 0x7c, 0x2a, 0x00, 0x00, 0x8c, 0x00, /* 行 7 */
    0x48, 0x44, 0x00, 0x00, 0x00, 0x05, 0x9c, 0x05, 0x00, 0x8c, 0x00, /* 行 8 */
    0x48, 0x44, 0x00, 0x00, 0x00, 0x00, 0x2a, 0x7d, 0x00, 0x8c, 0x00, /* 行 9 */
    0x48, 0x44, 0x00, 0x00, 0x00, 0x00, 0x00, 0x6e, 0x3a, 0x8c, 0x00, /* 行 10 */
    0x48, 0x44, 0x00, 0x00, 0x00, 0x00, 0x00, 0x01, 0x9b, 0x9a, 0x00, /* 行 11 */
    0x34, 0xa6, 0x8c, 0x8c, 0x8c, 0x8c, 0x8c, 0x8c, 0xa9, 0xb2, 0x00, /* 行 12 */
};

static const ipgui_glyph_t quicksand_medium_18px_char_005 = {
    .cover_map = quicksand_medium_18px_char_005_bitmap,
    .width = 11,
    .height = 13,
    .bearing_x = 0,
    .bearing_y = 13,
    .advance = 11
};

/* 字符   6: ACK  */
static const unsigned char quicksand_medium_18px_char_006_bitmap[] = {
    0x16, 0x8d, 0x88, 0x88, 0x88, 0x88, 0x88, 0x88, 0x88, 0x5c, 0x00, /* 行 0 */
    0x47, 0xc8, 0x12, 0x00, 0x00, 0x00, 0x00, 0x00, 0x00, 0x8c, 0x00, /* 行 1 */
    0x48, 0x57, 0x90, 0x00, 0x00, 0x00, 0x00, 0x00, 0x00, 0x8c, 0x00, /* 行 2 */
    0x48, 0x44, 0x4a, 0x5a, 0x00, 0x00, 0x00, 0x00, 0x00, 0x8c, 0x00, /* 行 3 */
    0x48, 0x44, 0x00, 0x88, 0x1d, 0x00, 0x00, 0x00, 0x00, 0x8c, 0x00, /* 行 4 */
    0x48, 0x44, 0x00, 0x0b, 0x99, 0x01, 0x00, 0x00, 0x00, 0x8c, 0x00, /* 行 5 */
    0x48, 0x44, 0x00, 0x00, 0x39, 0x6d, 0x00, 0x00, 0x00, 0x8c, 0x00, /* 行 6 */
    0x48, 0x44, 0x00, 0x00, 0x00, 0x7c, 0x2a, 0x00, 0x00, 0x8c, 0x00, /* 行 7 */
    0x48, 0x44, 0x00, 0x00, 0x00, 0x05, 0x9c, 0x05, 0x00, 0x8c, 0x00, /* 行 8 */
    0x48, 0x44, 0x00, 0x00, 0x00, 0x00, 0x2a, 0x7d, 0x00, 0x8c, 0x00, /* 行 9 */
    0x48, 0x44, 0x00, 0x00, 0x00, 0x00, 0x00, 0x6e, 0x3a, 0x8c, 0x00, /* 行 10 */
    0x48, 0x44, 0x00, 0x00, 0x00, 0x00, 0x00, 0x01, 0x9b, 0x9a, 0x00, /* 行 11 */
    0x34, 0xa6, 0x8c, 0x8c, 0x8c, 0x8c, 0x8c, 0x8c, 0xa9, 0xb2, 0x00, /* 行 12 */
};

static const ipgui_glyph_t quicksand_medium_18px_char_006 = {
    .cover_map = quicksand_medium_18px_char_006_bitmap,
    .width = 11,
    .height = 13,
    .bearing_x = 0,
    .bearing_y = 13,
    .advance = 11
};

/* 字符   7: BEL  */
static const unsigned char quicksand_medium_18px_char_007_bitmap[] = {
    0x16, 0x8d, 0x88, 0x88, 0x88, 0x88, 0x88, 0x88, 0x88, 0x5c, 0x00, /* 行 0 */
    0x47, 0xc8, 0x12, 0x00, 0x00, 0x00, 0x00, 0x00, 0x00, 0x8c, 0x00, /* 行 1 */
    0x48, 0x57, 0x90, 0x00, 0x00, 0x00, 0x00, 0x00, 0x00, 0x8c, 0x00, /* 行 2 */
    0x48, 0x44, 0x4a, 0x5a, 0x00, 0x00, 0x00, 0x00, 0x00, 0x8c, 0x00, /* 行 3 */
    0x48, 0x44, 0x00, 0x88, 0x1d, 0x00, 0x00, 0x00, 0x00, 0x8c, 0x00, /* 行 4 */
    0x48, 0x44, 0x00, 0x0b, 0x99, 0x01, 0x00, 0x00, 0x00, 0x8c, 0x00, /* 行 5 */
    0x48, 0x44, 0x00, 0x00, 0x39, 0x6d, 0x00, 0x00, 0x00, 0x8c, 0x00, /* 行 6 */
    0x48, 0x44, 0x00, 0x00, 0x00, 0x7c, 0x2a, 0x00, 0x00, 0x8c, 0x00, /* 行 7 */
    0x48, 0x44, 0x00, 0x00, 0x00, 0x05, 0x9c, 0x05, 0x00, 0x8c, 0x00, /* 行 8 */
    0x48, 0x44, 0x00, 0x00, 0x00, 0x00, 0x2a, 0x7d, 0x00, 0x8c, 0x00, /* 行 9 */
    0x48, 0x44, 0x00, 0x00, 0x00, 0x00, 0x00, 0x6e, 0x3a, 0x8c, 0x00, /* 行 10 */
    0x48, 0x44, 0x00, 0x00, 0x00, 0x00, 0x00, 0x01, 0x9b, 0x9a, 0x00, /* 行 11 */
    0x34, 0xa6, 0x8c, 0x8c, 0x8c, 0x8c, 0x8c, 0x8c, 0xa9, 0xb2, 0x00, /* 行 12 */
};

static const ipgui_glyph_t quicksand_medium_18px_char_007 = {
    .cover_map = quicksand_medium_18px_char_007_bitmap,
    .width = 11,
    .height = 13,
    .bearing_x = 0,
    .bearing_y = 13,
    .advance = 11
};

/* 字符   8: BS   */
static const unsigned char quicksand_medium_18px_char_008_bitmap[] = {
    0x16, 0x8d, 0x88, 0x88, 0x88, 0x88, 0x88, 0x88, 0x88, 0x5c, 0x00, /* 行 0 */
    0x47, 0xc8, 0x12, 0x00, 0x00, 0x00, 0x00, 0x00, 0x00, 0x8c, 0x00, /* 行 1 */
    0x48, 0x57, 0x90, 0x00, 0x00, 0x00, 0x00, 0x00, 0x00, 0x8c, 0x00, /* 行 2 */
    0x48, 0x44, 0x4a, 0x5a, 0x00, 0x00, 0x00, 0x00, 0x00, 0x8c, 0x00, /* 行 3 */
    0x48, 0x44, 0x00, 0x88, 0x1d, 0x00, 0x00, 0x00, 0x00, 0x8c, 0x00, /* 行 4 */
    0x48, 0x44, 0x00, 0x0b, 0x99, 0x01, 0x00, 0x00, 0x00, 0x8c, 0x00, /* 行 5 */
    0x48, 0x44, 0x00, 0x00, 0x39, 0x6d, 0x00, 0x00, 0x00, 0x8c, 0x00, /* 行 6 */
    0x48, 0x44, 0x00, 0x00, 0x00, 0x7c, 0x2a, 0x00, 0x00, 0x8c, 0x00, /* 行 7 */
    0x48, 0x44, 0x00, 0x00, 0x00, 0x05, 0x9c, 0x05, 0x00, 0x8c, 0x00, /* 行 8 */
    0x48, 0x44, 0x00, 0x00, 0x00, 0x00, 0x2a, 0x7d, 0x00, 0x8c, 0x00, /* 行 9 */
    0x48, 0x44, 0x00, 0x00, 0x00, 0x00, 0x00, 0x6e, 0x3a, 0x8c, 0x00, /* 行 10 */
    0x48, 0x44, 0x00, 0x00, 0x00, 0x00, 0x00, 0x01, 0x9b, 0x9a, 0x00, /* 行 11 */
    0x34, 0xa6, 0x8c, 0x8c, 0x8c, 0x8c, 0x8c, 0x8c, 0xa9, 0xb2, 0x00, /* 行 12 */
};

static const ipgui_glyph_t quicksand_medium_18px_char_008 = {
    .cover_map = quicksand_medium_18px_char_008_bitmap,
    .width = 11,
    .height = 13,
    .bearing_x = 0,
    .bearing_y = 13,
    .advance = 11
};

/* 字符   9: HT   */
static const unsigned char quicksand_medium_18px_char_009_bitmap[] = {
    0x16, 0x8d, 0x88, 0x88, 0x88, 0x88, 0x88, 0x88, 0x88, 0x5c, 0x00, /* 行 0 */
    0x47, 0xc8, 0x12, 0x00, 0x00, 0x00, 0x00, 0x00, 0x00, 0x8c, 0x00, /* 行 1 */
    0x48, 0x57, 0x90, 0x00, 0x00, 0x00, 0x00, 0x00, 0x00, 0x8c, 0x00, /* 行 2 */
    0x48, 0x44, 0x4a, 0x5a, 0x00, 0x00, 0x00, 0x00, 0x00, 0x8c, 0x00, /* 行 3 */
    0x48, 0x44, 0x00, 0x88, 0x1d, 0x00, 0x00, 0x00, 0x00, 0x8c, 0x00, /* 行 4 */
    0x48, 0x44, 0x00, 0x0b, 0x99, 0x01, 0x00, 0x00, 0x00, 0x8c, 0x00, /* 行 5 */
    0x48, 0x44, 0x00, 0x00, 0x39, 0x6d, 0x00, 0x00, 0x00, 0x8c, 0x00, /* 行 6 */
    0x48, 0x44, 0x00, 0x00, 0x00, 0x7c, 0x2a, 0x00, 0x00, 0x8c, 0x00, /* 行 7 */
    0x48, 0x44, 0x00, 0x00, 0x00, 0x05, 0x9c, 0x05, 0x00, 0x8c, 0x00, /* 行 8 */
    0x48, 0x44, 0x00, 0x00, 0x00, 0x00, 0x2a, 0x7d, 0x00, 0x8c, 0x00, /* 行 9 */
    0x48, 0x44, 0x00, 0x00, 0x00, 0x00, 0x00, 0x6e, 0x3a, 0x8c, 0x00, /* 行 10 */
    0x48, 0x44, 0x00, 0x00, 0x00, 0x00, 0x00, 0x01, 0x9b, 0x9a, 0x00, /* 行 11 */
    0x34, 0xa6, 0x8c, 0x8c, 0x8c, 0x8c, 0x8c, 0x8c, 0xa9, 0xb2, 0x00, /* 行 12 */
};

static const ipgui_glyph_t quicksand_medium_18px_char_009 = {
    .cover_map = quicksand_medium_18px_char_009_bitmap,
    .width = 11,
    .height = 13,
    .bearing_x = 0,
    .bearing_y = 13,
    .advance = 11
};

/* 字符  10: LF   */
static const unsigned char quicksand_medium_18px_char_010_bitmap[] = {
    0x16, 0x8d, 0x88, 0x88, 0x88, 0x88, 0x88, 0x88, 0x88, 0x5c, 0x00, /* 行 0 */
    0x47, 0xc8, 0x12, 0x00, 0x00, 0x00, 0x00, 0x00, 0x00, 0x8c, 0x00, /* 行 1 */
    0x48, 0x57, 0x90, 0x00, 0x00, 0x00, 0x00, 0x00, 0x00, 0x8c, 0x00, /* 行 2 */
    0x48, 0x44, 0x4a, 0x5a, 0x00, 0x00, 0x00, 0x00, 0x00, 0x8c, 0x00, /* 行 3 */
    0x48, 0x44, 0x00, 0x88, 0x1d, 0x00, 0x00, 0x00, 0x00, 0x8c, 0x00, /* 行 4 */
    0x48, 0x44, 0x00, 0x0b, 0x99, 0x01, 0x00, 0x00, 0x00, 0x8c, 0x00, /* 行 5 */
    0x48, 0x44, 0x00, 0x00, 0x39, 0x6d, 0x00, 0x00, 0x00, 0x8c, 0x00, /* 行 6 */
    0x48, 0x44, 0x00, 0x00, 0x00, 0x7c, 0x2a, 0x00, 0x00, 0x8c, 0x00, /* 行 7 */
    0x48, 0x44, 0x00, 0x00, 0x00, 0x05, 0x9c, 0x05, 0x00, 0x8c, 0x00, /* 行 8 */
    0x48, 0x44, 0x00, 0x00, 0x00, 0x00, 0x2a, 0x7d, 0x00, 0x8c, 0x00, /* 行 9 */
    0x48, 0x44, 0x00, 0x00, 0x00, 0x00, 0x00, 0x6e, 0x3a, 0x8c, 0x00, /* 行 10 */
    0x48, 0x44, 0x00, 0x00, 0x00, 0x00, 0x00, 0x01, 0x9b, 0x9a, 0x00, /* 行 11 */
    0x34, 0xa6, 0x8c, 0x8c, 0x8c, 0x8c, 0x8c, 0x8c, 0xa9, 0xb2, 0x00, /* 行 12 */
};

static const ipgui_glyph_t quicksand_medium_18px_char_010 = {
    .cover_map = quicksand_medium_18px_char_010_bitmap,
    .width = 11,
    .height = 13,
    .bearing_x = 0,
    .bearing_y = 13,
    .advance = 11
};

/* 字符  11: VT   */
static const unsigned char quicksand_medium_18px_char_011_bitmap[] = {
    0x16, 0x8d, 0x88, 0x88, 0x88, 0x88, 0x88, 0x88, 0x88, 0x5c, 0x00, /* 行 0 */
    0x47, 0xc8, 0x12, 0x00, 0x00, 0x00, 0x00, 0x00, 0x00, 0x8c, 0x00, /* 行 1 */
    0x48, 0x57, 0x90, 0x00, 0x00, 0x00, 0x00, 0x00, 0x00, 0x8c, 0x00, /* 行 2 */
    0x48, 0x44, 0x4a, 0x5a, 0x00, 0x00, 0x00, 0x00, 0x00, 0x8c, 0x00, /* 行 3 */
    0x48, 0x44, 0x00, 0x88, 0x1d, 0x00, 0x00, 0x00, 0x00, 0x8c, 0x00, /* 行 4 */
    0x48, 0x44, 0x00, 0x0b, 0x99, 0x01, 0x00, 0x00, 0x00, 0x8c, 0x00, /* 行 5 */
    0x48, 0x44, 0x00, 0x00, 0x39, 0x6d, 0x00, 0x00, 0x00, 0x8c, 0x00, /* 行 6 */
    0x48, 0x44, 0x00, 0x00, 0x00, 0x7c, 0x2a, 0x00, 0x00, 0x8c, 0x00, /* 行 7 */
    0x48, 0x44, 0x00, 0x00, 0x00, 0x05, 0x9c, 0x05, 0x00, 0x8c, 0x00, /* 行 8 */
    0x48, 0x44, 0x00, 0x00, 0x00, 0x00, 0x2a, 0x7d, 0x00, 0x8c, 0x00, /* 行 9 */
    0x48, 0x44, 0x00, 0x00, 0x00, 0x00, 0x00, 0x6e, 0x3a, 0x8c, 0x00, /* 行 10 */
    0x48, 0x44, 0x00, 0x00, 0x00, 0x00, 0x00, 0x01, 0x9b, 0x9a, 0x00, /* 行 11 */
    0x34, 0xa6, 0x8c, 0x8c, 0x8c, 0x8c, 0x8c, 0x8c, 0xa9, 0xb2, 0x00, /* 行 12 */
};

static const ipgui_glyph_t quicksand_medium_18px_char_011 = {
    .cover_map = quicksand_medium_18px_char_011_bitmap,
    .width = 11,
    .height = 13,
    .bearing_x = 0,
    .bearing_y = 13,
    .advance = 11
};

/* 字符  12: FF   */
static const unsigned char quicksand_medium_18px_char_012_bitmap[] = {
    0x16, 0x8d, 0x88, 0x88, 0x88, 0x88, 0x88, 0x88, 0x88, 0x5c, 0x00, /* 行 0 */
    0x47, 0xc8, 0x12, 0x00, 0x00, 0x00, 0x00, 0x00, 0x00, 0x8c, 0x00, /* 行 1 */
    0x48, 0x57, 0x90, 0x00, 0x00, 0x00, 0x00, 0x00, 0x00, 0x8c, 0x00, /* 行 2 */
    0x48, 0x44, 0x4a, 0x5a, 0x00, 0x00, 0x00, 0x00, 0x00, 0x8c, 0x00, /* 行 3 */
    0x48, 0x44, 0x00, 0x88, 0x1d, 0x00, 0x00, 0x00, 0x00, 0x8c, 0x00, /* 行 4 */
    0x48, 0x44, 0x00, 0x0b, 0x99, 0x01, 0x00, 0x00, 0x00, 0x8c, 0x00, /* 行 5 */
    0x48, 0x44, 0x00, 0x00, 0x39, 0x6d, 0x00, 0x00, 0x00, 0x8c, 0x00, /* 行 6 */
    0x48, 0x44, 0x00, 0x00, 0x00, 0x7c, 0x2a, 0x00, 0x00, 0x8c, 0x00, /* 行 7 */
    0x48, 0x44, 0x00, 0x00, 0x00, 0x05, 0x9c, 0x05, 0x00, 0x8c, 0x00, /* 行 8 */
    0x48, 0x44, 0x00, 0x00, 0x00, 0x00, 0x2a, 0x7d, 0x00, 0x8c, 0x00, /* 行 9 */
    0x48, 0x44, 0x00, 0x00, 0x00, 0x00, 0x00, 0x6e, 0x3a, 0x8c, 0x00, /* 行 10 */
    0x48, 0x44, 0x00, 0x00, 0x00, 0x00, 0x00, 0x01, 0x9b, 0x9a, 0x00, /* 行 11 */
    0x34, 0xa6, 0x8c, 0x8c, 0x8c, 0x8c, 0x8c, 0x8c, 0xa9, 0xb2, 0x00, /* 行 12 */
};

static const ipgui_glyph_t quicksand_medium_18px_char_012 = {
    .cover_map = quicksand_medium_18px_char_012_bitmap,
    .width = 11,
    .height = 13,
    .bearing_x = 0,
    .bearing_y = 13,
    .advance = 11
};

/* 字符  13: CR   */
static const unsigned char quicksand_medium_18px_char_013_bitmap[] = { };

static const ipgui_glyph_t quicksand_medium_18px_char_013 = {
    .cover_map = quicksand_medium_18px_char_013_bitmap,
    .width = 5,
    .height = 0,
    .bearing_x = 0,
    .bearing_y = 0,
    .advance = 5
};

/* 字符  14: SO   */
static const unsigned char quicksand_medium_18px_char_014_bitmap[] = {
    0x16, 0x8d, 0x88, 0x88, 0x88, 0x88, 0x88, 0x88, 0x88, 0x5c, 0x00, /* 行 0 */
    0x47, 0xc8, 0x12, 0x00, 0x00, 0x00, 0x00, 0x00, 0x00, 0x8c, 0x00, /* 行 1 */
    0x48, 0x57, 0x90, 0x00, 0x00, 0x00, 0x00, 0x00, 0x00, 0x8c, 0x00, /* 行 2 */
    0x48, 0x44, 0x4a, 0x5a, 0x00, 0x00, 0x00, 0x00, 0x00, 0x8c, 0x00, /* 行 3 */
    0x48, 0x44, 0x00, 0x88, 0x1d, 0x00, 0x00, 0x00, 0x00, 0x8c, 0x00, /* 行 4 */
    0x48, 0x44, 0x00, 0x0b, 0x99, 0x01, 0x00, 0x00, 0x00, 0x8c, 0x00, /* 行 5 */
    0x48, 0x44, 0x00, 0x00, 0x39, 0x6d, 0x00, 0x00, 0x00, 0x8c, 0x00, /* 行 6 */
    0x48, 0x44, 0x00, 0x00, 0x00, 0x7c, 0x2a, 0x00, 0x00, 0x8c, 0x00, /* 行 7 */
    0x48, 0x44, 0x00, 0x00, 0x00, 0x05, 0x9c, 0x05, 0x00, 0x8c, 0x00, /* 行 8 */
    0x48, 0x44, 0x00, 0x00, 0x00, 0x00, 0x2a, 0x7d, 0x00, 0x8c, 0x00, /* 行 9 */
    0x48, 0x44, 0x00, 0x00, 0x00, 0x00, 0x00, 0x6e, 0x3a, 0x8c, 0x00, /* 行 10 */
    0x48, 0x44, 0x00, 0x00, 0x00, 0x00, 0x00, 0x01, 0x9b, 0x9a, 0x00, /* 行 11 */
    0x34, 0xa6, 0x8c, 0x8c, 0x8c, 0x8c, 0x8c, 0x8c, 0xa9, 0xb2, 0x00, /* 行 12 */
};

static const ipgui_glyph_t quicksand_medium_18px_char_014 = {
    .cover_map = quicksand_medium_18px_char_014_bitmap,
    .width = 11,
    .height = 13,
    .bearing_x = 0,
    .bearing_y = 13,
    .advance = 11
};

/* 字符  15: SI   */
static const unsigned char quicksand_medium_18px_char_015_bitmap[] = {
    0x16, 0x8d, 0x88, 0x88, 0x88, 0x88, 0x88, 0x88, 0x88, 0x5c, 0x00, /* 行 0 */
    0x47, 0xc8, 0x12, 0x00, 0x00, 0x00, 0x00, 0x00, 0x00, 0x8c, 0x00, /* 行 1 */
    0x48, 0x57, 0x90, 0x00, 0x00, 0x00, 0x00, 0x00, 0x00, 0x8c, 0x00, /* 行 2 */
    0x48, 0x44, 0x4a, 0x5a, 0x00, 0x00, 0x00, 0x00, 0x00, 0x8c, 0x00, /* 行 3 */
    0x48, 0x44, 0x00, 0x88, 0x1d, 0x00, 0x00, 0x00, 0x00, 0x8c, 0x00, /* 行 4 */
    0x48, 0x44, 0x00, 0x0b, 0x99, 0x01, 0x00, 0x00, 0x00, 0x8c, 0x00, /* 行 5 */
    0x48, 0x44, 0x00, 0x00, 0x39, 0x6d, 0x00, 0x00, 0x00, 0x8c, 0x00, /* 行 6 */
    0x48, 0x44, 0x00, 0x00, 0x00, 0x7c, 0x2a, 0x00, 0x00, 0x8c, 0x00, /* 行 7 */
    0x48, 0x44, 0x00, 0x00, 0x00, 0x05, 0x9c, 0x05, 0x00, 0x8c, 0x00, /* 行 8 */
    0x48, 0x44, 0x00, 0x00, 0x00, 0x00, 0x2a, 0x7d, 0x00, 0x8c, 0x00, /* 行 9 */
    0x48, 0x44, 0x00, 0x00, 0x00, 0x00, 0x00, 0x6e, 0x3a, 0x8c, 0x00, /* 行 10 */
    0x48, 0x44, 0x00, 0x00, 0x00, 0x00, 0x00, 0x01, 0x9b, 0x9a, 0x00, /* 行 11 */
    0x34, 0xa6, 0x8c, 0x8c, 0x8c, 0x8c, 0x8c, 0x8c, 0xa9, 0xb2, 0x00, /* 行 12 */
};

static const ipgui_glyph_t quicksand_medium_18px_char_015 = {
    .cover_map = quicksand_medium_18px_char_015_bitmap,
    .width = 11,
    .height = 13,
    .bearing_x = 0,
    .bearing_y = 13,
    .advance = 11
};

/* 字符  16: DLE  */
static const unsigned char quicksand_medium_18px_char_016_bitmap[] = {
    0x16, 0x8d, 0x88, 0x88, 0x88, 0x88, 0x88, 0x88, 0x88, 0x5c, 0x00, /* 行 0 */
    0x47, 0xc8, 0x12, 0x00, 0x00, 0x00, 0x00, 0x00, 0x00, 0x8c, 0x00, /* 行 1 */
    0x48, 0x57, 0x90, 0x00, 0x00, 0x00, 0x00, 0x00, 0x00, 0x8c, 0x00, /* 行 2 */
    0x48, 0x44, 0x4a, 0x5a, 0x00, 0x00, 0x00, 0x00, 0x00, 0x8c, 0x00, /* 行 3 */
    0x48, 0x44, 0x00, 0x88, 0x1d, 0x00, 0x00, 0x00, 0x00, 0x8c, 0x00, /* 行 4 */
    0x48, 0x44, 0x00, 0x0b, 0x99, 0x01, 0x00, 0x00, 0x00, 0x8c, 0x00, /* 行 5 */
    0x48, 0x44, 0x00, 0x00, 0x39, 0x6d, 0x00, 0x00, 0x00, 0x8c, 0x00, /* 行 6 */
    0x48, 0x44, 0x00, 0x00, 0x00, 0x7c, 0x2a, 0x00, 0x00, 0x8c, 0x00, /* 行 7 */
    0x48, 0x44, 0x00, 0x00, 0x00, 0x05, 0x9c, 0x05, 0x00, 0x8c, 0x00, /* 行 8 */
    0x48, 0x44, 0x00, 0x00, 0x00, 0x00, 0x2a, 0x7d, 0x00, 0x8c, 0x00, /* 行 9 */
    0x48, 0x44, 0x00, 0x00, 0x00, 0x00, 0x00, 0x6e, 0x3a, 0x8c, 0x00, /* 行 10 */
    0x48, 0x44, 0x00, 0x00, 0x00, 0x00, 0x00, 0x01, 0x9b, 0x9a, 0x00, /* 行 11 */
    0x34, 0xa6, 0x8c, 0x8c, 0x8c, 0x8c, 0x8c, 0x8c, 0xa9, 0xb2, 0x00, /* 行 12 */
};

static const ipgui_glyph_t quicksand_medium_18px_char_016 = {
    .cover_map = quicksand_medium_18px_char_016_bitmap,
    .width = 11,
    .height = 13,
    .bearing_x = 0,
    .bearing_y = 13,
    .advance = 11
};

/* 字符  17: DC1  */
static const unsigned char quicksand_medium_18px_char_017_bitmap[] = {
    0x16, 0x8d, 0x88, 0x88, 0x88, 0x88, 0x88, 0x88, 0x88, 0x5c, 0x00, /* 行 0 */
    0x47, 0xc8, 0x12, 0x00, 0x00, 0x00, 0x00, 0x00, 0x00, 0x8c, 0x00, /* 行 1 */
    0x48, 0x57, 0x90, 0x00, 0x00, 0x00, 0x00, 0x00, 0x00, 0x8c, 0x00, /* 行 2 */
    0x48, 0x44, 0x4a, 0x5a, 0x00, 0x00, 0x00, 0x00, 0x00, 0x8c, 0x00, /* 行 3 */
    0x48, 0x44, 0x00, 0x88, 0x1d, 0x00, 0x00, 0x00, 0x00, 0x8c, 0x00, /* 行 4 */
    0x48, 0x44, 0x00, 0x0b, 0x99, 0x01, 0x00, 0x00, 0x00, 0x8c, 0x00, /* 行 5 */
    0x48, 0x44, 0x00, 0x00, 0x39, 0x6d, 0x00, 0x00, 0x00, 0x8c, 0x00, /* 行 6 */
    0x48, 0x44, 0x00, 0x00, 0x00, 0x7c, 0x2a, 0x00, 0x00, 0x8c, 0x00, /* 行 7 */
    0x48, 0x44, 0x00, 0x00, 0x00, 0x05, 0x9c, 0x05, 0x00, 0x8c, 0x00, /* 行 8 */
    0x48, 0x44, 0x00, 0x00, 0x00, 0x00, 0x2a, 0x7d, 0x00, 0x8c, 0x00, /* 行 9 */
    0x48, 0x44, 0x00, 0x00, 0x00, 0x00, 0x00, 0x6e, 0x3a, 0x8c, 0x00, /* 行 10 */
    0x48, 0x44, 0x00, 0x00, 0x00, 0x00, 0x00, 0x01, 0x9b, 0x9a, 0x00, /* 行 11 */
    0x34, 0xa6, 0x8c, 0x8c, 0x8c, 0x8c, 0x8c, 0x8c, 0xa9, 0xb2, 0x00, /* 行 12 */
};

static const ipgui_glyph_t quicksand_medium_18px_char_017 = {
    .cover_map = quicksand_medium_18px_char_017_bitmap,
    .width = 11,
    .height = 13,
    .bearing_x = 0,
    .bearing_y = 13,
    .advance = 11
};

/* 字符  18: DC2  */
static const unsigned char quicksand_medium_18px_char_018_bitmap[] = {
    0x16, 0x8d, 0x88, 0x88, 0x88, 0x88, 0x88, 0x88, 0x88, 0x5c, 0x00, /* 行 0 */
    0x47, 0xc8, 0x12, 0x00, 0x00, 0x00, 0x00, 0x00, 0x00, 0x8c, 0x00, /* 行 1 */
    0x48, 0x57, 0x90, 0x00, 0x00, 0x00, 0x00, 0x00, 0x00, 0x8c, 0x00, /* 行 2 */
    0x48, 0x44, 0x4a, 0x5a, 0x00, 0x00, 0x00, 0x00, 0x00, 0x8c, 0x00, /* 行 3 */
    0x48, 0x44, 0x00, 0x88, 0x1d, 0x00, 0x00, 0x00, 0x00, 0x8c, 0x00, /* 行 4 */
    0x48, 0x44, 0x00, 0x0b, 0x99, 0x01, 0x00, 0x00, 0x00, 0x8c, 0x00, /* 行 5 */
    0x48, 0x44, 0x00, 0x00, 0x39, 0x6d, 0x00, 0x00, 0x00, 0x8c, 0x00, /* 行 6 */
    0x48, 0x44, 0x00, 0x00, 0x00, 0x7c, 0x2a, 0x00, 0x00, 0x8c, 0x00, /* 行 7 */
    0x48, 0x44, 0x00, 0x00, 0x00, 0x05, 0x9c, 0x05, 0x00, 0x8c, 0x00, /* 行 8 */
    0x48, 0x44, 0x00, 0x00, 0x00, 0x00, 0x2a, 0x7d, 0x00, 0x8c, 0x00, /* 行 9 */
    0x48, 0x44, 0x00, 0x00, 0x00, 0x00, 0x00, 0x6e, 0x3a, 0x8c, 0x00, /* 行 10 */
    0x48, 0x44, 0x00, 0x00, 0x00, 0x00, 0x00, 0x01, 0x9b, 0x9a, 0x00, /* 行 11 */
    0x34, 0xa6, 0x8c, 0x8c, 0x8c, 0x8c, 0x8c, 0x8c, 0xa9, 0xb2, 0x00, /* 行 12 */
};

static const ipgui_glyph_t quicksand_medium_18px_char_018 = {
    .cover_map = quicksand_medium_18px_char_018_bitmap,
    .width = 11,
    .height = 13,
    .bearing_x = 0,
    .bearing_y = 13,
    .advance = 11
};

/* 字符  19: DC3  */
static const unsigned char quicksand_medium_18px_char_019_bitmap[] = {
    0x16, 0x8d, 0x88, 0x88, 0x88, 0x88, 0x88, 0x88, 0x88, 0x5c, 0x00, /* 行 0 */
    0x47, 0xc8, 0x12, 0x00, 0x00, 0x00, 0x00, 0x00, 0x00, 0x8c, 0x00, /* 行 1 */
    0x48, 0x57, 0x90, 0x00, 0x00, 0x00, 0x00, 0x00, 0x00, 0x8c, 0x00, /* 行 2 */
    0x48, 0x44, 0x4a, 0x5a, 0x00, 0x00, 0x00, 0x00, 0x00, 0x8c, 0x00, /* 行 3 */
    0x48, 0x44, 0x00, 0x88, 0x1d, 0x00, 0x00, 0x00, 0x00, 0x8c, 0x00, /* 行 4 */
    0x48, 0x44, 0x00, 0x0b, 0x99, 0x01, 0x00, 0x00, 0x00, 0x8c, 0x00, /* 行 5 */
    0x48, 0x44, 0x00, 0x00, 0x39, 0x6d, 0x00, 0x00, 0x00, 0x8c, 0x00, /* 行 6 */
    0x48, 0x44, 0x00, 0x00, 0x00, 0x7c, 0x2a, 0x00, 0x00, 0x8c, 0x00, /* 行 7 */
    0x48, 0x44, 0x00, 0x00, 0x00, 0x05, 0x9c, 0x05, 0x00, 0x8c, 0x00, /* 行 8 */
    0x48, 0x44, 0x00, 0x00, 0x00, 0x00, 0x2a, 0x7d, 0x00, 0x8c, 0x00, /* 行 9 */
    0x48, 0x44, 0x00, 0x00, 0x00, 0x00, 0x00, 0x6e, 0x3a, 0x8c, 0x00, /* 行 10 */
    0x48, 0x44, 0x00, 0x00, 0x00, 0x00, 0x00, 0x01, 0x9b, 0x9a, 0x00, /* 行 11 */
    0x34, 0xa6, 0x8c, 0x8c, 0x8c, 0x8c, 0x8c, 0x8c, 0xa9, 0xb2, 0x00, /* 行 12 */
};

static const ipgui_glyph_t quicksand_medium_18px_char_019 = {
    .cover_map = quicksand_medium_18px_char_019_bitmap,
    .width = 11,
    .height = 13,
    .bearing_x = 0,
    .bearing_y = 13,
    .advance = 11
};

/* 字符  20: DC4  */
static const unsigned char quicksand_medium_18px_char_020_bitmap[] = {
    0x16, 0x8d, 0x88, 0x88, 0x88, 0x88, 0x88, 0x88, 0x88, 0x5c, 0x00, /* 行 0 */
    0x47, 0xc8, 0x12, 0x00, 0x00, 0x00, 0x00, 0x00, 0x00, 0x8c, 0x00, /* 行 1 */
    0x48, 0x57, 0x90, 0x00, 0x00, 0x00, 0x00, 0x00, 0x00, 0x8c, 0x00, /* 行 2 */
    0x48, 0x44, 0x4a, 0x5a, 0x00, 0x00, 0x00, 0x00, 0x00, 0x8c, 0x00, /* 行 3 */
    0x48, 0x44, 0x00, 0x88, 0x1d, 0x00, 0x00, 0x00, 0x00, 0x8c, 0x00, /* 行 4 */
    0x48, 0x44, 0x00, 0x0b, 0x99, 0x01, 0x00, 0x00, 0x00, 0x8c, 0x00, /* 行 5 */
    0x48, 0x44, 0x00, 0x00, 0x39, 0x6d, 0x00, 0x00, 0x00, 0x8c, 0x00, /* 行 6 */
    0x48, 0x44, 0x00, 0x00, 0x00, 0x7c, 0x2a, 0x00, 0x00, 0x8c, 0x00, /* 行 7 */
    0x48, 0x44, 0x00, 0x00, 0x00, 0x05, 0x9c, 0x05, 0x00, 0x8c, 0x00, /* 行 8 */
    0x48, 0x44, 0x00, 0x00, 0x00, 0x00, 0x2a, 0x7d, 0x00, 0x8c, 0x00, /* 行 9 */
    0x48, 0x44, 0x00, 0x00, 0x00, 0x00, 0x00, 0x6e, 0x3a, 0x8c, 0x00, /* 行 10 */
    0x48, 0x44, 0x00, 0x00, 0x00, 0x00, 0x00, 0x01, 0x9b, 0x9a, 0x00, /* 行 11 */
    0x34, 0xa6, 0x8c, 0x8c, 0x8c, 0x8c, 0x8c, 0x8c, 0xa9, 0xb2, 0x00, /* 行 12 */
};

static const ipgui_glyph_t quicksand_medium_18px_char_020 = {
    .cover_map = quicksand_medium_18px_char_020_bitmap,
    .width = 11,
    .height = 13,
    .bearing_x = 0,
    .bearing_y = 13,
    .advance = 11
};

/* 字符  21: NAK  */
static const unsigned char quicksand_medium_18px_char_021_bitmap[] = {
    0x16, 0x8d, 0x88, 0x88, 0x88, 0x88, 0x88, 0x88, 0x88, 0x5c, 0x00, /* 行 0 */
    0x47, 0xc8, 0x12, 0x00, 0x00, 0x00, 0x00, 0x00, 0x00, 0x8c, 0x00, /* 行 1 */
    0x48, 0x57, 0x90, 0x00, 0x00, 0x00, 0x00, 0x00, 0x00, 0x8c, 0x00, /* 行 2 */
    0x48, 0x44, 0x4a, 0x5a, 0x00, 0x00, 0x00, 0x00, 0x00, 0x8c, 0x00, /* 行 3 */
    0x48, 0x44, 0x00, 0x88, 0x1d, 0x00, 0x00, 0x00, 0x00, 0x8c, 0x00, /* 行 4 */
    0x48, 0x44, 0x00, 0x0b, 0x99, 0x01, 0x00, 0x00, 0x00, 0x8c, 0x00, /* 行 5 */
    0x48, 0x44, 0x00, 0x00, 0x39, 0x6d, 0x00, 0x00, 0x00, 0x8c, 0x00, /* 行 6 */
    0x48, 0x44, 0x00, 0x00, 0x00, 0x7c, 0x2a, 0x00, 0x00, 0x8c, 0x00, /* 行 7 */
    0x48, 0x44, 0x00, 0x00, 0x00, 0x05, 0x9c, 0x05, 0x00, 0x8c, 0x00, /* 行 8 */
    0x48, 0x44, 0x00, 0x00, 0x00, 0x00, 0x2a, 0x7d, 0x00, 0x8c, 0x00, /* 行 9 */
    0x48, 0x44, 0x00, 0x00, 0x00, 0x00, 0x00, 0x6e, 0x3a, 0x8c, 0x00, /* 行 10 */
    0x48, 0x44, 0x00, 0x00, 0x00, 0x00, 0x00, 0x01, 0x9b, 0x9a, 0x00, /* 行 11 */
    0x34, 0xa6, 0x8c, 0x8c, 0x8c, 0x8c, 0x8c, 0x8c, 0xa9, 0xb2, 0x00, /* 行 12 */
};

static const ipgui_glyph_t quicksand_medium_18px_char_021 = {
    .cover_map = quicksand_medium_18px_char_021_bitmap,
    .width = 11,
    .height = 13,
    .bearing_x = 0,
    .bearing_y = 13,
    .advance = 11
};

/* 字符  22: SYN  */
static const unsigned char quicksand_medium_18px_char_022_bitmap[] = {
    0x16, 0x8d, 0x88, 0x88, 0x88, 0x88, 0x88, 0x88, 0x88, 0x5c, 0x00, /* 行 0 */
    0x47, 0xc8, 0x12, 0x00, 0x00, 0x00, 0x00, 0x00, 0x00, 0x8c, 0x00, /* 行 1 */
    0x48, 0x57, 0x90, 0x00, 0x00, 0x00, 0x00, 0x00, 0x00, 0x8c, 0x00, /* 行 2 */
    0x48, 0x44, 0x4a, 0x5a, 0x00, 0x00, 0x00, 0x00, 0x00, 0x8c, 0x00, /* 行 3 */
    0x48, 0x44, 0x00, 0x88, 0x1d, 0x00, 0x00, 0x00, 0x00, 0x8c, 0x00, /* 行 4 */
    0x48, 0x44, 0x00, 0x0b, 0x99, 0x01, 0x00, 0x00, 0x00, 0x8c, 0x00, /* 行 5 */
    0x48, 0x44, 0x00, 0x00, 0x39, 0x6d, 0x00, 0x00, 0x00, 0x8c, 0x00, /* 行 6 */
    0x48, 0x44, 0x00, 0x00, 0x00, 0x7c, 0x2a, 0x00, 0x00, 0x8c, 0x00, /* 行 7 */
    0x48, 0x44, 0x00, 0x00, 0x00, 0x05, 0x9c, 0x05, 0x00, 0x8c, 0x00, /* 行 8 */
    0x48, 0x44, 0x00, 0x00, 0x00, 0x00, 0x2a, 0x7d, 0x00, 0x8c, 0x00, /* 行 9 */
    0x48, 0x44, 0x00, 0x00, 0x00, 0x00, 0x00, 0x6e, 0x3a, 0x8c, 0x00, /* 行 10 */
    0x48, 0x44, 0x00, 0x00, 0x00, 0x00, 0x00, 0x01, 0x9b, 0x9a, 0x00, /* 行 11 */
    0x34, 0xa6, 0x8c, 0x8c, 0x8c, 0x8c, 0x8c, 0x8c, 0xa9, 0xb2, 0x00, /* 行 12 */
};

static const ipgui_glyph_t quicksand_medium_18px_char_022 = {
    .cover_map = quicksand_medium_18px_char_022_bitmap,
    .width = 11,
    .height = 13,
    .bearing_x = 0,
    .bearing_y = 13,
    .advance = 11
};

/* 字符  23: ETB  */
static const unsigned char quicksand_medium_18px_char_023_bitmap[] = {
    0x16, 0x8d, 0x88, 0x88, 0x88, 0x88, 0x88, 0x88, 0x88, 0x5c, 0x00, /* 行 0 */
    0x47, 0xc8, 0x12, 0x00, 0x00, 0x00, 0x00, 0x00, 0x00, 0x8c, 0x00, /* 行 1 */
    0x48, 0x57, 0x90, 0x00, 0x00, 0x00, 0x00, 0x00, 0x00, 0x8c, 0x00, /* 行 2 */
    0x48, 0x44, 0x4a, 0x5a, 0x00, 0x00, 0x00, 0x00, 0x00, 0x8c, 0x00, /* 行 3 */
    0x48, 0x44, 0x00, 0x88, 0x1d, 0x00, 0x00, 0x00, 0x00, 0x8c, 0x00, /* 行 4 */
    0x48, 0x44, 0x00, 0x0b, 0x99, 0x01, 0x00, 0x00, 0x00, 0x8c, 0x00, /* 行 5 */
    0x48, 0x44, 0x00, 0x00, 0x39, 0x6d, 0x00, 0x00, 0x00, 0x8c, 0x00, /* 行 6 */
    0x48, 0x44, 0x00, 0x00, 0x00, 0x7c, 0x2a, 0x00, 0x00, 0x8c, 0x00, /* 行 7 */
    0x48, 0x44, 0x00, 0x00, 0x00, 0x05, 0x9c, 0x05, 0x00, 0x8c, 0x00, /* 行 8 */
    0x48, 0x44, 0x00, 0x00, 0x00, 0x00, 0x2a, 0x7d, 0x00, 0x8c, 0x00, /* 行 9 */
    0x48, 0x44, 0x00, 0x00, 0x00, 0x00, 0x00, 0x6e, 0x3a, 0x8c, 0x00, /* 行 10 */
    0x48, 0x44, 0x00, 0x00, 0x00, 0x00, 0x00, 0x01, 0x9b, 0x9a, 0x00, /* 行 11 */
    0x34, 0xa6, 0x8c, 0x8c, 0x8c, 0x8c, 0x8c, 0x8c, 0xa9, 0xb2, 0x00, /* 行 12 */
};

static const ipgui_glyph_t quicksand_medium_18px_char_023 = {
    .cover_map = quicksand_medium_18px_char_023_bitmap,
    .width = 11,
    .height = 13,
    .bearing_x = 0,
    .bearing_y = 13,
    .advance = 11
};

/* 字符  24: CAN  */
static const unsigned char quicksand_medium_18px_char_024_bitmap[] = {
    0x16, 0x8d, 0x88, 0x88, 0x88, 0x88, 0x88, 0x88, 0x88, 0x5c, 0x00, /* 行 0 */
    0x47, 0xc8, 0x12, 0x00, 0x00, 0x00, 0x00, 0x00, 0x00, 0x8c, 0x00, /* 行 1 */
    0x48, 0x57, 0x90, 0x00, 0x00, 0x00, 0x00, 0x00, 0x00, 0x8c, 0x00, /* 行 2 */
    0x48, 0x44, 0x4a, 0x5a, 0x00, 0x00, 0x00, 0x00, 0x00, 0x8c, 0x00, /* 行 3 */
    0x48, 0x44, 0x00, 0x88, 0x1d, 0x00, 0x00, 0x00, 0x00, 0x8c, 0x00, /* 行 4 */
    0x48, 0x44, 0x00, 0x0b, 0x99, 0x01, 0x00, 0x00, 0x00, 0x8c, 0x00, /* 行 5 */
    0x48, 0x44, 0x00, 0x00, 0x39, 0x6d, 0x00, 0x00, 0x00, 0x8c, 0x00, /* 行 6 */
    0x48, 0x44, 0x00, 0x00, 0x00, 0x7c, 0x2a, 0x00, 0x00, 0x8c, 0x00, /* 行 7 */
    0x48, 0x44, 0x00, 0x00, 0x00, 0x05, 0x9c, 0x05, 0x00, 0x8c, 0x00, /* 行 8 */
    0x48, 0x44, 0x00, 0x00, 0x00, 0x00, 0x2a, 0x7d, 0x00, 0x8c, 0x00, /* 行 9 */
    0x48, 0x44, 0x00, 0x00, 0x00, 0x00, 0x00, 0x6e, 0x3a, 0x8c, 0x00, /* 行 10 */
    0x48, 0x44, 0x00, 0x00, 0x00, 0x00, 0x00, 0x01, 0x9b, 0x9a, 0x00, /* 行 11 */
    0x34, 0xa6, 0x8c, 0x8c, 0x8c, 0x8c, 0x8c, 0x8c, 0xa9, 0xb2, 0x00, /* 行 12 */
};

static const ipgui_glyph_t quicksand_medium_18px_char_024 = {
    .cover_map = quicksand_medium_18px_char_024_bitmap,
    .width = 11,
    .height = 13,
    .bearing_x = 0,
    .bearing_y = 13,
    .advance = 11
};

/* 字符  25: EM   */
static const unsigned char quicksand_medium_18px_char_025_bitmap[] = {
    0x16, 0x8d, 0x88, 0x88, 0x88, 0x88, 0x88, 0x88, 0x88, 0x5c, 0x00, /* 行 0 */
    0x47, 0xc8, 0x12, 0x00, 0x00, 0x00, 0x00, 0x00, 0x00, 0x8c, 0x00, /* 行 1 */
    0x48, 0x57, 0x90, 0x00, 0x00, 0x00, 0x00, 0x00, 0x00, 0x8c, 0x00, /* 行 2 */
    0x48, 0x44, 0x4a, 0x5a, 0x00, 0x00, 0x00, 0x00, 0x00, 0x8c, 0x00, /* 行 3 */
    0x48, 0x44, 0x00, 0x88, 0x1d, 0x00, 0x00, 0x00, 0x00, 0x8c, 0x00, /* 行 4 */
    0x48, 0x44, 0x00, 0x0b, 0x99, 0x01, 0x00, 0x00, 0x00, 0x8c, 0x00, /* 行 5 */
    0x48, 0x44, 0x00, 0x00, 0x39, 0x6d, 0x00, 0x00, 0x00, 0x8c, 0x00, /* 行 6 */
    0x48, 0x44, 0x00, 0x00, 0x00, 0x7c, 0x2a, 0x00, 0x00, 0x8c, 0x00, /* 行 7 */
    0x48, 0x44, 0x00, 0x00, 0x00, 0x05, 0x9c, 0x05, 0x00, 0x8c, 0x00, /* 行 8 */
    0x48, 0x44, 0x00, 0x00, 0x00, 0x00, 0x2a, 0x7d, 0x00, 0x8c, 0x00, /* 行 9 */
    0x48, 0x44, 0x00, 0x00, 0x00, 0x00, 0x00, 0x6e, 0x3a, 0x8c, 0x00, /* 行 10 */
    0x48, 0x44, 0x00, 0x00, 0x00, 0x00, 0x00, 0x01, 0x9b, 0x9a, 0x00, /* 行 11 */
    0x34, 0xa6, 0x8c, 0x8c, 0x8c, 0x8c, 0x8c, 0x8c, 0xa9, 0xb2, 0x00, /* 行 12 */
};

static const ipgui_glyph_t quicksand_medium_18px_char_025 = {
    .cover_map = quicksand_medium_18px_char_025_bitmap,
    .width = 11,
    .height = 13,
    .bearing_x = 0,
    .bearing_y = 13,
    .advance = 11
};

/* 字符  26: SUB  */
static const unsigned char quicksand_medium_18px_char_026_bitmap[] = {
    0x16, 0x8d, 0x88, 0x88, 0x88, 0x88, 0x88, 0x88, 0x88, 0x5c, 0x00, /* 行 0 */
    0x47, 0xc8, 0x12, 0x00, 0x00, 0x00, 0x00, 0x00, 0x00, 0x8c, 0x00, /* 行 1 */
    0x48, 0x57, 0x90, 0x00, 0x00, 0x00, 0x00, 0x00, 0x00, 0x8c, 0x00, /* 行 2 */
    0x48, 0x44, 0x4a, 0x5a, 0x00, 0x00, 0x00, 0x00, 0x00, 0x8c, 0x00, /* 行 3 */
    0x48, 0x44, 0x00, 0x88, 0x1d, 0x00, 0x00, 0x00, 0x00, 0x8c, 0x00, /* 行 4 */
    0x48, 0x44, 0x00, 0x0b, 0x99, 0x01, 0x00, 0x00, 0x00, 0x8c, 0x00, /* 行 5 */
    0x48, 0x44, 0x00, 0x00, 0x39, 0x6d, 0x00, 0x00, 0x00, 0x8c, 0x00, /* 行 6 */
    0x48, 0x44, 0x00, 0x00, 0x00, 0x7c, 0x2a, 0x00, 0x00, 0x8c, 0x00, /* 行 7 */
    0x48, 0x44, 0x00, 0x00, 0x00, 0x05, 0x9c, 0x05, 0x00, 0x8c, 0x00, /* 行 8 */
    0x48, 0x44, 0x00, 0x00, 0x00, 0x00, 0x2a, 0x7d, 0x00, 0x8c, 0x00, /* 行 9 */
    0x48, 0x44, 0x00, 0x00, 0x00, 0x00, 0x00, 0x6e, 0x3a, 0x8c, 0x00, /* 行 10 */
    0x48, 0x44, 0x00, 0x00, 0x00, 0x00, 0x00, 0x01, 0x9b, 0x9a, 0x00, /* 行 11 */
    0x34, 0xa6, 0x8c, 0x8c, 0x8c, 0x8c, 0x8c, 0x8c, 0xa9, 0xb2, 0x00, /* 行 12 */
};

static const ipgui_glyph_t quicksand_medium_18px_char_026 = {
    .cover_map = quicksand_medium_18px_char_026_bitmap,
    .width = 11,
    .height = 13,
    .bearing_x = 0,
    .bearing_y = 13,
    .advance = 11
};

/* 字符  27: ESC  */
static const unsigned char quicksand_medium_18px_char_027_bitmap[] = {
    0x16, 0x8d, 0x88, 0x88, 0x88, 0x88, 0x88, 0x88, 0x88, 0x5c, 0x00, /* 行 0 */
    0x47, 0xc8, 0x12, 0x00, 0x00, 0x00, 0x00, 0x00, 0x00, 0x8c, 0x00, /* 行 1 */
    0x48, 0x57, 0x90, 0x00, 0x00, 0x00, 0x00, 0x00, 0x00, 0x8c, 0x00, /* 行 2 */
    0x48, 0x44, 0x4a, 0x5a, 0x00, 0x00, 0x00, 0x00, 0x00, 0x8c, 0x00, /* 行 3 */
    0x48, 0x44, 0x00, 0x88, 0x1d, 0x00, 0x00, 0x00, 0x00, 0x8c, 0x00, /* 行 4 */
    0x48, 0x44, 0x00, 0x0b, 0x99, 0x01, 0x00, 0x00, 0x00, 0x8c, 0x00, /* 行 5 */
    0x48, 0x44, 0x00, 0x00, 0x39, 0x6d, 0x00, 0x00, 0x00, 0x8c, 0x00, /* 行 6 */
    0x48, 0x44, 0x00, 0x00, 0x00, 0x7c, 0x2a, 0x00, 0x00, 0x8c, 0x00, /* 行 7 */
    0x48, 0x44, 0x00, 0x00, 0x00, 0x05, 0x9c, 0x05, 0x00, 0x8c, 0x00, /* 行 8 */
    0x48, 0x44, 0x00, 0x00, 0x00, 0x00, 0x2a, 0x7d, 0x00, 0x8c, 0x00, /* 行 9 */
    0x48, 0x44, 0x00, 0x00, 0x00, 0x00, 0x00, 0x6e, 0x3a, 0x8c, 0x00, /* 行 10 */
    0x48, 0x44, 0x00, 0x00, 0x00, 0x00, 0x00, 0x01, 0x9b, 0x9a, 0x00, /* 行 11 */
    0x34, 0xa6, 0x8c, 0x8c, 0x8c, 0x8c, 0x8c, 0x8c, 0xa9, 0xb2, 0x00, /* 行 12 */
};

static const ipgui_glyph_t quicksand_medium_18px_char_027 = {
    .cover_map = quicksand_medium_18px_char_027_bitmap,
    .width = 11,
    .height = 13,
    .bearing_x = 0,
    .bearing_y = 13,
    .advance = 11
};

/* 字符  28: FS   */
static const unsigned char quicksand_medium_18px_char_028_bitmap[] = {
    0x16, 0x8d, 0x88, 0x88, 0x88, 0x88, 0x88, 0x88, 0x88, 0x5c, 0x00, /* 行 0 */
    0x47, 0xc8, 0x12, 0x00, 0x00, 0x00, 0x00, 0x00, 0x00, 0x8c, 0x00, /* 行 1 */
    0x48, 0x57, 0x90, 0x00, 0x00, 0x00, 0x00, 0x00, 0x00, 0x8c, 0x00, /* 行 2 */
    0x48, 0x44, 0x4a, 0x5a, 0x00, 0x00, 0x00, 0x00, 0x00, 0x8c, 0x00, /* 行 3 */
    0x48, 0x44, 0x00, 0x88, 0x1d, 0x00, 0x00, 0x00, 0x00, 0x8c, 0x00, /* 行 4 */
    0x48, 0x44, 0x00, 0x0b, 0x99, 0x01, 0x00, 0x00, 0x00, 0x8c, 0x00, /* 行 5 */
    0x48, 0x44, 0x00, 0x00, 0x39, 0x6d, 0x00, 0x00, 0x00, 0x8c, 0x00, /* 行 6 */
    0x48, 0x44, 0x00, 0x00, 0x00, 0x7c, 0x2a, 0x00, 0x00, 0x8c, 0x00, /* 行 7 */
    0x48, 0x44, 0x00, 0x00, 0x00, 0x05, 0x9c, 0x05, 0x00, 0x8c, 0x00, /* 行 8 */
    0x48, 0x44, 0x00, 0x00, 0x00, 0x00, 0x2a, 0x7d, 0x00, 0x8c, 0x00, /* 行 9 */
    0x48, 0x44, 0x00, 0x00, 0x00, 0x00, 0x00, 0x6e, 0x3a, 0x8c, 0x00, /* 行 10 */
    0x48, 0x44, 0x00, 0x00, 0x00, 0x00, 0x00, 0x01, 0x9b, 0x9a, 0x00, /* 行 11 */
    0x34, 0xa6, 0x8c, 0x8c, 0x8c, 0x8c, 0x8c, 0x8c, 0xa9, 0xb2, 0x00, /* 行 12 */
};

static const ipgui_glyph_t quicksand_medium_18px_char_028 = {
    .cover_map = quicksand_medium_18px_char_028_bitmap,
    .width = 11,
    .height = 13,
    .bearing_x = 0,
    .bearing_y = 13,
    .advance = 11
};

/* 字符  29: GS   */
static const unsigned char quicksand_medium_18px_char_029_bitmap[] = {
    0x16, 0x8d, 0x88, 0x88, 0x88, 0x88, 0x88, 0x88, 0x88, 0x5c, 0x00, /* 行 0 */
    0x47, 0xc8, 0x12, 0x00, 0x00, 0x00, 0x00, 0x00, 0x00, 0x8c, 0x00, /* 行 1 */
    0x48, 0x57, 0x90, 0x00, 0x00, 0x00, 0x00, 0x00, 0x00, 0x8c, 0x00, /* 行 2 */
    0x48, 0x44, 0x4a, 0x5a, 0x00, 0x00, 0x00, 0x00, 0x00, 0x8c, 0x00, /* 行 3 */
    0x48, 0x44, 0x00, 0x88, 0x1d, 0x00, 0x00, 0x00, 0x00, 0x8c, 0x00, /* 行 4 */
    0x48, 0x44, 0x00, 0x0b, 0x99, 0x01, 0x00, 0x00, 0x00, 0x8c, 0x00, /* 行 5 */
    0x48, 0x44, 0x00, 0x00, 0x39, 0x6d, 0x00, 0x00, 0x00, 0x8c, 0x00, /* 行 6 */
    0x48, 0x44, 0x00, 0x00, 0x00, 0x7c, 0x2a, 0x00, 0x00, 0x8c, 0x00, /* 行 7 */
    0x48, 0x44, 0x00, 0x00, 0x00, 0x05, 0x9c, 0x05, 0x00, 0x8c, 0x00, /* 行 8 */
    0x48, 0x44, 0x00, 0x00, 0x00, 0x00, 0x2a, 0x7d, 0x00, 0x8c, 0x00, /* 行 9 */
    0x48, 0x44, 0x00, 0x00, 0x00, 0x00, 0x00, 0x6e, 0x3a, 0x8c, 0x00, /* 行 10 */
    0x48, 0x44, 0x00, 0x00, 0x00, 0x00, 0x00, 0x01, 0x9b, 0x9a, 0x00, /* 行 11 */
    0x34, 0xa6, 0x8c, 0x8c, 0x8c, 0x8c, 0x8c, 0x8c, 0xa9, 0xb2, 0x00, /* 行 12 */
};

static const ipgui_glyph_t quicksand_medium_18px_char_029 = {
    .cover_map = quicksand_medium_18px_char_029_bitmap,
    .width = 11,
    .height = 13,
    .bearing_x = 0,
    .bearing_y = 13,
    .advance = 11
};

/* 字符  30: RS   */
static const unsigned char quicksand_medium_18px_char_030_bitmap[] = {
    0x16, 0x8d, 0x88, 0x88, 0x88, 0x88, 0x88, 0x88, 0x88, 0x5c, 0x00, /* 行 0 */
    0x47, 0xc8, 0x12, 0x00, 0x00, 0x00, 0x00, 0x00, 0x00, 0x8c, 0x00, /* 行 1 */
    0x48, 0x57, 0x90, 0x00, 0x00, 0x00, 0x00, 0x00, 0x00, 0x8c, 0x00, /* 行 2 */
    0x48, 0x44, 0x4a, 0x5a, 0x00, 0x00, 0x00, 0x00, 0x00, 0x8c, 0x00, /* 行 3 */
    0x48, 0x44, 0x00, 0x88, 0x1d, 0x00, 0x00, 0x00, 0x00, 0x8c, 0x00, /* 行 4 */
    0x48, 0x44, 0x00, 0x0b, 0x99, 0x01, 0x00, 0x00, 0x00, 0x8c, 0x00, /* 行 5 */
    0x48, 0x44, 0x00, 0x00, 0x39, 0x6d, 0x00, 0x00, 0x00, 0x8c, 0x00, /* 行 6 */
    0x48, 0x44, 0x00, 0x00, 0x00, 0x7c, 0x2a, 0x00, 0x00, 0x8c, 0x00, /* 行 7 */
    0x48, 0x44, 0x00, 0x00, 0x00, 0x05, 0x9c, 0x05, 0x00, 0x8c, 0x00, /* 行 8 */
    0x48, 0x44, 0x00, 0x00, 0x00, 0x00, 0x2a, 0x7d, 0x00, 0x8c, 0x00, /* 行 9 */
    0x48, 0x44, 0x00, 0x00, 0x00, 0x00, 0x00, 0x6e, 0x3a, 0x8c, 0x00, /* 行 10 */
    0x48, 0x44, 0x00, 0x00, 0x00, 0x00, 0x00, 0x01, 0x9b, 0x9a, 0x00, /* 行 11 */
    0x34, 0xa6, 0x8c, 0x8c, 0x8c, 0x8c, 0x8c, 0x8c, 0xa9, 0xb2, 0x00, /* 行 12 */
};

static const ipgui_glyph_t quicksand_medium_18px_char_030 = {
    .cover_map = quicksand_medium_18px_char_030_bitmap,
    .width = 11,
    .height = 13,
    .bearing_x = 0,
    .bearing_y = 13,
    .advance = 11
};

/* 字符  31: US   */
static const unsigned char quicksand_medium_18px_char_031_bitmap[] = {
    0x16, 0x8d, 0x88, 0x88, 0x88, 0x88, 0x88, 0x88, 0x88, 0x5c, 0x00, /* 行 0 */
    0x47, 0xc8, 0x12, 0x00, 0x00, 0x00, 0x00, 0x00, 0x00, 0x8c, 0x00, /* 行 1 */
    0x48, 0x57, 0x90, 0x00, 0x00, 0x00, 0x00, 0x00, 0x00, 0x8c, 0x00, /* 行 2 */
    0x48, 0x44, 0x4a, 0x5a, 0x00, 0x00, 0x00, 0x00, 0x00, 0x8c, 0x00, /* 行 3 */
    0x48, 0x44, 0x00, 0x88, 0x1d, 0x00, 0x00, 0x00, 0x00, 0x8c, 0x00, /* 行 4 */
    0x48, 0x44, 0x00, 0x0b, 0x99, 0x01, 0x00, 0x00, 0x00, 0x8c, 0x00, /* 行 5 */
    0x48, 0x44, 0x00, 0x00, 0x39, 0x6d, 0x00, 0x00, 0x00, 0x8c, 0x00, /* 行 6 */
    0x48, 0x44, 0x00, 0x00, 0x00, 0x7c, 0x2a, 0x00, 0x00, 0x8c, 0x00, /* 行 7 */
    0x48, 0x44, 0x00, 0x00, 0x00, 0x05, 0x9c, 0x05, 0x00, 0x8c, 0x00, /* 行 8 */
    0x48, 0x44, 0x00, 0x00, 0x00, 0x00, 0x2a, 0x7d, 0x00, 0x8c, 0x00, /* 行 9 */
    0x48, 0x44, 0x00, 0x00, 0x00, 0x00, 0x00, 0x6e, 0x3a, 0x8c, 0x00, /* 行 10 */
    0x48, 0x44, 0x00, 0x00, 0x00, 0x00, 0x00, 0x01, 0x9b, 0x9a, 0x00, /* 行 11 */
    0x34, 0xa6, 0x8c, 0x8c, 0x8c, 0x8c, 0x8c, 0x8c, 0xa9, 0xb2, 0x00, /* 行 12 */
};

static const ipgui_glyph_t quicksand_medium_18px_char_031 = {
    .cover_map = quicksand_medium_18px_char_031_bitmap,
    .width = 11,
    .height = 13,
    .bearing_x = 0,
    .bearing_y = 13,
    .advance = 11
};

/* 字符  32: SPACE */
static const unsigned char quicksand_medium_18px_char_032_bitmap[] = { };

static const ipgui_glyph_t quicksand_medium_18px_char_032 = {
    .cover_map = quicksand_medium_18px_char_032_bitmap,
    .width = 5,
    .height = 0,
    .bearing_x = 0,
    .bearing_y = 0,
    .advance = 5
};

/* 字符  33: !    */
static const unsigned char quicksand_medium_18px_char_033_bitmap[] = {
    0x00, 0xa1, 0xce, 0x00, /* 行 0 */
    0x00, 0xce, 0xfa, 0x00, /* 行 1 */
    0x00, 0xc1, 0xed, 0x00, /* 行 2 */
    0x00, 0xb4, 0xe0, 0x00, /* 行 3 */
    0x00, 0xa6, 0xd2, 0x00, /* 行 4 */
    0x00, 0x98, 0xc5, 0x00, /* 行 5 */
    0x00, 0x8a, 0xb8, 0x00, /* 行 6 */
    0x00, 0x7d, 0xab, 0x00, /* 行 7 */
    0x00, 0x5b, 0x8b, 0x00, /* 行 8 */
    0x00, 0x00, 0x00, 0x00, /* 行 9 */
    0x00, 0x08, 0x10, 0x00, /* 行 10 */
    0x00, 0xc9, 0xf0, 0x07, /* 行 11 */
    0x00, 0xaf, 0xda, 0x04, /* 行 12 */
};

static const ipgui_glyph_t quicksand_medium_18px_char_033 = {
    .cover_map = quicksand_medium_18px_char_033_bitmap,
    .width = 4,
    .height = 13,
    .bearing_x = 0,
    .bearing_y = 13,
    .advance = 4
};

/* 字符  34: "    */
static const unsigned char quicksand_medium_18px_char_034_bitmap[] = {
    0x00, 0xcf, 0xdf, 0x00, 0x21, 0xf3, 0x9a, /* 行 0 */
    0x08, 0xff, 0xb6, 0x00, 0x4e, 0xff, 0x6d, /* 行 1 */
    0x21, 0xff, 0x64, 0x00, 0x68, 0xfe, 0x1c, /* 行 2 */
    0x3a, 0xfd, 0x15, 0x00, 0x82, 0xc7, 0x00, /* 行 3 */
    0x41, 0xb0, 0x00, 0x00, 0x85, 0x67, 0x00, /* 行 4 */
    0x00, 0x00, 0x00, 0x00, 0x00, 0x00, 0x00, /* 行 5 */
    0x00, 0x00, 0x00, 0x00, 0x00, 0x00, 0x00, /* 行 6 */
    0x00, 0x00, 0x00, 0x00, 0x00, 0x00, 0x00, /* 行 7 */
    0x00, 0x00, 0x00, 0x00, 0x00, 0x00, 0x00, /* 行 8 */
    0x00, 0x00, 0x00, 0x00, 0x00, 0x00, 0x00, /* 行 9 */
    0x00, 0x00, 0x00, 0x00, 0x00, 0x00, 0x00, /* 行 10 */
    0x00, 0x00, 0x00, 0x00, 0x00, 0x00, 0x00, /* 行 11 */
    0x00, 0x00, 0x00, 0x00, 0x00, 0x00, 0x00, /* 行 12 */
};

static const ipgui_glyph_t quicksand_medium_18px_char_034 = {
    .cover_map = quicksand_medium_18px_char_034_bitmap,
    .width = 7,
    .height = 13,
    .bearing_x = 0,
    .bearing_y = 13,
    .advance = 7
};

/* 字符  35: #    */
static const unsigned char quicksand_medium_18px_char_035_bitmap[] = {
    0x00, 0x00, 0x00, 0x0f, 0xe2, 0x42, 0x00, 0x00, 0x3c, 0xe5, 0x15, 0x00, /* 行 0 */
    0x00, 0x00, 0x00, 0x42, 0xff, 0x52, 0x00, 0x00, 0x7c, 0xff, 0x1a, 0x00, /* 行 1 */
    0x00, 0x00, 0x00, 0x6e, 0xff, 0x26, 0x00, 0x00, 0xa7, 0xee, 0x00, 0x00, /* 行 2 */
    0x00, 0x95, 0xff, 0xff, 0xff, 0xff, 0xff, 0xff, 0xff, 0xff, 0xfe, 0x6e, /* 行 3 */
    0x00, 0x4b, 0x9f, 0xee, 0xea, 0xa0, 0xa0, 0xa4, 0xff, 0xd4, 0x9e, 0x38, /* 行 4 */
    0x00, 0x00, 0x00, 0xec, 0xaa, 0x00, 0x00, 0x28, 0xff, 0x70, 0x00, 0x00, /* 行 5 */
    0x00, 0x00, 0x16, 0xff, 0x7f, 0x00, 0x00, 0x50, 0xff, 0x47, 0x00, 0x00, /* 行 6 */
    0x00, 0x00, 0x40, 0xff, 0x54, 0x00, 0x00, 0x79, 0xff, 0x1f, 0x00, 0x00, /* 行 7 */
    0x21, 0x99, 0xc2, 0xff, 0xb4, 0xa0, 0xa0, 0xd7, 0xff, 0xa1, 0x69, 0x00, /* 行 8 */
    0x44, 0xf8, 0xff, 0xff, 0xff, 0xff, 0xff, 0xff, 0xff, 0xff, 0xc7, 0x00, /* 行 9 */
    0x00, 0x00, 0xbb, 0xd9, 0x00, 0x00, 0x01, 0xf4, 0xa0, 0x00, 0x00, 0x00, /* 行 10 */
    0x00, 0x00, 0xe8, 0xad, 0x00, 0x00, 0x22, 0xff, 0x73, 0x00, 0x00, 0x00, /* 行 11 */
    0x00, 0x00, 0xd6, 0x66, 0x00, 0x00, 0x1e, 0xe8, 0x32, 0x00, 0x00, 0x00, /* 行 12 */
};

static const ipgui_glyph_t quicksand_medium_18px_char_035 = {
    .cover_map = quicksand_medium_18px_char_035_bitmap,
    .width = 12,
    .height = 13,
    .bearing_x = 0,
    .bearing_y = 13,
    .advance = 12
};

/* 字符  36: $    */
static const unsigned char quicksand_medium_18px_char_036_bitmap[] = {
    0x00, 0x00, 0x00, 0x00, 0x0f, 0x6e, 0x05, 0x00, 0x00, 0x00, /* 行 0 */
    0x00, 0x00, 0x00, 0x00, 0x63, 0xff, 0x3f, 0x00, 0x00, 0x00, /* 行 1 */
    0x00, 0x00, 0x01, 0x43, 0xb3, 0xff, 0x97, 0x2a, 0x00, 0x00, /* 行 2 */
    0x00, 0x0e, 0xbc, 0xff, 0xff, 0xff, 0xff, 0xff, 0x99, 0x07, /* 行 3 */
    0x00, 0x95, 0xff, 0xa8, 0x97, 0xff, 0x96, 0xd0, 0xff, 0x61, /* 行 4 */
    0x00, 0xe3, 0xd8, 0x01, 0x6c, 0xff, 0x48, 0x05, 0x66, 0x14, /* 行 5 */
    0x00, 0xe9, 0xd1, 0x00, 0x6c, 0xff, 0x48, 0x00, 0x00, 0x00, /* 行 6 */
    0x00, 0xac, 0xff, 0x8b, 0x7b, 0xff, 0x48, 0x00, 0x00, 0x00, /* 行 7 */
    0x00, 0x1f, 0xda, 0xff, 0xff, 0xff, 0x94, 0x1d, 0x00, 0x00, /* 行 8 */
    0x00, 0x00, 0x0a, 0x6d, 0xd3, 0xff, 0xff, 0xfc, 0x83, 0x00, /* 行 9 */
    0x00, 0x00, 0x00, 0x00, 0x6c, 0xff, 0x96, 0xe6, 0xff, 0x55, /* 行 10 */
    0x00, 0x00, 0x00, 0x00, 0x6c, 0xff, 0x48, 0x38, 0xff, 0x9b, /* 行 11 */
    0x07, 0x6a, 0x12, 0x00, 0x6c, 0xff, 0x48, 0x1e, 0xff, 0xa0, /* 行 12 */
    0x38, 0xff, 0xe3, 0x59, 0x79, 0xff, 0x73, 0xc3, 0xff, 0x55, /* 行 13 */
    0x00, 0x75, 0xf9, 0xff, 0xff, 0xff, 0xff, 0xff, 0x90, 0x00, /* 行 14 */
    0x00, 0x00, 0x20, 0x78, 0xc8, 0xff, 0xa8, 0x39, 0x00, 0x00, /* 行 15 */
    0x00, 0x00, 0x00, 0x00, 0x6c, 0xff, 0x48, 0x00, 0x00, 0x00, /* 行 16 */
    0x00, 0x00, 0x00, 0x00, 0x40, 0xe5, 0x22, 0x00, 0x00, 0x00, /* 行 17 */
};

static const ipgui_glyph_t quicksand_medium_18px_char_036 = {
    .cover_map = quicksand_medium_18px_char_036_bitmap,
    .width = 10,
    .height = 18,
    .bearing_x = 0,
    .bearing_y = 16,
    .advance = 10
};

/* 字符  37: %    */
static const unsigned char quicksand_medium_18px_char_037_bitmap[] = {
    0x00, 0x2a, 0xca, 0xf7, 0xb6, 0x13, 0x00, 0x00, 0x00, 0x09, 0xd1, 0x63, 0x00, 0x00, /* 行 0 */
    0x03, 0xd9, 0xee, 0xb0, 0xfb, 0xa1, 0x00, 0x00, 0x00, 0x8b, 0xfd, 0x35, 0x00, 0x00, /* 行 1 */
    0x3a, 0xff, 0x52, 0x00, 0x84, 0xfb, 0x04, 0x00, 0x33, 0xfc, 0x8f, 0x00, 0x00, 0x00, /* 行 2 */
    0x56, 0xff, 0x26, 0x00, 0x57, 0xff, 0x1c, 0x04, 0xd0, 0xdf, 0x0b, 0x00, 0x00, 0x00, /* 行 3 */
    0x3b, 0xff, 0x52, 0x00, 0x84, 0xf8, 0x08, 0x7a, 0xff, 0x47, 0x00, 0x00, 0x00, 0x00, /* 行 4 */
    0x04, 0xdc, 0xee, 0xaf, 0xfb, 0xa2, 0x26, 0xf7, 0xa1, 0x00, 0x06, 0x07, 0x00, 0x00, /* 行 5 */
    0x00, 0x2d, 0xcc, 0xf6, 0xaf, 0x10, 0xc2, 0xea, 0x13, 0x83, 0xfa, 0xfa, 0x80, 0x00, /* 行 6 */
    0x00, 0x00, 0x00, 0x00, 0x00, 0x69, 0xff, 0x58, 0x4f, 0xff, 0x88, 0x8c, 0xff, 0x47, /* 行 7 */
    0x00, 0x00, 0x00, 0x00, 0x1c, 0xf1, 0xb3, 0x00, 0xa3, 0xe0, 0x00, 0x01, 0xe5, 0x9d, /* 行 8 */
    0x00, 0x00, 0x00, 0x00, 0xb2, 0xf2, 0x1c, 0x00, 0xba, 0xbd, 0x00, 0x00, 0xc2, 0xb5, /* 行 9 */
    0x00, 0x00, 0x00, 0x57, 0xff, 0x6a, 0x00, 0x00, 0x9e, 0xcf, 0x00, 0x00, 0xd3, 0x98, /* 行 10 */
    0x00, 0x00, 0x11, 0xe9, 0xc4, 0x01, 0x00, 0x00, 0x41, 0xfd, 0x3d, 0x3f, 0xfe, 0x39, /* 行 11 */
    0x00, 0x00, 0x2d, 0xe6, 0x28, 0x00, 0x00, 0x00, 0x00, 0x6a, 0xe9, 0xe9, 0x66, 0x00, /* 行 12 */
};

static const ipgui_glyph_t quicksand_medium_18px_char_037 = {
    .cover_map = quicksand_medium_18px_char_037_bitmap,
    .width = 14,
    .height = 13,
    .bearing_x = 0,
    .bearing_y = 13,
    .advance = 14
};

/* 字符  38: &    */
static const unsigned char quicksand_medium_18px_char_038_bitmap[] = {
    0x00, 0x00, 0x00, 0x1b, 0xa3, 0xeb, 0xf6, 0xd1, 0x6c, 0x02, 0x00, 0x00, 0x00, /* 行 0 */
    0x00, 0x00, 0x0d, 0xde, 0xff, 0xc2, 0xa8, 0xe3, 0xff, 0x85, 0x00, 0x00, 0x00, /* 行 1 */
    0x00, 0x00, 0x63, 0xff, 0x88, 0x00, 0x00, 0x07, 0xac, 0x9b, 0x00, 0x00, 0x00, /* 行 2 */
    0x00, 0x00, 0x77, 0xff, 0x56, 0x00, 0x00, 0x00, 0x00, 0x00, 0x00, 0x00, 0x00, /* 行 3 */
    0x00, 0x00, 0x36, 0xff, 0xb9, 0x00, 0x00, 0x00, 0x00, 0x00, 0x00, 0x00, 0x00, /* 行 4 */
    0x00, 0x00, 0x4e, 0xf3, 0xff, 0x7d, 0x00, 0x00, 0x00, 0x00, 0x00, 0x00, 0x00, /* 行 5 */
    0x00, 0x7c, 0xff, 0xc1, 0xc7, 0xff, 0x63, 0x00, 0x00, 0x1d, 0x6b, 0x00, 0x00, /* 行 6 */
    0x21, 0xfc, 0xab, 0x01, 0x10, 0xcf, 0xfd, 0x5f, 0x00, 0x83, 0xff, 0x0d, 0x00, /* 行 7 */
    0x61, 0xff, 0x53, 0x00, 0x00, 0x15, 0xd4, 0xfe, 0x6e, 0xd3, 0xd4, 0x00, 0x00, /* 行 8 */
    0x63, 0xff, 0x6a, 0x00, 0x00, 0x00, 0x12, 0xc8, 0xff, 0xff, 0x72, 0x00, 0x00, /* 行 9 */
    0x1e, 0xfb, 0xe2, 0x22, 0x00, 0x00, 0x00, 0x57, 0xff, 0xff, 0xa8, 0x06, 0x00, /* 行 10 */
    0x00, 0x6f, 0xff, 0xf8, 0xb9, 0xa6, 0xd1, 0xff, 0xd6, 0x9a, 0xff, 0xba, 0x01, /* 行 11 */
    0x00, 0x00, 0x48, 0xbe, 0xf1, 0xf5, 0xcd, 0x76, 0x0a, 0x00, 0x7d, 0xe3, 0x06, /* 行 12 */
};

static const ipgui_glyph_t quicksand_medium_18px_char_038 = {
    .cover_map = quicksand_medium_18px_char_038_bitmap,
    .width = 13,
    .height = 13,
    .bearing_x = 0,
    .bearing_y = 13,
    .advance = 13
};

/* 字符  39: '    */
static const unsigned char quicksand_medium_18px_char_039_bitmap[] = {
    0x00, 0xcf, 0xe0, 0x00, /* 行 0 */
    0x08, 0xff, 0xb6, 0x00, /* 行 1 */
    0x21, 0xff, 0x64, 0x00, /* 行 2 */
    0x3a, 0xfd, 0x15, 0x00, /* 行 3 */
    0x41, 0xb0, 0x00, 0x00, /* 行 4 */
    0x00, 0x00, 0x00, 0x00, /* 行 5 */
    0x00, 0x00, 0x00, 0x00, /* 行 6 */
    0x00, 0x00, 0x00, 0x00, /* 行 7 */
    0x00, 0x00, 0x00, 0x00, /* 行 8 */
    0x00, 0x00, 0x00, 0x00, /* 行 9 */
    0x00, 0x00, 0x00, 0x00, /* 行 10 */
    0x00, 0x00, 0x00, 0x00, /* 行 11 */
    0x00, 0x00, 0x00, 0x00, /* 行 12 */
};

static const ipgui_glyph_t quicksand_medium_18px_char_039 = {
    .cover_map = quicksand_medium_18px_char_039_bitmap,
    .width = 4,
    .height = 13,
    .bearing_x = 0,
    .bearing_y = 13,
    .advance = 4
};

/* 字符  40: (    */
static const unsigned char quicksand_medium_18px_char_040_bitmap[] = {
    0x00, 0x00, 0x00, 0x00, 0x5b, 0xe7, 0x14, /* 行 0 */
    0x00, 0x00, 0x00, 0x7c, 0xff, 0xc2, 0x06, /* 行 1 */
    0x00, 0x00, 0x50, 0xff, 0xb9, 0x0a, 0x00, /* 行 2 */
    0x00, 0x15, 0xeb, 0xe9, 0x12, 0x00, 0x00, /* 行 3 */
    0x00, 0x81, 0xff, 0x61, 0x00, 0x00, 0x00, /* 行 4 */
    0x00, 0xdc, 0xf4, 0x0a, 0x00, 0x00, 0x00, /* 行 5 */
    0x19, 0xff, 0xae, 0x00, 0x00, 0x00, 0x00, /* 行 6 */
    0x3c, 0xff, 0x8c, 0x00, 0x00, 0x00, 0x00, /* 行 7 */
    0x48, 0xff, 0x76, 0x00, 0x00, 0x00, 0x00, /* 行 8 */
    0x3d, 0xff, 0x89, 0x00, 0x00, 0x00, 0x00, /* 行 9 */
    0x1b, 0xff, 0xa9, 0x00, 0x00, 0x00, 0x00, /* 行 10 */
    0x00, 0xde, 0xee, 0x05, 0x00, 0x00, 0x00, /* 行 11 */
    0x00, 0x87, 0xff, 0x51, 0x00, 0x00, 0x00, /* 行 12 */
    0x00, 0x1a, 0xf0, 0xde, 0x0a, 0x00, 0x00, /* 行 13 */
    0x00, 0x00, 0x5d, 0xff, 0xa8, 0x05, 0x00, /* 行 14 */
    0x00, 0x00, 0x00, 0x8e, 0xff, 0xbd, 0x06, /* 行 15 */
    0x00, 0x00, 0x00, 0x00, 0x68, 0xe6, 0x15, /* 行 16 */
};

static const ipgui_glyph_t quicksand_medium_18px_char_040 = {
    .cover_map = quicksand_medium_18px_char_040_bitmap,
    .width = 7,
    .height = 17,
    .bearing_x = 0,
    .bearing_y = 13,
    .advance = 7
};

/* 字符  41: )    */
static const unsigned char quicksand_medium_18px_char_041_bitmap[] = {
    0x77, 0xc7, 0x1a, 0x00, 0x00, 0x00, 0x00, /* 行 0 */
    0x41, 0xf4, 0xe5, 0x2e, 0x00, 0x00, 0x00, /* 行 1 */
    0x00, 0x35, 0xee, 0xd9, 0x09, 0x00, 0x00, /* 行 2 */
    0x00, 0x00, 0x5f, 0xff, 0x8f, 0x00, 0x00, /* 行 3 */
    0x00, 0x00, 0x00, 0xc7, 0xf8, 0x15, 0x00, /* 行 4 */
    0x00, 0x00, 0x00, 0x69, 0xff, 0x68, 0x00, /* 行 5 */
    0x00, 0x00, 0x00, 0x1b, 0xff, 0xa5, 0x00, /* 行 6 */
    0x00, 0x00, 0x00, 0x01, 0xf9, 0xc8, 0x00, /* 行 7 */
    0x00, 0x00, 0x00, 0x00, 0xe7, 0xd4, 0x00, /* 行 8 */
    0x00, 0x00, 0x00, 0x01, 0xfa, 0xc7, 0x00, /* 行 9 */
    0x00, 0x00, 0x00, 0x1f, 0xff, 0xa3, 0x00, /* 行 10 */
    0x00, 0x00, 0x00, 0x6f, 0xff, 0x64, 0x00, /* 行 11 */
    0x00, 0x00, 0x02, 0xcf, 0xf5, 0x12, 0x00, /* 行 12 */
    0x00, 0x00, 0x6c, 0xff, 0x85, 0x00, 0x00, /* 行 13 */
    0x00, 0x3f, 0xf3, 0xd0, 0x06, 0x00, 0x00, /* 行 14 */
    0x43, 0xf7, 0xde, 0x25, 0x00, 0x00, 0x00, /* 行 15 */
    0x77, 0xc4, 0x16, 0x00, 0x00, 0x00, 0x00, /* 行 16 */
};

static const ipgui_glyph_t quicksand_medium_18px_char_041 = {
    .cover_map = quicksand_medium_18px_char_041_bitmap,
    .width = 7,
    .height = 17,
    .bearing_x = 0,
    .bearing_y = 13,
    .advance = 7
};

/* 字符  42: *    */
static const unsigned char quicksand_medium_18px_char_042_bitmap[] = {
    0x00, 0x00, 0x4f, 0x75, 0x00, 0x00, /* 行 0 */
    0x00, 0x00, 0x5b, 0x82, 0x00, 0x00, /* 行 1 */
    0x46, 0xcd, 0x7c, 0x91, 0xb6, 0x6b, /* 行 2 */
    0x00, 0x48, 0xf0, 0xfa, 0x62, 0x00, /* 行 3 */
    0x47, 0xcc, 0x84, 0x99, 0xb9, 0x69, /* 行 4 */
    0x00, 0x00, 0x57, 0x7c, 0x00, 0x00, /* 行 5 */
    0x00, 0x00, 0x00, 0x00, 0x00, 0x00, /* 行 6 */
    0x00, 0x00, 0x00, 0x00, 0x00, 0x00, /* 行 7 */
    0x00, 0x00, 0x00, 0x00, 0x00, 0x00, /* 行 8 */
    0x00, 0x00, 0x00, 0x00, 0x00, 0x00, /* 行 9 */
    0x00, 0x00, 0x00, 0x00, 0x00, 0x00, /* 行 10 */
    0x00, 0x00, 0x00, 0x00, 0x00, 0x00, /* 行 11 */
    0x00, 0x00, 0x00, 0x00, 0x00, 0x00, /* 行 12 */
};

static const ipgui_glyph_t quicksand_medium_18px_char_042 = {
    .cover_map = quicksand_medium_18px_char_042_bitmap,
    .width = 6,
    .height = 13,
    .bearing_x = 0,
    .bearing_y = 13,
    .advance = 6
};

/* 字符  43: +    */
static const unsigned char quicksand_medium_18px_char_043_bitmap[] = {
    0x00, 0x00, 0x00, 0x00, 0x77, 0xe4, 0x11, 0x00, 0x00, 0x00, /* 行 0 */
    0x00, 0x00, 0x00, 0x00, 0xa8, 0xff, 0x2c, 0x00, 0x00, 0x00, /* 行 1 */
    0x00, 0x00, 0x00, 0x00, 0xa8, 0xff, 0x2c, 0x00, 0x00, 0x00, /* 行 2 */
    0x08, 0x8f, 0xa0, 0xa0, 0xdf, 0xff, 0xb0, 0xa0, 0x9f, 0x4a, /* 行 3 */
    0x18, 0xee, 0xff, 0xff, 0xff, 0xff, 0xff, 0xff, 0xff, 0x91, /* 行 4 */
    0x00, 0x00, 0x00, 0x00, 0xa8, 0xff, 0x2c, 0x00, 0x00, 0x00, /* 行 5 */
    0x00, 0x00, 0x00, 0x00, 0xa8, 0xff, 0x2c, 0x00, 0x00, 0x00, /* 行 6 */
    0x00, 0x00, 0x00, 0x00, 0xa8, 0xff, 0x2c, 0x00, 0x00, 0x00, /* 行 7 */
    0x00, 0x00, 0x00, 0x00, 0x70, 0xe6, 0x0a, 0x00, 0x00, 0x00, /* 行 8 */
    0x00, 0x00, 0x00, 0x00, 0x00, 0x00, 0x00, 0x00, 0x00, 0x00, /* 行 9 */
};

static const ipgui_glyph_t quicksand_medium_18px_char_043 = {
    .cover_map = quicksand_medium_18px_char_043_bitmap,
    .width = 10,
    .height = 10,
    .bearing_x = 0,
    .bearing_y = 10,
    .advance = 10
};

/* 字符  44: ,    */
static const unsigned char quicksand_medium_18px_char_044_bitmap[] = {
    0x04, 0x79, 0x7f, 0x06, /* 行 0 */
    0x55, 0xff, 0xff, 0x59, /* 行 1 */
    0x06, 0x25, 0xff, 0x53, /* 行 2 */
    0x10, 0xc2, 0xcc, 0x05, /* 行 3 */
    0x06, 0x6a, 0x17, 0x00, /* 行 4 */
};

static const ipgui_glyph_t quicksand_medium_18px_char_044 = {
    .cover_map = quicksand_medium_18px_char_044_bitmap,
    .width = 4,
    .height = 5,
    .bearing_x = 0,
    .bearing_y = 2,
    .advance = 4
};

/* 字符  45: -    */
static const unsigned char quicksand_medium_18px_char_045_bitmap[] = {
    0x00, 0x76, 0xa0, 0xa0, 0xa0, 0x81, 0x00, /* 行 0 */
    0x01, 0xd4, 0xff, 0xff, 0xff, 0xe3, 0x08, /* 行 1 */
    0x00, 0x00, 0x00, 0x00, 0x00, 0x00, 0x00, /* 行 2 */
    0x00, 0x00, 0x00, 0x00, 0x00, 0x00, 0x00, /* 行 3 */
    0x00, 0x00, 0x00, 0x00, 0x00, 0x00, 0x00, /* 行 4 */
    0x00, 0x00, 0x00, 0x00, 0x00, 0x00, 0x00, /* 行 5 */
};

static const ipgui_glyph_t quicksand_medium_18px_char_045 = {
    .cover_map = quicksand_medium_18px_char_045_bitmap,
    .width = 7,
    .height = 6,
    .bearing_x = 0,
    .bearing_y = 6,
    .advance = 7
};

/* 字符  46: .    */
static const unsigned char quicksand_medium_18px_char_046_bitmap[] = {
    0x00, 0x75, 0x71, 0x00, /* 行 0 */
    0x00, 0xd5, 0xcf, 0x00, /* 行 1 */
};

static const ipgui_glyph_t quicksand_medium_18px_char_046 = {
    .cover_map = quicksand_medium_18px_char_046_bitmap,
    .width = 4,
    .height = 2,
    .bearing_x = 0,
    .bearing_y = 2,
    .advance = 4
};

/* 字符  47: /    */
static const unsigned char quicksand_medium_18px_char_047_bitmap[] = {
    0x00, 0x00, 0x00, 0x00, 0x00, 0x00, 0x00, 0x00, 0x5b, 0x16, /* 行 0 */
    0x00, 0x00, 0x00, 0x00, 0x00, 0x00, 0x00, 0x38, 0xff, 0x5c, /* 行 1 */
    0x00, 0x00, 0x00, 0x00, 0x00, 0x00, 0x00, 0xb3, 0xec, 0x0b, /* 行 2 */
    0x00, 0x00, 0x00, 0x00, 0x00, 0x00, 0x2d, 0xfe, 0x7d, 0x00, /* 行 3 */
    0x00, 0x00, 0x00, 0x00, 0x00, 0x00, 0xa6, 0xf2, 0x11, 0x00, /* 行 4 */
    0x00, 0x00, 0x00, 0x00, 0x00, 0x23, 0xfc, 0x8a, 0x00, 0x00, /* 行 5 */
    0x00, 0x00, 0x00, 0x00, 0x00, 0x9a, 0xf8, 0x19, 0x00, 0x00, /* 行 6 */
    0x00, 0x00, 0x00, 0x00, 0x1a, 0xf8, 0x97, 0x00, 0x00, 0x00, /* 行 7 */
    0x00, 0x00, 0x00, 0x00, 0x8d, 0xfc, 0x22, 0x00, 0x00, 0x00, /* 行 8 */
    0x00, 0x00, 0x00, 0x12, 0xf3, 0xa5, 0x00, 0x00, 0x00, 0x00, /* 行 9 */
    0x00, 0x00, 0x00, 0x81, 0xfe, 0x2c, 0x00, 0x00, 0x00, 0x00, /* 行 10 */
    0x00, 0x00, 0x0c, 0xed, 0xb2, 0x00, 0x00, 0x00, 0x00, 0x00, /* 行 11 */
    0x00, 0x00, 0x74, 0xff, 0x38, 0x00, 0x00, 0x00, 0x00, 0x00, /* 行 12 */
    0x00, 0x07, 0xe6, 0xbf, 0x00, 0x00, 0x00, 0x00, 0x00, 0x00, /* 行 13 */
    0x00, 0x67, 0xff, 0x45, 0x00, 0x00, 0x00, 0x00, 0x00, 0x00, /* 行 14 */
    0x03, 0xdd, 0xcc, 0x00, 0x00, 0x00, 0x00, 0x00, 0x00, 0x00, /* 行 15 */
    0x5a, 0xff, 0x53, 0x00, 0x00, 0x00, 0x00, 0x00, 0x00, 0x00, /* 行 16 */
    0x73, 0xc8, 0x02, 0x00, 0x00, 0x00, 0x00, 0x00, 0x00, 0x00, /* 行 17 */
};

static const ipgui_glyph_t quicksand_medium_18px_char_047 = {
    .cover_map = quicksand_medium_18px_char_047_bitmap,
    .width = 10,
    .height = 18,
    .bearing_x = 0,
    .bearing_y = 16,
    .advance = 10
};

/* 字符  48: 0    */
static const unsigned char quicksand_medium_18px_char_048_bitmap[] = {
    0x00, 0x00, 0x06, 0x79, 0xda, 0xf5, 0xd5, 0x6c, 0x02, 0x00, 0x00, /* 行 0 */
    0x00, 0x01, 0xac, 0xff, 0xda, 0xa8, 0xe1, 0xff, 0x95, 0x00, 0x00, /* 行 1 */
    0x00, 0x53, 0xff, 0xb5, 0x05, 0x00, 0x0b, 0xca, 0xff, 0x3a, 0x00, /* 行 2 */
    0x00, 0xbb, 0xff, 0x26, 0x00, 0x00, 0x00, 0x42, 0xff, 0xa3, 0x00, /* 行 3 */
    0x04, 0xf6, 0xde, 0x00, 0x00, 0x00, 0x00, 0x03, 0xf4, 0xe2, 0x00, /* 行 4 */
    0x19, 0xff, 0xbc, 0x00, 0x00, 0x00, 0x00, 0x00, 0xd5, 0xfd, 0x02, /* 行 5 */
    0x27, 0xff, 0xb2, 0x00, 0x00, 0x00, 0x00, 0x00, 0xcb, 0xff, 0x0f, /* 行 6 */
    0x19, 0xff, 0xbb, 0x00, 0x00, 0x00, 0x00, 0x00, 0xd5, 0xfe, 0x02, /* 行 7 */
    0x04, 0xf6, 0xde, 0x00, 0x00, 0x00, 0x00, 0x03, 0xf4, 0xe2, 0x00, /* 行 8 */
    0x00, 0xbb, 0xff, 0x25, 0x00, 0x00, 0x00, 0x41, 0xff, 0xa3, 0x00, /* 行 9 */
    0x00, 0x53, 0xff, 0xb2, 0x04, 0x00, 0x0a, 0xc8, 0xff, 0x3b, 0x00, /* 行 10 */
    0x00, 0x01, 0xac, 0xff, 0xd9, 0xa7, 0xe1, 0xff, 0x95, 0x00, 0x00, /* 行 11 */
    0x00, 0x00, 0x06, 0x7a, 0xda, 0xf6, 0xd6, 0x6d, 0x02, 0x00, 0x00, /* 行 12 */
};

static const ipgui_glyph_t quicksand_medium_18px_char_048 = {
    .cover_map = quicksand_medium_18px_char_048_bitmap,
    .width = 11,
    .height = 13,
    .bearing_x = 0,
    .bearing_y = 13,
    .advance = 11
};

/* 字符  49: 1    */
static const unsigned char quicksand_medium_18px_char_049_bitmap[] = {
    0x00, 0x00, 0x51, 0xdd, 0x9f, 0x00, /* 行 0 */
    0x1e, 0xb3, 0xff, 0xff, 0xd4, 0x00, /* 行 1 */
    0xcd, 0xff, 0xbf, 0xff, 0xd4, 0x00, /* 行 2 */
    0x50, 0x55, 0x04, 0xff, 0xd4, 0x00, /* 行 3 */
    0x00, 0x00, 0x04, 0xff, 0xd4, 0x00, /* 行 4 */
    0x00, 0x00, 0x04, 0xff, 0xd4, 0x00, /* 行 5 */
    0x00, 0x00, 0x04, 0xff, 0xd4, 0x00, /* 行 6 */
    0x00, 0x00, 0x04, 0xff, 0xd4, 0x00, /* 行 7 */
    0x00, 0x00, 0x04, 0xff, 0xd4, 0x00, /* 行 8 */
    0x00, 0x00, 0x04, 0xff, 0xd4, 0x00, /* 行 9 */
    0x00, 0x00, 0x04, 0xff, 0xd4, 0x00, /* 行 10 */
    0x00, 0x00, 0x04, 0xff, 0xd4, 0x00, /* 行 11 */
    0x00, 0x00, 0x00, 0xc9, 0x9d, 0x00, /* 行 12 */
};

static const ipgui_glyph_t quicksand_medium_18px_char_049 = {
    .cover_map = quicksand_medium_18px_char_049_bitmap,
    .width = 6,
    .height = 13,
    .bearing_x = 0,
    .bearing_y = 13,
    .advance = 6
};

/* 字符  50: 2    */
static const unsigned char quicksand_medium_18px_char_050_bitmap[] = {
    0x00, 0x00, 0x25, 0xaa, 0xf0, 0xf0, 0xb6, 0x31, 0x00, 0x00, /* 行 0 */
    0x00, 0x32, 0xf1, 0xf7, 0xb1, 0xc0, 0xff, 0xf6, 0x2d, 0x00, /* 行 1 */
    0x00, 0xd1, 0xec, 0x28, 0x00, 0x00, 0x63, 0xff, 0xa7, 0x00, /* 行 2 */
    0x00, 0x45, 0x34, 0x00, 0x00, 0x00, 0x00, 0xee, 0xd9, 0x00, /* 行 3 */
    0x00, 0x00, 0x00, 0x00, 0x00, 0x00, 0x04, 0xf2, 0xcc, 0x00, /* 行 4 */
    0x00, 0x00, 0x00, 0x00, 0x00, 0x00, 0x5b, 0xff, 0x85, 0x00, /* 行 5 */
    0x00, 0x00, 0x00, 0x00, 0x00, 0x1d, 0xe9, 0xf0, 0x18, 0x00, /* 行 6 */
    0x00, 0x00, 0x00, 0x00, 0x10, 0xd2, 0xff, 0x5b, 0x00, 0x00, /* 行 7 */
    0x00, 0x00, 0x00, 0x08, 0xc2, 0xff, 0x86, 0x00, 0x00, 0x00, /* 行 8 */
    0x00, 0x00, 0x03, 0xb0, 0xff, 0x9f, 0x00, 0x00, 0x00, 0x00, /* 行 9 */
    0x00, 0x00, 0x9c, 0xff, 0xb5, 0x04, 0x00, 0x00, 0x00, 0x00, /* 行 10 */
    0x00, 0x76, 0xff, 0xff, 0xaa, 0xa0, 0xa0, 0xa0, 0x8d, 0x07, /* 行 11 */
    0x00, 0x9a, 0xff, 0xff, 0xff, 0xff, 0xff, 0xff, 0xf0, 0x1b, /* 行 12 */
};

static const ipgui_glyph_t quicksand_medium_18px_char_050 = {
    .cover_map = quicksand_medium_18px_char_050_bitmap,
    .width = 10,
    .height = 13,
    .bearing_x = 0,
    .bearing_y = 13,
    .advance = 10
};

/* 字符  51: 3    */
static const unsigned char quicksand_medium_18px_char_051_bitmap[] = {
    0x35, 0xf6, 0xff, 0xff, 0xff, 0xff, 0xff, 0xd9, 0x04, /* 行 0 */
    0x15, 0x95, 0xa0, 0xa0, 0xa0, 0xd6, 0xff, 0xaa, 0x00, /* 行 1 */
    0x00, 0x00, 0x00, 0x00, 0x41, 0xf7, 0xb6, 0x06, 0x00, /* 行 2 */
    0x00, 0x00, 0x00, 0x37, 0xf3, 0xc0, 0x09, 0x00, 0x00, /* 行 3 */
    0x00, 0x00, 0x2d, 0xee, 0xff, 0x98, 0x35, 0x00, 0x00, /* 行 4 */
    0x00, 0x00, 0xac, 0xff, 0xff, 0xff, 0xfe, 0x69, 0x00, /* 行 5 */
    0x00, 0x00, 0x17, 0x27, 0x0a, 0x4c, 0xeb, 0xf9, 0x1e, /* 行 6 */
    0x00, 0x00, 0x00, 0x00, 0x00, 0x00, 0x64, 0xff, 0x6c, /* 行 7 */
    0x00, 0x00, 0x00, 0x00, 0x00, 0x00, 0x31, 0xff, 0x84, /* 行 8 */
    0x00, 0x00, 0x00, 0x00, 0x00, 0x00, 0x52, 0xff, 0x6b, /* 行 9 */
    0x00, 0x73, 0x3d, 0x00, 0x00, 0x13, 0xd2, 0xfc, 0x1d, /* 行 10 */
    0x0c, 0xfc, 0xfe, 0xc2, 0xab, 0xed, 0xff, 0x72, 0x00, /* 行 11 */
    0x00, 0x3a, 0xbc, 0xf0, 0xf0, 0xbf, 0x4d, 0x00, 0x00, /* 行 12 */
};

static const ipgui_glyph_t quicksand_medium_18px_char_051 = {
    .cover_map = quicksand_medium_18px_char_051_bitmap,
    .width = 9,
    .height = 13,
    .bearing_x = 0,
    .bearing_y = 13,
    .advance = 9
};

/* 字符  52: 4    */
static const unsigned char quicksand_medium_18px_char_052_bitmap[] = {
    0x00, 0x00, 0x00, 0x00, 0x00, 0x00, 0x17, 0xd8, 0x7a, 0x00, 0x00, 0x00, /* 行 0 */
    0x00, 0x00, 0x00, 0x00, 0x00, 0x04, 0xc1, 0xff, 0xb0, 0x00, 0x00, 0x00, /* 行 1 */
    0x00, 0x00, 0x00, 0x00, 0x00, 0x92, 0xff, 0xff, 0xb0, 0x00, 0x00, 0x00, /* 行 2 */
    0x00, 0x00, 0x00, 0x00, 0x5c, 0xff, 0x8b, 0xff, 0xb0, 0x00, 0x00, 0x00, /* 行 3 */
    0x00, 0x00, 0x00, 0x30, 0xf6, 0xba, 0x06, 0xff, 0xb0, 0x00, 0x00, 0x00, /* 行 4 */
    0x00, 0x00, 0x12, 0xdf, 0xdf, 0x13, 0x04, 0xff, 0xb0, 0x00, 0x00, 0x00, /* 行 5 */
    0x00, 0x02, 0xba, 0xf6, 0x31, 0x00, 0x04, 0xff, 0xb0, 0x00, 0x00, 0x00, /* 行 6 */
    0x00, 0x7e, 0xff, 0xdb, 0xa0, 0xa0, 0xa1, 0xff, 0xe2, 0x99, 0x1f, 0x00, /* 行 7 */
    0x00, 0x99, 0xff, 0xff, 0xff, 0xff, 0xff, 0xff, 0xff, 0xf9, 0x49, 0x00, /* 行 8 */
    0x00, 0x00, 0x00, 0x00, 0x00, 0x00, 0x04, 0xff, 0xb0, 0x00, 0x00, 0x00, /* 行 9 */
    0x00, 0x00, 0x00, 0x00, 0x00, 0x00, 0x04, 0xff, 0xb0, 0x00, 0x00, 0x00, /* 行 10 */
    0x00, 0x00, 0x00, 0x00, 0x00, 0x00, 0x04, 0xff, 0xb0, 0x00, 0x00, 0x00, /* 行 11 */
    0x00, 0x00, 0x00, 0x00, 0x00, 0x00, 0x00, 0xce, 0x79, 0x00, 0x00, 0x00, /* 行 12 */
};

static const ipgui_glyph_t quicksand_medium_18px_char_052 = {
    .cover_map = quicksand_medium_18px_char_052_bitmap,
    .width = 12,
    .height = 13,
    .bearing_x = 0,
    .bearing_y = 13,
    .advance = 12
};

/* 字符  53: 5    */
static const unsigned char quicksand_medium_18px_char_053_bitmap[] = {
    0x00, 0x2f, 0xf1, 0xff, 0xff, 0xff, 0xff, 0xfe, 0x76, 0x00, /* 行 0 */
    0x00, 0x6e, 0xff, 0xad, 0xa0, 0xa0, 0xa0, 0x9f, 0x3d, 0x00, /* 行 1 */
    0x00, 0x92, 0xfd, 0x09, 0x00, 0x00, 0x00, 0x00, 0x00, 0x00, /* 行 2 */
    0x00, 0xb6, 0xde, 0x00, 0x00, 0x00, 0x00, 0x00, 0x00, 0x00, /* 行 3 */
    0x00, 0xdb, 0xe1, 0xc4, 0xf4, 0xe8, 0x9b, 0x15, 0x00, 0x00, /* 行 4 */
    0x00, 0xe6, 0xff, 0xde, 0xab, 0xd2, 0xff, 0xde, 0x11, 0x00, /* 行 5 */
    0x00, 0x41, 0x51, 0x02, 0x00, 0x00, 0x81, 0xff, 0x8c, 0x00, /* 行 6 */
    0x00, 0x00, 0x00, 0x00, 0x00, 0x00, 0x02, 0xea, 0xd9, 0x00, /* 行 7 */
    0x00, 0x00, 0x00, 0x00, 0x00, 0x00, 0x00, 0xcd, 0xea, 0x00, /* 行 8 */
    0x00, 0x00, 0x00, 0x00, 0x00, 0x00, 0x11, 0xf5, 0xc6, 0x00, /* 行 9 */
    0x00, 0x5b, 0x3f, 0x00, 0x00, 0x0c, 0xb4, 0xff, 0x62, 0x00, /* 行 10 */
    0x00, 0xdf, 0xff, 0xc2, 0xac, 0xec, 0xff, 0xa4, 0x00, 0x00, /* 行 11 */
    0x00, 0x24, 0xa7, 0xe6, 0xf4, 0xc9, 0x62, 0x00, 0x00, 0x00, /* 行 12 */
};

static const ipgui_glyph_t quicksand_medium_18px_char_053 = {
    .cover_map = quicksand_medium_18px_char_053_bitmap,
    .width = 10,
    .height = 13,
    .bearing_x = 0,
    .bearing_y = 13,
    .advance = 10
};

/* 字符  54: 6    */
static const unsigned char quicksand_medium_18px_char_054_bitmap[] = {
    0x00, 0x00, 0x00, 0x00, 0x1d, 0x93, 0xef, 0x51, 0x00, 0x00, /* 行 0 */
    0x00, 0x00, 0x00, 0x3c, 0xed, 0xff, 0xb9, 0x1f, 0x00, 0x00, /* 行 1 */
    0x00, 0x00, 0x2c, 0xf6, 0xe7, 0x3f, 0x00, 0x00, 0x00, 0x00, /* 行 2 */
    0x00, 0x03, 0xd2, 0xeb, 0x22, 0x00, 0x00, 0x00, 0x00, 0x00, /* 行 3 */
    0x00, 0x54, 0xff, 0x71, 0x81, 0x94, 0x57, 0x02, 0x00, 0x00, /* 行 4 */
    0x00, 0xb5, 0xfd, 0xf3, 0xff, 0xff, 0xff, 0xb7, 0x06, 0x00, /* 行 5 */
    0x03, 0xf2, 0xff, 0xa2, 0x1c, 0x18, 0xa0, 0xff, 0x81, 0x00, /* 行 6 */
    0x1a, 0xff, 0xdb, 0x04, 0x00, 0x00, 0x05, 0xde, 0xea, 0x00, /* 行 7 */
    0x24, 0xff, 0xa0, 0x00, 0x00, 0x00, 0x00, 0xa8, 0xff, 0x12, /* 行 8 */
    0x09, 0xf9, 0xb7, 0x00, 0x00, 0x00, 0x00, 0xc0, 0xfc, 0x05, /* 行 9 */
    0x00, 0xad, 0xfd, 0x40, 0x00, 0x00, 0x47, 0xfe, 0xb2, 0x00, /* 行 10 */
    0x00, 0x22, 0xec, 0xfb, 0xb8, 0xb9, 0xfc, 0xee, 0x24, 0x00, /* 行 11 */
    0x00, 0x00, 0x26, 0xae, 0xee, 0xef, 0xae, 0x26, 0x00, 0x00, /* 行 12 */
};

static const ipgui_glyph_t quicksand_medium_18px_char_054 = {
    .cover_map = quicksand_medium_18px_char_054_bitmap,
    .width = 10,
    .height = 13,
    .bearing_x = 0,
    .bearing_y = 13,
    .advance = 10
};

/* 字符  55: 7    */
static const unsigned char quicksand_medium_18px_char_055_bitmap[] = {
    0x00, 0xbd, 0xff, 0xff, 0xff, 0xff, 0xff, 0xff, 0xe6, 0x18, /* 行 0 */
    0x00, 0x64, 0xa0, 0xa0, 0xa0, 0xa0, 0xa1, 0xfd, 0xf2, 0x0c, /* 行 1 */
    0x00, 0x00, 0x00, 0x00, 0x00, 0x00, 0x49, 0xff, 0x91, 0x00, /* 行 2 */
    0x00, 0x00, 0x00, 0x00, 0x00, 0x00, 0xb8, 0xfe, 0x25, 0x00, /* 行 3 */
    0x00, 0x00, 0x00, 0x00, 0x00, 0x28, 0xfe, 0xb5, 0x00, 0x00, /* 行 4 */
    0x00, 0x00, 0x00, 0x00, 0x00, 0x96, 0xff, 0x46, 0x00, 0x00, /* 行 5 */
    0x00, 0x00, 0x00, 0x00, 0x10, 0xf4, 0xd7, 0x01, 0x00, 0x00, /* 行 6 */
    0x00, 0x00, 0x00, 0x00, 0x73, 0xff, 0x6a, 0x00, 0x00, 0x00, /* 行 7 */
    0x00, 0x00, 0x00, 0x02, 0xdf, 0xf0, 0x0b, 0x00, 0x00, 0x00, /* 行 8 */
    0x00, 0x00, 0x00, 0x51, 0xff, 0x8d, 0x00, 0x00, 0x00, 0x00, /* 行 9 */
    0x00, 0x00, 0x00, 0xc0, 0xfd, 0x21, 0x00, 0x00, 0x00, 0x00, /* 行 10 */
    0x00, 0x00, 0x2d, 0xff, 0xb0, 0x00, 0x00, 0x00, 0x00, 0x00, /* 行 11 */
    0x00, 0x00, 0x3e, 0xea, 0x38, 0x00, 0x00, 0x00, 0x00, 0x00, /* 行 12 */
};

static const ipgui_glyph_t quicksand_medium_18px_char_055 = {
    .cover_map = quicksand_medium_18px_char_055_bitmap,
    .width = 10,
    .height = 13,
    .bearing_x = 0,
    .bearing_y = 13,
    .advance = 10
};

/* 字符  56: 8    */
static const unsigned char quicksand_medium_18px_char_056_bitmap[] = {
    0x00, 0x00, 0x11, 0x97, 0xe9, 0xf5, 0xc1, 0x3f, 0x00, 0x00, /* 行 0 */
    0x00, 0x08, 0xd0, 0xff, 0xc5, 0xae, 0xf3, 0xfc, 0x40, 0x00, /* 行 1 */
    0x00, 0x5f, 0xff, 0x81, 0x00, 0x00, 0x28, 0xf7, 0xc2, 0x00, /* 行 2 */
    0x00, 0x87, 0xff, 0x34, 0x00, 0x00, 0x00, 0xd0, 0xeb, 0x00, /* 行 3 */
    0x00, 0x5c, 0xff, 0x86, 0x00, 0x00, 0x29, 0xf8, 0xbe, 0x00, /* 行 4 */
    0x00, 0x04, 0xb0, 0xff, 0xc7, 0xae, 0xf4, 0xe4, 0x2b, 0x00, /* 行 5 */
    0x00, 0x00, 0x91, 0xff, 0xff, 0xff, 0xff, 0xd2, 0x1d, 0x00, /* 行 6 */
    0x00, 0x68, 0xff, 0xb9, 0x25, 0x0f, 0x6c, 0xfd, 0xc5, 0x00, /* 行 7 */
    0x00, 0xc5, 0xf9, 0x0e, 0x00, 0x00, 0x00, 0x9d, 0xff, 0x2a, /* 行 8 */
    0x00, 0xcf, 0xec, 0x00, 0x00, 0x00, 0x00, 0x81, 0xff, 0x36, /* 行 9 */
    0x00, 0x91, 0xff, 0x5b, 0x00, 0x00, 0x15, 0xde, 0xee, 0x0a, /* 行 10 */
    0x00, 0x16, 0xe1, 0xff, 0xc1, 0xad, 0xee, 0xff, 0x60, 0x00, /* 行 11 */
    0x00, 0x00, 0x17, 0x9e, 0xe9, 0xf5, 0xc5, 0x4a, 0x00, 0x00, /* 行 12 */
};

static const ipgui_glyph_t quicksand_medium_18px_char_056 = {
    .cover_map = quicksand_medium_18px_char_056_bitmap,
    .width = 10,
    .height = 13,
    .bearing_x = 0,
    .bearing_y = 13,
    .advance = 10
};

/* 字符  57: 9    */
static const unsigned char quicksand_medium_18px_char_057_bitmap[] = {
    0x00, 0x00, 0x34, 0xb6, 0xf1, 0xeb, 0xa7, 0x1f, 0x00, 0x00, /* 行 0 */
    0x00, 0x3f, 0xf9, 0xf7, 0xb4, 0xb9, 0xfc, 0xe4, 0x18, 0x00, /* 行 1 */
    0x00, 0xd6, 0xf5, 0x2d, 0x00, 0x00, 0x3e, 0xfb, 0x9a, 0x00, /* 行 2 */
    0x1c, 0xff, 0xa6, 0x00, 0x00, 0x00, 0x00, 0xb7, 0xef, 0x00, /* 行 3 */
    0x1a, 0xff, 0xa7, 0x00, 0x00, 0x00, 0x00, 0xb9, 0xff, 0x13, /* 行 4 */
    0x00, 0xd4, 0xf6, 0x2c, 0x00, 0x00, 0x3e, 0xfb, 0xff, 0x0a, /* 行 5 */
    0x00, 0x42, 0xfb, 0xf6, 0xb2, 0xbb, 0xfc, 0xff, 0xe6, 0x00, /* 行 6 */
    0x00, 0x00, 0x3d, 0xc3, 0xf7, 0xdf, 0x91, 0xfe, 0xa4, 0x00, /* 行 7 */
    0x00, 0x00, 0x00, 0x00, 0x00, 0x00, 0xa6, 0xff, 0x43, 0x00, /* 行 8 */
    0x00, 0x00, 0x00, 0x00, 0x00, 0x6e, 0xff, 0xc6, 0x00, 0x00, /* 行 9 */
    0x00, 0x00, 0x00, 0x0d, 0x8e, 0xff, 0xf2, 0x23, 0x00, 0x00, /* 行 10 */
    0x00, 0x00, 0x3e, 0xeb, 0xff, 0xe9, 0x35, 0x00, 0x00, 0x00, /* 行 11 */
    0x00, 0x00, 0x5b, 0xee, 0x8e, 0x19, 0x00, 0x00, 0x00, 0x00, /* 行 12 */
};

static const ipgui_glyph_t quicksand_medium_18px_char_057 = {
    .cover_map = quicksand_medium_18px_char_057_bitmap,
    .width = 10,
    .height = 13,
    .bearing_x = 0,
    .bearing_y = 13,
    .advance = 10
};

/* 字符  58: :    */
static const unsigned char quicksand_medium_18px_char_058_bitmap[] = {
    0x00, 0xaf, 0xe6, 0x0b, /* 行 0 */
    0x00, 0x60, 0x88, 0x01, /* 行 1 */
    0x00, 0x00, 0x00, 0x00, /* 行 2 */
    0x00, 0x00, 0x00, 0x00, /* 行 3 */
    0x00, 0x00, 0x00, 0x00, /* 行 4 */
    0x00, 0x00, 0x00, 0x00, /* 行 5 */
    0x00, 0x00, 0x00, 0x00, /* 行 6 */
    0x00, 0x06, 0x11, 0x00, /* 行 7 */
    0x00, 0xbd, 0xf4, 0x0b, /* 行 8 */
    0x00, 0xa4, 0xdf, 0x07, /* 行 9 */
};

static const ipgui_glyph_t quicksand_medium_18px_char_058 = {
    .cover_map = quicksand_medium_18px_char_058_bitmap,
    .width = 4,
    .height = 10,
    .bearing_x = 0,
    .bearing_y = 10,
    .advance = 4
};

/* 字符  59: ;    */
static const unsigned char quicksand_medium_18px_char_059_bitmap[] = {
    0x00, 0x50, 0xf3, 0x68, 0x00, /* 行 0 */
    0x00, 0x27, 0x95, 0x34, 0x00, /* 行 1 */
    0x00, 0x00, 0x00, 0x00, 0x00, /* 行 2 */
    0x00, 0x00, 0x00, 0x00, 0x00, /* 行 3 */
    0x00, 0x00, 0x00, 0x00, 0x00, /* 行 4 */
    0x00, 0x00, 0x00, 0x00, 0x00, /* 行 5 */
    0x00, 0x00, 0x00, 0x00, 0x00, /* 行 6 */
    0x00, 0x00, 0x00, 0x00, 0x00, /* 行 7 */
    0x00, 0x43, 0x93, 0x2c, 0x00, /* 行 8 */
    0x00, 0xf0, 0xff, 0xbd, 0x00, /* 行 9 */
    0x00, 0x10, 0xb6, 0xb8, 0x00, /* 行 10 */
    0x00, 0x74, 0xf7, 0x3b, 0x00, /* 行 11 */
    0x00, 0x45, 0x41, 0x00, 0x00, /* 行 12 */
};

static const ipgui_glyph_t quicksand_medium_18px_char_059 = {
    .cover_map = quicksand_medium_18px_char_059_bitmap,
    .width = 5,
    .height = 13,
    .bearing_x = 0,
    .bearing_y = 10,
    .advance = 5
};

/* 字符  60: <    */
static const unsigned char quicksand_medium_18px_char_060_bitmap[] = {
    0x00, 0x00, 0x00, 0x00, 0x00, 0x02, 0x6e, 0xe9, 0x35, /* 行 0 */
    0x00, 0x00, 0x00, 0x00, 0x2e, 0xc9, 0xff, 0xe6, 0x2b, /* 行 1 */
    0x00, 0x00, 0x09, 0x87, 0xfb, 0xff, 0x9e, 0x10, 0x00, /* 行 2 */
    0x00, 0x43, 0xdc, 0xff, 0xdf, 0x44, 0x00, 0x00, 0x00, /* 行 3 */
    0x54, 0xff, 0xfd, 0x92, 0x0b, 0x00, 0x00, 0x00, 0x00, /* 行 4 */
    0x45, 0xf9, 0xfc, 0x8a, 0x09, 0x00, 0x00, 0x00, 0x00, /* 行 5 */
    0x00, 0x2a, 0xc7, 0xff, 0xdc, 0x42, 0x00, 0x00, 0x00, /* 行 6 */
    0x00, 0x00, 0x02, 0x6f, 0xf4, 0xff, 0x9d, 0x10, 0x00, /* 行 7 */
    0x00, 0x00, 0x00, 0x00, 0x1f, 0xb9, 0xff, 0xe7, 0x2b, /* 行 8 */
    0x00, 0x00, 0x00, 0x00, 0x00, 0x00, 0x5e, 0xe4, 0x38, /* 行 9 */
};

static const ipgui_glyph_t quicksand_medium_18px_char_060 = {
    .cover_map = quicksand_medium_18px_char_060_bitmap,
    .width = 9,
    .height = 10,
    .bearing_x = 0,
    .bearing_y = 10,
    .advance = 9
};

/* 字符  61: =    */
static const unsigned char quicksand_medium_18px_char_061_bitmap[] = {
    0x05, 0xe0, 0xff, 0xff, 0xff, 0xff, 0xff, 0xff, 0xeb, 0x16, /* 行 0 */
    0x00, 0x7e, 0xa0, 0xa0, 0xa0, 0xa0, 0xa0, 0xa0, 0x8c, 0x05, /* 行 1 */
    0x00, 0x00, 0x00, 0x00, 0x00, 0x00, 0x00, 0x00, 0x00, 0x00, /* 行 2 */
    0x00, 0x80, 0xa0, 0xa0, 0xa0, 0xa0, 0xa0, 0xa0, 0x8c, 0x05, /* 行 3 */
    0x05, 0xde, 0xff, 0xff, 0xff, 0xff, 0xff, 0xff, 0xec, 0x16, /* 行 4 */
    0x00, 0x00, 0x00, 0x00, 0x00, 0x00, 0x00, 0x00, 0x00, 0x00, /* 行 5 */
    0x00, 0x00, 0x00, 0x00, 0x00, 0x00, 0x00, 0x00, 0x00, 0x00, /* 行 6 */
    0x00, 0x00, 0x00, 0x00, 0x00, 0x00, 0x00, 0x00, 0x00, 0x00, /* 行 7 */
};

static const ipgui_glyph_t quicksand_medium_18px_char_061 = {
    .cover_map = quicksand_medium_18px_char_061_bitmap,
    .width = 10,
    .height = 8,
    .bearing_x = 0,
    .bearing_y = 8,
    .advance = 10
};

/* 字符  62: >    */
static const unsigned char quicksand_medium_18px_char_062_bitmap[] = {
    0x00, 0xbc, 0xa9, 0x17, 0x00, 0x00, 0x00, 0x00, 0x00, /* 行 0 */
    0x00, 0xac, 0xff, 0xee, 0x61, 0x00, 0x00, 0x00, 0x00, /* 行 1 */
    0x00, 0x00, 0x65, 0xf1, 0xff, 0xbb, 0x21, 0x00, 0x00, /* 行 2 */
    0x00, 0x00, 0x00, 0x1d, 0xb8, 0xff, 0xf5, 0x71, 0x02, /* 行 3 */
    0x00, 0x00, 0x00, 0x00, 0x00, 0x62, 0xf0, 0xff, 0xb7, /* 行 4 */
    0x00, 0x00, 0x00, 0x00, 0x00, 0x25, 0xc5, 0xff, 0xd0, /* 行 5 */
    0x00, 0x00, 0x00, 0x06, 0x7d, 0xf8, 0xfc, 0x8f, 0x0c, /* 行 6 */
    0x00, 0x00, 0x40, 0xd8, 0xff, 0xcd, 0x33, 0x00, 0x00, /* 行 7 */
    0x00, 0x95, 0xff, 0xf3, 0x71, 0x03, 0x00, 0x00, 0x00, /* 行 8 */
    0x00, 0xc4, 0xb0, 0x1e, 0x00, 0x00, 0x00, 0x00, 0x00, /* 行 9 */
};

static const ipgui_glyph_t quicksand_medium_18px_char_062 = {
    .cover_map = quicksand_medium_18px_char_062_bitmap,
    .width = 9,
    .height = 10,
    .bearing_x = 0,
    .bearing_y = 10,
    .advance = 9
};

/* 字符  63: ?    */
static const unsigned char quicksand_medium_18px_char_063_bitmap[] = {
    0x00, 0x16, 0x96, 0xe6, 0xf6, 0xc9, 0x4f, 0x00, 0x00, /* 行 0 */
    0x17, 0xe0, 0xff, 0xcc, 0xae, 0xec, 0xff, 0x68, 0x00, /* 行 1 */
    0x29, 0xe6, 0x71, 0x00, 0x00, 0x16, 0xdb, 0xf6, 0x10, /* 行 2 */
    0x00, 0x00, 0x00, 0x00, 0x00, 0x00, 0x68, 0xff, 0x56, /* 行 3 */
    0x00, 0x00, 0x00, 0x00, 0x00, 0x00, 0x50, 0xff, 0x6c, /* 行 4 */
    0x00, 0x00, 0x00, 0x00, 0x00, 0x00, 0x8c, 0xff, 0x4d, /* 行 5 */
    0x00, 0x00, 0x00, 0x00, 0x14, 0x6c, 0xfa, 0xe5, 0x08, /* 行 6 */
    0x00, 0x00, 0x00, 0x9f, 0xff, 0xff, 0xf1, 0x3d, 0x00, /* 行 7 */
    0x00, 0x00, 0x00, 0xd7, 0xf0, 0x79, 0x18, 0x00, 0x00, /* 行 8 */
    0x00, 0x00, 0x00, 0xd8, 0xd8, 0x00, 0x00, 0x00, 0x00, /* 行 9 */
    0x00, 0x00, 0x00, 0xaa, 0x9f, 0x00, 0x00, 0x00, 0x00, /* 行 10 */
    0x00, 0x00, 0x00, 0x0a, 0x0d, 0x00, 0x00, 0x00, 0x00, /* 行 11 */
    0x00, 0x00, 0x00, 0xd7, 0xe6, 0x01, 0x00, 0x00, 0x00, /* 行 12 */
    0x00, 0x00, 0x00, 0xbe, 0xcd, 0x00, 0x00, 0x00, 0x00, /* 行 13 */
};

static const ipgui_glyph_t quicksand_medium_18px_char_063 = {
    .cover_map = quicksand_medium_18px_char_063_bitmap,
    .width = 9,
    .height = 14,
    .bearing_x = 0,
    .bearing_y = 14,
    .advance = 9
};

/* 字符  64: @    */
static const unsigned char quicksand_medium_18px_char_064_bitmap[] = {
    0x00, 0x00, 0x00, 0x00, 0x00, 0x03, 0x4f, 0xa0, 0xd5, 0xf3, 0xf9, 0xe0, 0xaf, 0x4e, 0x00, 0x00, 0x00, /* 行 0 */
    0x00, 0x00, 0x00, 0x00, 0x36, 0xd8, 0xd6, 0x79, 0x35, 0x19, 0x07, 0x20, 0x69, 0xdf, 0xad, 0x09, 0x00, /* 行 1 */
    0x00, 0x00, 0x00, 0x6f, 0xf1, 0x67, 0x00, 0x00, 0x00, 0x00, 0x00, 0x00, 0x00, 0x0e, 0xc5, 0x9f, 0x00, /* 行 2 */
    0x00, 0x00, 0x4f, 0xf3, 0x31, 0x00, 0x0e, 0x97, 0xeb, 0xd7, 0x31, 0xbd, 0x7f, 0x00, 0x1e, 0xfb, 0x29, /* 行 3 */
    0x00, 0x1b, 0xf2, 0x58, 0x00, 0x08, 0xc5, 0xff, 0xbb, 0xc3, 0xd5, 0xfe, 0x8e, 0x00, 0x00, 0xbc, 0x7c, /* 行 4 */
    0x00, 0x8f, 0xbc, 0x00, 0x00, 0x80, 0xff, 0x64, 0x00, 0x00, 0xa4, 0xff, 0x6b, 0x00, 0x00, 0x99, 0x9c, /* 行 5 */
    0x00, 0xe7, 0x59, 0x00, 0x08, 0xf1, 0xc1, 0x00, 0x00, 0x00, 0x6d, 0xff, 0x48, 0x00, 0x00, 0x9f, 0x98, /* 行 6 */
    0x20, 0xff, 0x1a, 0x00, 0x48, 0xff, 0x64, 0x00, 0x00, 0x00, 0x8a, 0xff, 0x25, 0x00, 0x00, 0xc8, 0x76, /* 行 7 */
    0x3d, 0xfa, 0x00, 0x00, 0x6d, 0xff, 0x34, 0x00, 0x00, 0x00, 0xc4, 0xfc, 0x05, 0x00, 0x16, 0xfa, 0x2e, /* 行 8 */
    0x40, 0xf6, 0x00, 0x00, 0x66, 0xff, 0x36, 0x00, 0x00, 0x4c, 0xff, 0xdf, 0x00, 0x00, 0x86, 0xc0, 0x00, /* 行 9 */
    0x27, 0xff, 0x10, 0x00, 0x20, 0xfb, 0xa3, 0x11, 0x4b, 0xe0, 0xe5, 0xf2, 0x1e, 0x60, 0xec, 0x2c, 0x00, /* 行 10 */
    0x03, 0xea, 0x53, 0x00, 0x00, 0x69, 0xf9, 0xff, 0xe1, 0x3c, 0x6e, 0xfd, 0xff, 0xd6, 0x37, 0x00, 0x00, /* 行 11 */
    0x00, 0x91, 0xc4, 0x01, 0x00, 0x00, 0x13, 0x28, 0x03, 0x00, 0x00, 0x19, 0x1f, 0x00, 0x00, 0x00, 0x00, /* 行 12 */
    0x00, 0x11, 0xe6, 0x8b, 0x01, 0x00, 0x00, 0x00, 0x00, 0x00, 0x00, 0x17, 0x02, 0x00, 0x00, 0x00, 0x00, /* 行 13 */
    0x00, 0x00, 0x29, 0xdd, 0xc1, 0x50, 0x1c, 0x04, 0x10, 0x40, 0x9d, 0xf1, 0x28, 0x00, 0x00, 0x00, 0x00, /* 行 14 */
    0x00, 0x00, 0x00, 0x0c, 0x6a, 0xc3, 0xe5, 0xfb, 0xf0, 0xc5, 0x6f, 0x13, 0x00, 0x00, 0x00, 0x00, 0x00, /* 行 15 */
};

static const ipgui_glyph_t quicksand_medium_18px_char_064 = {
    .cover_map = quicksand_medium_18px_char_064_bitmap,
    .width = 17,
    .height = 16,
    .bearing_x = 0,
    .bearing_y = 13,
    .advance = 17
};

/* 字符  65: A    */
static const unsigned char quicksand_medium_18px_char_065_bitmap[] = {
    0x00, 0x00, 0x00, 0x00, 0x00, 0x00, 0x00, 0x00, 0x00, 0x00, 0x00, 0x00, /* 行 0 */
    0x00, 0x00, 0x00, 0x00, 0x0e, 0xdd, 0x7f, 0x00, 0x00, 0x00, 0x00, 0x00, /* 行 1 */
    0x00, 0x00, 0x00, 0x00, 0x6b, 0xff, 0xf0, 0x0b, 0x00, 0x00, 0x00, 0x00, /* 行 2 */
    0x00, 0x00, 0x00, 0x00, 0xd2, 0xff, 0xff, 0x64, 0x00, 0x00, 0x00, 0x00, /* 行 3 */
    0x00, 0x00, 0x00, 0x39, 0xff, 0x90, 0xf8, 0xcc, 0x00, 0x00, 0x00, 0x00, /* 行 4 */
    0x00, 0x00, 0x00, 0xa0, 0xfa, 0x18, 0xa2, 0xff, 0x34, 0x00, 0x00, 0x00, /* 行 5 */
    0x00, 0x00, 0x11, 0xf6, 0xaa, 0x00, 0x37, 0xff, 0x9c, 0x00, 0x00, 0x00, /* 行 6 */
    0x00, 0x00, 0x6f, 0xff, 0x41, 0x00, 0x00, 0xcc, 0xf5, 0x0f, 0x00, 0x00, /* 行 7 */
    0x00, 0x00, 0xd5, 0xd7, 0x00, 0x00, 0x00, 0x61, 0xff, 0x6c, 0x00, 0x00, /* 行 8 */
    0x00, 0x3d, 0xff, 0xff, 0xff, 0xff, 0xff, 0xff, 0xff, 0xd3, 0x00, 0x00, /* 行 9 */
    0x00, 0xa4, 0xf7, 0xb4, 0xb4, 0xb4, 0xb4, 0xb4, 0xd4, 0xff, 0x3c, 0x00, /* 行 10 */
    0x13, 0xf8, 0xa1, 0x00, 0x00, 0x00, 0x00, 0x00, 0x29, 0xff, 0xa4, 0x00, /* 行 11 */
    0x72, 0xff, 0x3a, 0x00, 0x00, 0x00, 0x00, 0x00, 0x00, 0xbf, 0xf8, 0x13, /* 行 12 */
    0x87, 0xbf, 0x00, 0x00, 0x00, 0x00, 0x00, 0x00, 0x00, 0x47, 0xe6, 0x1a, /* 行 13 */
};

static const ipgui_glyph_t quicksand_medium_18px_char_065 = {
    .cover_map = quicksand_medium_18px_char_065_bitmap,
    .width = 12,
    .height = 14,
    .bearing_x = 0,
    .bearing_y = 14,
    .advance = 12
};

/* 字符  66: B    */
static const unsigned char quicksand_medium_18px_char_066_bitmap[] = {
    0x00, 0x4f, 0xfc, 0xff, 0xff, 0xff, 0xff, 0xec, 0xb3, 0x25, 0x00, 0x00, /* 行 0 */
    0x00, 0x80, 0xff, 0xbf, 0xa0, 0xa0, 0xa1, 0xd0, 0xff, 0xda, 0x07, 0x00, /* 行 1 */
    0x00, 0x80, 0xff, 0x54, 0x00, 0x00, 0x00, 0x01, 0xc4, 0xff, 0x36, 0x00, /* 行 2 */
    0x00, 0x80, 0xff, 0x54, 0x00, 0x00, 0x00, 0x00, 0x8e, 0xff, 0x49, 0x00, /* 行 3 */
    0x00, 0x80, 0xff, 0x54, 0x00, 0x00, 0x00, 0x02, 0xc9, 0xf6, 0x13, 0x00, /* 行 4 */
    0x00, 0x80, 0xff, 0xbf, 0xa0, 0xa0, 0xa1, 0xd2, 0xf4, 0x4f, 0x00, 0x00, /* 行 5 */
    0x00, 0x80, 0xff, 0xff, 0xff, 0xff, 0xff, 0xff, 0xff, 0xaa, 0x09, 0x00, /* 行 6 */
    0x00, 0x80, 0xff, 0x54, 0x00, 0x00, 0x00, 0x17, 0x93, 0xff, 0x91, 0x00, /* 行 7 */
    0x00, 0x80, 0xff, 0x54, 0x00, 0x00, 0x00, 0x00, 0x03, 0xf5, 0xe4, 0x00, /* 行 8 */
    0x00, 0x80, 0xff, 0x54, 0x00, 0x00, 0x00, 0x00, 0x00, 0xea, 0xf4, 0x00, /* 行 9 */
    0x00, 0x80, 0xff, 0x54, 0x00, 0x00, 0x00, 0x00, 0x43, 0xff, 0xce, 0x00, /* 行 10 */
    0x00, 0x80, 0xff, 0xbf, 0xa0, 0xa0, 0xa0, 0xb5, 0xfa, 0xff, 0x5a, 0x00, /* 行 11 */
    0x00, 0x4e, 0xf9, 0xff, 0xff, 0xff, 0xff, 0xee, 0xbe, 0x47, 0x00, 0x00, /* 行 12 */
};

static const ipgui_glyph_t quicksand_medium_18px_char_066 = {
    .cover_map = quicksand_medium_18px_char_066_bitmap,
    .width = 12,
    .height = 13,
    .bearing_x = 0,
    .bearing_y = 13,
    .advance = 12
};

/* 字符  67: C    */
static const unsigned char quicksand_medium_18px_char_067_bitmap[] = {
    0x00, 0x00, 0x00, 0x08, 0x65, 0xc2, 0xe9, 0xf4, 0xd5, 0x8b, 0x21, /* 行 0 */
    0x00, 0x00, 0x20, 0xce, 0xff, 0xec, 0xb6, 0xab, 0xd5, 0xff, 0xd1, /* 行 1 */
    0x00, 0x0b, 0xd6, 0xfd, 0x7e, 0x07, 0x00, 0x00, 0x00, 0x35, 0x36, /* 行 2 */
    0x00, 0x84, 0xff, 0x85, 0x00, 0x00, 0x00, 0x00, 0x00, 0x00, 0x00, /* 行 3 */
    0x02, 0xe7, 0xf4, 0x0b, 0x00, 0x00, 0x00, 0x00, 0x00, 0x00, 0x00, /* 行 4 */
    0x1b, 0xff, 0xba, 0x00, 0x00, 0x00, 0x00, 0x00, 0x00, 0x00, 0x00, /* 行 5 */
    0x30, 0xff, 0xa6, 0x00, 0x00, 0x00, 0x00, 0x00, 0x00, 0x00, 0x00, /* 行 6 */
    0x1a, 0xff, 0xbb, 0x00, 0x00, 0x00, 0x00, 0x00, 0x00, 0x00, 0x00, /* 行 7 */
    0x02, 0xea, 0xf3, 0x0a, 0x00, 0x00, 0x00, 0x00, 0x00, 0x00, 0x00, /* 行 8 */
    0x00, 0x8a, 0xff, 0x80, 0x00, 0x00, 0x00, 0x00, 0x00, 0x00, 0x00, /* 行 9 */
    0x00, 0x11, 0xdd, 0xfd, 0x7a, 0x07, 0x00, 0x00, 0x00, 0x3b, 0x39, /* 行 10 */
    0x00, 0x00, 0x28, 0xd5, 0xff, 0xec, 0xb5, 0xab, 0xd7, 0xff, 0xd3, /* 行 11 */
    0x00, 0x00, 0x00, 0x09, 0x6a, 0xc4, 0xeb, 0xf5, 0xd6, 0x8e, 0x23, /* 行 12 */
};

static const ipgui_glyph_t quicksand_medium_18px_char_067 = {
    .cover_map = quicksand_medium_18px_char_067_bitmap,
    .width = 11,
    .height = 13,
    .bearing_x = 0,
    .bearing_y = 13,
    .advance = 11
};

/* 字符  68: D    */
static const unsigned char quicksand_medium_18px_char_068_bitmap[] = {
    0x00, 0x4f, 0xfc, 0xff, 0xff, 0xff, 0xff, 0xe6, 0xaf, 0x35, 0x00, 0x00, 0x00, /* 行 0 */
    0x00, 0x80, 0xff, 0xbb, 0xa0, 0xa0, 0xa2, 0xc1, 0xfc, 0xfb, 0x57, 0x00, 0x00, /* 行 1 */
    0x00, 0x80, 0xff, 0x48, 0x00, 0x00, 0x00, 0x00, 0x36, 0xef, 0xf6, 0x1d, 0x00, /* 行 2 */
    0x00, 0x80, 0xff, 0x48, 0x00, 0x00, 0x00, 0x00, 0x00, 0x70, 0xff, 0x91, 0x00, /* 行 3 */
    0x00, 0x80, 0xff, 0x48, 0x00, 0x00, 0x00, 0x00, 0x00, 0x0c, 0xf7, 0xdd, 0x00, /* 行 4 */
    0x00, 0x80, 0xff, 0x48, 0x00, 0x00, 0x00, 0x00, 0x00, 0x00, 0xd7, 0xff, 0x05, /* 行 5 */
    0x00, 0x80, 0xff, 0x48, 0x00, 0x00, 0x00, 0x00, 0x00, 0x00, 0xc0, 0xff, 0x16, /* 行 6 */
    0x00, 0x80, 0xff, 0x48, 0x00, 0x00, 0x00, 0x00, 0x00, 0x00, 0xd7, 0xff, 0x05, /* 行 7 */
    0x00, 0x80, 0xff, 0x48, 0x00, 0x00, 0x00, 0x00, 0x00, 0x0a, 0xf6, 0xdf, 0x00, /* 行 8 */
    0x00, 0x80, 0xff, 0x48, 0x00, 0x00, 0x00, 0x00, 0x00, 0x6a, 0xff, 0x94, 0x00, /* 行 9 */
    0x00, 0x80, 0xff, 0x48, 0x00, 0x00, 0x00, 0x00, 0x30, 0xeb, 0xf7, 0x20, 0x00, /* 行 10 */
    0x00, 0x80, 0xff, 0xbb, 0xa0, 0xa0, 0xa1, 0xbe, 0xfb, 0xfc, 0x5b, 0x00, 0x00, /* 行 11 */
    0x00, 0x4e, 0xf9, 0xff, 0xff, 0xff, 0xff, 0xe7, 0xb2, 0x38, 0x00, 0x00, 0x00, /* 行 12 */
};

static const ipgui_glyph_t quicksand_medium_18px_char_068 = {
    .cover_map = quicksand_medium_18px_char_068_bitmap,
    .width = 13,
    .height = 13,
    .bearing_x = 0,
    .bearing_y = 13,
    .advance = 13
};

/* 字符  69: E    */
static const unsigned char quicksand_medium_18px_char_069_bitmap[] = {
    0x00, 0x4f, 0xfc, 0xff, 0xff, 0xff, 0xff, 0xff, 0xf8, 0x4c, /* 行 0 */
    0x00, 0x80, 0xff, 0xbb, 0xa0, 0xa0, 0xa0, 0xa0, 0x99, 0x23, /* 行 1 */
    0x00, 0x80, 0xff, 0x48, 0x00, 0x00, 0x00, 0x00, 0x00, 0x00, /* 行 2 */
    0x00, 0x80, 0xff, 0x48, 0x00, 0x00, 0x00, 0x00, 0x00, 0x00, /* 行 3 */
    0x00, 0x80, 0xff, 0x48, 0x00, 0x00, 0x00, 0x00, 0x00, 0x00, /* 行 4 */
    0x00, 0x80, 0xff, 0xbb, 0xa0, 0xa0, 0xa0, 0x9e, 0x3b, 0x00, /* 行 5 */
    0x00, 0x80, 0xff, 0xff, 0xff, 0xff, 0xff, 0xfe, 0x7b, 0x00, /* 行 6 */
    0x00, 0x80, 0xff, 0x48, 0x00, 0x00, 0x00, 0x00, 0x00, 0x00, /* 行 7 */
    0x00, 0x80, 0xff, 0x48, 0x00, 0x00, 0x00, 0x00, 0x00, 0x00, /* 行 8 */
    0x00, 0x80, 0xff, 0x48, 0x00, 0x00, 0x00, 0x00, 0x00, 0x00, /* 行 9 */
    0x00, 0x80, 0xff, 0x48, 0x00, 0x00, 0x00, 0x00, 0x00, 0x00, /* 行 10 */
    0x00, 0x80, 0xff, 0xbb, 0xa0, 0xa0, 0xa0, 0xa0, 0x98, 0x21, /* 行 11 */
    0x00, 0x4e, 0xf9, 0xff, 0xff, 0xff, 0xff, 0xff, 0xf9, 0x4e, /* 行 12 */
};

static const ipgui_glyph_t quicksand_medium_18px_char_069 = {
    .cover_map = quicksand_medium_18px_char_069_bitmap,
    .width = 10,
    .height = 13,
    .bearing_x = 0,
    .bearing_y = 13,
    .advance = 10
};

/* 字符  70: F    */
static const unsigned char quicksand_medium_18px_char_070_bitmap[] = {
    0x00, 0x4f, 0xfc, 0xff, 0xff, 0xff, 0xff, 0xff, 0xf3, 0x32, /* 行 0 */
    0x00, 0x80, 0xff, 0xb9, 0xa0, 0xa0, 0xa0, 0xa0, 0x93, 0x14, /* 行 1 */
    0x00, 0x80, 0xff, 0x44, 0x00, 0x00, 0x00, 0x00, 0x00, 0x00, /* 行 2 */
    0x00, 0x80, 0xff, 0x44, 0x00, 0x00, 0x00, 0x00, 0x00, 0x00, /* 行 3 */
    0x00, 0x80, 0xff, 0x44, 0x00, 0x00, 0x00, 0x00, 0x00, 0x00, /* 行 4 */
    0x00, 0x80, 0xff, 0xb9, 0xa0, 0xa0, 0xa0, 0x9b, 0x2a, 0x00, /* 行 5 */
    0x00, 0x80, 0xff, 0xff, 0xff, 0xff, 0xff, 0xfb, 0x5b, 0x00, /* 行 6 */
    0x00, 0x80, 0xff, 0x44, 0x00, 0x00, 0x00, 0x00, 0x00, 0x00, /* 行 7 */
    0x00, 0x80, 0xff, 0x44, 0x00, 0x00, 0x00, 0x00, 0x00, 0x00, /* 行 8 */
    0x00, 0x80, 0xff, 0x44, 0x00, 0x00, 0x00, 0x00, 0x00, 0x00, /* 行 9 */
    0x00, 0x80, 0xff, 0x44, 0x00, 0x00, 0x00, 0x00, 0x00, 0x00, /* 行 10 */
    0x00, 0x80, 0xff, 0x44, 0x00, 0x00, 0x00, 0x00, 0x00, 0x00, /* 行 11 */
    0x00, 0x4e, 0xe9, 0x22, 0x00, 0x00, 0x00, 0x00, 0x00, 0x00, /* 行 12 */
};

static const ipgui_glyph_t quicksand_medium_18px_char_070 = {
    .cover_map = quicksand_medium_18px_char_070_bitmap,
    .width = 10,
    .height = 13,
    .bearing_x = 0,
    .bearing_y = 13,
    .advance = 10
};

/* 字符  71: G    */
static const unsigned char quicksand_medium_18px_char_071_bitmap[] = {
    0x00, 0x00, 0x00, 0x02, 0x54, 0xb8, 0xe5, 0xf7, 0xde, 0xa2, 0x39, 0x00, 0x00, /* 行 0 */
    0x00, 0x00, 0x15, 0xbc, 0xff, 0xf5, 0xbb, 0xa8, 0xc7, 0xfd, 0xe2, 0x00, 0x00, /* 行 1 */
    0x00, 0x05, 0xc7, 0xff, 0x9d, 0x11, 0x00, 0x00, 0x00, 0x16, 0x1e, 0x00, 0x00, /* 行 2 */
    0x00, 0x76, 0xff, 0xa3, 0x00, 0x00, 0x00, 0x00, 0x00, 0x00, 0x00, 0x00, 0x00, /* 行 3 */
    0x00, 0xdf, 0xfa, 0x16, 0x00, 0x00, 0x00, 0x00, 0x00, 0x00, 0x00, 0x00, 0x00, /* 行 4 */
    0x18, 0xff, 0xc0, 0x00, 0x00, 0x00, 0x00, 0x00, 0x00, 0x00, 0x00, 0x00, 0x00, /* 行 5 */
    0x30, 0xff, 0xa7, 0x00, 0x00, 0x00, 0x22, 0xef, 0xff, 0xff, 0xfe, 0x66, 0x00, /* 行 6 */
    0x18, 0xff, 0xc0, 0x00, 0x00, 0x00, 0x0b, 0x8f, 0xa0, 0xb8, 0xff, 0x98, 0x00, /* 行 7 */
    0x00, 0xe0, 0xfa, 0x17, 0x00, 0x00, 0x00, 0x00, 0x00, 0x40, 0xff, 0x98, 0x00, /* 行 8 */
    0x00, 0x77, 0xff, 0xa6, 0x00, 0x00, 0x00, 0x00, 0x00, 0x40, 0xff, 0x98, 0x00, /* 行 9 */
    0x00, 0x06, 0xc9, 0xff, 0xa2, 0x12, 0x00, 0x00, 0x00, 0x4c, 0xff, 0x98, 0x00, /* 行 10 */
    0x00, 0x00, 0x16, 0xbe, 0xff, 0xf6, 0xbb, 0xa8, 0xc9, 0xfd, 0xfd, 0x62, 0x00, /* 行 11 */
    0x00, 0x00, 0x00, 0x03, 0x58, 0xba, 0xe7, 0xfa, 0xe2, 0x9c, 0x27, 0x00, 0x00, /* 行 12 */
};

static const ipgui_glyph_t quicksand_medium_18px_char_071 = {
    .cover_map = quicksand_medium_18px_char_071_bitmap,
    .width = 13,
    .height = 13,
    .bearing_x = 0,
    .bearing_y = 13,
    .advance = 13
};

/* 字符  72: H    */
static const unsigned char quicksand_medium_18px_char_072_bitmap[] = {
    0x00, 0x4f, 0xe8, 0x27, 0x00, 0x00, 0x00, 0x00, 0x00, 0x30, 0xe6, 0x47, 0x00, /* 行 0 */
    0x00, 0x80, 0xff, 0x48, 0x00, 0x00, 0x00, 0x00, 0x00, 0x54, 0xff, 0x78, 0x00, /* 行 1 */
    0x00, 0x80, 0xff, 0x48, 0x00, 0x00, 0x00, 0x00, 0x00, 0x54, 0xff, 0x78, 0x00, /* 行 2 */
    0x00, 0x80, 0xff, 0x48, 0x00, 0x00, 0x00, 0x00, 0x00, 0x54, 0xff, 0x78, 0x00, /* 行 3 */
    0x00, 0x80, 0xff, 0x48, 0x00, 0x00, 0x00, 0x00, 0x00, 0x54, 0xff, 0x78, 0x00, /* 行 4 */
    0x00, 0x80, 0xff, 0xbb, 0xa0, 0xa0, 0xa0, 0xa0, 0xa0, 0xbf, 0xff, 0x78, 0x00, /* 行 5 */
    0x00, 0x80, 0xff, 0xff, 0xff, 0xff, 0xff, 0xff, 0xff, 0xff, 0xff, 0x78, 0x00, /* 行 6 */
    0x00, 0x80, 0xff, 0x48, 0x00, 0x00, 0x00, 0x00, 0x00, 0x54, 0xff, 0x78, 0x00, /* 行 7 */
    0x00, 0x80, 0xff, 0x48, 0x00, 0x00, 0x00, 0x00, 0x00, 0x54, 0xff, 0x78, 0x00, /* 行 8 */
    0x00, 0x80, 0xff, 0x48, 0x00, 0x00, 0x00, 0x00, 0x00, 0x54, 0xff, 0x78, 0x00, /* 行 9 */
    0x00, 0x80, 0xff, 0x48, 0x00, 0x00, 0x00, 0x00, 0x00, 0x54, 0xff, 0x78, 0x00, /* 行 10 */
    0x00, 0x80, 0xff, 0x48, 0x00, 0x00, 0x00, 0x00, 0x00, 0x54, 0xff, 0x78, 0x00, /* 行 11 */
    0x00, 0x4f, 0xea, 0x23, 0x00, 0x00, 0x00, 0x00, 0x00, 0x28, 0xeb, 0x44, 0x00, /* 行 12 */
};

static const ipgui_glyph_t quicksand_medium_18px_char_072 = {
    .cover_map = quicksand_medium_18px_char_072_bitmap,
    .width = 13,
    .height = 13,
    .bearing_x = 0,
    .bearing_y = 13,
    .advance = 13
};

/* 字符  73: I    */
static const unsigned char quicksand_medium_18px_char_073_bitmap[] = {
    0x00, 0x4f, 0xee, 0x26, 0x00, /* 行 0 */
    0x00, 0x80, 0xff, 0x48, 0x00, /* 行 1 */
    0x00, 0x80, 0xff, 0x48, 0x00, /* 行 2 */
    0x00, 0x80, 0xff, 0x48, 0x00, /* 行 3 */
    0x00, 0x80, 0xff, 0x48, 0x00, /* 行 4 */
    0x00, 0x80, 0xff, 0x48, 0x00, /* 行 5 */
    0x00, 0x80, 0xff, 0x48, 0x00, /* 行 6 */
    0x00, 0x80, 0xff, 0x48, 0x00, /* 行 7 */
    0x00, 0x80, 0xff, 0x48, 0x00, /* 行 8 */
    0x00, 0x80, 0xff, 0x48, 0x00, /* 行 9 */
    0x00, 0x80, 0xff, 0x48, 0x00, /* 行 10 */
    0x00, 0x80, 0xff, 0x48, 0x00, /* 行 11 */
    0x00, 0x4f, 0xe5, 0x25, 0x00, /* 行 12 */
};

static const ipgui_glyph_t quicksand_medium_18px_char_073 = {
    .cover_map = quicksand_medium_18px_char_073_bitmap,
    .width = 5,
    .height = 13,
    .bearing_x = 0,
    .bearing_y = 13,
    .advance = 5
};

/* 字符  74: J    */
static const unsigned char quicksand_medium_18px_char_074_bitmap[] = {
    0x00, 0x00, 0x00, 0x00, 0x00, 0x00, 0x17, 0xe6, 0x63, 0x00, /* 行 0 */
    0x00, 0x00, 0x00, 0x00, 0x00, 0x00, 0x34, 0xff, 0x98, 0x00, /* 行 1 */
    0x00, 0x00, 0x00, 0x00, 0x00, 0x00, 0x34, 0xff, 0x98, 0x00, /* 行 2 */
    0x00, 0x00, 0x00, 0x00, 0x00, 0x00, 0x34, 0xff, 0x98, 0x00, /* 行 3 */
    0x00, 0x00, 0x00, 0x00, 0x00, 0x00, 0x34, 0xff, 0x98, 0x00, /* 行 4 */
    0x00, 0x00, 0x00, 0x00, 0x00, 0x00, 0x34, 0xff, 0x98, 0x00, /* 行 5 */
    0x00, 0x00, 0x00, 0x00, 0x00, 0x00, 0x34, 0xff, 0x98, 0x00, /* 行 6 */
    0x00, 0x00, 0x00, 0x00, 0x00, 0x00, 0x34, 0xff, 0x98, 0x00, /* 行 7 */
    0x00, 0x00, 0x00, 0x00, 0x00, 0x00, 0x34, 0xff, 0x97, 0x00, /* 行 8 */
    0x00, 0x13, 0x04, 0x00, 0x00, 0x00, 0x4c, 0xff, 0x84, 0x00, /* 行 9 */
    0x06, 0xf5, 0xb5, 0x06, 0x00, 0x0a, 0xc3, 0xff, 0x3d, 0x00, /* 行 10 */
    0x00, 0x9e, 0xff, 0xda, 0xaa, 0xe2, 0xff, 0xa0, 0x00, 0x00, /* 行 11 */
    0x00, 0x02, 0x75, 0xdb, 0xf8, 0xd7, 0x70, 0x02, 0x00, 0x00, /* 行 12 */
};

static const ipgui_glyph_t quicksand_medium_18px_char_074 = {
    .cover_map = quicksand_medium_18px_char_074_bitmap,
    .width = 10,
    .height = 13,
    .bearing_x = 0,
    .bearing_y = 13,
    .advance = 10
};

/* 字符  75: K    */
static const unsigned char quicksand_medium_18px_char_075_bitmap[] = {
    0x00, 0x4f, 0xe9, 0x21, 0x00, 0x00, 0x00, 0x00, 0x00, 0x7f, 0xe4, 0x0a, /* 行 0 */
    0x00, 0x80, 0xff, 0x48, 0x00, 0x00, 0x00, 0x00, 0x82, 0xff, 0xc5, 0x02, /* 行 1 */
    0x00, 0x80, 0xff, 0x48, 0x00, 0x00, 0x00, 0x82, 0xff, 0xc4, 0x0d, 0x00, /* 行 2 */
    0x00, 0x80, 0xff, 0x48, 0x00, 0x00, 0x81, 0xff, 0xc0, 0x0c, 0x00, 0x00, /* 行 3 */
    0x00, 0x80, 0xff, 0x48, 0x00, 0x81, 0xff, 0xbc, 0x0a, 0x00, 0x00, 0x00, /* 行 4 */
    0x00, 0x80, 0xff, 0x48, 0x81, 0xff, 0xd8, 0x08, 0x00, 0x00, 0x00, 0x00, /* 行 5 */
    0x00, 0x80, 0xff, 0xbe, 0xff, 0xff, 0xfe, 0x4a, 0x00, 0x00, 0x00, 0x00, /* 行 6 */
    0x00, 0x80, 0xff, 0xff, 0xb0, 0x4e, 0xfe, 0xed, 0x1e, 0x00, 0x00, 0x00, /* 行 7 */
    0x00, 0x80, 0xff, 0xab, 0x04, 0x00, 0x83, 0xff, 0xc7, 0x05, 0x00, 0x00, /* 行 8 */
    0x00, 0x80, 0xff, 0x48, 0x00, 0x00, 0x02, 0xbc, 0xff, 0x8f, 0x00, 0x00, /* 行 9 */
    0x00, 0x80, 0xff, 0x48, 0x00, 0x00, 0x00, 0x16, 0xe5, 0xff, 0x51, 0x00, /* 行 10 */
    0x00, 0x80, 0xff, 0x48, 0x00, 0x00, 0x00, 0x00, 0x3d, 0xfb, 0xf0, 0x14, /* 行 11 */
    0x00, 0x4f, 0xe5, 0x26, 0x00, 0x00, 0x00, 0x00, 0x00, 0x70, 0xe5, 0x21, /* 行 12 */
};

static const ipgui_glyph_t quicksand_medium_18px_char_075 = {
    .cover_map = quicksand_medium_18px_char_075_bitmap,
    .width = 12,
    .height = 13,
    .bearing_x = 0,
    .bearing_y = 13,
    .advance = 12
};

/* 字符  76: L    */
static const unsigned char quicksand_medium_18px_char_076_bitmap[] = {
    0x00, 0x4f, 0xee, 0x26, 0x00, 0x00, 0x00, 0x00, 0x00, 0x00, /* 行 0 */
    0x00, 0x80, 0xff, 0x48, 0x00, 0x00, 0x00, 0x00, 0x00, 0x00, /* 行 1 */
    0x00, 0x80, 0xff, 0x48, 0x00, 0x00, 0x00, 0x00, 0x00, 0x00, /* 行 2 */
    0x00, 0x80, 0xff, 0x48, 0x00, 0x00, 0x00, 0x00, 0x00, 0x00, /* 行 3 */
    0x00, 0x80, 0xff, 0x48, 0x00, 0x00, 0x00, 0x00, 0x00, 0x00, /* 行 4 */
    0x00, 0x80, 0xff, 0x48, 0x00, 0x00, 0x00, 0x00, 0x00, 0x00, /* 行 5 */
    0x00, 0x80, 0xff, 0x48, 0x00, 0x00, 0x00, 0x00, 0x00, 0x00, /* 行 6 */
    0x00, 0x80, 0xff, 0x48, 0x00, 0x00, 0x00, 0x00, 0x00, 0x00, /* 行 7 */
    0x00, 0x80, 0xff, 0x48, 0x00, 0x00, 0x00, 0x00, 0x00, 0x00, /* 行 8 */
    0x00, 0x80, 0xff, 0x48, 0x00, 0x00, 0x00, 0x00, 0x00, 0x00, /* 行 9 */
    0x00, 0x80, 0xff, 0x48, 0x00, 0x00, 0x00, 0x00, 0x00, 0x00, /* 行 10 */
    0x00, 0x80, 0xff, 0xcc, 0xb8, 0xb8, 0xb8, 0xb8, 0xa7, 0x12, /* 行 11 */
    0x00, 0x50, 0xf9, 0xff, 0xff, 0xff, 0xff, 0xff, 0xf1, 0x28, /* 行 12 */
};

static const ipgui_glyph_t quicksand_medium_18px_char_076 = {
    .cover_map = quicksand_medium_18px_char_076_bitmap,
    .width = 10,
    .height = 13,
    .bearing_x = 0,
    .bearing_y = 13,
    .advance = 10
};

/* 字符  77: M    */
static const unsigned char quicksand_medium_18px_char_077_bitmap[] = {
    0x00, 0x4f, 0xeb, 0x31, 0x00, 0x00, 0x00, 0x00, 0x00, 0x00, 0x00, 0x51, 0xe8, 0x25, 0x00, /* 行 0 */
    0x00, 0x80, 0xff, 0xcd, 0x03, 0x00, 0x00, 0x00, 0x00, 0x00, 0x12, 0xe9, 0xff, 0x4c, 0x00, /* 行 1 */
    0x00, 0x80, 0xff, 0xff, 0x74, 0x00, 0x00, 0x00, 0x00, 0x00, 0xa1, 0xff, 0xff, 0x4c, 0x00, /* 行 2 */
    0x00, 0x80, 0xff, 0xe7, 0xf5, 0x21, 0x00, 0x00, 0x00, 0x46, 0xff, 0xf4, 0xff, 0x4c, 0x00, /* 行 3 */
    0x00, 0x80, 0xff, 0x59, 0xfd, 0xb8, 0x00, 0x00, 0x0b, 0xdf, 0xe4, 0x8a, 0xff, 0x4c, 0x00, /* 行 4 */
    0x00, 0x80, 0xff, 0x20, 0x95, 0xff, 0x5b, 0x00, 0x90, 0xff, 0x4d, 0x7c, 0xff, 0x4c, 0x00, /* 行 5 */
    0x00, 0x80, 0xff, 0x20, 0x0e, 0xe5, 0xea, 0x4b, 0xfd, 0xa8, 0x00, 0x7c, 0xff, 0x4c, 0x00, /* 行 6 */
    0x00, 0x80, 0xff, 0x20, 0x00, 0x52, 0xff, 0xfd, 0xec, 0x16, 0x00, 0x7c, 0xff, 0x4c, 0x00, /* 行 7 */
    0x00, 0x80, 0xff, 0x20, 0x00, 0x00, 0xaf, 0xff, 0x5d, 0x00, 0x00, 0x7c, 0xff, 0x4c, 0x00, /* 行 8 */
    0x00, 0x80, 0xff, 0x20, 0x00, 0x00, 0x10, 0x4c, 0x00, 0x00, 0x00, 0x7c, 0xff, 0x4c, 0x00, /* 行 9 */
    0x00, 0x80, 0xff, 0x20, 0x00, 0x00, 0x00, 0x00, 0x00, 0x00, 0x00, 0x7c, 0xff, 0x4c, 0x00, /* 行 10 */
    0x00, 0x80, 0xff, 0x20, 0x00, 0x00, 0x00, 0x00, 0x00, 0x00, 0x00, 0x7c, 0xff, 0x4c, 0x00, /* 行 11 */
    0x00, 0x52, 0xde, 0x09, 0x00, 0x00, 0x00, 0x00, 0x00, 0x00, 0x00, 0x4b, 0xe6, 0x24, 0x00, /* 行 12 */
};

static const ipgui_glyph_t quicksand_medium_18px_char_077 = {
    .cover_map = quicksand_medium_18px_char_077_bitmap,
    .width = 15,
    .height = 13,
    .bearing_x = 0,
    .bearing_y = 13,
    .advance = 15
};

/* 字符  78: N    */
static const unsigned char quicksand_medium_18px_char_078_bitmap[] = {
    0x00, 0x50, 0xe9, 0x37, 0x00, 0x00, 0x00, 0x00, 0x00, 0x00, 0xb4, 0x82, 0x00, /* 行 0 */
    0x00, 0x80, 0xff, 0xdf, 0x10, 0x00, 0x00, 0x00, 0x00, 0x00, 0xe4, 0xb0, 0x00, /* 行 1 */
    0x00, 0x80, 0xff, 0xff, 0xab, 0x00, 0x00, 0x00, 0x00, 0x00, 0xe4, 0xb0, 0x00, /* 行 2 */
    0x00, 0x80, 0xff, 0xd6, 0xff, 0x69, 0x00, 0x00, 0x00, 0x00, 0xe4, 0xb0, 0x00, /* 行 3 */
    0x00, 0x80, 0xff, 0x31, 0xef, 0xf7, 0x2e, 0x00, 0x00, 0x00, 0xe4, 0xb0, 0x00, /* 行 4 */
    0x00, 0x80, 0xff, 0x10, 0x51, 0xff, 0xd7, 0x0b, 0x00, 0x00, 0xe4, 0xb0, 0x00, /* 行 5 */
    0x00, 0x80, 0xff, 0x10, 0x00, 0x90, 0xff, 0x9e, 0x00, 0x00, 0xe4, 0xb0, 0x00, /* 行 6 */
    0x00, 0x80, 0xff, 0x10, 0x00, 0x06, 0xca, 0xff, 0x5b, 0x00, 0xe4, 0xb0, 0x00, /* 行 7 */
    0x00, 0x80, 0xff, 0x10, 0x00, 0x00, 0x20, 0xee, 0xf3, 0x25, 0xe4, 0xb0, 0x00, /* 行 8 */
    0x00, 0x80, 0xff, 0x10, 0x00, 0x00, 0x00, 0x4f, 0xff, 0xcd, 0xe9, 0xb0, 0x00, /* 行 9 */
    0x00, 0x80, 0xff, 0x10, 0x00, 0x00, 0x00, 0x00, 0x8e, 0xff, 0xff, 0xb0, 0x00, /* 行 10 */
    0x00, 0x80, 0xff, 0x10, 0x00, 0x00, 0x00, 0x00, 0x05, 0xc7, 0xff, 0xb0, 0x00, /* 行 11 */
    0x00, 0x57, 0xd9, 0x04, 0x00, 0x00, 0x00, 0x00, 0x00, 0x1e, 0xe3, 0x78, 0x00, /* 行 12 */
};

static const ipgui_glyph_t quicksand_medium_18px_char_078 = {
    .cover_map = quicksand_medium_18px_char_078_bitmap,
    .width = 13,
    .height = 13,
    .bearing_x = 0,
    .bearing_y = 13,
    .advance = 13
};

/* 字符  79: O    */
static const unsigned char quicksand_medium_18px_char_079_bitmap[] = {
    0x00, 0x00, 0x00, 0x11, 0x7a, 0xd1, 0xf3, 0xea, 0xc0, 0x5a, 0x02, 0x00, 0x00, 0x00, /* 行 0 */
    0x00, 0x00, 0x2c, 0xe0, 0xff, 0xe0, 0xad, 0xb7, 0xf2, 0xff, 0xb4, 0x0d, 0x00, 0x00, /* 行 1 */
    0x00, 0x0f, 0xe2, 0xfb, 0x6c, 0x02, 0x00, 0x00, 0x10, 0xa8, 0xff, 0xa8, 0x00, 0x00, /* 行 2 */
    0x00, 0x8b, 0xff, 0x7b, 0x00, 0x00, 0x00, 0x00, 0x00, 0x02, 0xc6, 0xff, 0x42, 0x00, /* 行 3 */
    0x02, 0xe8, 0xf3, 0x09, 0x00, 0x00, 0x00, 0x00, 0x00, 0x00, 0x49, 0xff, 0xa2, 0x00, /* 行 4 */
    0x1b, 0xff, 0xba, 0x00, 0x00, 0x00, 0x00, 0x00, 0x00, 0x00, 0x06, 0xfe, 0xd2, 0x00, /* 行 5 */
    0x31, 0xff, 0xa6, 0x00, 0x00, 0x00, 0x00, 0x00, 0x00, 0x00, 0x00, 0xef, 0xe8, 0x00, /* 行 6 */
    0x1b, 0xff, 0xba, 0x00, 0x00, 0x00, 0x00, 0x00, 0x00, 0x00, 0x05, 0xfd, 0xd2, 0x00, /* 行 7 */
    0x02, 0xe9, 0xf3, 0x09, 0x00, 0x00, 0x00, 0x00, 0x00, 0x00, 0x48, 0xff, 0xa3, 0x00, /* 行 8 */
    0x00, 0x8c, 0xff, 0x7b, 0x00, 0x00, 0x00, 0x00, 0x00, 0x01, 0xc5, 0xff, 0x44, 0x00, /* 行 9 */
    0x00, 0x11, 0xe3, 0xfc, 0x6b, 0x02, 0x00, 0x00, 0x0e, 0xa5, 0xff, 0xab, 0x00, 0x00, /* 行 10 */
    0x00, 0x00, 0x2d, 0xe0, 0xff, 0xe0, 0xac, 0xb5, 0xf1, 0xff, 0xb5, 0x0e, 0x00, 0x00, /* 行 11 */
    0x00, 0x00, 0x00, 0x11, 0x7b, 0xd1, 0xf3, 0xeb, 0xc0, 0x5a, 0x02, 0x00, 0x00, 0x00, /* 行 12 */
};

static const ipgui_glyph_t quicksand_medium_18px_char_079 = {
    .cover_map = quicksand_medium_18px_char_079_bitmap,
    .width = 14,
    .height = 13,
    .bearing_x = 0,
    .bearing_y = 13,
    .advance = 14
};

/* 字符  80: P    */
static const unsigned char quicksand_medium_18px_char_080_bitmap[] = {
    0x00, 0x4f, 0xfc, 0xff, 0xff, 0xff, 0xfb, 0xcf, 0x49, 0x00, 0x00, /* 行 0 */
    0x00, 0x80, 0xff, 0xaf, 0xa0, 0xa0, 0xa7, 0xed, 0xfd, 0x43, 0x00, /* 行 1 */
    0x00, 0x80, 0xff, 0x28, 0x00, 0x00, 0x00, 0x28, 0xf9, 0xc7, 0x00, /* 行 2 */
    0x00, 0x80, 0xff, 0x28, 0x00, 0x00, 0x00, 0x00, 0xbd, 0xfd, 0x04, /* 行 3 */
    0x00, 0x80, 0xff, 0x28, 0x00, 0x00, 0x00, 0x00, 0xc9, 0xfc, 0x03, /* 行 4 */
    0x00, 0x80, 0xff, 0x28, 0x00, 0x00, 0x00, 0x33, 0xfb, 0xc3, 0x00, /* 行 5 */
    0x00, 0x80, 0xff, 0xaf, 0xa0, 0xa0, 0xa4, 0xed, 0xfc, 0x3f, 0x00, /* 行 6 */
    0x00, 0x80, 0xff, 0xff, 0xff, 0xff, 0xfc, 0xcf, 0x48, 0x00, 0x00, /* 行 7 */
    0x00, 0x80, 0xff, 0x28, 0x00, 0x00, 0x00, 0x00, 0x00, 0x00, 0x00, /* 行 8 */
    0x00, 0x80, 0xff, 0x28, 0x00, 0x00, 0x00, 0x00, 0x00, 0x00, 0x00, /* 行 9 */
    0x00, 0x80, 0xff, 0x28, 0x00, 0x00, 0x00, 0x00, 0x00, 0x00, 0x00, /* 行 10 */
    0x00, 0x80, 0xff, 0x28, 0x00, 0x00, 0x00, 0x00, 0x00, 0x00, 0x00, /* 行 11 */
    0x00, 0x52, 0xe0, 0x0c, 0x00, 0x00, 0x00, 0x00, 0x00, 0x00, 0x00, /* 行 12 */
};

static const ipgui_glyph_t quicksand_medium_18px_char_080 = {
    .cover_map = quicksand_medium_18px_char_080_bitmap,
    .width = 11,
    .height = 13,
    .bearing_x = 0,
    .bearing_y = 13,
    .advance = 11
};

/* 字符  81: Q    */
static const unsigned char quicksand_medium_18px_char_081_bitmap[] = {
    0x00, 0x00, 0x00, 0x0c, 0x73, 0xce, 0xf2, 0xe9, 0xbc, 0x51, 0x00, 0x00, 0x00, 0x00, 0x00, /* 行 0 */
    0x00, 0x00, 0x1f, 0xd6, 0xff, 0xe3, 0xae, 0xb8, 0xf3, 0xff, 0xa4, 0x06, 0x00, 0x00, 0x00, /* 行 1 */
    0x00, 0x06, 0xd4, 0xfe, 0x7a, 0x04, 0x00, 0x00, 0x13, 0xb3, 0xff, 0x92, 0x00, 0x00, 0x00, /* 行 2 */
    0x00, 0x76, 0xff, 0x8d, 0x00, 0x00, 0x00, 0x00, 0x00, 0x05, 0xd5, 0xfe, 0x2f, 0x00, 0x00, /* 行 3 */
    0x00, 0xd6, 0xfa, 0x11, 0x00, 0x00, 0x00, 0x00, 0x00, 0x00, 0x58, 0xff, 0x8e, 0x00, 0x00, /* 行 4 */
    0x13, 0xff, 0xc3, 0x00, 0x00, 0x00, 0x00, 0x00, 0x00, 0x00, 0x0e, 0xff, 0xca, 0x00, 0x00, /* 行 5 */
    0x2d, 0xff, 0xa8, 0x00, 0x00, 0x00, 0x00, 0x00, 0x00, 0x00, 0x00, 0xf1, 0xe5, 0x00, 0x00, /* 行 6 */
    0x29, 0xff, 0xb0, 0x00, 0x00, 0x00, 0x00, 0x00, 0x00, 0x00, 0x00, 0xf8, 0xdf, 0x00, 0x00, /* 行 7 */
    0x0c, 0xfc, 0xda, 0x00, 0x00, 0x00, 0x00, 0x00, 0x00, 0x00, 0x24, 0xff, 0xbf, 0x00, 0x00, /* 行 8 */
    0x00, 0xc1, 0xff, 0x34, 0x00, 0x00, 0x00, 0x00, 0x00, 0x00, 0x80, 0xff, 0x75, 0x00, 0x00, /* 行 9 */
    0x00, 0x51, 0xff, 0xcb, 0x0b, 0x00, 0x00, 0x00, 0x00, 0x2b, 0xf5, 0xf0, 0x13, 0x00, 0x00, /* 行 10 */
    0x00, 0x00, 0xaa, 0xff, 0xce, 0x47, 0x0d, 0x17, 0x67, 0xed, 0xff, 0x5d, 0x00, 0x00, 0x00, /* 行 11 */
    0x00, 0x00, 0x06, 0x9f, 0xff, 0xff, 0xff, 0xff, 0xff, 0xf3, 0x61, 0x00, 0x00, 0x00, 0x00, /* 行 12 */
    0x00, 0x00, 0x00, 0x00, 0x37, 0xcd, 0xff, 0xcf, 0x6e, 0x16, 0x00, 0x00, 0x00, 0x00, 0x00, /* 行 13 */
    0x00, 0x00, 0x00, 0x5f, 0xe6, 0xff, 0xfc, 0xba, 0x4e, 0x01, 0x00, 0x00, 0x4e, 0xa1, 0x02, /* 行 14 */
    0x00, 0x00, 0x00, 0x79, 0xce, 0x86, 0xa9, 0xfc, 0xff, 0xde, 0xab, 0xc6, 0xff, 0xe3, 0x08, /* 行 15 */
    0x00, 0x00, 0x00, 0x00, 0x00, 0x00, 0x00, 0x23, 0x98, 0xe6, 0xfb, 0xe2, 0x92, 0x18, 0x00, /* 行 16 */
};

static const ipgui_glyph_t quicksand_medium_18px_char_081 = {
    .cover_map = quicksand_medium_18px_char_081_bitmap,
    .width = 15,
    .height = 17,
    .bearing_x = 0,
    .bearing_y = 13,
    .advance = 14
};

/* 字符  82: R    */
static const unsigned char quicksand_medium_18px_char_082_bitmap[] = {
    0x00, 0x4f, 0xfc, 0xff, 0xff, 0xff, 0xff, 0xfa, 0xca, 0x44, 0x00, 0x00, /* 行 0 */
    0x00, 0x80, 0xff, 0xbb, 0xa0, 0xa0, 0xa0, 0xad, 0xf7, 0xfc, 0x3e, 0x00, /* 行 1 */
    0x00, 0x80, 0xff, 0x48, 0x00, 0x00, 0x00, 0x00, 0x47, 0xff, 0xbe, 0x00, /* 行 2 */
    0x00, 0x80, 0xff, 0x48, 0x00, 0x00, 0x00, 0x00, 0x00, 0xea, 0xf1, 0x00, /* 行 3 */
    0x00, 0x80, 0xff, 0x48, 0x00, 0x00, 0x00, 0x00, 0x05, 0xf9, 0xe2, 0x00, /* 行 4 */
    0x00, 0x80, 0xff, 0x48, 0x00, 0x00, 0x00, 0x00, 0x67, 0xff, 0x88, 0x00, /* 行 5 */
    0x00, 0x80, 0xff, 0xbb, 0xa0, 0xa0, 0xa0, 0xad, 0xfb, 0xc1, 0x09, 0x00, /* 行 6 */
    0x00, 0x80, 0xff, 0xff, 0xff, 0xff, 0xff, 0xff, 0xff, 0x8e, 0x00, 0x00, /* 行 7 */
    0x00, 0x80, 0xff, 0x48, 0x00, 0x00, 0x00, 0x1a, 0xae, 0xff, 0x47, 0x00, /* 行 8 */
    0x00, 0x80, 0xff, 0x48, 0x00, 0x00, 0x00, 0x00, 0x31, 0xff, 0x84, 0x00, /* 行 9 */
    0x00, 0x80, 0xff, 0x48, 0x00, 0x00, 0x00, 0x00, 0x17, 0xff, 0x9f, 0x00, /* 行 10 */
    0x00, 0x80, 0xff, 0x48, 0x00, 0x00, 0x00, 0x00, 0x01, 0xe5, 0xf0, 0x24, /* 行 11 */
    0x00, 0x50, 0xe6, 0x24, 0x00, 0x00, 0x00, 0x00, 0x00, 0x52, 0xed, 0x52, /* 行 12 */
};

static const ipgui_glyph_t quicksand_medium_18px_char_082 = {
    .cover_map = quicksand_medium_18px_char_082_bitmap,
    .width = 12,
    .height = 13,
    .bearing_x = 0,
    .bearing_y = 13,
    .advance = 12
};

/* 字符  83: S    */
static const unsigned char quicksand_medium_18px_char_083_bitmap[] = {
    0x00, 0x00, 0x34, 0xae, 0xea, 0xf9, 0xdf, 0x98, 0x23, 0x00, /* 行 0 */
    0x00, 0x43, 0xfa, 0xfa, 0xbc, 0xa7, 0xd2, 0xff, 0xf3, 0x36, /* 行 1 */
    0x00, 0xca, 0xf3, 0x2b, 0x00, 0x00, 0x00, 0x3f, 0xc8, 0x3c, /* 行 2 */
    0x00, 0xf2, 0xc6, 0x00, 0x00, 0x00, 0x00, 0x00, 0x00, 0x00, /* 行 3 */
    0x00, 0xd0, 0xf6, 0x39, 0x00, 0x00, 0x00, 0x00, 0x00, 0x00, /* 行 4 */
    0x00, 0x55, 0xff, 0xfe, 0xb9, 0x6c, 0x26, 0x00, 0x00, 0x00, /* 行 5 */
    0x00, 0x00, 0x46, 0xc9, 0xfe, 0xff, 0xff, 0xcd, 0x40, 0x00, /* 行 6 */
    0x00, 0x00, 0x00, 0x00, 0x19, 0x63, 0xbb, 0xff, 0xf9, 0x32, /* 行 7 */
    0x00, 0x00, 0x00, 0x00, 0x00, 0x00, 0x00, 0x71, 0xff, 0x95, /* 行 8 */
    0x00, 0x13, 0x00, 0x00, 0x00, 0x00, 0x00, 0x18, 0xff, 0xaa, /* 行 9 */
    0x32, 0xfe, 0x96, 0x0c, 0x00, 0x00, 0x00, 0x7e, 0xff, 0x79, /* 行 10 */
    0x0c, 0xc1, 0xff, 0xef, 0xb3, 0xa8, 0xd8, 0xff, 0xd3, 0x0e, /* 行 11 */
    0x00, 0x03, 0x66, 0xc5, 0xf1, 0xf9, 0xda, 0x85, 0x0e, 0x00, /* 行 12 */
};

static const ipgui_glyph_t quicksand_medium_18px_char_083 = {
    .cover_map = quicksand_medium_18px_char_083_bitmap,
    .width = 10,
    .height = 13,
    .bearing_x = 0,
    .bearing_y = 13,
    .advance = 10
};

/* 字符  84: T    */
static const unsigned char quicksand_medium_18px_char_084_bitmap[] = {
    0x41, 0xf6, 0xff, 0xff, 0xff, 0xff, 0xff, 0xff, 0xff, 0xfa, 0x57, /* 行 0 */
    0x1d, 0x97, 0xa0, 0xa0, 0xc4, 0xff, 0xcd, 0xa0, 0xa0, 0x9b, 0x2b, /* 行 1 */
    0x00, 0x00, 0x00, 0x00, 0x60, 0xff, 0x78, 0x00, 0x00, 0x00, 0x00, /* 行 2 */
    0x00, 0x00, 0x00, 0x00, 0x60, 0xff, 0x78, 0x00, 0x00, 0x00, 0x00, /* 行 3 */
    0x00, 0x00, 0x00, 0x00, 0x60, 0xff, 0x78, 0x00, 0x00, 0x00, 0x00, /* 行 4 */
    0x00, 0x00, 0x00, 0x00, 0x60, 0xff, 0x78, 0x00, 0x00, 0x00, 0x00, /* 行 5 */
    0x00, 0x00, 0x00, 0x00, 0x60, 0xff, 0x78, 0x00, 0x00, 0x00, 0x00, /* 行 6 */
    0x00, 0x00, 0x00, 0x00, 0x60, 0xff, 0x78, 0x00, 0x00, 0x00, 0x00, /* 行 7 */
    0x00, 0x00, 0x00, 0x00, 0x60, 0xff, 0x78, 0x00, 0x00, 0x00, 0x00, /* 行 8 */
    0x00, 0x00, 0x00, 0x00, 0x60, 0xff, 0x78, 0x00, 0x00, 0x00, 0x00, /* 行 9 */
    0x00, 0x00, 0x00, 0x00, 0x60, 0xff, 0x78, 0x00, 0x00, 0x00, 0x00, /* 行 10 */
    0x00, 0x00, 0x00, 0x00, 0x60, 0xff, 0x78, 0x00, 0x00, 0x00, 0x00, /* 行 11 */
    0x00, 0x00, 0x00, 0x00, 0x34, 0xe7, 0x4c, 0x00, 0x00, 0x00, 0x00, /* 行 12 */
};

static const ipgui_glyph_t quicksand_medium_18px_char_084 = {
    .cover_map = quicksand_medium_18px_char_084_bitmap,
    .width = 11,
    .height = 13,
    .bearing_x = 0,
    .bearing_y = 13,
    .advance = 11
};

/* 字符  85: U    */
static const unsigned char quicksand_medium_18px_char_085_bitmap[] = {
    0x00, 0x4f, 0xe9, 0x23, 0x00, 0x00, 0x00, 0x00, 0x00, 0x3a, 0xe4, 0x1d, 0x00, /* 行 0 */
    0x00, 0x80, 0xff, 0x44, 0x00, 0x00, 0x00, 0x00, 0x00, 0x64, 0xff, 0x40, 0x00, /* 行 1 */
    0x00, 0x80, 0xff, 0x44, 0x00, 0x00, 0x00, 0x00, 0x00, 0x64, 0xff, 0x40, 0x00, /* 行 2 */
    0x00, 0x80, 0xff, 0x44, 0x00, 0x00, 0x00, 0x00, 0x00, 0x64, 0xff, 0x40, 0x00, /* 行 3 */
    0x00, 0x80, 0xff, 0x44, 0x00, 0x00, 0x00, 0x00, 0x00, 0x64, 0xff, 0x40, 0x00, /* 行 4 */
    0x00, 0x80, 0xff, 0x44, 0x00, 0x00, 0x00, 0x00, 0x00, 0x64, 0xff, 0x40, 0x00, /* 行 5 */
    0x00, 0x80, 0xff, 0x44, 0x00, 0x00, 0x00, 0x00, 0x00, 0x64, 0xff, 0x40, 0x00, /* 行 6 */
    0x00, 0x7f, 0xff, 0x44, 0x00, 0x00, 0x00, 0x00, 0x00, 0x64, 0xff, 0x3f, 0x00, /* 行 7 */
    0x00, 0x70, 0xff, 0x52, 0x00, 0x00, 0x00, 0x00, 0x00, 0x72, 0xff, 0x2f, 0x00, /* 行 8 */
    0x00, 0x42, 0xff, 0x99, 0x00, 0x00, 0x00, 0x00, 0x00, 0xbd, 0xf5, 0x0b, 0x00, /* 行 9 */
    0x00, 0x02, 0xd9, 0xfd, 0x56, 0x00, 0x00, 0x00, 0x7a, 0xff, 0x97, 0x00, 0x00, /* 行 10 */
    0x00, 0x00, 0x34, 0xef, 0xff, 0xcb, 0xa8, 0xd9, 0xff, 0xd1, 0x0e, 0x00, 0x00, /* 行 11 */
    0x00, 0x00, 0x00, 0x23, 0x9e, 0xe5, 0xf8, 0xda, 0x83, 0x0a, 0x00, 0x00, 0x00, /* 行 12 */
};

static const ipgui_glyph_t quicksand_medium_18px_char_085 = {
    .cover_map = quicksand_medium_18px_char_085_bitmap,
    .width = 13,
    .height = 13,
    .bearing_x = 0,
    .bearing_y = 13,
    .advance = 13
};

/* 字符  86: V    */
static const unsigned char quicksand_medium_18px_char_086_bitmap[] = {
    0x43, 0xe7, 0x2a, 0x00, 0x00, 0x00, 0x00, 0x00, 0x00, 0x1c, 0xe3, 0x5b, /* 行 0 */
    0x41, 0xff, 0x9a, 0x00, 0x00, 0x00, 0x00, 0x00, 0x00, 0x81, 0xff, 0x57, /* 行 1 */
    0x01, 0xd9, 0xf4, 0x0f, 0x00, 0x00, 0x00, 0x00, 0x02, 0xe1, 0xe9, 0x06, /* 行 2 */
    0x00, 0x71, 0xff, 0x6c, 0x00, 0x00, 0x00, 0x00, 0x46, 0xff, 0x86, 0x00, /* 行 3 */
    0x00, 0x11, 0xf6, 0xd5, 0x00, 0x00, 0x00, 0x00, 0xa9, 0xfd, 0x20, 0x00, /* 行 4 */
    0x00, 0x00, 0x9e, 0xff, 0x3e, 0x00, 0x00, 0x13, 0xf8, 0xb4, 0x00, 0x00, /* 行 5 */
    0x00, 0x00, 0x35, 0xff, 0xa7, 0x00, 0x00, 0x6f, 0xff, 0x4a, 0x00, 0x00, /* 行 6 */
    0x00, 0x00, 0x00, 0xcc, 0xf9, 0x16, 0x00, 0xd1, 0xdf, 0x02, 0x00, 0x00, /* 行 7 */
    0x00, 0x00, 0x00, 0x63, 0xff, 0x79, 0x34, 0xff, 0x78, 0x00, 0x00, 0x00, /* 行 8 */
    0x00, 0x00, 0x00, 0x0a, 0xef, 0xe0, 0x9a, 0xf9, 0x16, 0x00, 0x00, 0x00, /* 行 9 */
    0x00, 0x00, 0x00, 0x00, 0x90, 0xff, 0xfd, 0xa5, 0x00, 0x00, 0x00, 0x00, /* 行 10 */
    0x00, 0x00, 0x00, 0x00, 0x28, 0xff, 0xff, 0x3c, 0x00, 0x00, 0x00, 0x00, /* 行 11 */
    0x00, 0x00, 0x00, 0x00, 0x00, 0xa7, 0xbb, 0x00, 0x00, 0x00, 0x00, 0x00, /* 行 12 */
};

static const ipgui_glyph_t quicksand_medium_18px_char_086 = {
    .cover_map = quicksand_medium_18px_char_086_bitmap,
    .width = 12,
    .height = 13,
    .bearing_x = 0,
    .bearing_y = 13,
    .advance = 12
};

/* 字符  87: W    */
static const unsigned char quicksand_medium_18px_char_087_bitmap[] = {
    0x68, 0xe9, 0x1c, 0x00, 0x00, 0x00, 0x00, 0x00, 0x00, 0x00, 0x00, 0x00, 0x00, 0x00, 0x07, 0xd8, 0x88, /* 行 0 */
    0x76, 0xff, 0x74, 0x00, 0x00, 0x00, 0x00, 0x00, 0x00, 0x00, 0x00, 0x00, 0x00, 0x00, 0x4c, 0xff, 0xa6, /* 行 1 */
    0x22, 0xff, 0xc7, 0x00, 0x00, 0x00, 0x00, 0x00, 0x00, 0x00, 0x00, 0x00, 0x00, 0x00, 0x9f, 0xff, 0x53, /* 行 2 */
    0x00, 0xcd, 0xfe, 0x1b, 0x00, 0x00, 0x00, 0x26, 0xe9, 0x59, 0x00, 0x00, 0x00, 0x04, 0xed, 0xf3, 0x09, /* 行 3 */
    0x00, 0x77, 0xff, 0x6d, 0x00, 0x00, 0x00, 0x94, 0xff, 0xcf, 0x00, 0x00, 0x00, 0x44, 0xff, 0xa7, 0x00, /* 行 4 */
    0x00, 0x22, 0xff, 0xc0, 0x00, 0x00, 0x0a, 0xf0, 0xff, 0xff, 0x34, 0x00, 0x00, 0x97, 0xff, 0x51, 0x00, /* 行 5 */
    0x00, 0x00, 0xcd, 0xfd, 0x16, 0x00, 0x64, 0xff, 0x8a, 0xff, 0x99, 0x00, 0x02, 0xe7, 0xf2, 0x08, 0x00, /* 行 6 */
    0x00, 0x00, 0x78, 0xff, 0x66, 0x00, 0xcc, 0xe3, 0x04, 0xc6, 0xf2, 0x0b, 0x3c, 0xff, 0xa5, 0x00, 0x00, /* 行 7 */
    0x00, 0x00, 0x23, 0xff, 0xb9, 0x33, 0xff, 0x79, 0x00, 0x57, 0xff, 0x63, 0x8f, 0xff, 0x4f, 0x00, 0x00, /* 行 8 */
    0x00, 0x00, 0x00, 0xce, 0xfb, 0xad, 0xf7, 0x14, 0x00, 0x04, 0xe3, 0xc9, 0xe0, 0xf1, 0x07, 0x00, 0x00, /* 行 9 */
    0x00, 0x00, 0x00, 0x79, 0xff, 0xff, 0x9e, 0x00, 0x00, 0x00, 0x79, 0xff, 0xff, 0xa3, 0x00, 0x00, 0x00, /* 行 10 */
    0x00, 0x00, 0x00, 0x24, 0xff, 0xff, 0x30, 0x00, 0x00, 0x00, 0x13, 0xf6, 0xff, 0x4d, 0x00, 0x00, 0x00, /* 行 11 */
    0x00, 0x00, 0x00, 0x00, 0xb7, 0xac, 0x00, 0x00, 0x00, 0x00, 0x00, 0x86, 0xd6, 0x06, 0x00, 0x00, 0x00, /* 行 12 */
};

static const ipgui_glyph_t quicksand_medium_18px_char_087 = {
    .cover_map = quicksand_medium_18px_char_087_bitmap,
    .width = 17,
    .height = 13,
    .bearing_x = 0,
    .bearing_y = 13,
    .advance = 17
};

/* 字符  88: X    */
static const unsigned char quicksand_medium_18px_char_088_bitmap[] = {
    0x1f, 0xeb, 0x64, 0x00, 0x00, 0x00, 0x00, 0x00, 0x09, 0xc9, 0x7b, /* 行 0 */
    0x0f, 0xea, 0xf7, 0x2d, 0x00, 0x00, 0x00, 0x00, 0x97, 0xff, 0x62, /* 行 1 */
    0x00, 0x4a, 0xfe, 0xd5, 0x09, 0x00, 0x00, 0x51, 0xff, 0xae, 0x00, /* 行 2 */
    0x00, 0x00, 0x90, 0xff, 0x99, 0x00, 0x1c, 0xed, 0xe2, 0x11, 0x00, /* 行 3 */
    0x00, 0x00, 0x07, 0xcf, 0xff, 0x56, 0xc1, 0xfc, 0x3c, 0x00, 0x00, /* 行 4 */
    0x00, 0x00, 0x00, 0x28, 0xf5, 0xfd, 0xff, 0x7e, 0x00, 0x00, 0x00, /* 行 5 */
    0x00, 0x00, 0x00, 0x00, 0x8a, 0xff, 0xec, 0x05, 0x00, 0x00, 0x00, /* 行 6 */
    0x00, 0x00, 0x00, 0x1e, 0xee, 0xfd, 0xff, 0x7f, 0x00, 0x00, 0x00, /* 行 7 */
    0x00, 0x00, 0x03, 0xc2, 0xfa, 0x41, 0xda, 0xfc, 0x3e, 0x00, 0x00, /* 行 8 */
    0x00, 0x00, 0x7f, 0xff, 0x76, 0x00, 0x32, 0xf9, 0xe3, 0x13, 0x00, /* 行 9 */
    0x00, 0x3c, 0xfc, 0xbc, 0x01, 0x00, 0x00, 0x71, 0xff, 0xb2, 0x00, /* 行 10 */
    0x0a, 0xe1, 0xeb, 0x19, 0x00, 0x00, 0x00, 0x01, 0xb4, 0xff, 0x66, /* 行 11 */
    0x23, 0xea, 0x49, 0x00, 0x00, 0x00, 0x00, 0x00, 0x14, 0xda, 0x7d, /* 行 12 */
};

static const ipgui_glyph_t quicksand_medium_18px_char_088 = {
    .cover_map = quicksand_medium_18px_char_088_bitmap,
    .width = 11,
    .height = 13,
    .bearing_x = 0,
    .bearing_y = 13,
    .advance = 11
};

/* 字符  89: Y    */
static const unsigned char quicksand_medium_18px_char_089_bitmap[] = {
    0x7a, 0xdd, 0x16, 0x00, 0x00, 0x00, 0x00, 0x00, 0x6d, 0xe4, 0x10, /* 行 0 */
    0x69, 0xff, 0xb2, 0x00, 0x00, 0x00, 0x00, 0x2a, 0xf8, 0xe3, 0x06, /* 行 1 */
    0x02, 0xbe, 0xff, 0x65, 0x00, 0x00, 0x03, 0xca, 0xfe, 0x45, 0x00, /* 行 2 */
    0x00, 0x1c, 0xed, 0xf4, 0x23, 0x00, 0x7b, 0xff, 0x95, 0x00, 0x00, /* 行 3 */
    0x00, 0x00, 0x52, 0xff, 0xc7, 0x32, 0xf9, 0xdb, 0x0a, 0x00, 0x00, /* 行 4 */
    0x00, 0x00, 0x00, 0x9b, 0xff, 0xf3, 0xfc, 0x39, 0x00, 0x00, 0x00, /* 行 5 */
    0x00, 0x00, 0x00, 0x0b, 0xd9, 0xff, 0x87, 0x00, 0x00, 0x00, 0x00, /* 行 6 */
    0x00, 0x00, 0x00, 0x00, 0x94, 0xff, 0x20, 0x00, 0x00, 0x00, 0x00, /* 行 7 */
    0x00, 0x00, 0x00, 0x00, 0x94, 0xff, 0x20, 0x00, 0x00, 0x00, 0x00, /* 行 8 */
    0x00, 0x00, 0x00, 0x00, 0x94, 0xff, 0x20, 0x00, 0x00, 0x00, 0x00, /* 行 9 */
    0x00, 0x00, 0x00, 0x00, 0x94, 0xff, 0x20, 0x00, 0x00, 0x00, 0x00, /* 行 10 */
    0x00, 0x00, 0x00, 0x00, 0x94, 0xff, 0x20, 0x00, 0x00, 0x00, 0x00, /* 行 11 */
    0x00, 0x00, 0x00, 0x00, 0x60, 0xdc, 0x09, 0x00, 0x00, 0x00, 0x00, /* 行 12 */
};

static const ipgui_glyph_t quicksand_medium_18px_char_089 = {
    .cover_map = quicksand_medium_18px_char_089_bitmap,
    .width = 11,
    .height = 13,
    .bearing_x = 0,
    .bearing_y = 13,
    .advance = 10
};

/* 字符  90: Z    */
static const unsigned char quicksand_medium_18px_char_090_bitmap[] = {
    0x00, 0x63, 0xfc, 0xff, 0xff, 0xff, 0xff, 0xff, 0xff, 0xff, 0xb3, 0x00, /* 行 0 */
    0x00, 0x30, 0x9c, 0xa0, 0xa0, 0xa0, 0xa0, 0xa0, 0xef, 0xff, 0xa6, 0x00, /* 行 1 */
    0x00, 0x00, 0x00, 0x00, 0x00, 0x00, 0x00, 0x55, 0xff, 0xe1, 0x11, 0x00, /* 行 2 */
    0x00, 0x00, 0x00, 0x00, 0x00, 0x00, 0x22, 0xf0, 0xfb, 0x3a, 0x00, 0x00, /* 行 3 */
    0x00, 0x00, 0x00, 0x00, 0x00, 0x05, 0xca, 0xff, 0x78, 0x00, 0x00, 0x00, /* 行 4 */
    0x00, 0x00, 0x00, 0x00, 0x00, 0x8d, 0xff, 0xb9, 0x01, 0x00, 0x00, 0x00, /* 行 5 */
    0x00, 0x00, 0x00, 0x00, 0x4b, 0xfe, 0xe7, 0x16, 0x00, 0x00, 0x00, 0x00, /* 行 6 */
    0x00, 0x00, 0x00, 0x1b, 0xeb, 0xfd, 0x43, 0x00, 0x00, 0x00, 0x00, 0x00, /* 行 7 */
    0x00, 0x00, 0x03, 0xc1, 0xff, 0x83, 0x00, 0x00, 0x00, 0x00, 0x00, 0x00, /* 行 8 */
    0x00, 0x00, 0x82, 0xff, 0xc3, 0x03, 0x00, 0x00, 0x00, 0x00, 0x00, 0x00, /* 行 9 */
    0x00, 0x41, 0xfd, 0xec, 0x1c, 0x00, 0x00, 0x00, 0x00, 0x00, 0x00, 0x00, /* 行 10 */
    0x0b, 0xe6, 0xff, 0xd2, 0xa0, 0xa0, 0xa0, 0xa0, 0xa0, 0x9f, 0x46, 0x00, /* 行 11 */
    0x15, 0xee, 0xff, 0xff, 0xff, 0xff, 0xff, 0xff, 0xff, 0xff, 0x8e, 0x00, /* 行 12 */
};

static const ipgui_glyph_t quicksand_medium_18px_char_090 = {
    .cover_map = quicksand_medium_18px_char_090_bitmap,
    .width = 12,
    .height = 13,
    .bearing_x = 0,
    .bearing_y = 13,
    .advance = 12
};

/* 字符  91: [    */
static const unsigned char quicksand_medium_18px_char_091_bitmap[] = {
    0x00, 0x69, 0xfe, 0xff, 0xff, 0xff, 0x97, /* 行 0 */
    0x00, 0x90, 0xff, 0xa9, 0xa0, 0xa0, 0x53, /* 行 1 */
    0x00, 0x90, 0xff, 0x18, 0x00, 0x00, 0x00, /* 行 2 */
    0x00, 0x90, 0xff, 0x18, 0x00, 0x00, 0x00, /* 行 3 */
    0x00, 0x90, 0xff, 0x18, 0x00, 0x00, 0x00, /* 行 4 */
    0x00, 0x90, 0xff, 0x18, 0x00, 0x00, 0x00, /* 行 5 */
    0x00, 0x90, 0xff, 0x18, 0x00, 0x00, 0x00, /* 行 6 */
    0x00, 0x90, 0xff, 0x18, 0x00, 0x00, 0x00, /* 行 7 */
    0x00, 0x90, 0xff, 0x18, 0x00, 0x00, 0x00, /* 行 8 */
    0x00, 0x90, 0xff, 0x18, 0x00, 0x00, 0x00, /* 行 9 */
    0x00, 0x90, 0xff, 0x18, 0x00, 0x00, 0x00, /* 行 10 */
    0x00, 0x90, 0xff, 0x18, 0x00, 0x00, 0x00, /* 行 11 */
    0x00, 0x90, 0xff, 0x18, 0x00, 0x00, 0x00, /* 行 12 */
    0x00, 0x90, 0xff, 0x18, 0x00, 0x00, 0x00, /* 行 13 */
    0x00, 0x90, 0xff, 0x18, 0x00, 0x00, 0x00, /* 行 14 */
    0x00, 0x90, 0xff, 0xa9, 0xa0, 0xa0, 0x50, /* 行 15 */
    0x00, 0x6b, 0xff, 0xff, 0xff, 0xff, 0x99, /* 行 16 */
};

static const ipgui_glyph_t quicksand_medium_18px_char_091 = {
    .cover_map = quicksand_medium_18px_char_091_bitmap,
    .width = 7,
    .height = 17,
    .bearing_x = 0,
    .bearing_y = 13,
    .advance = 7
};

/* 字符  92: \    */
static const unsigned char quicksand_medium_18px_char_092_bitmap[] = {
    0x27, 0x4c, 0x00, 0x00, 0x00, 0x00, 0x00, 0x00, 0x00, 0x00, /* 行 0 */
    0x82, 0xf9, 0x1b, 0x00, 0x00, 0x00, 0x00, 0x00, 0x00, 0x00, /* 行 1 */
    0x1e, 0xfa, 0x8e, 0x00, 0x00, 0x00, 0x00, 0x00, 0x00, 0x00, /* 行 2 */
    0x00, 0xa0, 0xf4, 0x13, 0x00, 0x00, 0x00, 0x00, 0x00, 0x00, /* 行 3 */
    0x00, 0x28, 0xfd, 0x82, 0x00, 0x00, 0x00, 0x00, 0x00, 0x00, /* 行 4 */
    0x00, 0x00, 0xac, 0xee, 0x0d, 0x00, 0x00, 0x00, 0x00, 0x00, /* 行 5 */
    0x00, 0x00, 0x32, 0xff, 0x76, 0x00, 0x00, 0x00, 0x00, 0x00, /* 行 6 */
    0x00, 0x00, 0x00, 0xb8, 0xe7, 0x08, 0x00, 0x00, 0x00, 0x00, /* 行 7 */
    0x00, 0x00, 0x00, 0x3e, 0xff, 0x6a, 0x00, 0x00, 0x00, 0x00, /* 行 8 */
    0x00, 0x00, 0x00, 0x00, 0xc3, 0xdf, 0x04, 0x00, 0x00, 0x00, /* 行 9 */
    0x00, 0x00, 0x00, 0x00, 0x4a, 0xff, 0x5e, 0x00, 0x00, 0x00, /* 行 10 */
    0x00, 0x00, 0x00, 0x00, 0x00, 0xcf, 0xd6, 0x01, 0x00, 0x00, /* 行 11 */
    0x00, 0x00, 0x00, 0x00, 0x00, 0x56, 0xff, 0x52, 0x00, 0x00, /* 行 12 */
    0x00, 0x00, 0x00, 0x00, 0x00, 0x02, 0xd9, 0xcb, 0x00, 0x00, /* 行 13 */
    0x00, 0x00, 0x00, 0x00, 0x00, 0x00, 0x62, 0xff, 0x46, 0x00, /* 行 14 */
    0x00, 0x00, 0x00, 0x00, 0x00, 0x00, 0x05, 0xe2, 0xc0, 0x00, /* 行 15 */
    0x00, 0x00, 0x00, 0x00, 0x00, 0x00, 0x00, 0x6e, 0xff, 0x39, /* 行 16 */
    0x00, 0x00, 0x00, 0x00, 0x00, 0x00, 0x00, 0x09, 0xd7, 0x54, /* 行 17 */
};

static const ipgui_glyph_t quicksand_medium_18px_char_092 = {
    .cover_map = quicksand_medium_18px_char_092_bitmap,
    .width = 10,
    .height = 18,
    .bearing_x = 0,
    .bearing_y = 16,
    .advance = 10
};

/* 字符  93: ]    */
static const unsigned char quicksand_medium_18px_char_093_bitmap[] = {
    0x5e, 0xfd, 0xff, 0xff, 0xff, 0xa8, 0x00, /* 行 0 */
    0x2e, 0x9e, 0xa0, 0xa0, 0xf1, 0xd0, 0x00, /* 行 1 */
    0x00, 0x00, 0x00, 0x00, 0xd8, 0xd0, 0x00, /* 行 2 */
    0x00, 0x00, 0x00, 0x00, 0xd8, 0xd0, 0x00, /* 行 3 */
    0x00, 0x00, 0x00, 0x00, 0xd8, 0xd0, 0x00, /* 行 4 */
    0x00, 0x00, 0x00, 0x00, 0xd8, 0xd0, 0x00, /* 行 5 */
    0x00, 0x00, 0x00, 0x00, 0xd8, 0xd0, 0x00, /* 行 6 */
    0x00, 0x00, 0x00, 0x00, 0xd8, 0xd0, 0x00, /* 行 7 */
    0x00, 0x00, 0x00, 0x00, 0xd8, 0xd0, 0x00, /* 行 8 */
    0x00, 0x00, 0x00, 0x00, 0xd8, 0xd0, 0x00, /* 行 9 */
    0x00, 0x00, 0x00, 0x00, 0xd8, 0xd0, 0x00, /* 行 10 */
    0x00, 0x00, 0x00, 0x00, 0xd8, 0xd0, 0x00, /* 行 11 */
    0x00, 0x00, 0x00, 0x00, 0xd8, 0xd0, 0x00, /* 行 12 */
    0x00, 0x00, 0x00, 0x00, 0xd8, 0xd0, 0x00, /* 行 13 */
    0x00, 0x00, 0x00, 0x00, 0xd8, 0xd0, 0x00, /* 行 14 */
    0x2e, 0x9d, 0xa0, 0xa0, 0xf1, 0xd0, 0x00, /* 行 15 */
    0x5d, 0xfe, 0xff, 0xff, 0xff, 0xa9, 0x00, /* 行 16 */
};

static const ipgui_glyph_t quicksand_medium_18px_char_093 = {
    .cover_map = quicksand_medium_18px_char_093_bitmap,
    .width = 7,
    .height = 17,
    .bearing_x = 0,
    .bearing_y = 13,
    .advance = 7
};

/* 字符  94: ^    */
static const unsigned char quicksand_medium_18px_char_094_bitmap[] = {
    0x00, 0x00, 0x00, 0x0f, 0xd2, 0xf1, 0x50, 0x00, 0x00, 0x00, /* 行 0 */
    0x00, 0x00, 0x00, 0x8d, 0xff, 0xff, 0xe4, 0x0a, 0x00, 0x00, /* 行 1 */
    0x00, 0x00, 0x24, 0xf9, 0xe5, 0x98, 0xff, 0x7f, 0x00, 0x00, /* 行 2 */
    0x00, 0x00, 0xb0, 0xff, 0x5c, 0x0f, 0xea, 0xf4, 0x1a, 0x00, /* 行 3 */
    0x00, 0x41, 0xff, 0xc6, 0x01, 0x00, 0x69, 0xff, 0xa0, 0x00, /* 行 4 */
    0x00, 0xcf, 0xfd, 0x34, 0x00, 0x00, 0x03, 0xd3, 0xfe, 0x31, /* 行 5 */
    0x01, 0xd4, 0x92, 0x00, 0x00, 0x00, 0x00, 0x41, 0xf0, 0x43, /* 行 6 */
    0x00, 0x00, 0x00, 0x00, 0x00, 0x00, 0x00, 0x00, 0x00, 0x00, /* 行 7 */
    0x00, 0x00, 0x00, 0x00, 0x00, 0x00, 0x00, 0x00, 0x00, 0x00, /* 行 8 */
    0x00, 0x00, 0x00, 0x00, 0x00, 0x00, 0x00, 0x00, 0x00, 0x00, /* 行 9 */
    0x00, 0x00, 0x00, 0x00, 0x00, 0x00, 0x00, 0x00, 0x00, 0x00, /* 行 10 */
    0x00, 0x00, 0x00, 0x00, 0x00, 0x00, 0x00, 0x00, 0x00, 0x00, /* 行 11 */
    0x00, 0x00, 0x00, 0x00, 0x00, 0x00, 0x00, 0x00, 0x00, 0x00, /* 行 12 */
    0x00, 0x00, 0x00, 0x00, 0x00, 0x00, 0x00, 0x00, 0x00, 0x00, /* 行 13 */
};

static const ipgui_glyph_t quicksand_medium_18px_char_094 = {
    .cover_map = quicksand_medium_18px_char_094_bitmap,
    .width = 10,
    .height = 14,
    .bearing_x = 0,
    .bearing_y = 14,
    .advance = 10
};

/* 字符  95: _    */
static const unsigned char quicksand_medium_18px_char_095_bitmap[] = {
    0x00, 0x00, 0x00, 0x00, 0x00, 0x00, 0x00, 0x00, 0x00, 0x00, 0x00, 0x00, /* 行 0 */
    0x00, 0x7e, 0xa0, 0xa0, 0xa0, 0xa0, 0xa0, 0xa0, 0xa0, 0xa0, 0x9a, 0x21, /* 行 1 */
    0x01, 0xde, 0xff, 0xff, 0xff, 0xff, 0xff, 0xff, 0xff, 0xff, 0xfb, 0x49, /* 行 2 */
};

static const ipgui_glyph_t quicksand_medium_18px_char_095 = {
    .cover_map = quicksand_medium_18px_char_095_bitmap,
    .width = 12,
    .height = 3,
    .bearing_x = 0,
    .bearing_y = 0,
    .advance = 12
};

/* 字符  96: `    */
static const unsigned char quicksand_medium_18px_char_096_bitmap[] = {
    0x5e, 0xdf, 0x26, 0x00, /* 行 0 */
    0x36, 0xed, 0xdd, 0x16, /* 行 1 */
    0x00, 0x1d, 0xc0, 0x73, /* 行 2 */
    0x00, 0x00, 0x00, 0x00, /* 行 3 */
    0x00, 0x00, 0x00, 0x00, /* 行 4 */
    0x00, 0x00, 0x00, 0x00, /* 行 5 */
    0x00, 0x00, 0x00, 0x00, /* 行 6 */
    0x00, 0x00, 0x00, 0x00, /* 行 7 */
    0x00, 0x00, 0x00, 0x00, /* 行 8 */
    0x00, 0x00, 0x00, 0x00, /* 行 9 */
    0x00, 0x00, 0x00, 0x00, /* 行 10 */
    0x00, 0x00, 0x00, 0x00, /* 行 11 */
    0x00, 0x00, 0x00, 0x00, /* 行 12 */
    0x00, 0x00, 0x00, 0x00, /* 行 13 */
};

static const ipgui_glyph_t quicksand_medium_18px_char_096 = {
    .cover_map = quicksand_medium_18px_char_096_bitmap,
    .width = 4,
    .height = 14,
    .bearing_x = 0,
    .bearing_y = 14,
    .advance = 4
};

/* 字符  97: a    */
static const unsigned char quicksand_medium_18px_char_097_bitmap[] = {
    0x00, 0x00, 0x24, 0xaa, 0xed, 0xf1, 0xae, 0x27, 0xb7, 0x97, 0x00, /* 行 0 */
    0x00, 0x26, 0xec, 0xff, 0xc3, 0xab, 0xe9, 0xef, 0xf7, 0xcc, 0x00, /* 行 1 */
    0x00, 0xba, 0xfd, 0x4f, 0x00, 0x00, 0x0c, 0xc1, 0xff, 0xcc, 0x00, /* 行 2 */
    0x18, 0xfe, 0xa6, 0x00, 0x00, 0x00, 0x00, 0x27, 0xff, 0xcc, 0x00, /* 行 3 */
    0x3f, 0xff, 0x68, 0x00, 0x00, 0x00, 0x00, 0x00, 0xe5, 0xcc, 0x00, /* 行 4 */
    0x3f, 0xff, 0x68, 0x00, 0x00, 0x00, 0x00, 0x00, 0xe5, 0xcc, 0x00, /* 行 5 */
    0x19, 0xfe, 0xa6, 0x00, 0x00, 0x00, 0x00, 0x26, 0xff, 0xcc, 0x00, /* 行 6 */
    0x00, 0xbb, 0xfd, 0x4f, 0x00, 0x00, 0x0b, 0xbe, 0xff, 0xcc, 0x00, /* 行 7 */
    0x00, 0x26, 0xed, 0xff, 0xc2, 0xaa, 0xe8, 0xe7, 0xf6, 0xcc, 0x00, /* 行 8 */
    0x00, 0x00, 0x24, 0xa9, 0xec, 0xf2, 0xac, 0x21, 0xb6, 0x98, 0x00, /* 行 9 */
};

static const ipgui_glyph_t quicksand_medium_18px_char_097 = {
    .cover_map = quicksand_medium_18px_char_097_bitmap,
    .width = 11,
    .height = 10,
    .bearing_x = 0,
    .bearing_y = 10,
    .advance = 11
};

/* 字符  98: b    */
static const unsigned char quicksand_medium_18px_char_098_bitmap[] = {
    0x00, 0x82, 0xc5, 0x00, 0x00, 0x00, 0x00, 0x00, 0x00, 0x00, 0x00, /* 行 0 */
    0x00, 0xb8, 0xfc, 0x00, 0x00, 0x00, 0x00, 0x00, 0x00, 0x00, 0x00, /* 行 1 */
    0x00, 0xb8, 0xfc, 0x00, 0x00, 0x00, 0x00, 0x00, 0x00, 0x00, 0x00, /* 行 2 */
    0x00, 0xb8, 0xfc, 0x00, 0x00, 0x00, 0x00, 0x00, 0x00, 0x00, 0x00, /* 行 3 */
    0x00, 0xb8, 0xfc, 0x14, 0x9c, 0xed, 0xee, 0xaf, 0x2a, 0x00, 0x00, /* 行 4 */
    0x00, 0xb8, 0xfd, 0xd7, 0xed, 0xac, 0xbf, 0xfe, 0xf1, 0x2f, 0x00, /* 行 5 */
    0x00, 0xb8, 0xff, 0xc9, 0x0f, 0x00, 0x00, 0x44, 0xfa, 0xc7, 0x00, /* 行 6 */
    0x00, 0xb8, 0xff, 0x31, 0x00, 0x00, 0x00, 0x00, 0x96, 0xff, 0x24, /* 行 7 */
    0x00, 0xb8, 0xf0, 0x00, 0x00, 0x00, 0x00, 0x00, 0x55, 0xff, 0x4a, /* 行 8 */
    0x00, 0xb8, 0xf1, 0x00, 0x00, 0x00, 0x00, 0x00, 0x56, 0xff, 0x4a, /* 行 9 */
    0x00, 0xb8, 0xff, 0x33, 0x00, 0x00, 0x00, 0x00, 0x98, 0xff, 0x22, /* 行 10 */
    0x00, 0xb8, 0xff, 0xca, 0x0f, 0x00, 0x00, 0x45, 0xfb, 0xc5, 0x00, /* 行 11 */
    0x00, 0xb8, 0xfe, 0xe4, 0xec, 0xac, 0xbf, 0xfe, 0xf1, 0x2e, 0x00, /* 行 12 */
    0x00, 0x82, 0xc6, 0x1b, 0xa4, 0xef, 0xef, 0xb0, 0x2a, 0x00, 0x00, /* 行 13 */
};

static const ipgui_glyph_t quicksand_medium_18px_char_098 = {
    .cover_map = quicksand_medium_18px_char_098_bitmap,
    .width = 11,
    .height = 14,
    .bearing_x = 0,
    .bearing_y = 14,
    .advance = 11
};

/* 字符  99: c    */
static const unsigned char quicksand_medium_18px_char_099_bitmap[] = {
    0x00, 0x00, 0x16, 0x94, 0xe2, 0xf8, 0xe2, 0x98, 0x14, /* 行 0 */
    0x00, 0x1c, 0xe2, 0xff, 0xd4, 0xa8, 0xc5, 0xff, 0x96, /* 行 1 */
    0x00, 0xb0, 0xff, 0x6e, 0x00, 0x00, 0x00, 0x41, 0x28, /* 行 2 */
    0x16, 0xfc, 0xba, 0x00, 0x00, 0x00, 0x00, 0x00, 0x00, /* 行 3 */
    0x3e, 0xff, 0x76, 0x00, 0x00, 0x00, 0x00, 0x00, 0x00, /* 行 4 */
    0x3f, 0xff, 0x75, 0x00, 0x00, 0x00, 0x00, 0x00, 0x00, /* 行 5 */
    0x18, 0xfe, 0xb9, 0x00, 0x00, 0x00, 0x00, 0x00, 0x00, /* 行 6 */
    0x00, 0xb9, 0xff, 0x69, 0x00, 0x00, 0x00, 0x3e, 0x31, /* 行 7 */
    0x00, 0x24, 0xea, 0xff, 0xd0, 0xa6, 0xc4, 0xfe, 0xa9, /* 行 8 */
    0x00, 0x00, 0x1f, 0xa0, 0xe6, 0xf6, 0xd6, 0x90, 0x12, /* 行 9 */
};

static const ipgui_glyph_t quicksand_medium_18px_char_099 = {
    .cover_map = quicksand_medium_18px_char_099_bitmap,
    .width = 9,
    .height = 10,
    .bearing_x = 0,
    .bearing_y = 10,
    .advance = 9
};

/* 字符 100: d    */
static const unsigned char quicksand_medium_18px_char_100_bitmap[] = {
    0x00, 0x00, 0x00, 0x00, 0x00, 0x00, 0x00, 0x00, 0xb9, 0x98, 0x00, /* 行 0 */
    0x00, 0x00, 0x00, 0x00, 0x00, 0x00, 0x00, 0x00, 0xec, 0xcc, 0x00, /* 行 1 */
    0x00, 0x00, 0x00, 0x00, 0x00, 0x00, 0x00, 0x00, 0xec, 0xcc, 0x00, /* 行 2 */
    0x00, 0x00, 0x00, 0x00, 0x00, 0x00, 0x00, 0x00, 0xec, 0xcc, 0x00, /* 行 3 */
    0x00, 0x00, 0x24, 0xaa, 0xed, 0xf1, 0xae, 0x26, 0xec, 0xcc, 0x00, /* 行 4 */
    0x00, 0x26, 0xec, 0xff, 0xc3, 0xaa, 0xe8, 0xed, 0xf7, 0xcc, 0x00, /* 行 5 */
    0x00, 0xba, 0xfd, 0x4f, 0x00, 0x00, 0x0b, 0xbf, 0xff, 0xcc, 0x00, /* 行 6 */
    0x18, 0xfe, 0xa8, 0x00, 0x00, 0x00, 0x00, 0x27, 0xff, 0xcc, 0x00, /* 行 7 */
    0x3f, 0xff, 0x68, 0x00, 0x00, 0x00, 0x00, 0x00, 0xe5, 0xcc, 0x00, /* 行 8 */
    0x3f, 0xff, 0x68, 0x00, 0x00, 0x00, 0x00, 0x00, 0xe5, 0xcc, 0x00, /* 行 9 */
    0x18, 0xfd, 0xa6, 0x00, 0x00, 0x00, 0x00, 0x26, 0xff, 0xcc, 0x00, /* 行 10 */
    0x00, 0xb8, 0xfd, 0x4f, 0x00, 0x00, 0x0b, 0xbe, 0xff, 0xcc, 0x00, /* 行 11 */
    0x00, 0x24, 0xeb, 0xff, 0xc2, 0xaa, 0xe8, 0xe4, 0xf5, 0xcc, 0x00, /* 行 12 */
    0x00, 0x00, 0x23, 0xa8, 0xec, 0xf1, 0xaa, 0x1e, 0xb6, 0x98, 0x00, /* 行 13 */
};

static const ipgui_glyph_t quicksand_medium_18px_char_100 = {
    .cover_map = quicksand_medium_18px_char_100_bitmap,
    .width = 11,
    .height = 14,
    .bearing_x = 0,
    .bearing_y = 14,
    .advance = 11
};

/* 字符 101: e    */
static const unsigned char quicksand_medium_18px_char_101_bitmap[] = {
    0x00, 0x00, 0x1a, 0x9d, 0xe8, 0xf2, 0xb9, 0x37, 0x00, 0x00, /* 行 0 */
    0x00, 0x1c, 0xe5, 0xfc, 0xbb, 0xb0, 0xf1, 0xf9, 0x4a, 0x00, /* 行 1 */
    0x00, 0xb0, 0xf5, 0x35, 0x00, 0x00, 0x16, 0xd7, 0xea, 0x0a, /* 行 2 */
    0x14, 0xfc, 0x9a, 0x00, 0x00, 0x00, 0x00, 0x5e, 0xff, 0x5a, /* 行 3 */
    0x3c, 0xff, 0xff, 0xff, 0xff, 0xff, 0xff, 0xff, 0xff, 0x82, /* 行 4 */
    0x40, 0xff, 0xc7, 0xa0, 0xa0, 0xa0, 0xa0, 0xa0, 0x9b, 0x29, /* 行 5 */
    0x1b, 0xfe, 0x9e, 0x00, 0x00, 0x00, 0x00, 0x00, 0x00, 0x00, /* 行 6 */
    0x00, 0xbb, 0xfd, 0x56, 0x00, 0x00, 0x00, 0x42, 0x84, 0x00, /* 行 7 */
    0x00, 0x21, 0xe5, 0xff, 0xce, 0xa7, 0xc1, 0xff, 0xdc, 0x06, /* 行 8 */
    0x00, 0x00, 0x16, 0x90, 0xdf, 0xf9, 0xe1, 0x8c, 0x12, 0x00, /* 行 9 */
};

static const ipgui_glyph_t quicksand_medium_18px_char_101 = {
    .cover_map = quicksand_medium_18px_char_101_bitmap,
    .width = 10,
    .height = 10,
    .bearing_x = 0,
    .bearing_y = 10,
    .advance = 10
};

/* 字符 102: f    */
static const unsigned char quicksand_medium_18px_char_102_bitmap[] = {
    0x00, 0x00, 0x00, 0x5e, 0xd6, 0xf5, 0xc4, 0x05, /* 行 0 */
    0x00, 0x00, 0x3b, 0xfe, 0xe1, 0xa2, 0x86, 0x00, /* 行 1 */
    0x00, 0x00, 0x7f, 0xff, 0x3a, 0x00, 0x00, 0x00, /* 行 2 */
    0x00, 0x00, 0x8c, 0xff, 0x28, 0x00, 0x00, 0x00, /* 行 3 */
    0x4e, 0xfa, 0xff, 0xff, 0xff, 0xff, 0x8d, 0x00, /* 行 4 */
    0x25, 0x9a, 0xd4, 0xff, 0xaf, 0x9f, 0x4b, 0x00, /* 行 5 */
    0x00, 0x00, 0x8c, 0xff, 0x28, 0x00, 0x00, 0x00, /* 行 6 */
    0x00, 0x00, 0x8c, 0xff, 0x28, 0x00, 0x00, 0x00, /* 行 7 */
    0x00, 0x00, 0x8c, 0xff, 0x28, 0x00, 0x00, 0x00, /* 行 8 */
    0x00, 0x00, 0x8c, 0xff, 0x28, 0x00, 0x00, 0x00, /* 行 9 */
    0x00, 0x00, 0x8c, 0xff, 0x28, 0x00, 0x00, 0x00, /* 行 10 */
    0x00, 0x00, 0x8c, 0xff, 0x28, 0x00, 0x00, 0x00, /* 行 11 */
    0x00, 0x00, 0x8c, 0xff, 0x28, 0x00, 0x00, 0x00, /* 行 12 */
    0x00, 0x00, 0x5b, 0xe6, 0x0a, 0x00, 0x00, 0x00, /* 行 13 */
};

static const ipgui_glyph_t quicksand_medium_18px_char_102 = {
    .cover_map = quicksand_medium_18px_char_102_bitmap,
    .width = 8,
    .height = 14,
    .bearing_x = 0,
    .bearing_y = 14,
    .advance = 7
};

/* 字符 103: g    */
static const unsigned char quicksand_medium_18px_char_103_bitmap[] = {
    0x00, 0x00, 0x1e, 0xa1, 0xe9, 0xf3, 0xb7, 0x31, 0x7b, 0xd1, 0x00, /* 行 0 */
    0x00, 0x21, 0xe8, 0xff, 0xc9, 0xa9, 0xde, 0xf7, 0xdd, 0xff, 0x08, /* 行 1 */
    0x00, 0xb6, 0xfe, 0x59, 0x00, 0x00, 0x03, 0x98, 0xff, 0xff, 0x08, /* 行 2 */
    0x17, 0xfd, 0xab, 0x00, 0x00, 0x00, 0x00, 0x06, 0xe7, 0xff, 0x08, /* 行 3 */
    0x3e, 0xff, 0x69, 0x00, 0x00, 0x00, 0x00, 0x00, 0xa9, 0xff, 0x08, /* 行 4 */
    0x3f, 0xff, 0x68, 0x00, 0x00, 0x00, 0x00, 0x00, 0xaa, 0xff, 0x08, /* 行 5 */
    0x18, 0xfd, 0xaa, 0x00, 0x00, 0x00, 0x00, 0x05, 0xe6, 0xff, 0x08, /* 行 6 */
    0x00, 0xb7, 0xfe, 0x58, 0x00, 0x00, 0x02, 0x95, 0xff, 0xff, 0x08, /* 行 7 */
    0x00, 0x22, 0xe9, 0xff, 0xc9, 0xa8, 0xdc, 0xf4, 0xd4, 0xff, 0x08, /* 行 8 */
    0x00, 0x00, 0x1e, 0xa1, 0xe9, 0xf3, 0xb7, 0x2e, 0xb7, 0xfe, 0x04, /* 行 9 */
    0x00, 0x00, 0x00, 0x00, 0x00, 0x00, 0x00, 0x02, 0xe2, 0xe6, 0x00, /* 行 10 */
    0x00, 0x00, 0x57, 0x26, 0x00, 0x00, 0x01, 0x7d, 0xff, 0x97, 0x00, /* 行 11 */
    0x00, 0x12, 0xfe, 0xff, 0xca, 0xab, 0xd6, 0xff, 0xe0, 0x16, 0x00, /* 行 12 */
    0x00, 0x00, 0x42, 0xb0, 0xe1, 0xf8, 0xdd, 0x8f, 0x12, 0x00, 0x00, /* 行 13 */
};

static const ipgui_glyph_t quicksand_medium_18px_char_103 = {
    .cover_map = quicksand_medium_18px_char_103_bitmap,
    .width = 11,
    .height = 14,
    .bearing_x = 0,
    .bearing_y = 10,
    .advance = 11
};

/* 字符 104: h    */
static const unsigned char quicksand_medium_18px_char_104_bitmap[] = {
    0x00, 0x86, 0xc5, 0x00, 0x00, 0x00, 0x00, 0x00, 0x00, 0x00, /* 行 0 */
    0x00, 0xb8, 0xfc, 0x00, 0x00, 0x00, 0x00, 0x00, 0x00, 0x00, /* 行 1 */
    0x00, 0xb8, 0xfc, 0x00, 0x00, 0x00, 0x00, 0x00, 0x00, 0x00, /* 行 2 */
    0x00, 0xb8, 0xfc, 0x00, 0x00, 0x00, 0x00, 0x00, 0x00, 0x00, /* 行 3 */
    0x00, 0xb8, 0xfc, 0x0b, 0x93, 0xed, 0xf1, 0xa2, 0x0d, 0x00, /* 行 4 */
    0x00, 0xb8, 0xfc, 0xc0, 0xd7, 0xab, 0xe3, 0xff, 0x9c, 0x00, /* 行 5 */
    0x00, 0xb8, 0xff, 0x9b, 0x02, 0x00, 0x0e, 0xe6, 0xf4, 0x02, /* 行 6 */
    0x00, 0xb8, 0xff, 0x17, 0x00, 0x00, 0x00, 0xa1, 0xff, 0x1b, /* 行 7 */
    0x00, 0xb8, 0xfc, 0x00, 0x00, 0x00, 0x00, 0x90, 0xff, 0x23, /* 行 8 */
    0x00, 0xb8, 0xfc, 0x00, 0x00, 0x00, 0x00, 0x90, 0xff, 0x24, /* 行 9 */
    0x00, 0xb8, 0xfc, 0x00, 0x00, 0x00, 0x00, 0x90, 0xff, 0x24, /* 行 10 */
    0x00, 0xb8, 0xfc, 0x00, 0x00, 0x00, 0x00, 0x90, 0xff, 0x24, /* 行 11 */
    0x00, 0xb8, 0xfc, 0x00, 0x00, 0x00, 0x00, 0x90, 0xff, 0x24, /* 行 12 */
    0x00, 0x82, 0xc7, 0x00, 0x00, 0x00, 0x00, 0x60, 0xe4, 0x09, /* 行 13 */
};

static const ipgui_glyph_t quicksand_medium_18px_char_104 = {
    .cover_map = quicksand_medium_18px_char_104_bitmap,
    .width = 10,
    .height = 14,
    .bearing_x = 0,
    .bearing_y = 14,
    .advance = 10
};

/* 字符 105: i    */
static const unsigned char quicksand_medium_18px_char_105_bitmap[] = {
    0x00, 0x6d, 0x7d, 0x00, /* 行 0 */
    0x00, 0xce, 0xdc, 0x00, /* 行 1 */
    0x00, 0x00, 0x00, 0x00, /* 行 2 */
    0x00, 0x9e, 0xb0, 0x00, /* 行 3 */
    0x00, 0xd0, 0xe4, 0x00, /* 行 4 */
    0x00, 0xd0, 0xe4, 0x00, /* 行 5 */
    0x00, 0xd0, 0xe4, 0x00, /* 行 6 */
    0x00, 0xd0, 0xe4, 0x00, /* 行 7 */
    0x00, 0xd0, 0xe4, 0x00, /* 行 8 */
    0x00, 0xd0, 0xe4, 0x00, /* 行 9 */
    0x00, 0xd0, 0xe4, 0x00, /* 行 10 */
    0x00, 0xd0, 0xe4, 0x00, /* 行 11 */
    0x00, 0x9e, 0xb0, 0x00, /* 行 12 */
};

static const ipgui_glyph_t quicksand_medium_18px_char_105 = {
    .cover_map = quicksand_medium_18px_char_105_bitmap,
    .width = 4,
    .height = 13,
    .bearing_x = 0,
    .bearing_y = 13,
    .advance = 4
};

/* 字符 106: j    */
static const unsigned char quicksand_medium_18px_char_106_bitmap[] = {
    0x00, 0x00, 0x3a, 0x96, 0x1a, 0x00, /* 行 0 */
    0x00, 0x00, 0x77, 0xf8, 0x3a, 0x00, /* 行 1 */
    0x00, 0x00, 0x00, 0x00, 0x00, 0x00, /* 行 2 */
    0x00, 0x00, 0x47, 0xeb, 0x16, 0x00, /* 行 3 */
    0x00, 0x00, 0x78, 0xff, 0x3c, 0x00, /* 行 4 */
    0x00, 0x00, 0x78, 0xff, 0x3c, 0x00, /* 行 5 */
    0x00, 0x00, 0x78, 0xff, 0x3c, 0x00, /* 行 6 */
    0x00, 0x00, 0x78, 0xff, 0x3c, 0x00, /* 行 7 */
    0x00, 0x00, 0x78, 0xff, 0x3c, 0x00, /* 行 8 */
    0x00, 0x00, 0x78, 0xff, 0x3c, 0x00, /* 行 9 */
    0x00, 0x00, 0x78, 0xff, 0x3c, 0x00, /* 行 10 */
    0x00, 0x00, 0x78, 0xff, 0x3c, 0x00, /* 行 11 */
    0x00, 0x00, 0x78, 0xff, 0x3c, 0x00, /* 行 12 */
    0x00, 0x00, 0x80, 0xff, 0x3a, 0x00, /* 行 13 */
    0x00, 0x08, 0xcf, 0xff, 0x20, 0x00, /* 行 14 */
    0x29, 0xe3, 0xff, 0xc5, 0x00, 0x00, /* 行 15 */
    0x35, 0xef, 0xba, 0x1c, 0x00, 0x00, /* 行 16 */
};

static const ipgui_glyph_t quicksand_medium_18px_char_106 = {
    .cover_map = quicksand_medium_18px_char_106_bitmap,
    .width = 6,
    .height = 17,
    .bearing_x = -1,
    .bearing_y = 13,
    .advance = 5
};

/* 字符 107: k    */
static const unsigned char quicksand_medium_18px_char_107_bitmap[] = {
    0x00, 0x63, 0xe2, 0x08, 0x00, 0x00, 0x00, 0x00, 0x00, 0x00, /* 行 0 */
    0x00, 0x94, 0xff, 0x20, 0x00, 0x00, 0x00, 0x00, 0x00, 0x00, /* 行 1 */
    0x00, 0x94, 0xff, 0x20, 0x00, 0x00, 0x00, 0x00, 0x00, 0x00, /* 行 2 */
    0x00, 0x94, 0xff, 0x20, 0x00, 0x00, 0x00, 0x00, 0x00, 0x00, /* 行 3 */
    0x00, 0x94, 0xff, 0x20, 0x00, 0x00, 0x04, 0xa3, 0xc7, 0x00, /* 行 4 */
    0x00, 0x94, 0xff, 0x20, 0x00, 0x05, 0xad, 0xff, 0xa5, 0x00, /* 行 5 */
    0x00, 0x94, 0xff, 0x20, 0x06, 0xb1, 0xff, 0xa3, 0x03, 0x00, /* 行 6 */
    0x00, 0x94, 0xff, 0x27, 0xb6, 0xff, 0x97, 0x01, 0x00, 0x00, /* 行 7 */
    0x00, 0x94, 0xff, 0xcf, 0xff, 0xc5, 0x00, 0x00, 0x00, 0x00, /* 行 8 */
    0x00, 0x94, 0xff, 0xff, 0xf0, 0xff, 0x65, 0x00, 0x00, 0x00, /* 行 9 */
    0x00, 0x94, 0xff, 0x70, 0x2c, 0xef, 0xfb, 0x49, 0x00, 0x00, /* 行 10 */
    0x00, 0x94, 0xff, 0x20, 0x00, 0x3e, 0xf8, 0xf3, 0x32, 0x00, /* 行 11 */
    0x00, 0x94, 0xff, 0x20, 0x00, 0x00, 0x53, 0xfd, 0xe7, 0x13, /* 行 12 */
    0x00, 0x63, 0xe2, 0x08, 0x00, 0x00, 0x00, 0x69, 0xe7, 0x1f, /* 行 13 */
};

static const ipgui_glyph_t quicksand_medium_18px_char_107 = {
    .cover_map = quicksand_medium_18px_char_107_bitmap,
    .width = 10,
    .height = 14,
    .bearing_x = 0,
    .bearing_y = 14,
    .advance = 10
};

/* 字符 108: l    */
static const unsigned char quicksand_medium_18px_char_108_bitmap[] = {
    0x00, 0x61, 0xe2, 0x08, 0x00, /* 行 0 */
    0x00, 0x94, 0xff, 0x20, 0x00, /* 行 1 */
    0x00, 0x94, 0xff, 0x20, 0x00, /* 行 2 */
    0x00, 0x94, 0xff, 0x20, 0x00, /* 行 3 */
    0x00, 0x94, 0xff, 0x20, 0x00, /* 行 4 */
    0x00, 0x94, 0xff, 0x20, 0x00, /* 行 5 */
    0x00, 0x94, 0xff, 0x20, 0x00, /* 行 6 */
    0x00, 0x94, 0xff, 0x20, 0x00, /* 行 7 */
    0x00, 0x94, 0xff, 0x20, 0x00, /* 行 8 */
    0x00, 0x94, 0xff, 0x20, 0x00, /* 行 9 */
    0x00, 0x94, 0xff, 0x20, 0x00, /* 行 10 */
    0x00, 0x94, 0xff, 0x20, 0x00, /* 行 11 */
    0x00, 0x94, 0xff, 0x20, 0x00, /* 行 12 */
    0x00, 0x64, 0xe2, 0x08, 0x00, /* 行 13 */
};

static const ipgui_glyph_t quicksand_medium_18px_char_108 = {
    .cover_map = quicksand_medium_18px_char_108_bitmap,
    .width = 5,
    .height = 14,
    .bearing_x = 0,
    .bearing_y = 14,
    .advance = 5
};

/* 字符 109: m    */
static const unsigned char quicksand_medium_18px_char_109_bitmap[] = {
    0x00, 0x86, 0xc0, 0x0d, 0x99, 0xef, 0xec, 0x97, 0x07, 0x07, 0x86, 0xe6, 0xf5, 0xb1, 0x18, 0x00, 0x00, /* 行 0 */
    0x00, 0xb8, 0xfc, 0xc4, 0xd6, 0xac, 0xe5, 0xff, 0x8d, 0xb6, 0xdc, 0xa9, 0xdc, 0xff, 0xb9, 0x00, 0x00, /* 行 1 */
    0x00, 0xb8, 0xff, 0x98, 0x02, 0x00, 0x14, 0xf0, 0xfe, 0xb9, 0x07, 0x00, 0x07, 0xd5, 0xfe, 0x14, 0x00, /* 行 2 */
    0x00, 0xb8, 0xff, 0x17, 0x00, 0x00, 0x00, 0xb1, 0xff, 0x30, 0x00, 0x00, 0x00, 0x89, 0xff, 0x37, 0x00, /* 行 3 */
    0x00, 0xb8, 0xfc, 0x00, 0x00, 0x00, 0x00, 0xa0, 0xff, 0x18, 0x00, 0x00, 0x00, 0x78, 0xff, 0x3f, 0x00, /* 行 4 */
    0x00, 0xb8, 0xfc, 0x00, 0x00, 0x00, 0x00, 0xa0, 0xff, 0x18, 0x00, 0x00, 0x00, 0x78, 0xff, 0x40, 0x00, /* 行 5 */
    0x00, 0xb8, 0xfc, 0x00, 0x00, 0x00, 0x00, 0xa0, 0xff, 0x18, 0x00, 0x00, 0x00, 0x78, 0xff, 0x40, 0x00, /* 行 6 */
    0x00, 0xb8, 0xfc, 0x00, 0x00, 0x00, 0x00, 0xa0, 0xff, 0x18, 0x00, 0x00, 0x00, 0x78, 0xff, 0x40, 0x00, /* 行 7 */
    0x00, 0xb8, 0xfc, 0x00, 0x00, 0x00, 0x00, 0xa0, 0xff, 0x18, 0x00, 0x00, 0x00, 0x78, 0xff, 0x40, 0x00, /* 行 8 */
    0x00, 0x82, 0xc7, 0x00, 0x00, 0x00, 0x00, 0x6c, 0xdc, 0x05, 0x00, 0x00, 0x00, 0x49, 0xe9, 0x1c, 0x00, /* 行 9 */
};

static const ipgui_glyph_t quicksand_medium_18px_char_109 = {
    .cover_map = quicksand_medium_18px_char_109_bitmap,
    .width = 17,
    .height = 10,
    .bearing_x = 0,
    .bearing_y = 10,
    .advance = 17
};

/* 字符 110: n    */
static const unsigned char quicksand_medium_18px_char_110_bitmap[] = {
    0x00, 0x86, 0xc0, 0x0b, 0x91, 0xea, 0xeb, 0xac, 0x17, 0x00, 0x00, /* 行 0 */
    0x00, 0xb8, 0xfc, 0xc3, 0xd9, 0xa9, 0xd9, 0xff, 0xc0, 0x00, 0x00, /* 行 1 */
    0x00, 0xb8, 0xff, 0xa6, 0x04, 0x00, 0x05, 0xc8, 0xff, 0x23, 0x00, /* 行 2 */
    0x00, 0xb8, 0xff, 0x14, 0x00, 0x00, 0x00, 0x74, 0xff, 0x44, 0x00, /* 行 3 */
    0x00, 0xb8, 0xfc, 0x00, 0x00, 0x00, 0x00, 0x64, 0xff, 0x53, 0x00, /* 行 4 */
    0x00, 0xb8, 0xfc, 0x00, 0x00, 0x00, 0x00, 0x64, 0xff, 0x54, 0x00, /* 行 5 */
    0x00, 0xb8, 0xfc, 0x00, 0x00, 0x00, 0x00, 0x64, 0xff, 0x54, 0x00, /* 行 6 */
    0x00, 0xb8, 0xfc, 0x00, 0x00, 0x00, 0x00, 0x64, 0xff, 0x54, 0x00, /* 行 7 */
    0x00, 0xb8, 0xfc, 0x00, 0x00, 0x00, 0x00, 0x64, 0xff, 0x54, 0x00, /* 行 8 */
    0x00, 0x82, 0xc3, 0x00, 0x00, 0x00, 0x00, 0x39, 0xe6, 0x2a, 0x00, /* 行 9 */
};

static const ipgui_glyph_t quicksand_medium_18px_char_110 = {
    .cover_map = quicksand_medium_18px_char_110_bitmap,
    .width = 11,
    .height = 10,
    .bearing_x = 0,
    .bearing_y = 10,
    .advance = 11
};

/* 字符 111: o    */
static const unsigned char quicksand_medium_18px_char_111_bitmap[] = {
    0x00, 0x00, 0x10, 0x8c, 0xdf, 0xf7, 0xda, 0x81, 0x09, 0x00, 0x00, /* 行 0 */
    0x00, 0x15, 0xdb, 0xff, 0xd1, 0xa9, 0xd9, 0xff, 0xce, 0x0c, 0x00, /* 行 1 */
    0x00, 0xaa, 0xff, 0x6d, 0x00, 0x00, 0x01, 0x86, 0xff, 0x91, 0x00, /* 行 2 */
    0x14, 0xfb, 0xbc, 0x00, 0x00, 0x00, 0x00, 0x01, 0xd3, 0xf1, 0x06, /* 行 3 */
    0x3d, 0xff, 0x76, 0x00, 0x00, 0x00, 0x00, 0x00, 0x8e, 0xff, 0x24, /* 行 4 */
    0x3e, 0xff, 0x75, 0x00, 0x00, 0x00, 0x00, 0x00, 0x8d, 0xff, 0x25, /* 行 5 */
    0x16, 0xfc, 0xba, 0x00, 0x00, 0x00, 0x00, 0x01, 0xd1, 0xf3, 0x07, /* 行 6 */
    0x00, 0xad, 0xff, 0x6a, 0x00, 0x00, 0x00, 0x83, 0xff, 0x95, 0x00, /* 行 7 */
    0x00, 0x17, 0xdc, 0xff, 0xcf, 0xa8, 0xd7, 0xff, 0xcf, 0x0d, 0x00, /* 行 8 */
    0x00, 0x00, 0x11, 0x8c, 0xdf, 0xf8, 0xdb, 0x81, 0x0a, 0x00, 0x00, /* 行 9 */
};

static const ipgui_glyph_t quicksand_medium_18px_char_111 = {
    .cover_map = quicksand_medium_18px_char_111_bitmap,
    .width = 11,
    .height = 10,
    .bearing_x = 0,
    .bearing_y = 10,
    .advance = 11
};

/* 字符 112: p    */
static const unsigned char quicksand_medium_18px_char_112_bitmap[] = {
    0x00, 0x84, 0xc3, 0x17, 0x9f, 0xee, 0xee, 0xaf, 0x2a, 0x00, 0x00, /* 行 0 */
    0x00, 0xb8, 0xfd, 0xdc, 0xed, 0xac, 0xc0, 0xfe, 0xf1, 0x30, 0x00, /* 行 1 */
    0x00, 0xb8, 0xff, 0xc8, 0x0f, 0x00, 0x00, 0x47, 0xfb, 0xc7, 0x00, /* 行 2 */
    0x00, 0xb8, 0xff, 0x31, 0x00, 0x00, 0x00, 0x00, 0x98, 0xff, 0x23, /* 行 3 */
    0x00, 0xb8, 0xf1, 0x00, 0x00, 0x00, 0x00, 0x00, 0x55, 0xff, 0x4a, /* 行 4 */
    0x00, 0xb8, 0xf0, 0x00, 0x00, 0x00, 0x00, 0x00, 0x56, 0xff, 0x4a, /* 行 5 */
    0x00, 0xb8, 0xff, 0x31, 0x00, 0x00, 0x00, 0x00, 0x98, 0xff, 0x23, /* 行 6 */
    0x00, 0xb8, 0xff, 0xc7, 0x0e, 0x00, 0x00, 0x45, 0xfb, 0xc7, 0x00, /* 行 7 */
    0x00, 0xb8, 0xfe, 0xe6, 0xeb, 0xab, 0xbf, 0xfe, 0xf0, 0x2e, 0x00, /* 行 8 */
    0x00, 0xb8, 0xfc, 0x1d, 0xa4, 0xef, 0xef, 0xb0, 0x29, 0x00, 0x00, /* 行 9 */
    0x00, 0xb8, 0xfc, 0x00, 0x00, 0x00, 0x00, 0x00, 0x00, 0x00, 0x00, /* 行 10 */
    0x00, 0xb8, 0xfc, 0x00, 0x00, 0x00, 0x00, 0x00, 0x00, 0x00, 0x00, /* 行 11 */
    0x00, 0xb8, 0xfc, 0x00, 0x00, 0x00, 0x00, 0x00, 0x00, 0x00, 0x00, /* 行 12 */
    0x00, 0x82, 0xc4, 0x00, 0x00, 0x00, 0x00, 0x00, 0x00, 0x00, 0x00, /* 行 13 */
};

static const ipgui_glyph_t quicksand_medium_18px_char_112 = {
    .cover_map = quicksand_medium_18px_char_112_bitmap,
    .width = 11,
    .height = 14,
    .bearing_x = 0,
    .bearing_y = 10,
    .advance = 11
};

/* 字符 113: q    */
static const unsigned char quicksand_medium_18px_char_113_bitmap[] = {
    0x00, 0x00, 0x24, 0xaa, 0xed, 0xf1, 0xae, 0x26, 0xb3, 0x97, 0x00, /* 行 0 */
    0x00, 0x26, 0xec, 0xff, 0xc3, 0xaa, 0xe8, 0xed, 0xf7, 0xcc, 0x00, /* 行 1 */
    0x00, 0xba, 0xfd, 0x4f, 0x00, 0x00, 0x0b, 0xbf, 0xff, 0xcc, 0x00, /* 行 2 */
    0x18, 0xfe, 0xa8, 0x00, 0x00, 0x00, 0x00, 0x27, 0xff, 0xcc, 0x00, /* 行 3 */
    0x3f, 0xff, 0x68, 0x00, 0x00, 0x00, 0x00, 0x00, 0xe5, 0xcc, 0x00, /* 行 4 */
    0x3f, 0xff, 0x68, 0x00, 0x00, 0x00, 0x00, 0x00, 0xe5, 0xcc, 0x00, /* 行 5 */
    0x18, 0xfd, 0xa6, 0x00, 0x00, 0x00, 0x00, 0x26, 0xff, 0xcc, 0x00, /* 行 6 */
    0x00, 0xb8, 0xfd, 0x4f, 0x00, 0x00, 0x0b, 0xbe, 0xff, 0xcc, 0x00, /* 行 7 */
    0x00, 0x24, 0xeb, 0xff, 0xc2, 0xaa, 0xe8, 0xe3, 0xf5, 0xcc, 0x00, /* 行 8 */
    0x00, 0x00, 0x23, 0xa8, 0xec, 0xf1, 0xaa, 0x1e, 0xec, 0xcc, 0x00, /* 行 9 */
    0x00, 0x00, 0x00, 0x00, 0x00, 0x00, 0x00, 0x00, 0xec, 0xcc, 0x00, /* 行 10 */
    0x00, 0x00, 0x00, 0x00, 0x00, 0x00, 0x00, 0x00, 0xec, 0xcc, 0x00, /* 行 11 */
    0x00, 0x00, 0x00, 0x00, 0x00, 0x00, 0x00, 0x00, 0xec, 0xcc, 0x00, /* 行 12 */
    0x00, 0x00, 0x00, 0x00, 0x00, 0x00, 0x00, 0x00, 0xb8, 0x97, 0x00, /* 行 13 */
};

static const ipgui_glyph_t quicksand_medium_18px_char_113 = {
    .cover_map = quicksand_medium_18px_char_113_bitmap,
    .width = 11,
    .height = 14,
    .bearing_x = 0,
    .bearing_y = 10,
    .advance = 11
};

/* 字符 114: r    */
static const unsigned char quicksand_medium_18px_char_114_bitmap[] = {
    0x00, 0x86, 0xbe, 0x05, 0x8f, 0xec, 0xd6, 0x09, /* 行 0 */
    0x00, 0xb8, 0xfb, 0x9b, 0xda, 0xb1, 0xc1, 0x03, /* 行 1 */
    0x00, 0xb8, 0xff, 0xb9, 0x06, 0x00, 0x00, 0x00, /* 行 2 */
    0x00, 0xb8, 0xff, 0x30, 0x00, 0x00, 0x00, 0x00, /* 行 3 */
    0x00, 0xb8, 0xfe, 0x03, 0x00, 0x00, 0x00, 0x00, /* 行 4 */
    0x00, 0xb8, 0xfc, 0x00, 0x00, 0x00, 0x00, 0x00, /* 行 5 */
    0x00, 0xb8, 0xfc, 0x00, 0x00, 0x00, 0x00, 0x00, /* 行 6 */
    0x00, 0xb8, 0xfc, 0x00, 0x00, 0x00, 0x00, 0x00, /* 行 7 */
    0x00, 0xb8, 0xfc, 0x00, 0x00, 0x00, 0x00, 0x00, /* 行 8 */
    0x00, 0x82, 0xc3, 0x00, 0x00, 0x00, 0x00, 0x00, /* 行 9 */
};

static const ipgui_glyph_t quicksand_medium_18px_char_114 = {
    .cover_map = quicksand_medium_18px_char_114_bitmap,
    .width = 8,
    .height = 10,
    .bearing_x = 0,
    .bearing_y = 10,
    .advance = 7
};

/* 字符 115: s    */
static const unsigned char quicksand_medium_18px_char_115_bitmap[] = {
    0x00, 0x09, 0x89, 0xe4, 0xf8, 0xd1, 0x66, 0x00, 0x00, /* 行 0 */
    0x00, 0xa5, 0xff, 0xc4, 0xae, 0xe5, 0xff, 0x74, 0x00, /* 行 1 */
    0x00, 0xf8, 0xbb, 0x00, 0x00, 0x08, 0x7e, 0x4f, 0x00, /* 行 2 */
    0x00, 0xdd, 0xdc, 0x1a, 0x00, 0x00, 0x00, 0x00, 0x00, /* 行 3 */
    0x00, 0x44, 0xee, 0xf9, 0xb7, 0x69, 0x10, 0x00, 0x00, /* 行 4 */
    0x00, 0x00, 0x0e, 0x5f, 0xad, 0xf7, 0xed, 0x39, 0x00, /* 行 5 */
    0x00, 0x05, 0x00, 0x00, 0x00, 0x19, 0xdf, 0xc2, 0x00, /* 行 6 */
    0x4c, 0xf6, 0x59, 0x00, 0x00, 0x01, 0xc7, 0xd7, 0x00, /* 行 7 */
    0x1b, 0xe4, 0xff, 0xce, 0xa6, 0xcf, 0xff, 0x7d, 0x00, /* 行 8 */
    0x00, 0x1a, 0x9a, 0xe4, 0xf9, 0xda, 0x72, 0x01, 0x00, /* 行 9 */
};

static const ipgui_glyph_t quicksand_medium_18px_char_115 = {
    .cover_map = quicksand_medium_18px_char_115_bitmap,
    .width = 9,
    .height = 10,
    .bearing_x = 0,
    .bearing_y = 10,
    .advance = 9
};

/* 字符 116: t    */
static const unsigned char quicksand_medium_18px_char_116_bitmap[] = {
    0x00, 0x00, 0xb1, 0xa4, 0x00, 0x00, 0x00, /* 行 0 */
    0x00, 0x00, 0xe0, 0xd4, 0x00, 0x00, 0x00, /* 行 1 */
    0x87, 0xff, 0xff, 0xff, 0xff, 0xe4, 0x09, /* 行 2 */
    0x46, 0x9f, 0xf4, 0xef, 0xa0, 0x86, 0x00, /* 行 3 */
    0x00, 0x00, 0xe0, 0xd4, 0x00, 0x00, 0x00, /* 行 4 */
    0x00, 0x00, 0xe0, 0xd4, 0x00, 0x00, 0x00, /* 行 5 */
    0x00, 0x00, 0xe0, 0xd4, 0x00, 0x00, 0x00, /* 行 6 */
    0x00, 0x00, 0xe0, 0xd4, 0x00, 0x00, 0x00, /* 行 7 */
    0x00, 0x00, 0xe0, 0xd4, 0x00, 0x00, 0x00, /* 行 8 */
    0x00, 0x00, 0xdd, 0xe0, 0x00, 0x00, 0x00, /* 行 9 */
    0x00, 0x00, 0xbd, 0xff, 0xb5, 0x70, 0x00, /* 行 10 */
    0x00, 0x00, 0x3b, 0xdb, 0xf8, 0x98, 0x00, /* 行 11 */
};

static const ipgui_glyph_t quicksand_medium_18px_char_116 = {
    .cover_map = quicksand_medium_18px_char_116_bitmap,
    .width = 7,
    .height = 12,
    .bearing_x = 0,
    .bearing_y = 12,
    .advance = 7
};

/* 字符 117: u    */
static const unsigned char quicksand_medium_18px_char_117_bitmap[] = {
    0x00, 0x86, 0xc7, 0x00, 0x00, 0x00, 0x00, 0x5c, 0xe5, 0x0b, /* 行 0 */
    0x00, 0xb8, 0xfc, 0x00, 0x00, 0x00, 0x00, 0x8c, 0xff, 0x28, /* 行 1 */
    0x00, 0xb8, 0xfc, 0x00, 0x00, 0x00, 0x00, 0x8c, 0xff, 0x28, /* 行 2 */
    0x00, 0xb8, 0xfc, 0x00, 0x00, 0x00, 0x00, 0x8c, 0xff, 0x28, /* 行 3 */
    0x00, 0xb8, 0xfc, 0x00, 0x00, 0x00, 0x00, 0x8c, 0xff, 0x28, /* 行 4 */
    0x00, 0xb7, 0xfc, 0x00, 0x00, 0x00, 0x00, 0x8c, 0xff, 0x27, /* 行 5 */
    0x00, 0xad, 0xff, 0x0f, 0x00, 0x00, 0x00, 0xa0, 0xff, 0x1b, /* 行 6 */
    0x00, 0x7a, 0xff, 0x6c, 0x00, 0x00, 0x15, 0xeb, 0xe8, 0x01, /* 行 7 */
    0x00, 0x16, 0xea, 0xff, 0xbf, 0xad, 0xec, 0xff, 0x6d, 0x00, /* 行 8 */
    0x00, 0x00, 0x27, 0xaf, 0xf0, 0xf9, 0xd3, 0x63, 0x00, 0x00, /* 行 9 */
};

static const ipgui_glyph_t quicksand_medium_18px_char_117 = {
    .cover_map = quicksand_medium_18px_char_117_bitmap,
    .width = 10,
    .height = 10,
    .bearing_x = 0,
    .bearing_y = 10,
    .advance = 10
};

/* 字符 118: v    */
static const unsigned char quicksand_medium_18px_char_118_bitmap[] = {
    0x3f, 0xe9, 0x32, 0x00, 0x00, 0x00, 0x00, 0x3a, 0xe9, 0x26, /* 行 0 */
    0x2d, 0xff, 0xa7, 0x00, 0x00, 0x00, 0x00, 0xb0, 0xf4, 0x10, /* 行 1 */
    0x00, 0xbe, 0xfa, 0x17, 0x00, 0x00, 0x1d, 0xfc, 0x95, 0x00, /* 行 2 */
    0x00, 0x4d, 0xff, 0x7c, 0x00, 0x00, 0x85, 0xfe, 0x26, 0x00, /* 行 3 */
    0x00, 0x01, 0xda, 0xe2, 0x03, 0x06, 0xe8, 0xb3, 0x00, 0x00, /* 行 4 */
    0x00, 0x00, 0x6b, 0xff, 0x50, 0x59, 0xff, 0x42, 0x00, 0x00, /* 行 5 */
    0x00, 0x00, 0x0b, 0xef, 0xbb, 0xc4, 0xd1, 0x00, 0x00, 0x00, /* 行 6 */
    0x00, 0x00, 0x00, 0x8a, 0xfe, 0xff, 0x61, 0x00, 0x00, 0x00, /* 行 7 */
    0x00, 0x00, 0x00, 0x1d, 0xfb, 0xe9, 0x07, 0x00, 0x00, 0x00, /* 行 8 */
    0x00, 0x00, 0x00, 0x00, 0x50, 0x3d, 0x00, 0x00, 0x00, 0x00, /* 行 9 */
};

static const ipgui_glyph_t quicksand_medium_18px_char_118 = {
    .cover_map = quicksand_medium_18px_char_118_bitmap,
    .width = 10,
    .height = 10,
    .bearing_x = 0,
    .bearing_y = 10,
    .advance = 10
};

/* 字符 119: w    */
static const unsigned char quicksand_medium_18px_char_119_bitmap[] = {
    0x3c, 0xea, 0x2d, 0x00, 0x00, 0x00, 0x00, 0x00, 0x00, 0x00, 0x00, 0x70, 0xdf, 0x09, /* 行 0 */
    0x3f, 0xff, 0x90, 0x00, 0x00, 0x00, 0x54, 0x30, 0x00, 0x00, 0x00, 0xdc, 0xe9, 0x03, /* 行 1 */
    0x01, 0xe2, 0xe7, 0x02, 0x00, 0x19, 0xfc, 0xc8, 0x00, 0x00, 0x36, 0xff, 0x92, 0x00, /* 行 2 */
    0x00, 0x89, 0xff, 0x43, 0x00, 0x75, 0xff, 0xff, 0x2a, 0x00, 0x8f, 0xff, 0x38, 0x00, /* 行 3 */
    0x00, 0x2c, 0xff, 0x9c, 0x00, 0xd2, 0xb6, 0xfa, 0x8c, 0x02, 0xe5, 0xdd, 0x00, 0x00, /* 行 4 */
    0x00, 0x00, 0xd0, 0xef, 0x37, 0xff, 0x48, 0xad, 0xe9, 0x46, 0xff, 0x84, 0x00, 0x00, /* 行 5 */
    0x00, 0x00, 0x74, 0xff, 0xd4, 0xea, 0x04, 0x4b, 0xff, 0xdd, 0xff, 0x2a, 0x00, 0x00, /* 行 6 */
    0x00, 0x00, 0x1a, 0xfd, 0xff, 0x94, 0x00, 0x03, 0xe5, 0xff, 0xd0, 0x00, 0x00, 0x00, /* 行 7 */
    0x00, 0x00, 0x00, 0xbb, 0xff, 0x3a, 0x00, 0x00, 0x86, 0xff, 0x76, 0x00, 0x00, 0x00, /* 行 8 */
    0x00, 0x00, 0x00, 0x28, 0x66, 0x00, 0x00, 0x00, 0x10, 0x73, 0x0b, 0x00, 0x00, 0x00, /* 行 9 */
};

static const ipgui_glyph_t quicksand_medium_18px_char_119 = {
    .cover_map = quicksand_medium_18px_char_119_bitmap,
    .width = 14,
    .height = 10,
    .bearing_x = 0,
    .bearing_y = 10,
    .advance = 14
};

/* 字符 120: x    */
static const unsigned char quicksand_medium_18px_char_120_bitmap[] = {
    0x69, 0xe3, 0x20, 0x00, 0x00, 0x00, 0x4a, 0xe7, 0x20, /* 行 0 */
    0x54, 0xff, 0xc8, 0x05, 0x00, 0x15, 0xe8, 0xe7, 0x0e, /* 行 1 */
    0x00, 0xa1, 0xff, 0x8a, 0x00, 0xb0, 0xfd, 0x42, 0x00, /* 行 2 */
    0x00, 0x0b, 0xd7, 0xfe, 0x9e, 0xff, 0x82, 0x00, 0x00, /* 行 3 */
    0x00, 0x00, 0x2d, 0xf6, 0xff, 0xc1, 0x03, 0x00, 0x00, /* 行 4 */
    0x00, 0x00, 0x0c, 0xdd, 0xff, 0xc7, 0x05, 0x00, 0x00, /* 行 5 */
    0x00, 0x00, 0xa9, 0xff, 0xcc, 0xff, 0x90, 0x00, 0x00, /* 行 6 */
    0x00, 0x70, 0xff, 0x97, 0x09, 0xd2, 0xff, 0x54, 0x00, /* 行 7 */
    0x34, 0xfa, 0xcd, 0x07, 0x00, 0x25, 0xf1, 0xf1, 0x1b, /* 行 8 */
    0x58, 0xe2, 0x23, 0x00, 0x00, 0x00, 0x4f, 0xed, 0x2e, /* 行 9 */
};

static const ipgui_glyph_t quicksand_medium_18px_char_120 = {
    .cover_map = quicksand_medium_18px_char_120_bitmap,
    .width = 9,
    .height = 10,
    .bearing_x = 0,
    .bearing_y = 10,
    .advance = 9
};

/* 字符 121: y    */
static const unsigned char quicksand_medium_18px_char_121_bitmap[] = {
    0x00, 0x82, 0xc7, 0x00, 0x00, 0x00, 0x00, 0x5a, 0xe3, 0x0b, /* 行 0 */
    0x00, 0xb8, 0xfc, 0x00, 0x00, 0x00, 0x00, 0x8c, 0xff, 0x28, /* 行 1 */
    0x00, 0xb8, 0xfc, 0x00, 0x00, 0x00, 0x00, 0x8c, 0xff, 0x28, /* 行 2 */
    0x00, 0xb8, 0xfc, 0x00, 0x00, 0x00, 0x00, 0x8c, 0xff, 0x28, /* 行 3 */
    0x00, 0xb8, 0xfc, 0x00, 0x00, 0x00, 0x00, 0x8c, 0xff, 0x28, /* 行 4 */
    0x00, 0xb8, 0xfc, 0x00, 0x00, 0x00, 0x00, 0x8c, 0xff, 0x28, /* 行 5 */
    0x00, 0xb2, 0xff, 0x0b, 0x00, 0x00, 0x00, 0xa3, 0xff, 0x28, /* 行 6 */
    0x00, 0x90, 0xff, 0x5e, 0x00, 0x00, 0x2a, 0xf4, 0xff, 0x28, /* 行 7 */
    0x00, 0x2e, 0xfd, 0xfc, 0xb9, 0xb2, 0xf6, 0xed, 0xff, 0x28, /* 行 8 */
    0x00, 0x00, 0x4e, 0xd2, 0xf7, 0xdb, 0x71, 0x9b, 0xff, 0x22, /* 行 9 */
    0x00, 0x00, 0x00, 0x00, 0x00, 0x00, 0x00, 0xc5, 0xfc, 0x0b, /* 行 10 */
    0x00, 0x05, 0x47, 0x04, 0x00, 0x00, 0x52, 0xff, 0xbe, 0x00, /* 行 11 */
    0x00, 0x51, 0xff, 0xe1, 0xab, 0xc5, 0xfe, 0xf4, 0x32, 0x00, /* 行 12 */
    0x00, 0x0e, 0x94, 0xe1, 0xf9, 0xeb, 0xaa, 0x29, 0x00, 0x00, /* 行 13 */
};

static const ipgui_glyph_t quicksand_medium_18px_char_121 = {
    .cover_map = quicksand_medium_18px_char_121_bitmap,
    .width = 10,
    .height = 14,
    .bearing_x = 0,
    .bearing_y = 10,
    .advance = 10
};

/* 字符 122: z    */
static const unsigned char quicksand_medium_18px_char_122_bitmap[] = {
    0x04, 0xe0, 0xff, 0xff, 0xff, 0xff, 0xff, 0xd8, 0x00, /* 行 0 */
    0x00, 0x7d, 0xa0, 0xa0, 0xa0, 0xcf, 0xff, 0xc9, 0x00, /* 行 1 */
    0x00, 0x00, 0x00, 0x00, 0x12, 0xe5, 0xf6, 0x27, 0x00, /* 行 2 */
    0x00, 0x00, 0x00, 0x00, 0xa9, 0xff, 0x6c, 0x00, 0x00, /* 行 3 */
    0x00, 0x00, 0x00, 0x5d, 0xff, 0xb9, 0x01, 0x00, 0x00, /* 行 4 */
    0x00, 0x00, 0x1e, 0xf0, 0xed, 0x1a, 0x00, 0x00, 0x00, /* 行 5 */
    0x00, 0x01, 0xbe, 0xff, 0x55, 0x00, 0x00, 0x00, 0x00, /* 行 6 */
    0x00, 0x73, 0xff, 0xa3, 0x00, 0x00, 0x00, 0x00, 0x00, /* 行 7 */
    0x22, 0xf8, 0xff, 0xaf, 0xa0, 0xa0, 0xa0, 0x7a, 0x00, /* 行 8 */
    0x35, 0xf5, 0xff, 0xff, 0xff, 0xff, 0xff, 0xda, 0x02, /* 行 9 */
};

static const ipgui_glyph_t quicksand_medium_18px_char_122 = {
    .cover_map = quicksand_medium_18px_char_122_bitmap,
    .width = 9,
    .height = 10,
    .bearing_x = 0,
    .bearing_y = 10,
    .advance = 9
};

/* 字符 123: {    */
static const unsigned char quicksand_medium_18px_char_123_bitmap[] = {
    0x00, 0x00, 0x00, 0x01, 0x60, 0xcc, 0xd0, /* 行 0 */
    0x00, 0x00, 0x00, 0x84, 0xff, 0xc6, 0x43, /* 行 1 */
    0x00, 0x00, 0x09, 0xf8, 0xbc, 0x02, 0x00, /* 行 2 */
    0x00, 0x00, 0x2a, 0xff, 0x6e, 0x00, 0x00, /* 行 3 */
    0x00, 0x00, 0x33, 0xff, 0x64, 0x00, 0x00, /* 行 4 */
    0x00, 0x00, 0x32, 0xff, 0x66, 0x00, 0x00, /* 行 5 */
    0x00, 0x00, 0x51, 0xff, 0x56, 0x00, 0x00, /* 行 6 */
    0x00, 0x1a, 0xc8, 0xf6, 0x16, 0x00, 0x00, /* 行 7 */
    0x91, 0xff, 0xee, 0x48, 0x00, 0x00, 0x00, /* 行 8 */
    0x4d, 0xbb, 0xff, 0x9c, 0x00, 0x00, 0x00, /* 行 9 */
    0x00, 0x00, 0x88, 0xff, 0x39, 0x00, 0x00, /* 行 10 */
    0x00, 0x00, 0x3b, 0xff, 0x63, 0x00, 0x00, /* 行 11 */
    0x00, 0x00, 0x32, 0xff, 0x65, 0x00, 0x00, /* 行 12 */
    0x00, 0x00, 0x31, 0xff, 0x68, 0x00, 0x00, /* 行 13 */
    0x00, 0x00, 0x18, 0xff, 0xa2, 0x00, 0x00, /* 行 14 */
    0x00, 0x00, 0x00, 0xac, 0xff, 0xa3, 0x2a, /* 行 15 */
    0x00, 0x00, 0x00, 0x06, 0x76, 0xd2, 0xcf, /* 行 16 */
};

static const ipgui_glyph_t quicksand_medium_18px_char_123 = {
    .cover_map = quicksand_medium_18px_char_123_bitmap,
    .width = 7,
    .height = 17,
    .bearing_x = 0,
    .bearing_y = 13,
    .advance = 7
};

/* 字符 124: |    */
static const unsigned char quicksand_medium_18px_char_124_bitmap[] = {
    0x00, 0x34, 0x47, 0x00, /* 行 0 */
    0x00, 0xc4, 0xe4, 0x00, /* 行 1 */
    0x00, 0xcc, 0xec, 0x00, /* 行 2 */
    0x00, 0xcc, 0xec, 0x00, /* 行 3 */
    0x00, 0xcc, 0xec, 0x00, /* 行 4 */
    0x00, 0xcc, 0xec, 0x00, /* 行 5 */
    0x00, 0xcc, 0xec, 0x00, /* 行 6 */
    0x00, 0xcc, 0xec, 0x00, /* 行 7 */
    0x00, 0xcc, 0xec, 0x00, /* 行 8 */
    0x00, 0xcc, 0xec, 0x00, /* 行 9 */
    0x00, 0xcc, 0xec, 0x00, /* 行 10 */
    0x00, 0xcc, 0xec, 0x00, /* 行 11 */
    0x00, 0xcc, 0xec, 0x00, /* 行 12 */
    0x00, 0xcc, 0xec, 0x00, /* 行 13 */
    0x00, 0xcc, 0xec, 0x00, /* 行 14 */
    0x00, 0xcc, 0xec, 0x00, /* 行 15 */
    0x00, 0xcc, 0xec, 0x00, /* 行 16 */
    0x00, 0x96, 0xb3, 0x00, /* 行 17 */
};

static const ipgui_glyph_t quicksand_medium_18px_char_124 = {
    .cover_map = quicksand_medium_18px_char_124_bitmap,
    .width = 4,
    .height = 18,
    .bearing_x = 0,
    .bearing_y = 15,
    .advance = 4
};

/* 字符 125: }    */
static const unsigned char quicksand_medium_18px_char_125_bitmap[] = {
    0x64, 0xe9, 0x96, 0x19, 0x00, 0x00, 0x00, 0x00, /* 行 0 */
    0x19, 0x9b, 0xfc, 0xe4, 0x14, 0x00, 0x00, 0x00, /* 行 1 */
    0x00, 0x00, 0x5b, 0xff, 0x76, 0x00, 0x00, 0x00, /* 行 2 */
    0x00, 0x00, 0x05, 0xfe, 0x9a, 0x00, 0x00, 0x00, /* 行 3 */
    0x00, 0x00, 0x00, 0xf9, 0x9e, 0x00, 0x00, 0x00, /* 行 4 */
    0x00, 0x00, 0x00, 0xfe, 0x9e, 0x00, 0x00, 0x00, /* 行 5 */
    0x00, 0x00, 0x00, 0xf0, 0xbc, 0x00, 0x00, 0x00, /* 行 6 */
    0x00, 0x00, 0x00, 0xa9, 0xfd, 0x50, 0x04, 0x00, /* 行 7 */
    0x00, 0x00, 0x00, 0x12, 0xbc, 0xff, 0xeb, 0x0b, /* 行 8 */
    0x00, 0x00, 0x00, 0x48, 0xf4, 0xdc, 0x91, 0x02, /* 行 9 */
    0x00, 0x00, 0x00, 0xd4, 0xe4, 0x0a, 0x00, 0x00, /* 行 10 */
    0x00, 0x00, 0x00, 0xfb, 0xa6, 0x00, 0x00, 0x00, /* 行 11 */
    0x00, 0x00, 0x00, 0xfc, 0x9d, 0x00, 0x00, 0x00, /* 行 12 */
    0x00, 0x00, 0x00, 0xfc, 0x9c, 0x00, 0x00, 0x00, /* 行 13 */
    0x00, 0x00, 0x39, 0xff, 0x7c, 0x00, 0x00, 0x00, /* 行 14 */
    0x0f, 0x78, 0xed, 0xe0, 0x16, 0x00, 0x00, 0x00, /* 行 15 */
    0x65, 0xe3, 0x87, 0x12, 0x00, 0x00, 0x00, 0x00, /* 行 16 */
};

static const ipgui_glyph_t quicksand_medium_18px_char_125 = {
    .cover_map = quicksand_medium_18px_char_125_bitmap,
    .width = 8,
    .height = 17,
    .bearing_x = 0,
    .bearing_y = 13,
    .advance = 7
};

/* 字符 126: ~    */
static const unsigned char quicksand_medium_18px_char_126_bitmap[] = {
    0x00, 0x2f, 0x90, 0x7a, 0x1a, 0x00, 0x05, 0x87, 0x04, /* 行 0 */
    0x02, 0xea, 0xff, 0xff, 0xf9, 0x9f, 0x6f, 0xff, 0x31, /* 行 1 */
    0x08, 0xfa, 0x4b, 0x42, 0xaf, 0xfd, 0xff, 0xe7, 0x0d, /* 行 2 */
    0x00, 0x36, 0x04, 0x00, 0x00, 0x1d, 0x48, 0x14, 0x00, /* 行 3 */
    0x00, 0x00, 0x00, 0x00, 0x00, 0x00, 0x00, 0x00, 0x00, /* 行 4 */
    0x00, 0x00, 0x00, 0x00, 0x00, 0x00, 0x00, 0x00, 0x00, /* 行 5 */
    0x00, 0x00, 0x00, 0x00, 0x00, 0x00, 0x00, 0x00, 0x00, /* 行 6 */
};

static const ipgui_glyph_t quicksand_medium_18px_char_126 = {
    .cover_map = quicksand_medium_18px_char_126_bitmap,
    .width = 9,
    .height = 7,
    .bearing_x = 0,
    .bearing_y = 7,
    .advance = 9
};

/* 字符 127: DEL  */
static const unsigned char quicksand_medium_18px_char_127_bitmap[] = {
    0x16, 0x8d, 0x88, 0x88, 0x88, 0x88, 0x88, 0x88, 0x88, 0x5c, 0x00, /* 行 0 */
    0x47, 0xc8, 0x12, 0x00, 0x00, 0x00, 0x00, 0x00, 0x00, 0x8c, 0x00, /* 行 1 */
    0x48, 0x57, 0x90, 0x00, 0x00, 0x00, 0x00, 0x00, 0x00, 0x8c, 0x00, /* 行 2 */
    0x48, 0x44, 0x4a, 0x5a, 0x00, 0x00, 0x00, 0x00, 0x00, 0x8c, 0x00, /* 行 3 */
    0x48, 0x44, 0x00, 0x88, 0x1d, 0x00, 0x00, 0x00, 0x00, 0x8c, 0x00, /* 行 4 */
    0x48, 0x44, 0x00, 0x0b, 0x99, 0x01, 0x00, 0x00, 0x00, 0x8c, 0x00, /* 行 5 */
    0x48, 0x44, 0x00, 0x00, 0x39, 0x6d, 0x00, 0x00, 0x00, 0x8c, 0x00, /* 行 6 */
    0x48, 0x44, 0x00, 0x00, 0x00, 0x7c, 0x2a, 0x00, 0x00, 0x8c, 0x00, /* 行 7 */
    0x48, 0x44, 0x00, 0x00, 0x00, 0x05, 0x9c, 0x05, 0x00, 0x8c, 0x00, /* 行 8 */
    0x48, 0x44, 0x00, 0x00, 0x00, 0x00, 0x2a, 0x7d, 0x00, 0x8c, 0x00, /* 行 9 */
    0x48, 0x44, 0x00, 0x00, 0x00, 0x00, 0x00, 0x6e, 0x3a, 0x8c, 0x00, /* 行 10 */
    0x48, 0x44, 0x00, 0x00, 0x00, 0x00, 0x00, 0x01, 0x9b, 0x9a, 0x00, /* 行 11 */
    0x34, 0xa6, 0x8c, 0x8c, 0x8c, 0x8c, 0x8c, 0x8c, 0xa9, 0xb2, 0x00, /* 行 12 */
};

static const ipgui_glyph_t quicksand_medium_18px_char_127 = {
    .cover_map = quicksand_medium_18px_char_127_bitmap,
    .width = 11,
    .height = 13,
    .bearing_x = 0,
    .bearing_y = 13,
    .advance = 11
};

/* 字形数组 */
static const ipgui_glyph_t quicksand_medium_18px_glyph_array[128] = {
    quicksand_medium_18px_char_000,  /*   0: NUL  */
    quicksand_medium_18px_char_001,  /*   1: SOH  */
    quicksand_medium_18px_char_002,  /*   2: STX  */
    quicksand_medium_18px_char_003,  /*   3: ETX  */
    quicksand_medium_18px_char_004,  /*   4: EOT  */
    quicksand_medium_18px_char_005,  /*   5: ENQ  */
    quicksand_medium_18px_char_006,  /*   6: ACK  */
    quicksand_medium_18px_char_007,  /*   7: BEL  */
    quicksand_medium_18px_char_008,  /*   8: BS   */
    quicksand_medium_18px_char_009,  /*   9: HT   */
    quicksand_medium_18px_char_010,  /*  10: LF   */
    quicksand_medium_18px_char_011,  /*  11: VT   */
    quicksand_medium_18px_char_012,  /*  12: FF   */
    quicksand_medium_18px_char_013,  /*  13: CR   */
    quicksand_medium_18px_char_014,  /*  14: SO   */
    quicksand_medium_18px_char_015,  /*  15: SI   */
    quicksand_medium_18px_char_016,  /*  16: DLE  */
    quicksand_medium_18px_char_017,  /*  17: DC1  */
    quicksand_medium_18px_char_018,  /*  18: DC2  */
    quicksand_medium_18px_char_019,  /*  19: DC3  */
    quicksand_medium_18px_char_020,  /*  20: DC4  */
    quicksand_medium_18px_char_021,  /*  21: NAK  */
    quicksand_medium_18px_char_022,  /*  22: SYN  */
    quicksand_medium_18px_char_023,  /*  23: ETB  */
    quicksand_medium_18px_char_024,  /*  24: CAN  */
    quicksand_medium_18px_char_025,  /*  25: EM   */
    quicksand_medium_18px_char_026,  /*  26: SUB  */
    quicksand_medium_18px_char_027,  /*  27: ESC  */
    quicksand_medium_18px_char_028,  /*  28: FS   */
    quicksand_medium_18px_char_029,  /*  29: GS   */
    quicksand_medium_18px_char_030,  /*  30: RS   */
    quicksand_medium_18px_char_031,  /*  31: US   */
    quicksand_medium_18px_char_032,  /*  32: SPACE */
    quicksand_medium_18px_char_033,  /*  33: !    */
    quicksand_medium_18px_char_034,  /*  34: "    */
    quicksand_medium_18px_char_035,  /*  35: #    */
    quicksand_medium_18px_char_036,  /*  36: $    */
    quicksand_medium_18px_char_037,  /*  37: %    */
    quicksand_medium_18px_char_038,  /*  38: &    */
    quicksand_medium_18px_char_039,  /*  39: '    */
    quicksand_medium_18px_char_040,  /*  40: (    */
    quicksand_medium_18px_char_041,  /*  41: )    */
    quicksand_medium_18px_char_042,  /*  42: *    */
    quicksand_medium_18px_char_043,  /*  43: +    */
    quicksand_medium_18px_char_044,  /*  44: ,    */
    quicksand_medium_18px_char_045,  /*  45: -    */
    quicksand_medium_18px_char_046,  /*  46: .    */
    quicksand_medium_18px_char_047,  /*  47: /    */
    quicksand_medium_18px_char_048,  /*  48: 0    */
    quicksand_medium_18px_char_049,  /*  49: 1    */
    quicksand_medium_18px_char_050,  /*  50: 2    */
    quicksand_medium_18px_char_051,  /*  51: 3    */
    quicksand_medium_18px_char_052,  /*  52: 4    */
    quicksand_medium_18px_char_053,  /*  53: 5    */
    quicksand_medium_18px_char_054,  /*  54: 6    */
    quicksand_medium_18px_char_055,  /*  55: 7    */
    quicksand_medium_18px_char_056,  /*  56: 8    */
    quicksand_medium_18px_char_057,  /*  57: 9    */
    quicksand_medium_18px_char_058,  /*  58: :    */
    quicksand_medium_18px_char_059,  /*  59: ;    */
    quicksand_medium_18px_char_060,  /*  60: <    */
    quicksand_medium_18px_char_061,  /*  61: =    */
    quicksand_medium_18px_char_062,  /*  62: >    */
    quicksand_medium_18px_char_063,  /*  63: ?    */
    quicksand_medium_18px_char_064,  /*  64: @    */
    quicksand_medium_18px_char_065,  /*  65: A    */
    quicksand_medium_18px_char_066,  /*  66: B    */
    quicksand_medium_18px_char_067,  /*  67: C    */
    quicksand_medium_18px_char_068,  /*  68: D    */
    quicksand_medium_18px_char_069,  /*  69: E    */
    quicksand_medium_18px_char_070,  /*  70: F    */
    quicksand_medium_18px_char_071,  /*  71: G    */
    quicksand_medium_18px_char_072,  /*  72: H    */
    quicksand_medium_18px_char_073,  /*  73: I    */
    quicksand_medium_18px_char_074,  /*  74: J    */
    quicksand_medium_18px_char_075,  /*  75: K    */
    quicksand_medium_18px_char_076,  /*  76: L    */
    quicksand_medium_18px_char_077,  /*  77: M    */
    quicksand_medium_18px_char_078,  /*  78: N    */
    quicksand_medium_18px_char_079,  /*  79: O    */
    quicksand_medium_18px_char_080,  /*  80: P    */
    quicksand_medium_18px_char_081,  /*  81: Q    */
    quicksand_medium_18px_char_082,  /*  82: R    */
    quicksand_medium_18px_char_083,  /*  83: S    */
    quicksand_medium_18px_char_084,  /*  84: T    */
    quicksand_medium_18px_char_085,  /*  85: U    */
    quicksand_medium_18px_char_086,  /*  86: V    */
    quicksand_medium_18px_char_087,  /*  87: W    */
    quicksand_medium_18px_char_088,  /*  88: X    */
    quicksand_medium_18px_char_089,  /*  89: Y    */
    quicksand_medium_18px_char_090,  /*  90: Z    */
    quicksand_medium_18px_char_091,  /*  91: [    */
    quicksand_medium_18px_char_092,  /*  92: \    */
    quicksand_medium_18px_char_093,  /*  93: ]    */
    quicksand_medium_18px_char_094,  /*  94: ^    */
    quicksand_medium_18px_char_095,  /*  95: _    */
    quicksand_medium_18px_char_096,  /*  96: `    */
    quicksand_medium_18px_char_097,  /*  97: a    */
    quicksand_medium_18px_char_098,  /*  98: b    */
    quicksand_medium_18px_char_099,  /*  99: c    */
    quicksand_medium_18px_char_100,  /* 100: d    */
    quicksand_medium_18px_char_101,  /* 101: e    */
    quicksand_medium_18px_char_102,  /* 102: f    */
    quicksand_medium_18px_char_103,  /* 103: g    */
    quicksand_medium_18px_char_104,  /* 104: h    */
    quicksand_medium_18px_char_105,  /* 105: i    */
    quicksand_medium_18px_char_106,  /* 106: j    */
    quicksand_medium_18px_char_107,  /* 107: k    */
    quicksand_medium_18px_char_108,  /* 108: l    */
    quicksand_medium_18px_char_109,  /* 109: m    */
    quicksand_medium_18px_char_110,  /* 110: n    */
    quicksand_medium_18px_char_111,  /* 111: o    */
    quicksand_medium_18px_char_112,  /* 112: p    */
    quicksand_medium_18px_char_113,  /* 113: q    */
    quicksand_medium_18px_char_114,  /* 114: r    */
    quicksand_medium_18px_char_115,  /* 115: s    */
    quicksand_medium_18px_char_116,  /* 116: t    */
    quicksand_medium_18px_char_117,  /* 117: u    */
    quicksand_medium_18px_char_118,  /* 118: v    */
    quicksand_medium_18px_char_119,  /* 119: w    */
    quicksand_medium_18px_char_120,  /* 120: x    */
    quicksand_medium_18px_char_121,  /* 121: y    */
    quicksand_medium_18px_char_122,  /* 122: z    */
    quicksand_medium_18px_char_123,  /* 123: {    */
    quicksand_medium_18px_char_124,  /* 124: |    */
    quicksand_medium_18px_char_125,  /* 125: }    */
    quicksand_medium_18px_char_126,  /* 126: ~    */
    quicksand_medium_18px_char_127,  /* 127: DEL  */
};

/* 字体结构体 */
const ipgui_font_t quicksand_medium_18px = {
    .glyphs = (ipgui_glyph_t*)quicksand_medium_18px_glyph_array,
    .line_height = 21,
    .baseline = 16,
    .font_size = 18,
    .max_height = 18,
    .space_width = 5
};

/* 获取字形函数 */
const ipgui_glyph_t* quicksand_medium_18px_get_glyph(unsigned char char_code)
{
    if (char_code < 128) {
        return &quicksand_medium_18px_glyph_array[char_code];
    }
    return &quicksand_medium_18px_char_063;  /* 返回'?'字符 */
}

/* 文本宽度计算 */
unsigned short quicksand_medium_18px_text_width(const char* text)
{
    unsigned short width = 0;
    while (*text) {
        unsigned char ch = (unsigned char)*text;
        if (ch < 128) {
            const ipgui_glyph_t* glyph = &quicksand_medium_18px_glyph_array[ch];
            width += glyph->advance;
        }
        text++;
    }
    return width;
}
